
[Session started: 2026-05-11 11:11:08]

=================================================================
  📡 POSITION MONITOR
  Started: 2026-05-11 11:11:08 EDT
  Check interval: every 3 minutes
  Auto-close: TARGET and STOP hits executed automatically
  Press Ctrl+C to stop
=================================================================

  Refreshing auth token...

  ─────────────────────────────────────────────────────────────────
  📡 POSITION CHECK — 11:11:11 EDT
  ─────────────────────────────────────────────────────────────────

  🟢 #7 NFLX260515P00092000  [▶ OPEN]
      Entry: $3.72 │ Bid: $5.20  Mid: $5.40  Ask: $5.60
      P&L: +$168.00 (+45.2%) │ Target: $7.44  Stop: $1.86  DTE: 4d
      💭 Deep ITM put with 0.73 delta and 10 days to expiration offers defined ...
      🌍 SPY +0.00%  QQQ +0.00%  VIX 18.0

  🔴 #10 SPY260511P00745000  [▶ OPEN]
      Entry: $9.88 │ Bid: $5.43  Mid: $5.49  Ask: $5.55
      P&L: $-438.50 (-44.4%) │ Target: $19.75  Stop: $4.94  DTE: 0d
      💭 HIGH SPY put signal — score 8.0, $4.4M premium, 3 DTE, bearish thesis....
      🌍 SPY +0.00%  QQQ +0.00%  VIX 18.0
  ⚠️  STOP APPROACHING — $0.55 away (89%)
  ⏰ EXPIRING SOON — 0 day(s) remaining

  🔴 #11 TSLA260511P00425000  [⏸ TRACKING]
      Entry: $7.83 │ Bid: $1.66  Mid: $1.68  Ask: $1.69
      P&L: $-615.00 (-78.6%) │ Target: $15.65  Stop: $3.91  DTE: 0d
      ⚠️  Stop was triggered — continuing to track for data
      💭 HIGH TSLA put signal — score 5.62, $1.6M premium, 3 DTE, bearish thesi...
      🌍 SPY +0.00%  QQQ +0.00%  VIX 18.0

  ⏰ CONTRACT EXPIRED — auto-closing #11

  🟢 #12 TSLA260515C00437500  [▶ OPEN]
      Entry: $4.40 │ Bid: $5.50  Mid: $5.55  Ask: $5.60
      P&L: +$115.00 (+26.1%) │ Target: $8.80  Stop: $2.20  DTE: 4d
      💭 OI confirmed overnight 89→4258, institutional conviction bet on TSLA c...
      🌍 SPY +0.00%  QQQ +0.00%  VIX 18.0

  🔴 #13 TSLA260511P00430000  [▶ OPEN]
      Entry: $7.33 │ Bid: $4.50  Mid: $4.58  Ask: $4.65
      P&L: $-275.00 (-37.5%) │ Target: $14.65  Stop: $3.66  DTE: 0d
      💭 $2.8M premium on TSLA puts with 100% bearish flow and 8.0 score warran...
      🌍 SPY +0.00%  QQQ +0.00%  VIX 18.0
  ⏰ EXPIRING SOON — 0 day(s) remaining

  🔴 #14 TSLA260513P00430000  [▶ OPEN]
      Entry: $11.70 │ Bid: $8.50  Mid: $8.60  Ask: $8.70
      P&L: $-310.00 (-26.5%) │ Target: $23.40  Stop: $5.85  DTE: 2d
      💭 $1.1M premium on TSLA 430 puts expiring today with 100% bearish flow a...
      🌍 SPY +0.00%  QQQ +0.00%  VIX 18.0

  🔴 #15 AMD260515P00457500  [▶ OPEN]
      Entry: $22.60 │ Bid: $14.90  Mid: $15.07  Ask: $15.25
      P&L: $-752.50 (-33.3%) │ Target: $45.20  Stop: $11.30  DTE: 4d
      💭 $2.0M premium in AMD puts expiring today with 100% bearish flow and 8....
      🌍 SPY +0.00%  QQQ +0.00%  VIX 18.0

  🔴 #16 QQQ260511P00706000  [⏸ TRACKING]
      Entry: $2.11 │ Bid: $0.30  Mid: $0.30  Ask: $0.31
      P&L: $-180.50 (-85.5%) │ Target: $4.22  Stop: $1.05  DTE: 0d
      ⚠️  Stop was triggered — continuing to track for data
      💭 QQQ put with $1.8M premium and 8.0 score expiring today in 100% bearis...
      🌍 SPY +0.00%  QQQ +0.00%  VIX 18.0

  ⏰ CONTRACT EXPIRED — auto-closing #16

  🔴 #17 TSLA260515P00427500  [▶ OPEN]
      Entry: $11.00 │ Bid: $9.50  Mid: $9.55  Ask: $9.60
      P&L: $-145.00 (-13.2%) │ Target: $22.00  Stop: $5.50  DTE: 4d
      💭 $6M premium on TSLA puts with 8.8 score and 100% bearish flow concentr...
      🌍 SPY +0.00%  QQQ +0.00%  VIX 18.0

  ⏳ Next check in 3 minutes...

  ─────────────────────────────────────────────────────────────────
  📡 POSITION CHECK — 11:14:12 EDT
  ─────────────────────────────────────────────────────────────────

  🟢 #7 NFLX260515P00092000  [▶ OPEN]
      Entry: $3.72 │ Bid: $5.20  Mid: $5.40  Ask: $5.60
      P&L: +$168.00 (+45.2%) │ Target: $7.44  Stop: $1.86  DTE: 4d
      💭 Deep ITM put with 0.73 delta and 10 days to expiration offers defined ...
      🌍 SPY +0.00%  QQQ +0.00%  VIX 18.0

  🔴 #10 SPY260511P00745000  [▶ OPEN]
      Entry: $9.88 │ Bid: $5.68  Mid: $5.74  Ask: $5.79
      P&L: $-414.00 (-41.9%) │ Target: $19.75  Stop: $4.94  DTE: 0d
      💭 HIGH SPY put signal — score 8.0, $4.4M premium, 3 DTE, bearish thesis....
      🌍 SPY +0.00%  QQQ +0.00%  VIX 18.0
  ⚠️  STOP APPROACHING — $0.79 away (84%)
  ⏰ EXPIRING SOON — 0 day(s) remaining

  🔴 #11 TSLA260511P00425000  [⏸ TRACKING]
      Entry: $7.83 │ Bid: $1.07  Mid: $1.08  Ask: $1.10
      P&L: $-674.00 (-86.1%) │ Target: $15.65  Stop: $3.91  DTE: 0d
      ⚠️  Stop was triggered — continuing to track for data
      💭 HIGH TSLA put signal — score 5.62, $1.6M premium, 3 DTE, bearish thesi...
      🌍 SPY +0.00%  QQQ +0.00%  VIX 18.0

  ⏰ CONTRACT EXPIRED — auto-closing #11

  🟢 #12 TSLA260515C00437500  [▶ OPEN]
      Entry: $4.40 │ Bid: $6.50  Mid: $6.55  Ask: $6.60
      P&L: +$215.00 (+48.9%) │ Target: $8.80  Stop: $2.20  DTE: 4d
      💭 OI confirmed overnight 89→4258, institutional conviction bet on TSLA c...
      🌍 SPY +0.00%  QQQ +0.00%  VIX 18.0

  🔴 #13 TSLA260511P00430000  [▶ OPEN]
      Entry: $7.33 │ Bid: $3.15  Mid: $3.20  Ask: $3.25
      P&L: $-412.50 (-56.3%) │ Target: $14.65  Stop: $3.66  DTE: 0d
      💭 $2.8M premium on TSLA puts with 100% bearish flow and 8.0 score warran...
      🌍 SPY +0.00%  QQQ +0.00%  VIX 18.0

  =================================================================
  🛑 STOP TRIGGERED — #13 TSLA260511P00430000
      Entry: $7.33 → Current: $3.20
      Dynamic stop: $3.66 (DTE: 0d)
      Theoretical P&L if exited: $-412.50 (-56.3%)
      Continuing to track through expiration for data collection
  =================================================================

  🔴 #14 TSLA260513P00430000  [▶ OPEN]
      Entry: $11.70 │ Bid: $7.30  Mid: $7.35  Ask: $7.40
      P&L: $-435.00 (-37.2%) │ Target: $23.40  Stop: $5.85  DTE: 2d
      💭 $1.1M premium on TSLA 430 puts expiring today with 100% bearish flow a...
      🌍 SPY +0.00%  QQQ +0.00%  VIX 18.0

  🔴 #15 AMD260515P00457500  [▶ OPEN]
      Entry: $22.60 │ Bid: $14.95  Mid: $15.18  Ask: $15.40
      P&L: $-742.50 (-32.9%) │ Target: $45.20  Stop: $11.30  DTE: 4d
      💭 $2.0M premium in AMD puts expiring today with 100% bearish flow and 8....
      🌍 SPY +0.00%  QQQ +0.00%  VIX 18.0

  🔴 #16 QQQ260511P00706000  [⏸ TRACKING]
      Entry: $2.11 │ Bid: $0.32  Mid: $0.33  Ask: $0.33
      P&L: $-178.50 (-84.6%) │ Target: $4.22  Stop: $1.05  DTE: 0d
      ⚠️  Stop was triggered — continuing to track for data
      💭 QQQ put with $1.8M premium and 8.0 score expiring today in 100% bearis...
      🌍 SPY +0.00%  QQQ +0.00%  VIX 18.0

  ⏰ CONTRACT EXPIRED — auto-closing #16

  🔴 #17 TSLA260515P00427500  [▶ OPEN]
      Entry: $11.00 │ Bid: $8.45  Mid: $8.53  Ask: $8.60
      P&L: $-247.50 (-22.5%) │ Target: $22.00  Stop: $5.50  DTE: 4d
      💭 $6M premium on TSLA puts with 8.8 score and 100% bearish flow concentr...
      🌍 SPY +0.00%  QQQ +0.00%  VIX 18.0

  ⏳ Next check in 3 minutes...

  ─────────────────────────────────────────────────────────────────
  📡 POSITION CHECK — 11:17:14 EDT
  ─────────────────────────────────────────────────────────────────

  🟢 #7 NFLX260515P00092000  [▶ OPEN]
      Entry: $3.72 │ Bid: $5.20  Mid: $5.40  Ask: $5.60
      P&L: +$168.00 (+45.2%) │ Target: $7.44  Stop: $1.86  DTE: 4d
      💭 Deep ITM put with 0.73 delta and 10 days to expiration offers defined ...
      🌍 SPY +0.00%  QQQ +0.00%  VIX 18.0

  🔴 #10 SPY260511P00745000  [▶ OPEN]
      Entry: $9.88 │ Bid: $5.67  Mid: $5.72  Ask: $5.78
      P&L: $-415.00 (-42.0%) │ Target: $19.75  Stop: $4.94  DTE: 0d
      💭 HIGH SPY put signal — score 8.0, $4.4M premium, 3 DTE, bearish thesis....
      🌍 SPY +0.00%  QQQ +0.00%  VIX 18.0
  ⚠️  STOP APPROACHING — $0.78 away (84%)
  ⏰ EXPIRING SOON — 0 day(s) remaining

  🔴 #11 TSLA260511P00425000  [⏸ TRACKING]
      Entry: $7.83 │ Bid: $0.88  Mid: $0.89  Ask: $0.90
      P&L: $-693.50 (-88.6%) │ Target: $15.65  Stop: $3.91  DTE: 0d
      ⚠️  Stop was triggered — continuing to track for data
      💭 HIGH TSLA put signal — score 5.62, $1.6M premium, 3 DTE, bearish thesi...
      🌍 SPY +0.00%  QQQ +0.00%  VIX 18.0

  ⏰ CONTRACT EXPIRED — auto-closing #11

  🟢 #12 TSLA260515C00437500  [▶ OPEN]
      Entry: $4.40 │ Bid: $7.60  Mid: $7.65  Ask: $7.70
      P&L: +$325.00 (+73.9%) │ Target: $8.80  Stop: $2.20  DTE: 4d
      💭 OI confirmed overnight 89→4258, institutional conviction bet on TSLA c...
      🌍 SPY +0.00%  QQQ +0.00%  VIX 18.0

  🔴 #13 TSLA260511P00430000  [⏸ TRACKING]
      Entry: $7.33 │ Bid: $2.49  Mid: $2.51  Ask: $2.53
      P&L: $-481.50 (-65.7%) │ Target: $14.65  Stop: $3.66  DTE: 0d
      ⚠️  Stop was triggered — continuing to track for data
      💭 $2.8M premium on TSLA puts with 100% bearish flow and 8.0 score warran...
      🌍 SPY +0.00%  QQQ +0.00%  VIX 18.0

  ⏰ CONTRACT EXPIRED — auto-closing #13

  🔴 #14 TSLA260513P00430000  [▶ OPEN]
      Entry: $11.70 │ Bid: $6.80  Mid: $6.85  Ask: $6.90
      P&L: $-485.00 (-41.5%) │ Target: $23.40  Stop: $5.85  DTE: 2d
      💭 $1.1M premium on TSLA 430 puts expiring today with 100% bearish flow a...
      🌍 SPY +0.00%  QQQ +0.00%  VIX 18.0
  ⚠️  STOP APPROACHING — $1.00 away (83%)

  🔴 #15 AMD260515P00457500  [▶ OPEN]
      Entry: $22.60 │ Bid: $14.60  Mid: $14.72  Ask: $14.85
      P&L: $-787.50 (-34.9%) │ Target: $45.20  Stop: $11.30  DTE: 4d
      💭 $2.0M premium in AMD puts expiring today with 100% bearish flow and 8....
      🌍 SPY +0.00%  QQQ +0.00%  VIX 18.0

  🔴 #16 QQQ260511P00706000  [⏸ TRACKING]
      Entry: $2.11 │ Bid: $0.32  Mid: $0.33  Ask: $0.33
      P&L: $-178.50 (-84.6%) │ Target: $4.22  Stop: $1.05  DTE: 0d
      ⚠️  Stop was triggered — continuing to track for data
      💭 QQQ put with $1.8M premium and 8.0 score expiring today in 100% bearis...
      🌍 SPY +0.00%  QQQ +0.00%  VIX 18.0

  ⏰ CONTRACT EXPIRED — auto-closing #16

  🔴 #17 TSLA260515P00427500  [▶ OPEN]
      Entry: $11.00 │ Bid: $8.05  Mid: $8.10  Ask: $8.15
      P&L: $-290.00 (-26.4%) │ Target: $22.00  Stop: $5.50  DTE: 4d
      💭 $6M premium on TSLA puts with 8.8 score and 100% bearish flow concentr...
      🌍 SPY +0.00%  QQQ +0.00%  VIX 18.0

  ⏳ Next check in 3 minutes...

  ─────────────────────────────────────────────────────────────────
  📡 POSITION CHECK — 11:20:15 EDT
  ─────────────────────────────────────────────────────────────────

  🟢 #7 NFLX260515P00092000  [▶ OPEN]
      Entry: $3.72 │ Bid: $5.35  Mid: $5.42  Ask: $5.50
      P&L: +$170.50 (+45.8%) │ Target: $7.44  Stop: $1.86  DTE: 4d
      💭 Deep ITM put with 0.73 delta and 10 days to expiration offers defined ...
      🌍 SPY +0.00%  QQQ +0.00%  VIX 18.0

  🔴 #10 SPY260511P00745000  [▶ OPEN]
      Entry: $9.88 │ Bid: $5.52  Mid: $5.59  Ask: $5.66
      P&L: $-428.50 (-43.4%) │ Target: $19.75  Stop: $4.94  DTE: 0d
      💭 HIGH SPY put signal — score 8.0, $4.4M premium, 3 DTE, bearish thesis....
      🌍 SPY +0.00%  QQQ +0.00%  VIX 18.0
  ⚠️  STOP APPROACHING — $0.65 away (87%)
  ⏰ EXPIRING SOON — 0 day(s) remaining

  🔴 #11 TSLA260511P00425000  [⏸ TRACKING]
      Entry: $7.83 │ Bid: $0.84  Mid: $0.85  Ask: $0.87
      P&L: $-697.00 (-89.1%) │ Target: $15.65  Stop: $3.91  DTE: 0d
      ⚠️  Stop was triggered — continuing to track for data
      💭 HIGH TSLA put signal — score 5.62, $1.6M premium, 3 DTE, bearish thesi...
      🌍 SPY +0.00%  QQQ +0.00%  VIX 18.0

  ⏰ CONTRACT EXPIRED — auto-closing #11

  🟢 #12 TSLA260515C00437500  [▶ OPEN]
      Entry: $4.40 │ Bid: $7.45  Mid: $7.50  Ask: $7.55
      P&L: +$310.00 (+70.5%) │ Target: $8.80  Stop: $2.20  DTE: 4d
      💭 OI confirmed overnight 89→4258, institutional conviction bet on TSLA c...
      🌍 SPY +0.00%  QQQ +0.00%  VIX 18.0

  🔴 #13 TSLA260511P00430000  [⏸ TRACKING]
      Entry: $7.33 │ Bid: $2.56  Mid: $2.58  Ask: $2.60
      P&L: $-474.50 (-64.8%) │ Target: $14.65  Stop: $3.66  DTE: 0d
      ⚠️  Stop was triggered — continuing to track for data
      💭 $2.8M premium on TSLA puts with 100% bearish flow and 8.0 score warran...
      🌍 SPY +0.00%  QQQ +0.00%  VIX 18.0

  ⏰ CONTRACT EXPIRED — auto-closing #13

  🔴 #14 TSLA260513P00430000  [▶ OPEN]
      Entry: $11.70 │ Bid: $6.90  Mid: $6.95  Ask: $7.00
      P&L: $-475.00 (-40.6%) │ Target: $23.40  Stop: $5.85  DTE: 2d
      💭 $1.1M premium on TSLA 430 puts expiring today with 100% bearish flow a...
      🌍 SPY +0.00%  QQQ +0.00%  VIX 18.0
  ⚠️  STOP APPROACHING — $1.10 away (81%)

  🔴 #15 AMD260515P00457500  [▶ OPEN]
      Entry: $22.60 │ Bid: $14.90  Mid: $15.10  Ask: $15.30
      P&L: $-750.00 (-33.2%) │ Target: $45.20  Stop: $11.30  DTE: 4d
      💭 $2.0M premium in AMD puts expiring today with 100% bearish flow and 8....
      🌍 SPY +0.00%  QQQ +0.00%  VIX 18.0

  🔴 #16 QQQ260511P00706000  [⏸ TRACKING]
      Entry: $2.11 │ Bid: $0.31  Mid: $0.32  Ask: $0.32
      P&L: $-179.50 (-85.1%) │ Target: $4.22  Stop: $1.05  DTE: 0d
      ⚠️  Stop was triggered — continuing to track for data
      💭 QQQ put with $1.8M premium and 8.0 score expiring today in 100% bearis...
      🌍 SPY +0.00%  QQQ +0.00%  VIX 18.0

  ⏰ CONTRACT EXPIRED — auto-closing #16

  🔴 #17 TSLA260515P00427500  [▶ OPEN]
      Entry: $11.00 │ Bid: $8.15  Mid: $8.20  Ask: $8.25
      P&L: $-280.00 (-25.4%) │ Target: $22.00  Stop: $5.50  DTE: 4d
      💭 $6M premium on TSLA puts with 8.8 score and 100% bearish flow concentr...
      🌍 SPY +0.00%  QQQ +0.00%  VIX 18.0

  ⏳ Next check in 3 minutes...

  ─────────────────────────────────────────────────────────────────
  📡 POSITION CHECK — 11:23:16 EDT
  ─────────────────────────────────────────────────────────────────

  🟢 #7 NFLX260515P00092000  [▶ OPEN]
      Entry: $3.72 │ Bid: $5.30  Mid: $5.40  Ask: $5.50
      P&L: +$168.00 (+45.2%) │ Target: $7.44  Stop: $1.86  DTE: 4d
      💭 Deep ITM put with 0.73 delta and 10 days to expiration offers defined ...
      🌍 SPY +0.00%  QQQ +0.00%  VIX 17.9

  🔴 #10 SPY260511P00745000  [▶ OPEN]
      Entry: $9.88 │ Bid: $5.37  Mid: $5.46  Ask: $5.56
      P&L: $-441.00 (-44.7%) │ Target: $19.75  Stop: $4.94  DTE: 0d
      💭 HIGH SPY put signal — score 8.0, $4.4M premium, 3 DTE, bearish thesis....
      🌍 SPY +0.00%  QQQ +0.00%  VIX 17.9
  ⚠️  STOP APPROACHING — $0.52 away (89%)
  ⏰ EXPIRING SOON — 0 day(s) remaining

  🔴 #11 TSLA260511P00425000  [⏸ TRACKING]
      Entry: $7.83 │ Bid: $0.61  Mid: $0.61  Ask: $0.62
      P&L: $-721.00 (-92.1%) │ Target: $15.65  Stop: $3.91  DTE: 0d
      ⚠️  Stop was triggered — continuing to track for data
      💭 HIGH TSLA put signal — score 5.62, $1.6M premium, 3 DTE, bearish thesi...
      🌍 SPY +0.00%  QQQ +0.00%  VIX 17.9

  ⏰ CONTRACT EXPIRED — auto-closing #11

  🟢 #12 TSLA260515C00437500  [▶ OPEN]
      Entry: $4.40 │ Bid: $8.20  Mid: $8.28  Ask: $8.35
      P&L: +$387.50 (+88.1%) │ Target: $8.80  Stop: $2.20  DTE: 4d
      💭 OI confirmed overnight 89→4258, institutional conviction bet on TSLA c...
      🌍 SPY +0.00%  QQQ +0.00%  VIX 17.9
  ⚡ TARGET APPROACHING — $0.53 away (88%)

  🔴 #13 TSLA260511P00430000  [⏸ TRACKING]
      Entry: $7.33 │ Bid: $1.84  Mid: $1.86  Ask: $1.88
      P&L: $-546.50 (-74.6%) │ Target: $14.65  Stop: $3.66  DTE: 0d
      ⚠️  Stop was triggered — continuing to track for data
      💭 $2.8M premium on TSLA puts with 100% bearish flow and 8.0 score warran...
      🌍 SPY +0.00%  QQQ +0.00%  VIX 17.9

  ⏰ CONTRACT EXPIRED — auto-closing #13

  🔴 #14 TSLA260513P00430000  [▶ OPEN]
      Entry: $11.70 │ Bid: $6.10  Mid: $6.15  Ask: $6.20
      P&L: $-555.00 (-47.4%) │ Target: $23.40  Stop: $5.85  DTE: 2d
      💭 $1.1M premium on TSLA 430 puts expiring today with 100% bearish flow a...
      🌍 SPY +0.00%  QQQ +0.00%  VIX 17.9
  ⚠️  STOP APPROACHING — $0.30 away (95%)

  🔴 #15 AMD260515P00457500  [▶ OPEN]
      Entry: $22.60 │ Bid: $14.00  Mid: $14.20  Ask: $14.40
      P&L: $-840.00 (-37.2%) │ Target: $45.20  Stop: $11.30  DTE: 4d
      💭 $2.0M premium in AMD puts expiring today with 100% bearish flow and 8....
      🌍 SPY +0.00%  QQQ +0.00%  VIX 17.9

  🔴 #16 QQQ260511P00706000  [⏸ TRACKING]
      Entry: $2.11 │ Bid: $0.28  Mid: $0.28  Ask: $0.29
      P&L: $-182.50 (-86.5%) │ Target: $4.22  Stop: $1.05  DTE: 0d
      ⚠️  Stop was triggered — continuing to track for data
      💭 QQQ put with $1.8M premium and 8.0 score expiring today in 100% bearis...
      🌍 SPY +0.00%  QQQ +0.00%  VIX 17.9

  ⏰ CONTRACT EXPIRED — auto-closing #16

  🔴 #17 TSLA260515P00427500  [▶ OPEN]
      Entry: $11.00 │ Bid: $7.35  Mid: $7.40  Ask: $7.45
      P&L: $-360.00 (-32.7%) │ Target: $22.00  Stop: $5.50  DTE: 4d
      💭 $6M premium on TSLA puts with 8.8 score and 100% bearish flow concentr...
      🌍 SPY +0.00%  QQQ +0.00%  VIX 17.9

  ⏳ Next check in 3 minutes...

  ─────────────────────────────────────────────────────────────────
  📡 POSITION CHECK — 11:26:18 EDT
  ─────────────────────────────────────────────────────────────────

  🟢 #7 NFLX260515P00092000  [▶ OPEN]
      Entry: $3.72 │ Bid: $5.45  Mid: $5.50  Ask: $5.55
      P&L: +$178.00 (+47.9%) │ Target: $7.44  Stop: $1.86  DTE: 4d
      💭 Deep ITM put with 0.73 delta and 10 days to expiration offers defined ...
      🌍 SPY +0.00%  QQQ +0.00%  VIX 17.9

  🔴 #10 SPY260511P00745000  [▶ OPEN]
      Entry: $9.88 │ Bid: $5.16  Mid: $5.22  Ask: $5.28
      P&L: $-465.50 (-47.1%) │ Target: $19.75  Stop: $4.94  DTE: 0d
      💭 HIGH SPY put signal — score 8.0, $4.4M premium, 3 DTE, bearish thesis....
      🌍 SPY +0.00%  QQQ +0.00%  VIX 17.9
  ⚠️  STOP APPROACHING — $0.28 away (94%)
  ⏰ EXPIRING SOON — 0 day(s) remaining

  🔴 #11 TSLA260511P00425000  [⏸ TRACKING]
      Entry: $7.83 │ Bid: $0.57  Mid: $0.58  Ask: $0.59
      P&L: $-724.50 (-92.6%) │ Target: $15.65  Stop: $3.91  DTE: 0d
      ⚠️  Stop was triggered — continuing to track for data
      💭 HIGH TSLA put signal — score 5.62, $1.6M premium, 3 DTE, bearish thesi...
      🌍 SPY +0.00%  QQQ +0.00%  VIX 17.9

  ⏰ CONTRACT EXPIRED — auto-closing #11

  🟢 #12 TSLA260515C00437500  [▶ OPEN]
      Entry: $4.40 │ Bid: $8.80  Mid: $8.88  Ask: $8.95
      P&L: +$447.50 (+101.7%) │ Target: $8.80  Stop: $2.20  DTE: 4d
      💭 OI confirmed overnight 89→4258, institutional conviction bet on TSLA c...
      🌍 SPY +0.00%  QQQ +0.00%  VIX 17.9

  =================================================================
  🎯 TARGET HIT — #12 TSLA260515C00437500
      Entry: $4.40 → Current: $8.88
      P&L: +$447.50 (+101.7%)
  =================================================================
  ✅ Position auto-closed at TARGET

  🔴 #13 TSLA260511P00430000  [⏸ TRACKING]
      Entry: $7.33 │ Bid: $1.67  Mid: $1.68  Ask: $1.69
      P&L: $-564.50 (-77.1%) │ Target: $14.65  Stop: $3.66  DTE: 0d
      ⚠️  Stop was triggered — continuing to track for data
      💭 $2.8M premium on TSLA puts with 100% bearish flow and 8.0 score warran...
      🌍 SPY +0.00%  QQQ +0.00%  VIX 17.9

  ⏰ CONTRACT EXPIRED — auto-closing #13

  🔴 #14 TSLA260513P00430000  [▶ OPEN]
      Entry: $11.70 │ Bid: $6.00  Mid: $6.05  Ask: $6.10
      P&L: $-565.00 (-48.3%) │ Target: $23.40  Stop: $5.85  DTE: 2d
      💭 $1.1M premium on TSLA 430 puts expiring today with 100% bearish flow a...
      🌍 SPY +0.00%  QQQ +0.00%  VIX 17.9
  ⚠️  STOP APPROACHING — $0.20 away (97%)

  🔴 #15 AMD260515P00457500  [▶ OPEN]
      Entry: $22.60 │ Bid: $13.80  Mid: $14.18  Ask: $14.55
      P&L: $-842.50 (-37.3%) │ Target: $45.20  Stop: $11.30  DTE: 4d
      💭 $2.0M premium in AMD puts expiring today with 100% bearish flow and 8....
      🌍 SPY +0.00%  QQQ +0.00%  VIX 17.9

  🔴 #16 QQQ260511P00706000  [⏸ TRACKING]
      Entry: $2.11 │ Bid: $0.24  Mid: $0.24  Ask: $0.25
      P&L: $-186.50 (-88.4%) │ Target: $4.22  Stop: $1.05  DTE: 0d
      ⚠️  Stop was triggered — continuing to track for data
      💭 QQQ put with $1.8M premium and 8.0 score expiring today in 100% bearis...
      🌍 SPY +0.00%  QQQ +0.00%  VIX 17.9

  ⏰ CONTRACT EXPIRED — auto-closing #16

  🔴 #17 TSLA260515P00427500  [▶ OPEN]
      Entry: $11.00 │ Bid: $7.25  Mid: $7.30  Ask: $7.35
      P&L: $-370.00 (-33.6%) │ Target: $22.00  Stop: $5.50  DTE: 4d
      💭 $6M premium on TSLA puts with 8.8 score and 100% bearish flow concentr...
      🌍 SPY +0.00%  QQQ +0.00%  VIX 17.9

  ⏳ Next check in 3 minutes...

  ─────────────────────────────────────────────────────────────────
  📡 POSITION CHECK — 11:29:19 EDT
  ─────────────────────────────────────────────────────────────────

  🟢 #7 NFLX260515P00092000  [▶ OPEN]
      Entry: $3.72 │ Bid: $5.35  Mid: $5.45  Ask: $5.55
      P&L: +$173.00 (+46.5%) │ Target: $7.44  Stop: $1.86  DTE: 4d
      💭 Deep ITM put with 0.73 delta and 10 days to expiration offers defined ...
      🌍 SPY +0.00%  QQQ +0.00%  VIX 17.9

  🔴 #10 SPY260511P00745000  [▶ OPEN]
      Entry: $9.88 │ Bid: $5.02  Mid: $5.07  Ask: $5.11
      P&L: $-481.00 (-48.7%) │ Target: $19.75  Stop: $4.94  DTE: 0d
      💭 HIGH SPY put signal — score 8.0, $4.4M premium, 3 DTE, bearish thesis....
      🌍 SPY +0.00%  QQQ +0.00%  VIX 17.9
  ⚠️  STOP APPROACHING — $0.12 away (97%)
  ⏰ EXPIRING SOON — 0 day(s) remaining

  🔴 #11 TSLA260511P00425000  [⏸ TRACKING]
      Entry: $7.83 │ Bid: $0.39  Mid: $0.40  Ask: $0.41
      P&L: $-742.50 (-94.9%) │ Target: $15.65  Stop: $3.91  DTE: 0d
      ⚠️  Stop was triggered — continuing to track for data
      💭 HIGH TSLA put signal — score 5.62, $1.6M premium, 3 DTE, bearish thesi...
      🌍 SPY +0.00%  QQQ +0.00%  VIX 17.9

  ⏰ CONTRACT EXPIRED — auto-closing #11

  🔴 #13 TSLA260511P00430000  [⏸ TRACKING]
      Entry: $7.33 │ Bid: $1.12  Mid: $1.13  Ask: $1.14
      P&L: $-619.50 (-84.6%) │ Target: $14.65  Stop: $3.66  DTE: 0d
      ⚠️  Stop was triggered — continuing to track for data
      💭 $2.8M premium on TSLA puts with 100% bearish flow and 8.0 score warran...
      🌍 SPY +0.00%  QQQ +0.00%  VIX 17.9

  ⏰ CONTRACT EXPIRED — auto-closing #13

  🔴 #14 TSLA260513P00430000  [⏸ TRACKING]
      Entry: $11.70 │ Bid: $5.05  Mid: $5.10  Ask: $5.15
      P&L: $-660.00 (-56.4%) │ Target: $23.40  Stop: $5.85  DTE: 2d
      ⚠️  Stop was triggered — continuing to track for data
      💭 $1.1M premium on TSLA 430 puts expiring today with 100% bearish flow a...
      🌍 SPY +0.00%  QQQ +0.00%  VIX 17.9

  🔴 #15 AMD260515P00457500  [▶ OPEN]
      Entry: $22.60 │ Bid: $14.40  Mid: $14.53  Ask: $14.65
      P&L: $-807.50 (-35.7%) │ Target: $45.20  Stop: $11.30  DTE: 4d
      💭 $2.0M premium in AMD puts expiring today with 100% bearish flow and 8....
      🌍 SPY +0.00%  QQQ +0.00%  VIX 17.9

  🔴 #16 QQQ260511P00706000  [⏸ TRACKING]
      Entry: $2.11 │ Bid: $0.20  Mid: $0.20  Ask: $0.21
      P&L: $-190.50 (-90.3%) │ Target: $4.22  Stop: $1.05  DTE: 0d
      ⚠️  Stop was triggered — continuing to track for data
      💭 QQQ put with $1.8M premium and 8.0 score expiring today in 100% bearis...
      🌍 SPY +0.00%  QQQ +0.00%  VIX 17.9

  ⏰ CONTRACT EXPIRED — auto-closing #16

  🔴 #17 TSLA260515P00427500  [▶ OPEN]
      Entry: $11.00 │ Bid: $6.40  Mid: $6.45  Ask: $6.50
      P&L: $-455.00 (-41.4%) │ Target: $22.00  Stop: $5.50  DTE: 4d
      💭 $6M premium on TSLA puts with 8.8 score and 100% bearish flow concentr...
      🌍 SPY +0.00%  QQQ +0.00%  VIX 17.9
  ⚠️  STOP APPROACHING — $0.95 away (83%)

  ⏳ Next check in 3 minutes...

  ─────────────────────────────────────────────────────────────────
  📡 POSITION CHECK — 11:32:21 EDT
  ─────────────────────────────────────────────────────────────────

  🟢 #7 NFLX260515P00092000  [▶ OPEN]
      Entry: $3.72 │ Bid: $5.35  Mid: $5.45  Ask: $5.55
      P&L: +$173.00 (+46.5%) │ Target: $7.44  Stop: $1.86  DTE: 4d
      💭 Deep ITM put with 0.73 delta and 10 days to expiration offers defined ...
      🌍 SPY +0.00%  QQQ +0.00%  VIX 17.9

  🔴 #10 SPY260511P00745000  [⏸ TRACKING]
      Entry: $9.88 │ Bid: $5.11  Mid: $5.15  Ask: $5.19
      P&L: $-472.50 (-47.9%) │ Target: $19.75  Stop: $4.94  DTE: 0d
      ⚠️  Stop was triggered — continuing to track for data
      💭 HIGH SPY put signal — score 8.0, $4.4M premium, 3 DTE, bearish thesis....
      🌍 SPY +0.00%  QQQ +0.00%  VIX 17.9

  ⏰ CONTRACT EXPIRED — auto-closing #10

  🔴 #11 TSLA260511P00425000  [⏸ TRACKING]
      Entry: $7.83 │ Bid: $0.42  Mid: $0.43  Ask: $0.44
      P&L: $-739.50 (-94.5%) │ Target: $15.65  Stop: $3.91  DTE: 0d
      ⚠️  Stop was triggered — continuing to track for data
      💭 HIGH TSLA put signal — score 5.62, $1.6M premium, 3 DTE, bearish thesi...
      🌍 SPY +0.00%  QQQ +0.00%  VIX 17.9

  ⏰ CONTRACT EXPIRED — auto-closing #11

  🔴 #13 TSLA260511P00430000  [⏸ TRACKING]
      Entry: $7.33 │ Bid: $1.22  Mid: $1.24  Ask: $1.25
      P&L: $-609.00 (-83.1%) │ Target: $14.65  Stop: $3.66  DTE: 0d
      ⚠️  Stop was triggered — continuing to track for data
      💭 $2.8M premium on TSLA puts with 100% bearish flow and 8.0 score warran...
      🌍 SPY +0.00%  QQQ +0.00%  VIX 17.9

  ⏰ CONTRACT EXPIRED — auto-closing #13

  🔴 #14 TSLA260513P00430000  [⏸ TRACKING]
      Entry: $11.70 │ Bid: $5.20  Mid: $5.25  Ask: $5.30
      P&L: $-645.00 (-55.1%) │ Target: $23.40  Stop: $5.85  DTE: 2d
      ⚠️  Stop was triggered — continuing to track for data
      💭 $1.1M premium on TSLA 430 puts expiring today with 100% bearish flow a...
      🌍 SPY +0.00%  QQQ +0.00%  VIX 17.9

  🔴 #15 AMD260515P00457500  [▶ OPEN]
      Entry: $22.60 │ Bid: $14.70  Mid: $14.93  Ask: $15.15
      P&L: $-767.50 (-34.0%) │ Target: $45.20  Stop: $11.30  DTE: 4d
      💭 $2.0M premium in AMD puts expiring today with 100% bearish flow and 8....
      🌍 SPY +0.00%  QQQ +0.00%  VIX 17.9

  🔴 #16 QQQ260511P00706000  [⏸ TRACKING]
      Entry: $2.11 │ Bid: $0.23  Mid: $0.23  Ask: $0.24
      P&L: $-187.50 (-88.9%) │ Target: $4.22  Stop: $1.05  DTE: 0d
      ⚠️  Stop was triggered — continuing to track for data
      💭 QQQ put with $1.8M premium and 8.0 score expiring today in 100% bearis...
      🌍 SPY +0.00%  QQQ +0.00%  VIX 17.9

  ⏰ CONTRACT EXPIRED — auto-closing #16

  🔴 #17 TSLA260515P00427500  [▶ OPEN]
      Entry: $11.00 │ Bid: $6.60  Mid: $6.65  Ask: $6.70
      P&L: $-435.00 (-39.5%) │ Target: $22.00  Stop: $5.50  DTE: 4d
      💭 $6M premium on TSLA puts with 8.8 score and 100% bearish flow concentr...
      🌍 SPY +0.00%  QQQ +0.00%  VIX 17.9

  ⏳ Next check in 3 minutes...

  ─────────────────────────────────────────────────────────────────
  📡 POSITION CHECK — 11:35:22 EDT
  ─────────────────────────────────────────────────────────────────

  🟢 #7 NFLX260515P00092000  [▶ OPEN]
      Entry: $3.72 │ Bid: $5.45  Mid: $5.55  Ask: $5.65
      P&L: +$183.00 (+49.2%) │ Target: $7.44  Stop: $1.86  DTE: 4d
      💭 Deep ITM put with 0.73 delta and 10 days to expiration offers defined ...
      🌍 SPY +0.00%  QQQ +0.00%  VIX 17.9

  🔴 #10 SPY260511P00745000  [⏸ TRACKING]
      Entry: $9.88 │ Bid: $5.06  Mid: $5.13  Ask: $5.20
      P&L: $-474.50 (-48.0%) │ Target: $19.75  Stop: $4.94  DTE: 0d
      ⚠️  Stop was triggered — continuing to track for data
      💭 HIGH SPY put signal — score 8.0, $4.4M premium, 3 DTE, bearish thesis....
      🌍 SPY +0.00%  QQQ +0.00%  VIX 17.9

  ⏰ CONTRACT EXPIRED — auto-closing #10

  🔴 #11 TSLA260511P00425000  [⏸ TRACKING]
      Entry: $7.83 │ Bid: $0.36  Mid: $0.36  Ask: $0.37
      P&L: $-746.00 (-95.3%) │ Target: $15.65  Stop: $3.91  DTE: 0d
      ⚠️  Stop was triggered — continuing to track for data
      💭 HIGH TSLA put signal — score 5.62, $1.6M premium, 3 DTE, bearish thesi...
      🌍 SPY +0.00%  QQQ +0.00%  VIX 17.9

  ⏰ CONTRACT EXPIRED — auto-closing #11

  🔴 #13 TSLA260511P00430000  [⏸ TRACKING]
      Entry: $7.33 │ Bid: $0.98  Mid: $0.99  Ask: $1.01
      P&L: $-633.00 (-86.4%) │ Target: $14.65  Stop: $3.66  DTE: 0d
      ⚠️  Stop was triggered — continuing to track for data
      💭 $2.8M premium on TSLA puts with 100% bearish flow and 8.0 score warran...
      🌍 SPY +0.00%  QQQ +0.00%  VIX 17.9

  ⏰ CONTRACT EXPIRED — auto-closing #13

  🔴 #14 TSLA260513P00430000  [⏸ TRACKING]
      Entry: $11.70 │ Bid: $4.75  Mid: $4.80  Ask: $4.85
      P&L: $-690.00 (-59.0%) │ Target: $23.40  Stop: $5.85  DTE: 2d
      ⚠️  Stop was triggered — continuing to track for data
      💭 $1.1M premium on TSLA 430 puts expiring today with 100% bearish flow a...
      🌍 SPY +0.00%  QQQ +0.00%  VIX 17.9

  🔴 #15 AMD260515P00457500  [▶ OPEN]
      Entry: $22.60 │ Bid: $14.50  Mid: $14.65  Ask: $14.80
      P&L: $-795.00 (-35.2%) │ Target: $45.20  Stop: $11.30  DTE: 4d
      💭 $2.0M premium in AMD puts expiring today with 100% bearish flow and 8....
      🌍 SPY +0.00%  QQQ +0.00%  VIX 17.9

  🔴 #16 QQQ260511P00706000  [⏸ TRACKING]
      Entry: $2.11 │ Bid: $0.24  Mid: $0.24  Ask: $0.25
      P&L: $-186.50 (-88.4%) │ Target: $4.22  Stop: $1.05  DTE: 0d
      ⚠️  Stop was triggered — continuing to track for data
      💭 QQQ put with $1.8M premium and 8.0 score expiring today in 100% bearis...
      🌍 SPY +0.00%  QQQ +0.00%  VIX 17.9

  ⏰ CONTRACT EXPIRED — auto-closing #16

  🔴 #17 TSLA260515P00427500  [▶ OPEN]
      Entry: $11.00 │ Bid: $6.15  Mid: $6.20  Ask: $6.25
      P&L: $-480.00 (-43.6%) │ Target: $22.00  Stop: $5.50  DTE: 4d
      💭 $6M premium on TSLA puts with 8.8 score and 100% bearish flow concentr...
      🌍 SPY +0.00%  QQQ +0.00%  VIX 17.9
  ⚠️  STOP APPROACHING — $0.70 away (87%)

  ⏳ Next check in 3 minutes...

  ─────────────────────────────────────────────────────────────────
  📡 POSITION CHECK — 11:38:23 EDT
  ─────────────────────────────────────────────────────────────────

  🟢 #7 NFLX260515P00092000  [▶ OPEN]
      Entry: $3.72 │ Bid: $5.50  Mid: $5.58  Ask: $5.65
      P&L: +$185.50 (+49.9%) │ Target: $7.44  Stop: $1.86  DTE: 4d
      💭 Deep ITM put with 0.73 delta and 10 days to expiration offers defined ...
      🌍 SPY +0.00%  QQQ +0.00%  VIX 17.9

  🔴 #10 SPY260511P00745000  [⏸ TRACKING]
      Entry: $9.88 │ Bid: $4.99  Mid: $5.04  Ask: $5.10
      P&L: $-483.00 (-48.9%) │ Target: $19.75  Stop: $4.94  DTE: 0d
      ⚠️  Stop was triggered — continuing to track for data
      💭 HIGH SPY put signal — score 8.0, $4.4M premium, 3 DTE, bearish thesis....
      🌍 SPY +0.00%  QQQ +0.00%  VIX 17.9

  ⏰ CONTRACT EXPIRED — auto-closing #10

  🔴 #11 TSLA260511P00425000  [⏸ TRACKING]
      Entry: $7.83 │ Bid: $0.28  Mid: $0.29  Ask: $0.30
      P&L: $-753.50 (-96.3%) │ Target: $15.65  Stop: $3.91  DTE: 0d
      ⚠️  Stop was triggered — continuing to track for data
      💭 HIGH TSLA put signal — score 5.62, $1.6M premium, 3 DTE, bearish thesi...
      🌍 SPY +0.00%  QQQ +0.00%  VIX 17.9

  ⏰ CONTRACT EXPIRED — auto-closing #11

  🔴 #13 TSLA260511P00430000  [⏸ TRACKING]
      Entry: $7.33 │ Bid: $0.81  Mid: $0.81  Ask: $0.82
      P&L: $-651.00 (-88.9%) │ Target: $14.65  Stop: $3.66  DTE: 0d
      ⚠️  Stop was triggered — continuing to track for data
      💭 $2.8M premium on TSLA puts with 100% bearish flow and 8.0 score warran...
      🌍 SPY +0.00%  QQQ +0.00%  VIX 17.9

  ⏰ CONTRACT EXPIRED — auto-closing #13

  🔴 #14 TSLA260513P00430000  [⏸ TRACKING]
      Entry: $11.70 │ Bid: $4.45  Mid: $4.50  Ask: $4.55
      P&L: $-720.00 (-61.5%) │ Target: $23.40  Stop: $5.85  DTE: 2d
      ⚠️  Stop was triggered — continuing to track for data
      💭 $1.1M premium on TSLA 430 puts expiring today with 100% bearish flow a...
      🌍 SPY +0.00%  QQQ +0.00%  VIX 17.9

  🔴 #15 AMD260515P00457500  [▶ OPEN]
      Entry: $22.60 │ Bid: $14.05  Mid: $14.22  Ask: $14.40
      P&L: $-837.50 (-37.1%) │ Target: $45.20  Stop: $11.30  DTE: 4d
      💭 $2.0M premium in AMD puts expiring today with 100% bearish flow and 8....
      🌍 SPY +0.00%  QQQ +0.00%  VIX 17.9

  🔴 #16 QQQ260511P00706000  [⏸ TRACKING]
      Entry: $2.11 │ Bid: $0.24  Mid: $0.24  Ask: $0.25
      P&L: $-186.50 (-88.4%) │ Target: $4.22  Stop: $1.05  DTE: 0d
      ⚠️  Stop was triggered — continuing to track for data
      💭 QQQ put with $1.8M premium and 8.0 score expiring today in 100% bearis...
      🌍 SPY +0.00%  QQQ +0.00%  VIX 17.9

  ⏰ CONTRACT EXPIRED — auto-closing #16

  🔴 #17 TSLA260515P00427500  [▶ OPEN]
      Entry: $11.00 │ Bid: $5.90  Mid: $5.95  Ask: $6.00
      P&L: $-505.00 (-45.9%) │ Target: $22.00  Stop: $5.50  DTE: 4d
      💭 $6M premium on TSLA puts with 8.8 score and 100% bearish flow concentr...
      🌍 SPY +0.00%  QQQ +0.00%  VIX 17.9
  ⚠️  STOP APPROACHING — $0.45 away (92%)

  ⏳ Next check in 3 minutes...

  ─────────────────────────────────────────────────────────────────
  📡 POSITION CHECK — 11:41:24 EDT
  ─────────────────────────────────────────────────────────────────

  🟢 #7 NFLX260515P00092000  [▶ OPEN]
      Entry: $3.72 │ Bid: $5.50  Mid: $5.58  Ask: $5.65
      P&L: +$185.50 (+49.9%) │ Target: $7.44  Stop: $1.86  DTE: 4d
      💭 Deep ITM put with 0.73 delta and 10 days to expiration offers defined ...
      🌍 SPY +0.00%  QQQ +0.00%  VIX 17.9

  🔴 #10 SPY260511P00745000  [⏸ TRACKING]
      Entry: $9.88 │ Bid: $4.93  Mid: $5.00  Ask: $5.08
      P&L: $-487.00 (-49.3%) │ Target: $19.75  Stop: $4.94  DTE: 0d
      ⚠️  Stop was triggered — continuing to track for data
      💭 HIGH SPY put signal — score 8.0, $4.4M premium, 3 DTE, bearish thesis....
      🌍 SPY +0.00%  QQQ +0.00%  VIX 17.9

  ⏰ CONTRACT EXPIRED — auto-closing #10

  🔴 #11 TSLA260511P00425000  [⏸ TRACKING]
      Entry: $7.83 │ Bid: $0.24  Mid: $0.24  Ask: $0.25
      P&L: $-758.00 (-96.9%) │ Target: $15.65  Stop: $3.91  DTE: 0d
      ⚠️  Stop was triggered — continuing to track for data
      💭 HIGH TSLA put signal — score 5.62, $1.6M premium, 3 DTE, bearish thesi...
      🌍 SPY +0.00%  QQQ +0.00%  VIX 17.9

  ⏰ CONTRACT EXPIRED — auto-closing #11

  🔴 #13 TSLA260511P00430000  [⏸ TRACKING]
      Entry: $7.33 │ Bid: $0.65  Mid: $0.66  Ask: $0.67
      P&L: $-666.50 (-91.0%) │ Target: $14.65  Stop: $3.66  DTE: 0d
      ⚠️  Stop was triggered — continuing to track for data
      💭 $2.8M premium on TSLA puts with 100% bearish flow and 8.0 score warran...
      🌍 SPY +0.00%  QQQ +0.00%  VIX 17.9

  ⏰ CONTRACT EXPIRED — auto-closing #13

  🔴 #14 TSLA260513P00430000  [⏸ TRACKING]
      Entry: $11.70 │ Bid: $4.20  Mid: $4.25  Ask: $4.30
      P&L: $-745.00 (-63.7%) │ Target: $23.40  Stop: $5.85  DTE: 2d
      ⚠️  Stop was triggered — continuing to track for data
      💭 $1.1M premium on TSLA 430 puts expiring today with 100% bearish flow a...
      🌍 SPY +0.00%  QQQ +0.00%  VIX 17.9

  🔴 #15 AMD260515P00457500  [▶ OPEN]
      Entry: $22.60 │ Bid: $13.75  Mid: $13.90  Ask: $14.05
      P&L: $-870.00 (-38.5%) │ Target: $45.20  Stop: $11.30  DTE: 4d
      💭 $2.0M premium in AMD puts expiring today with 100% bearish flow and 8....
      🌍 SPY +0.00%  QQQ +0.00%  VIX 17.9

  🔴 #16 QQQ260511P00706000  [⏸ TRACKING]
      Entry: $2.11 │ Bid: $0.22  Mid: $0.23  Ask: $0.23
      P&L: $-188.50 (-89.3%) │ Target: $4.22  Stop: $1.05  DTE: 0d
      ⚠️  Stop was triggered — continuing to track for data
      💭 QQQ put with $1.8M premium and 8.0 score expiring today in 100% bearis...
      🌍 SPY +0.00%  QQQ +0.00%  VIX 17.9

  ⏰ CONTRACT EXPIRED — auto-closing #16

  🔴 #17 TSLA260515P00427500  [⏸ TRACKING]
      Entry: $11.00 │ Bid: $5.60  Mid: $5.67  Ask: $5.75
      P&L: $-532.50 (-48.4%) │ Target: $22.00  Stop: $5.50  DTE: 4d
      ⚠️  Stop was triggered — continuing to track for data
      💭 $6M premium on TSLA puts with 8.8 score and 100% bearish flow concentr...
      🌍 SPY +0.00%  QQQ +0.00%  VIX 17.9

  ⏳ Next check in 3 minutes...

  ─────────────────────────────────────────────────────────────────
  📡 POSITION CHECK — 11:44:26 EDT
  ─────────────────────────────────────────────────────────────────

  🟢 #7 NFLX260515P00092000  [▶ OPEN]
      Entry: $3.72 │ Bid: $5.45  Mid: $5.55  Ask: $5.65
      P&L: +$183.00 (+49.2%) │ Target: $7.44  Stop: $1.86  DTE: 4d
      💭 Deep ITM put with 0.73 delta and 10 days to expiration offers defined ...
      🌍 SPY +0.00%  QQQ +0.00%  VIX 17.9

  🔴 #10 SPY260511P00745000  [⏸ TRACKING]
      Entry: $9.88 │ Bid: $4.94  Mid: $5.00  Ask: $5.05
      P&L: $-488.00 (-49.4%) │ Target: $19.75  Stop: $4.94  DTE: 0d
      ⚠️  Stop was triggered — continuing to track for data
      💭 HIGH SPY put signal — score 8.0, $4.4M premium, 3 DTE, bearish thesis....
      🌍 SPY +0.00%  QQQ +0.00%  VIX 17.9

  ⏰ CONTRACT EXPIRED — auto-closing #10

  🔴 #11 TSLA260511P00425000  [⏸ TRACKING]
      Entry: $7.83 │ Bid: $0.24  Mid: $0.24  Ask: $0.25
      P&L: $-758.00 (-96.9%) │ Target: $15.65  Stop: $3.91  DTE: 0d
      ⚠️  Stop was triggered — continuing to track for data
      💭 HIGH TSLA put signal — score 5.62, $1.6M premium, 3 DTE, bearish thesi...
      🌍 SPY +0.00%  QQQ +0.00%  VIX 17.9

  ⏰ CONTRACT EXPIRED — auto-closing #11

  🔴 #13 TSLA260511P00430000  [⏸ TRACKING]
      Entry: $7.33 │ Bid: $0.62  Mid: $0.63  Ask: $0.64
      P&L: $-669.50 (-91.4%) │ Target: $14.65  Stop: $3.66  DTE: 0d
      ⚠️  Stop was triggered — continuing to track for data
      💭 $2.8M premium on TSLA puts with 100% bearish flow and 8.0 score warran...
      🌍 SPY +0.00%  QQQ +0.00%  VIX 17.9

  ⏰ CONTRACT EXPIRED — auto-closing #13

  🔴 #14 TSLA260513P00430000  [⏸ TRACKING]
      Entry: $11.70 │ Bid: $3.80  Mid: $3.85  Ask: $3.90
      P&L: $-785.00 (-67.1%) │ Target: $23.40  Stop: $5.85  DTE: 2d
      ⚠️  Stop was triggered — continuing to track for data
      💭 $1.1M premium on TSLA 430 puts expiring today with 100% bearish flow a...
      🌍 SPY +0.00%  QQQ +0.00%  VIX 17.9

  🔴 #15 AMD260515P00457500  [▶ OPEN]
      Entry: $22.60 │ Bid: $13.70  Mid: $13.85  Ask: $14.00
      P&L: $-875.00 (-38.7%) │ Target: $45.20  Stop: $11.30  DTE: 4d
      💭 $2.0M premium in AMD puts expiring today with 100% bearish flow and 8....
      🌍 SPY +0.00%  QQQ +0.00%  VIX 17.9

  🔴 #16 QQQ260511P00706000  [⏸ TRACKING]
      Entry: $2.11 │ Bid: $0.22  Mid: $0.23  Ask: $0.23
      P&L: $-188.50 (-89.3%) │ Target: $4.22  Stop: $1.05  DTE: 0d
      ⚠️  Stop was triggered — continuing to track for data
      💭 QQQ put with $1.8M premium and 8.0 score expiring today in 100% bearis...
      🌍 SPY +0.00%  QQQ +0.00%  VIX 17.9

  ⏰ CONTRACT EXPIRED — auto-closing #16

  🔴 #17 TSLA260515P00427500  [⏸ TRACKING]
      Entry: $11.00 │ Bid: $5.25  Mid: $5.30  Ask: $5.35
      P&L: $-570.00 (-51.8%) │ Target: $22.00  Stop: $5.50  DTE: 4d
      ⚠️  Stop was triggered — continuing to track for data
      💭 $6M premium on TSLA puts with 8.8 score and 100% bearish flow concentr...
      🌍 SPY +0.00%  QQQ +0.00%  VIX 17.9

  ⏳ Next check in 3 minutes...

  ─────────────────────────────────────────────────────────────────
  📡 POSITION CHECK — 11:47:27 EDT
  ─────────────────────────────────────────────────────────────────

  🟢 #7 NFLX260515P00092000  [▶ OPEN]
      Entry: $3.72 │ Bid: $5.40  Mid: $5.50  Ask: $5.60
      P&L: +$178.00 (+47.9%) │ Target: $7.44  Stop: $1.86  DTE: 4d
      💭 Deep ITM put with 0.73 delta and 10 days to expiration offers defined ...
      🌍 SPY +0.00%  QQQ +0.00%  VIX 17.9

  🔴 #10 SPY260511P00745000  [⏸ TRACKING]
      Entry: $9.88 │ Bid: $5.10  Mid: $5.14  Ask: $5.18
      P&L: $-473.50 (-48.0%) │ Target: $19.75  Stop: $4.94  DTE: 0d
      ⚠️  Stop was triggered — continuing to track for data
      💭 HIGH SPY put signal — score 8.0, $4.4M premium, 3 DTE, bearish thesis....
      🌍 SPY +0.00%  QQQ +0.00%  VIX 17.9

  ⏰ CONTRACT EXPIRED — auto-closing #10

  🔴 #11 TSLA260511P00425000  [⏸ TRACKING]
      Entry: $7.83 │ Bid: $0.27  Mid: $0.28  Ask: $0.28
      P&L: $-755.00 (-96.5%) │ Target: $15.65  Stop: $3.91  DTE: 0d
      ⚠️  Stop was triggered — continuing to track for data
      💭 HIGH TSLA put signal — score 5.62, $1.6M premium, 3 DTE, bearish thesi...
      🌍 SPY +0.00%  QQQ +0.00%  VIX 17.9

  ⏰ CONTRACT EXPIRED — auto-closing #11

  🔴 #13 TSLA260511P00430000  [⏸ TRACKING]
      Entry: $7.33 │ Bid: $0.70  Mid: $0.71  Ask: $0.72
      P&L: $-661.50 (-90.3%) │ Target: $14.65  Stop: $3.66  DTE: 0d
      ⚠️  Stop was triggered — continuing to track for data
      💭 $2.8M premium on TSLA puts with 100% bearish flow and 8.0 score warran...
      🌍 SPY +0.00%  QQQ +0.00%  VIX 17.9

  ⏰ CONTRACT EXPIRED — auto-closing #13

  🔴 #14 TSLA260513P00430000  [⏸ TRACKING]
      Entry: $11.70 │ Bid: $4.00  Mid: $4.03  Ask: $4.05
      P&L: $-767.50 (-65.6%) │ Target: $23.40  Stop: $5.85  DTE: 2d
      ⚠️  Stop was triggered — continuing to track for data
      💭 $1.1M premium on TSLA 430 puts expiring today with 100% bearish flow a...
      🌍 SPY +0.00%  QQQ +0.00%  VIX 17.9

  🔴 #15 AMD260515P00457500  [▶ OPEN]
      Entry: $22.60 │ Bid: $13.35  Mid: $13.55  Ask: $13.75
      P&L: $-905.00 (-40.0%) │ Target: $45.20  Stop: $11.30  DTE: 4d
      💭 $2.0M premium in AMD puts expiring today with 100% bearish flow and 8....
      🌍 SPY +0.00%  QQQ +0.00%  VIX 17.9
  ⚠️  STOP APPROACHING — $2.25 away (80%)

  🔴 #16 QQQ260511P00706000  [⏸ TRACKING]
      Entry: $2.11 │ Bid: $0.21  Mid: $0.21  Ask: $0.22
      P&L: $-189.50 (-89.8%) │ Target: $4.22  Stop: $1.05  DTE: 0d
      ⚠️  Stop was triggered — continuing to track for data
      💭 QQQ put with $1.8M premium and 8.0 score expiring today in 100% bearis...
      🌍 SPY +0.00%  QQQ +0.00%  VIX 17.9

  ⏰ CONTRACT EXPIRED — auto-closing #16

  🔴 #17 TSLA260515P00427500  [⏸ TRACKING]
      Entry: $11.00 │ Bid: $5.40  Mid: $5.45  Ask: $5.50
      P&L: $-555.00 (-50.5%) │ Target: $22.00  Stop: $5.50  DTE: 4d
      ⚠️  Stop was triggered — continuing to track for data
      💭 $6M premium on TSLA puts with 8.8 score and 100% bearish flow concentr...
      🌍 SPY +0.00%  QQQ +0.00%  VIX 17.9

  ⏳ Next check in 3 minutes...

  ─────────────────────────────────────────────────────────────────
  📡 POSITION CHECK — 11:50:28 EDT
  ─────────────────────────────────────────────────────────────────

  🟢 #7 NFLX260515P00092000  [▶ OPEN]
      Entry: $3.72 │ Bid: $5.40  Mid: $5.53  Ask: $5.65
      P&L: +$180.50 (+48.5%) │ Target: $7.44  Stop: $1.86  DTE: 4d
      💭 Deep ITM put with 0.73 delta and 10 days to expiration offers defined ...
      🌍 SPY +0.00%  QQQ +0.00%  VIX 17.9

  🔴 #10 SPY260511P00745000  [⏸ TRACKING]
      Entry: $9.88 │ Bid: $5.10  Mid: $5.15  Ask: $5.20
      P&L: $-472.50 (-47.9%) │ Target: $19.75  Stop: $4.94  DTE: 0d
      ⚠️  Stop was triggered — continuing to track for data
      💭 HIGH SPY put signal — score 8.0, $4.4M premium, 3 DTE, bearish thesis....
      🌍 SPY +0.00%  QQQ +0.00%  VIX 17.9

  ⏰ CONTRACT EXPIRED — auto-closing #10

  🔴 #11 TSLA260511P00425000  [⏸ TRACKING]
      Entry: $7.83 │ Bid: $0.24  Mid: $0.24  Ask: $0.25
      P&L: $-758.00 (-96.9%) │ Target: $15.65  Stop: $3.91  DTE: 0d
      ⚠️  Stop was triggered — continuing to track for data
      💭 HIGH TSLA put signal — score 5.62, $1.6M premium, 3 DTE, bearish thesi...
      🌍 SPY +0.00%  QQQ +0.00%  VIX 17.9

  ⏰ CONTRACT EXPIRED — auto-closing #11

  🔴 #13 TSLA260511P00430000  [⏸ TRACKING]
      Entry: $7.33 │ Bid: $0.63  Mid: $0.64  Ask: $0.64
      P&L: $-669.00 (-91.3%) │ Target: $14.65  Stop: $3.66  DTE: 0d
      ⚠️  Stop was triggered — continuing to track for data
      💭 $2.8M premium on TSLA puts with 100% bearish flow and 8.0 score warran...
      🌍 SPY +0.00%  QQQ +0.00%  VIX 17.9

  ⏰ CONTRACT EXPIRED — auto-closing #13

  🔴 #14 TSLA260513P00430000  [⏸ TRACKING]
      Entry: $11.70 │ Bid: $3.90  Mid: $3.95  Ask: $4.00
      P&L: $-775.00 (-66.2%) │ Target: $23.40  Stop: $5.85  DTE: 2d
      ⚠️  Stop was triggered — continuing to track for data
      💭 $1.1M premium on TSLA 430 puts expiring today with 100% bearish flow a...
      🌍 SPY +0.00%  QQQ +0.00%  VIX 17.9

  🔴 #15 AMD260515P00457500  [▶ OPEN]
      Entry: $22.60 │ Bid: $12.85  Mid: $13.03  Ask: $13.20
      P&L: $-957.50 (-42.4%) │ Target: $45.20  Stop: $11.30  DTE: 4d
      💭 $2.0M premium in AMD puts expiring today with 100% bearish flow and 8....
      🌍 SPY +0.00%  QQQ +0.00%  VIX 17.9
  ⚠️  STOP APPROACHING — $1.72 away (85%)

  🔴 #16 QQQ260511P00706000  [⏸ TRACKING]
      Entry: $2.11 │ Bid: $0.20  Mid: $0.20  Ask: $0.21
      P&L: $-190.50 (-90.3%) │ Target: $4.22  Stop: $1.05  DTE: 0d
      ⚠️  Stop was triggered — continuing to track for data
      💭 QQQ put with $1.8M premium and 8.0 score expiring today in 100% bearis...
      🌍 SPY +0.00%  QQQ +0.00%  VIX 17.9

  ⏰ CONTRACT EXPIRED — auto-closing #16

  🔴 #17 TSLA260515P00427500  [⏸ TRACKING]
      Entry: $11.00 │ Bid: $5.35  Mid: $5.40  Ask: $5.45
      P&L: $-560.00 (-50.9%) │ Target: $22.00  Stop: $5.50  DTE: 4d
      ⚠️  Stop was triggered — continuing to track for data
      💭 $6M premium on TSLA puts with 8.8 score and 100% bearish flow concentr...
      🌍 SPY +0.00%  QQQ +0.00%  VIX 17.9

  ⏳ Next check in 3 minutes...

  ─────────────────────────────────────────────────────────────────
  📡 POSITION CHECK — 11:53:30 EDT
  ─────────────────────────────────────────────────────────────────

  🟢 #7 NFLX260515P00092000  [▶ OPEN]
      Entry: $3.72 │ Bid: $5.40  Mid: $5.53  Ask: $5.65
      P&L: +$180.50 (+48.5%) │ Target: $7.44  Stop: $1.86  DTE: 4d
      💭 Deep ITM put with 0.73 delta and 10 days to expiration offers defined ...
      🌍 SPY +0.00%  QQQ +0.00%  VIX 17.9

  🔴 #10 SPY260511P00745000  [⏸ TRACKING]
      Entry: $9.88 │ Bid: $4.95  Mid: $5.05  Ask: $5.15
      P&L: $-482.50 (-48.9%) │ Target: $19.75  Stop: $4.94  DTE: 0d
      ⚠️  Stop was triggered — continuing to track for data
      💭 HIGH SPY put signal — score 8.0, $4.4M premium, 3 DTE, bearish thesis....
      🌍 SPY +0.00%  QQQ +0.00%  VIX 17.9

  ⏰ CONTRACT EXPIRED — auto-closing #10

  🔴 #11 TSLA260511P00425000  [⏸ TRACKING]
      Entry: $7.83 │ Bid: $0.28  Mid: $0.28  Ask: $0.29
      P&L: $-754.00 (-96.4%) │ Target: $15.65  Stop: $3.91  DTE: 0d
      ⚠️  Stop was triggered — continuing to track for data
      💭 HIGH TSLA put signal — score 5.62, $1.6M premium, 3 DTE, bearish thesi...
      🌍 SPY +0.00%  QQQ +0.00%  VIX 17.9

  ⏰ CONTRACT EXPIRED — auto-closing #11

  🔴 #13 TSLA260511P00430000  [⏸ TRACKING]
      Entry: $7.33 │ Bid: $0.74  Mid: $0.74  Ask: $0.75
      P&L: $-658.00 (-89.8%) │ Target: $14.65  Stop: $3.66  DTE: 0d
      ⚠️  Stop was triggered — continuing to track for data
      💭 $2.8M premium on TSLA puts with 100% bearish flow and 8.0 score warran...
      🌍 SPY +0.00%  QQQ +0.00%  VIX 17.9

  ⏰ CONTRACT EXPIRED — auto-closing #13

  🔴 #14 TSLA260513P00430000  [⏸ TRACKING]
      Entry: $11.70 │ Bid: $4.20  Mid: $4.25  Ask: $4.30
      P&L: $-745.00 (-63.7%) │ Target: $23.40  Stop: $5.85  DTE: 2d
      ⚠️  Stop was triggered — continuing to track for data
      💭 $1.1M premium on TSLA 430 puts expiring today with 100% bearish flow a...
      🌍 SPY +0.00%  QQQ +0.00%  VIX 17.9

  🔴 #15 AMD260515P00457500  [▶ OPEN]
      Entry: $22.60 │ Bid: $13.05  Mid: $13.20  Ask: $13.35
      P&L: $-940.00 (-41.6%) │ Target: $45.20  Stop: $11.30  DTE: 4d
      💭 $2.0M premium in AMD puts expiring today with 100% bearish flow and 8....
      🌍 SPY +0.00%  QQQ +0.00%  VIX 17.9
  ⚠️  STOP APPROACHING — $1.90 away (83%)

  🔴 #16 QQQ260511P00706000  [⏸ TRACKING]
      Entry: $2.11 │ Bid: $0.22  Mid: $0.23  Ask: $0.23
      P&L: $-188.50 (-89.3%) │ Target: $4.22  Stop: $1.05  DTE: 0d
      ⚠️  Stop was triggered — continuing to track for data
      💭 QQQ put with $1.8M premium and 8.0 score expiring today in 100% bearis...
      🌍 SPY +0.00%  QQQ +0.00%  VIX 17.9

  ⏰ CONTRACT EXPIRED — auto-closing #16

  🔴 #17 TSLA260515P00427500  [⏸ TRACKING]
      Entry: $11.00 │ Bid: $5.70  Mid: $5.78  Ask: $5.85
      P&L: $-522.50 (-47.5%) │ Target: $22.00  Stop: $5.50  DTE: 4d
      ⚠️  Stop was triggered — continuing to track for data
      💭 $6M premium on TSLA puts with 8.8 score and 100% bearish flow concentr...
      🌍 SPY +0.00%  QQQ +0.00%  VIX 17.9

  ⏳ Next check in 3 minutes...

  ─────────────────────────────────────────────────────────────────
  📡 POSITION CHECK — 11:56:31 EDT
  ─────────────────────────────────────────────────────────────────

  🟢 #7 NFLX260515P00092000  [▶ OPEN]
      Entry: $3.72 │ Bid: $5.40  Mid: $5.53  Ask: $5.65
      P&L: +$180.50 (+48.5%) │ Target: $7.44  Stop: $1.86  DTE: 4d
      💭 Deep ITM put with 0.73 delta and 10 days to expiration offers defined ...
      🌍 SPY +0.00%  QQQ +0.00%  VIX 17.9

  🔴 #10 SPY260511P00745000  [⏸ TRACKING]
      Entry: $9.88 │ Bid: $4.76  Mid: $4.83  Ask: $4.89
      P&L: $-505.00 (-51.1%) │ Target: $19.75  Stop: $4.94  DTE: 0d
      ⚠️  Stop was triggered — continuing to track for data
      💭 HIGH SPY put signal — score 8.0, $4.4M premium, 3 DTE, bearish thesis....
      🌍 SPY +0.00%  QQQ +0.00%  VIX 17.9

  ⏰ CONTRACT EXPIRED — auto-closing #10

  🔴 #11 TSLA260511P00425000  [⏸ TRACKING]
      Entry: $7.83 │ Bid: $0.25  Mid: $0.26  Ask: $0.26
      P&L: $-757.00 (-96.7%) │ Target: $15.65  Stop: $3.91  DTE: 0d
      ⚠️  Stop was triggered — continuing to track for data
      💭 HIGH TSLA put signal — score 5.62, $1.6M premium, 3 DTE, bearish thesi...
      🌍 SPY +0.00%  QQQ +0.00%  VIX 17.9

  ⏰ CONTRACT EXPIRED — auto-closing #11

  🔴 #13 TSLA260511P00430000  [⏸ TRACKING]
      Entry: $7.33 │ Bid: $0.72  Mid: $0.73  Ask: $0.75
      P&L: $-659.00 (-90.0%) │ Target: $14.65  Stop: $3.66  DTE: 0d
      ⚠️  Stop was triggered — continuing to track for data
      💭 $2.8M premium on TSLA puts with 100% bearish flow and 8.0 score warran...
      🌍 SPY +0.00%  QQQ +0.00%  VIX 17.9

  ⏰ CONTRACT EXPIRED — auto-closing #13

  🔴 #14 TSLA260513P00430000  [⏸ TRACKING]
      Entry: $11.70 │ Bid: $4.30  Mid: $4.35  Ask: $4.40
      P&L: $-735.00 (-62.8%) │ Target: $23.40  Stop: $5.85  DTE: 2d
      ⚠️  Stop was triggered — continuing to track for data
      💭 $1.1M premium on TSLA 430 puts expiring today with 100% bearish flow a...
      🌍 SPY +0.00%  QQQ +0.00%  VIX 17.9

  🔴 #15 AMD260515P00457500  [▶ OPEN]
      Entry: $22.60 │ Bid: $12.65  Mid: $12.80  Ask: $12.95
      P&L: $-980.00 (-43.4%) │ Target: $45.20  Stop: $11.30  DTE: 4d
      💭 $2.0M premium in AMD puts expiring today with 100% bearish flow and 8....
      🌍 SPY +0.00%  QQQ +0.00%  VIX 17.9
  ⚠️  STOP APPROACHING — $1.50 away (87%)

  🔴 #16 QQQ260511P00706000  [⏸ TRACKING]
      Entry: $2.11 │ Bid: $0.19  Mid: $0.20  Ask: $0.20
      P&L: $-191.50 (-90.8%) │ Target: $4.22  Stop: $1.05  DTE: 0d
      ⚠️  Stop was triggered — continuing to track for data
      💭 QQQ put with $1.8M premium and 8.0 score expiring today in 100% bearis...
      🌍 SPY +0.00%  QQQ +0.00%  VIX 17.9

  ⏰ CONTRACT EXPIRED — auto-closing #16

  🔴 #17 TSLA260515P00427500  [⏸ TRACKING]
      Entry: $11.00 │ Bid: $5.80  Mid: $5.85  Ask: $5.90
      P&L: $-515.00 (-46.8%) │ Target: $22.00  Stop: $5.50  DTE: 4d
      ⚠️  Stop was triggered — continuing to track for data
      💭 $6M premium on TSLA puts with 8.8 score and 100% bearish flow concentr...
      🌍 SPY +0.00%  QQQ +0.00%  VIX 17.9

  ⏳ Next check in 3 minutes...

  ─────────────────────────────────────────────────────────────────
  📡 POSITION CHECK — 11:59:32 EDT
  ─────────────────────────────────────────────────────────────────

  🟢 #7 NFLX260515P00092000  [▶ OPEN]
      Entry: $3.72 │ Bid: $5.40  Mid: $5.53  Ask: $5.65
      P&L: +$180.50 (+48.5%) │ Target: $7.44  Stop: $1.86  DTE: 4d
      💭 Deep ITM put with 0.73 delta and 10 days to expiration offers defined ...
      🌍 SPY +0.00%  QQQ +0.00%  VIX 17.9

  🔴 #10 SPY260511P00745000  [⏸ TRACKING]
      Entry: $9.88 │ Bid: $4.83  Mid: $4.88  Ask: $4.92
      P&L: $-500.00 (-50.6%) │ Target: $19.75  Stop: $4.94  DTE: 0d
      ⚠️  Stop was triggered — continuing to track for data
      💭 HIGH SPY put signal — score 8.0, $4.4M premium, 3 DTE, bearish thesis....
      🌍 SPY +0.00%  QQQ +0.00%  VIX 17.9

  ⏰ CONTRACT EXPIRED — auto-closing #10

  🔴 #11 TSLA260511P00425000  [⏸ TRACKING]
      Entry: $7.83 │ Bid: $0.23  Mid: $0.23  Ask: $0.24
      P&L: $-759.00 (-97.0%) │ Target: $15.65  Stop: $3.91  DTE: 0d
      ⚠️  Stop was triggered — continuing to track for data
      💭 HIGH TSLA put signal — score 5.62, $1.6M premium, 3 DTE, bearish thesi...
      🌍 SPY +0.00%  QQQ +0.00%  VIX 17.9

  ⏰ CONTRACT EXPIRED — auto-closing #11

  🔴 #13 TSLA260511P00430000  [⏸ TRACKING]
      Entry: $7.33 │ Bid: $0.71  Mid: $0.72  Ask: $0.73
      P&L: $-660.50 (-90.2%) │ Target: $14.65  Stop: $3.66  DTE: 0d
      ⚠️  Stop was triggered — continuing to track for data
      💭 $2.8M premium on TSLA puts with 100% bearish flow and 8.0 score warran...
      🌍 SPY +0.00%  QQQ +0.00%  VIX 17.9

  ⏰ CONTRACT EXPIRED — auto-closing #13

  🔴 #14 TSLA260513P00430000  [⏸ TRACKING]
      Entry: $11.70 │ Bid: $4.35  Mid: $4.40  Ask: $4.45
      P&L: $-730.00 (-62.4%) │ Target: $23.40  Stop: $5.85  DTE: 2d
      ⚠️  Stop was triggered — continuing to track for data
      💭 $1.1M premium on TSLA 430 puts expiring today with 100% bearish flow a...
      🌍 SPY +0.00%  QQQ +0.00%  VIX 17.9

  🔴 #15 AMD260515P00457500  [▶ OPEN]
      Entry: $22.60 │ Bid: $12.75  Mid: $12.90  Ask: $13.05
      P&L: $-970.00 (-42.9%) │ Target: $45.20  Stop: $11.30  DTE: 4d
      💭 $2.0M premium in AMD puts expiring today with 100% bearish flow and 8....
      🌍 SPY +0.00%  QQQ +0.00%  VIX 17.9
  ⚠️  STOP APPROACHING — $1.60 away (86%)

  🔴 #16 QQQ260511P00706000  [⏸ TRACKING]
      Entry: $2.11 │ Bid: $0.19  Mid: $0.20  Ask: $0.20
      P&L: $-191.50 (-90.8%) │ Target: $4.22  Stop: $1.05  DTE: 0d
      ⚠️  Stop was triggered — continuing to track for data
      💭 QQQ put with $1.8M premium and 8.0 score expiring today in 100% bearis...
      🌍 SPY +0.00%  QQQ +0.00%  VIX 17.9

  ⏰ CONTRACT EXPIRED — auto-closing #16

  🔴 #17 TSLA260515P00427500  [⏸ TRACKING]
      Entry: $11.00 │ Bid: $5.90  Mid: $5.95  Ask: $6.00
      P&L: $-505.00 (-45.9%) │ Target: $22.00  Stop: $5.50  DTE: 4d
      ⚠️  Stop was triggered — continuing to track for data
      💭 $6M premium on TSLA puts with 8.8 score and 100% bearish flow concentr...
      🌍 SPY +0.00%  QQQ +0.00%  VIX 17.9

  ⏳ Next check in 3 minutes...

  ─────────────────────────────────────────────────────────────────
  📡 POSITION CHECK — 12:02:33 EDT
  ─────────────────────────────────────────────────────────────────

  🟢 #7 NFLX260515P00092000  [▶ OPEN]
      Entry: $3.72 │ Bid: $5.40  Mid: $5.53  Ask: $5.65
      P&L: +$180.50 (+48.5%) │ Target: $7.44  Stop: $1.86  DTE: 4d
      💭 Deep ITM put with 0.73 delta and 10 days to expiration offers defined ...
      🌍 SPY +0.00%  QQQ +0.00%  VIX 18.0

  🔴 #10 SPY260511P00745000  [⏸ TRACKING]
      Entry: $9.88 │ Bid: $4.73  Mid: $4.79  Ask: $4.86
      P&L: $-508.00 (-51.4%) │ Target: $19.75  Stop: $4.94  DTE: 0d
      ⚠️  Stop was triggered — continuing to track for data
      💭 HIGH SPY put signal — score 8.0, $4.4M premium, 3 DTE, bearish thesis....
      🌍 SPY +0.00%  QQQ +0.00%  VIX 18.0

  ⏰ CONTRACT EXPIRED — auto-closing #10

  🔴 #11 TSLA260511P00425000  [⏸ TRACKING]
      Entry: $7.83 │ Bid: $0.25  Mid: $0.26  Ask: $0.26
      P&L: $-757.00 (-96.7%) │ Target: $15.65  Stop: $3.91  DTE: 0d
      ⚠️  Stop was triggered — continuing to track for data
      💭 HIGH TSLA put signal — score 5.62, $1.6M premium, 3 DTE, bearish thesi...
      🌍 SPY +0.00%  QQQ +0.00%  VIX 18.0

  ⏰ CONTRACT EXPIRED — auto-closing #11

  🔴 #13 TSLA260511P00430000  [⏸ TRACKING]
      Entry: $7.33 │ Bid: $0.81  Mid: $0.81  Ask: $0.82
      P&L: $-651.00 (-88.9%) │ Target: $14.65  Stop: $3.66  DTE: 0d
      ⚠️  Stop was triggered — continuing to track for data
      💭 $2.8M premium on TSLA puts with 100% bearish flow and 8.0 score warran...
      🌍 SPY +0.00%  QQQ +0.00%  VIX 18.0

  ⏰ CONTRACT EXPIRED — auto-closing #13

  🔴 #14 TSLA260513P00430000  [⏸ TRACKING]
      Entry: $11.70 │ Bid: $4.65  Mid: $4.70  Ask: $4.75
      P&L: $-700.00 (-59.8%) │ Target: $23.40  Stop: $5.85  DTE: 2d
      ⚠️  Stop was triggered — continuing to track for data
      💭 $1.1M premium on TSLA 430 puts expiring today with 100% bearish flow a...
      🌍 SPY +0.00%  QQQ +0.00%  VIX 18.0

  🔴 #15 AMD260515P00457500  [▶ OPEN]
      Entry: $22.60 │ Bid: $12.60  Mid: $12.72  Ask: $12.85
      P&L: $-987.50 (-43.7%) │ Target: $45.20  Stop: $11.30  DTE: 4d
      💭 $2.0M premium in AMD puts expiring today with 100% bearish flow and 8....
      🌍 SPY +0.00%  QQQ +0.00%  VIX 18.0
  ⚠️  STOP APPROACHING — $1.42 away (87%)

  🔴 #16 QQQ260511P00706000  [⏸ TRACKING]
      Entry: $2.11 │ Bid: $0.19  Mid: $0.20  Ask: $0.20
      P&L: $-191.50 (-90.8%) │ Target: $4.22  Stop: $1.05  DTE: 0d
      ⚠️  Stop was triggered — continuing to track for data
      💭 QQQ put with $1.8M premium and 8.0 score expiring today in 100% bearis...
      🌍 SPY +0.00%  QQQ +0.00%  VIX 18.0

  ⏰ CONTRACT EXPIRED — auto-closing #16

  🔴 #17 TSLA260515P00427500  [⏸ TRACKING]
      Entry: $11.00 │ Bid: $6.15  Mid: $6.20  Ask: $6.25
      P&L: $-480.00 (-43.6%) │ Target: $22.00  Stop: $5.50  DTE: 4d
      ⚠️  Stop was triggered — continuing to track for data
      💭 $6M premium on TSLA puts with 8.8 score and 100% bearish flow concentr...
      🌍 SPY +0.00%  QQQ +0.00%  VIX 18.0

  ⏳ Next check in 3 minutes...

  ─────────────────────────────────────────────────────────────────
  📡 POSITION CHECK — 12:05:34 EDT
  ─────────────────────────────────────────────────────────────────

  🟢 #7 NFLX260515P00092000  [▶ OPEN]
      Entry: $3.72 │ Bid: $5.45  Mid: $5.58  Ask: $5.70
      P&L: +$185.50 (+49.9%) │ Target: $7.44  Stop: $1.86  DTE: 4d
      💭 Deep ITM put with 0.73 delta and 10 days to expiration offers defined ...
      🌍 SPY +0.00%  QQQ +0.00%  VIX 18.0

  🔴 #10 SPY260511P00745000  [⏸ TRACKING]
      Entry: $9.88 │ Bid: $4.87  Mid: $4.93  Ask: $5.00
      P&L: $-494.00 (-50.0%) │ Target: $19.75  Stop: $4.94  DTE: 0d
      ⚠️  Stop was triggered — continuing to track for data
      💭 HIGH SPY put signal — score 8.0, $4.4M premium, 3 DTE, bearish thesis....
      🌍 SPY +0.00%  QQQ +0.00%  VIX 18.0

  ⏰ CONTRACT EXPIRED — auto-closing #10

  🔴 #11 TSLA260511P00425000  [⏸ TRACKING]
      Entry: $7.83 │ Bid: $0.16  Mid: $0.17  Ask: $0.17
      P&L: $-766.00 (-97.9%) │ Target: $15.65  Stop: $3.91  DTE: 0d
      ⚠️  Stop was triggered — continuing to track for data
      💭 HIGH TSLA put signal — score 5.62, $1.6M premium, 3 DTE, bearish thesi...
      🌍 SPY +0.00%  QQQ +0.00%  VIX 18.0

  ⏰ CONTRACT EXPIRED — auto-closing #11

  🔴 #13 TSLA260511P00430000  [⏸ TRACKING]
      Entry: $7.33 │ Bid: $0.52  Mid: $0.53  Ask: $0.53
      P&L: $-680.00 (-92.8%) │ Target: $14.65  Stop: $3.66  DTE: 0d
      ⚠️  Stop was triggered — continuing to track for data
      💭 $2.8M premium on TSLA puts with 100% bearish flow and 8.0 score warran...
      🌍 SPY +0.00%  QQQ +0.00%  VIX 18.0

  ⏰ CONTRACT EXPIRED — auto-closing #13

  🔴 #14 TSLA260513P00430000  [⏸ TRACKING]
      Entry: $11.70 │ Bid: $4.20  Mid: $4.25  Ask: $4.30
      P&L: $-745.00 (-63.7%) │ Target: $23.40  Stop: $5.85  DTE: 2d
      ⚠️  Stop was triggered — continuing to track for data
      💭 $1.1M premium on TSLA 430 puts expiring today with 100% bearish flow a...
      🌍 SPY +0.00%  QQQ +0.00%  VIX 18.0

  🔴 #15 AMD260515P00457500  [▶ OPEN]
      Entry: $22.60 │ Bid: $12.65  Mid: $12.78  Ask: $12.90
      P&L: $-982.50 (-43.5%) │ Target: $45.20  Stop: $11.30  DTE: 4d
      💭 $2.0M premium in AMD puts expiring today with 100% bearish flow and 8....
      🌍 SPY +0.00%  QQQ +0.00%  VIX 18.0
  ⚠️  STOP APPROACHING — $1.47 away (87%)

  🔴 #16 QQQ260511P00706000  [⏸ TRACKING]
      Entry: $2.11 │ Bid: $0.19  Mid: $0.20  Ask: $0.20
      P&L: $-191.50 (-90.8%) │ Target: $4.22  Stop: $1.05  DTE: 0d
      ⚠️  Stop was triggered — continuing to track for data
      💭 QQQ put with $1.8M premium and 8.0 score expiring today in 100% bearis...
      🌍 SPY +0.00%  QQQ +0.00%  VIX 18.0

  ⏰ CONTRACT EXPIRED — auto-closing #16

  🔴 #17 TSLA260515P00427500  [⏸ TRACKING]
      Entry: $11.00 │ Bid: $5.70  Mid: $5.75  Ask: $5.80
      P&L: $-525.00 (-47.7%) │ Target: $22.00  Stop: $5.50  DTE: 4d
      ⚠️  Stop was triggered — continuing to track for data
      💭 $6M premium on TSLA puts with 8.8 score and 100% bearish flow concentr...
      🌍 SPY +0.00%  QQQ +0.00%  VIX 18.0

  ⏳ Next check in 3 minutes...

  Refreshing auth token...

  ─────────────────────────────────────────────────────────────────
  📡 POSITION CHECK — 12:08:37 EDT
  ─────────────────────────────────────────────────────────────────

  🟢 #7 NFLX260515P00092000  [▶ OPEN]
      Entry: $3.72 │ Bid: $5.45  Mid: $5.60  Ask: $5.75
      P&L: +$188.00 (+50.5%) │ Target: $7.44  Stop: $1.86  DTE: 4d
      💭 Deep ITM put with 0.73 delta and 10 days to expiration offers defined ...
      🌍 SPY +0.00%  QQQ +0.00%  VIX 18.0

  🔴 #10 SPY260511P00745000  [⏸ TRACKING]
      Entry: $9.88 │ Bid: $4.89  Mid: $4.96  Ask: $5.03
      P&L: $-491.50 (-49.8%) │ Target: $19.75  Stop: $4.94  DTE: 0d
      ⚠️  Stop was triggered — continuing to track for data
      💭 HIGH SPY put signal — score 8.0, $4.4M premium, 3 DTE, bearish thesis....
      🌍 SPY +0.00%  QQQ +0.00%  VIX 18.0

  ⏰ CONTRACT EXPIRED — auto-closing #10

  🔴 #11 TSLA260511P00425000  [⏸ TRACKING]
      Entry: $7.83 │ Bid: $0.17  Mid: $0.17  Ask: $0.18
      P&L: $-765.00 (-97.8%) │ Target: $15.65  Stop: $3.91  DTE: 0d
      ⚠️  Stop was triggered — continuing to track for data
      💭 HIGH TSLA put signal — score 5.62, $1.6M premium, 3 DTE, bearish thesi...
      🌍 SPY +0.00%  QQQ +0.00%  VIX 18.0

  ⏰ CONTRACT EXPIRED — auto-closing #11

  🔴 #13 TSLA260511P00430000  [⏸ TRACKING]
      Entry: $7.33 │ Bid: $0.52  Mid: $0.53  Ask: $0.54
      P&L: $-679.50 (-92.8%) │ Target: $14.65  Stop: $3.66  DTE: 0d
      ⚠️  Stop was triggered — continuing to track for data
      💭 $2.8M premium on TSLA puts with 100% bearish flow and 8.0 score warran...
      🌍 SPY +0.00%  QQQ +0.00%  VIX 18.0

  ⏰ CONTRACT EXPIRED — auto-closing #13

  🔴 #14 TSLA260513P00430000  [⏸ TRACKING]
      Entry: $11.70 │ Bid: $4.05  Mid: $4.10  Ask: $4.15
      P&L: $-760.00 (-65.0%) │ Target: $23.40  Stop: $5.85  DTE: 2d
      ⚠️  Stop was triggered — continuing to track for data
      💭 $1.1M premium on TSLA 430 puts expiring today with 100% bearish flow a...
      🌍 SPY +0.00%  QQQ +0.00%  VIX 18.0

  🔴 #15 AMD260515P00457500  [▶ OPEN]
      Entry: $22.60 │ Bid: $13.15  Mid: $13.32  Ask: $13.50
      P&L: $-927.50 (-41.0%) │ Target: $45.20  Stop: $11.30  DTE: 4d
      💭 $2.0M premium in AMD puts expiring today with 100% bearish flow and 8....
      🌍 SPY +0.00%  QQQ +0.00%  VIX 18.0
  ⚠️  STOP APPROACHING — $2.02 away (82%)

  🔴 #16 QQQ260511P00706000  [⏸ TRACKING]
      Entry: $2.11 │ Bid: $0.19  Mid: $0.20  Ask: $0.20
      P&L: $-191.50 (-90.8%) │ Target: $4.22  Stop: $1.05  DTE: 0d
      ⚠️  Stop was triggered — continuing to track for data
      💭 QQQ put with $1.8M premium and 8.0 score expiring today in 100% bearis...
      🌍 SPY +0.00%  QQQ +0.00%  VIX 18.0

  ⏰ CONTRACT EXPIRED — auto-closing #16

  🔴 #17 TSLA260515P00427500  [⏸ TRACKING]
      Entry: $11.00 │ Bid: $5.55  Mid: $5.60  Ask: $5.65
      P&L: $-540.00 (-49.1%) │ Target: $22.00  Stop: $5.50  DTE: 4d
      ⚠️  Stop was triggered — continuing to track for data
      💭 $6M premium on TSLA puts with 8.8 score and 100% bearish flow concentr...
      🌍 SPY +0.00%  QQQ +0.00%  VIX 18.0

  ⏳ Next check in 3 minutes...

  ─────────────────────────────────────────────────────────────────
  📡 POSITION CHECK — 12:11:38 EDT
  ─────────────────────────────────────────────────────────────────

  🟢 #7 NFLX260515P00092000  [▶ OPEN]
      Entry: $3.72 │ Bid: $5.50  Mid: $5.65  Ask: $5.80
      P&L: +$193.00 (+51.9%) │ Target: $7.44  Stop: $1.86  DTE: 4d
      💭 Deep ITM put with 0.73 delta and 10 days to expiration offers defined ...
      🌍 SPY +0.00%  QQQ +0.00%  VIX 18.0

  🔴 #10 SPY260511P00745000  [⏸ TRACKING]
      Entry: $9.88 │ Bid: $4.85  Mid: $4.92  Ask: $5.00
      P&L: $-495.00 (-50.1%) │ Target: $19.75  Stop: $4.94  DTE: 0d
      ⚠️  Stop was triggered — continuing to track for data
      💭 HIGH SPY put signal — score 8.0, $4.4M premium, 3 DTE, bearish thesis....
      🌍 SPY +0.00%  QQQ +0.00%  VIX 18.0

  ⏰ CONTRACT EXPIRED — auto-closing #10

  🔴 #11 TSLA260511P00425000  [⏸ TRACKING]
      Entry: $7.83 │ Bid: $0.13  Mid: $0.14  Ask: $0.14
      P&L: $-769.00 (-98.3%) │ Target: $15.65  Stop: $3.91  DTE: 0d
      ⚠️  Stop was triggered — continuing to track for data
      💭 HIGH TSLA put signal — score 5.62, $1.6M premium, 3 DTE, bearish thesi...
      🌍 SPY +0.00%  QQQ +0.00%  VIX 18.0

  ⏰ CONTRACT EXPIRED — auto-closing #11

  🔴 #13 TSLA260511P00430000  [⏸ TRACKING]
      Entry: $7.33 │ Bid: $0.40  Mid: $0.41  Ask: $0.41
      P&L: $-692.00 (-94.5%) │ Target: $14.65  Stop: $3.66  DTE: 0d
      ⚠️  Stop was triggered — continuing to track for data
      💭 $2.8M premium on TSLA puts with 100% bearish flow and 8.0 score warran...
      🌍 SPY +0.00%  QQQ +0.00%  VIX 18.0

  ⏰ CONTRACT EXPIRED — auto-closing #13

  🔴 #14 TSLA260513P00430000  [⏸ TRACKING]
      Entry: $11.70 │ Bid: $3.80  Mid: $3.85  Ask: $3.90
      P&L: $-785.00 (-67.1%) │ Target: $23.40  Stop: $5.85  DTE: 2d
      ⚠️  Stop was triggered — continuing to track for data
      💭 $1.1M premium on TSLA 430 puts expiring today with 100% bearish flow a...
      🌍 SPY +0.00%  QQQ +0.00%  VIX 18.0

  🔴 #15 AMD260515P00457500  [▶ OPEN]
      Entry: $22.60 │ Bid: $13.10  Mid: $13.25  Ask: $13.40
      P&L: $-935.00 (-41.4%) │ Target: $45.20  Stop: $11.30  DTE: 4d
      💭 $2.0M premium in AMD puts expiring today with 100% bearish flow and 8....
      🌍 SPY +0.00%  QQQ +0.00%  VIX 18.0
  ⚠️  STOP APPROACHING — $1.95 away (83%)

  🔴 #16 QQQ260511P00706000  [⏸ TRACKING]
      Entry: $2.11 │ Bid: $0.19  Mid: $0.20  Ask: $0.20
      P&L: $-191.50 (-90.8%) │ Target: $4.22  Stop: $1.05  DTE: 0d
      ⚠️  Stop was triggered — continuing to track for data
      💭 QQQ put with $1.8M premium and 8.0 score expiring today in 100% bearis...
      🌍 SPY +0.00%  QQQ +0.00%  VIX 18.0

  ⏰ CONTRACT EXPIRED — auto-closing #16

  🔴 #17 TSLA260515P00427500  [⏸ TRACKING]
      Entry: $11.00 │ Bid: $5.35  Mid: $5.40  Ask: $5.45
      P&L: $-560.00 (-50.9%) │ Target: $22.00  Stop: $5.50  DTE: 4d
      ⚠️  Stop was triggered — continuing to track for data
      💭 $6M premium on TSLA puts with 8.8 score and 100% bearish flow concentr...
      🌍 SPY +0.00%  QQQ +0.00%  VIX 18.0

  ⏳ Next check in 3 minutes...

  ─────────────────────────────────────────────────────────────────
  📡 POSITION CHECK — 12:14:39 EDT
  ─────────────────────────────────────────────────────────────────

  🟢 #7 NFLX260515P00092000  [▶ OPEN]
      Entry: $3.72 │ Bid: $5.50  Mid: $5.80  Ask: $6.10
      P&L: +$208.00 (+55.9%) │ Target: $7.44  Stop: $1.86  DTE: 4d
      💭 Deep ITM put with 0.73 delta and 10 days to expiration offers defined ...
      🌍 SPY +0.00%  QQQ +0.00%  VIX 17.9

  🔴 #10 SPY260511P00745000  [⏸ TRACKING]
      Entry: $9.88 │ Bid: $4.82  Mid: $4.88  Ask: $4.93
      P&L: $-500.00 (-50.6%) │ Target: $19.75  Stop: $4.94  DTE: 0d
      ⚠️  Stop was triggered — continuing to track for data
      💭 HIGH SPY put signal — score 8.0, $4.4M premium, 3 DTE, bearish thesis....
      🌍 SPY +0.00%  QQQ +0.00%  VIX 17.9

  ⏰ CONTRACT EXPIRED — auto-closing #10

  🔴 #11 TSLA260511P00425000  [⏸ TRACKING]
      Entry: $7.83 │ Bid: $0.12  Mid: $0.12  Ask: $0.13
      P&L: $-770.00 (-98.4%) │ Target: $15.65  Stop: $3.91  DTE: 0d
      ⚠️  Stop was triggered — continuing to track for data
      💭 HIGH TSLA put signal — score 5.62, $1.6M premium, 3 DTE, bearish thesi...
      🌍 SPY +0.00%  QQQ +0.00%  VIX 17.9

  ⏰ CONTRACT EXPIRED — auto-closing #11

  🔴 #13 TSLA260511P00430000  [⏸ TRACKING]
      Entry: $7.33 │ Bid: $0.34  Mid: $0.34  Ask: $0.35
      P&L: $-698.00 (-95.3%) │ Target: $14.65  Stop: $3.66  DTE: 0d
      ⚠️  Stop was triggered — continuing to track for data
      💭 $2.8M premium on TSLA puts with 100% bearish flow and 8.0 score warran...
      🌍 SPY +0.00%  QQQ +0.00%  VIX 17.9

  ⏰ CONTRACT EXPIRED — auto-closing #13

  🔴 #14 TSLA260513P00430000  [⏸ TRACKING]
      Entry: $11.70 │ Bid: $3.70  Mid: $3.73  Ask: $3.75
      P&L: $-797.50 (-68.2%) │ Target: $23.40  Stop: $5.85  DTE: 2d
      ⚠️  Stop was triggered — continuing to track for data
      💭 $1.1M premium on TSLA 430 puts expiring today with 100% bearish flow a...
      🌍 SPY +0.00%  QQQ +0.00%  VIX 17.9

  🔴 #15 AMD260515P00457500  [▶ OPEN]
      Entry: $22.60 │ Bid: $12.60  Mid: $12.78  Ask: $12.95
      P&L: $-982.50 (-43.5%) │ Target: $45.20  Stop: $11.30  DTE: 4d
      💭 $2.0M premium in AMD puts expiring today with 100% bearish flow and 8....
      🌍 SPY +0.00%  QQQ +0.00%  VIX 17.9
  ⚠️  STOP APPROACHING — $1.47 away (87%)

  🔴 #16 QQQ260511P00706000  [⏸ TRACKING]
      Entry: $2.11 │ Bid: $0.18  Mid: $0.18  Ask: $0.19
      P&L: $-192.50 (-91.2%) │ Target: $4.22  Stop: $1.05  DTE: 0d
      ⚠️  Stop was triggered — continuing to track for data
      💭 QQQ put with $1.8M premium and 8.0 score expiring today in 100% bearis...
      🌍 SPY +0.00%  QQQ +0.00%  VIX 17.9

  ⏰ CONTRACT EXPIRED — auto-closing #16

  🔴 #17 TSLA260515P00427500  [⏸ TRACKING]
      Entry: $11.00 │ Bid: $5.20  Mid: $5.25  Ask: $5.30
      P&L: $-575.00 (-52.3%) │ Target: $22.00  Stop: $5.50  DTE: 4d
      ⚠️  Stop was triggered — continuing to track for data
      💭 $6M premium on TSLA puts with 8.8 score and 100% bearish flow concentr...
      🌍 SPY +0.00%  QQQ +0.00%  VIX 17.9

  ⏳ Next check in 3 minutes...

  ─────────────────────────────────────────────────────────────────
  📡 POSITION CHECK — 12:17:40 EDT
  ─────────────────────────────────────────────────────────────────

  🟢 #7 NFLX260515P00092000  [▶ OPEN]
      Entry: $3.72 │ Bid: $5.50  Mid: $5.75  Ask: $6.00
      P&L: +$203.00 (+54.6%) │ Target: $7.44  Stop: $1.86  DTE: 4d
      💭 Deep ITM put with 0.73 delta and 10 days to expiration offers defined ...
      🌍 SPY +0.00%  QQQ +0.00%  VIX 18.0

  🔴 #10 SPY260511P00745000  [⏸ TRACKING]
      Entry: $9.88 │ Bid: $4.86  Mid: $4.89  Ask: $4.92
      P&L: $-498.50 (-50.5%) │ Target: $19.75  Stop: $4.94  DTE: 0d
      ⚠️  Stop was triggered — continuing to track for data
      💭 HIGH SPY put signal — score 8.0, $4.4M premium, 3 DTE, bearish thesis....
      🌍 SPY +0.00%  QQQ +0.00%  VIX 18.0

  ⏰ CONTRACT EXPIRED — auto-closing #10

  🔴 #11 TSLA260511P00425000  [⏸ TRACKING]
      Entry: $7.83 │ Bid: $0.14  Mid: $0.14  Ask: $0.15
      P&L: $-768.00 (-98.2%) │ Target: $15.65  Stop: $3.91  DTE: 0d
      ⚠️  Stop was triggered — continuing to track for data
      💭 HIGH TSLA put signal — score 5.62, $1.6M premium, 3 DTE, bearish thesi...
      🌍 SPY +0.00%  QQQ +0.00%  VIX 18.0

  ⏰ CONTRACT EXPIRED — auto-closing #11

  🔴 #13 TSLA260511P00430000  [⏸ TRACKING]
      Entry: $7.33 │ Bid: $0.42  Mid: $0.42  Ask: $0.43
      P&L: $-690.00 (-94.2%) │ Target: $14.65  Stop: $3.66  DTE: 0d
      ⚠️  Stop was triggered — continuing to track for data
      💭 $2.8M premium on TSLA puts with 100% bearish flow and 8.0 score warran...
      🌍 SPY +0.00%  QQQ +0.00%  VIX 18.0

  ⏰ CONTRACT EXPIRED — auto-closing #13

  🔴 #14 TSLA260513P00430000  [⏸ TRACKING]
      Entry: $11.70 │ Bid: $3.90  Mid: $3.95  Ask: $4.00
      P&L: $-775.00 (-66.2%) │ Target: $23.40  Stop: $5.85  DTE: 2d
      ⚠️  Stop was triggered — continuing to track for data
      💭 $1.1M premium on TSLA 430 puts expiring today with 100% bearish flow a...
      🌍 SPY +0.00%  QQQ +0.00%  VIX 18.0

  🔴 #15 AMD260515P00457500  [▶ OPEN]
      Entry: $22.60 │ Bid: $12.85  Mid: $13.05  Ask: $13.25
      P&L: $-955.00 (-42.3%) │ Target: $45.20  Stop: $11.30  DTE: 4d
      💭 $2.0M premium in AMD puts expiring today with 100% bearish flow and 8....
      🌍 SPY +0.00%  QQQ +0.00%  VIX 18.0
  ⚠️  STOP APPROACHING — $1.75 away (85%)

  🔴 #16 QQQ260511P00706000  [⏸ TRACKING]
      Entry: $2.11 │ Bid: $0.18  Mid: $0.18  Ask: $0.19
      P&L: $-192.50 (-91.2%) │ Target: $4.22  Stop: $1.05  DTE: 0d
      ⚠️  Stop was triggered — continuing to track for data
      💭 QQQ put with $1.8M premium and 8.0 score expiring today in 100% bearis...
      🌍 SPY +0.00%  QQQ +0.00%  VIX 18.0

  ⏰ CONTRACT EXPIRED — auto-closing #16

  🔴 #17 TSLA260515P00427500  [⏸ TRACKING]
      Entry: $11.00 │ Bid: $5.40  Mid: $5.45  Ask: $5.50
      P&L: $-555.00 (-50.5%) │ Target: $22.00  Stop: $5.50  DTE: 4d
      ⚠️  Stop was triggered — continuing to track for data
      💭 $6M premium on TSLA puts with 8.8 score and 100% bearish flow concentr...
      🌍 SPY +0.00%  QQQ +0.00%  VIX 18.0

  ⏳ Next check in 3 minutes...

  ─────────────────────────────────────────────────────────────────
  📡 POSITION CHECK — 12:20:42 EDT
  ─────────────────────────────────────────────────────────────────

  🟢 #7 NFLX260515P00092000  [▶ OPEN]
      Entry: $3.72 │ Bid: $5.45  Mid: $5.67  Ask: $5.90
      P&L: +$195.50 (+52.5%) │ Target: $7.44  Stop: $1.86  DTE: 4d
      💭 Deep ITM put with 0.73 delta and 10 days to expiration offers defined ...
      🌍 SPY +0.00%  QQQ +0.00%  VIX 18.0

  🔴 #10 SPY260511P00745000  [⏸ TRACKING]
      Entry: $9.88 │ Bid: $4.96  Mid: $5.03  Ask: $5.10
      P&L: $-484.50 (-49.1%) │ Target: $19.75  Stop: $4.94  DTE: 0d
      ⚠️  Stop was triggered — continuing to track for data
      💭 HIGH SPY put signal — score 8.0, $4.4M premium, 3 DTE, bearish thesis....
      🌍 SPY +0.00%  QQQ +0.00%  VIX 18.0

  ⏰ CONTRACT EXPIRED — auto-closing #10

  🔴 #11 TSLA260511P00425000  [⏸ TRACKING]
      Entry: $7.83 │ Bid: $0.14  Mid: $0.14  Ask: $0.15
      P&L: $-768.00 (-98.2%) │ Target: $15.65  Stop: $3.91  DTE: 0d
      ⚠️  Stop was triggered — continuing to track for data
      💭 HIGH TSLA put signal — score 5.62, $1.6M premium, 3 DTE, bearish thesi...
      🌍 SPY +0.00%  QQQ +0.00%  VIX 18.0

  ⏰ CONTRACT EXPIRED — auto-closing #11

  🔴 #13 TSLA260511P00430000  [⏸ TRACKING]
      Entry: $7.33 │ Bid: $0.49  Mid: $0.49  Ask: $0.50
      P&L: $-683.00 (-93.2%) │ Target: $14.65  Stop: $3.66  DTE: 0d
      ⚠️  Stop was triggered — continuing to track for data
      💭 $2.8M premium on TSLA puts with 100% bearish flow and 8.0 score warran...
      🌍 SPY +0.00%  QQQ +0.00%  VIX 18.0

  ⏰ CONTRACT EXPIRED — auto-closing #13

  🔴 #14 TSLA260513P00430000  [⏸ TRACKING]
      Entry: $11.70 │ Bid: $4.20  Mid: $4.22  Ask: $4.25
      P&L: $-747.50 (-63.9%) │ Target: $23.40  Stop: $5.85  DTE: 2d
      ⚠️  Stop was triggered — continuing to track for data
      💭 $1.1M premium on TSLA 430 puts expiring today with 100% bearish flow a...
      🌍 SPY +0.00%  QQQ +0.00%  VIX 18.0

  🔴 #15 AMD260515P00457500  [▶ OPEN]
      Entry: $22.60 │ Bid: $13.25  Mid: $13.43  Ask: $13.60
      P&L: $-917.50 (-40.6%) │ Target: $45.20  Stop: $11.30  DTE: 4d
      💭 $2.0M premium in AMD puts expiring today with 100% bearish flow and 8....
      🌍 SPY +0.00%  QQQ +0.00%  VIX 18.0
  ⚠️  STOP APPROACHING — $2.12 away (81%)

  🔴 #16 QQQ260511P00706000  [⏸ TRACKING]
      Entry: $2.11 │ Bid: $0.19  Mid: $0.20  Ask: $0.20
      P&L: $-191.50 (-90.8%) │ Target: $4.22  Stop: $1.05  DTE: 0d
      ⚠️  Stop was triggered — continuing to track for data
      💭 QQQ put with $1.8M premium and 8.0 score expiring today in 100% bearis...
      🌍 SPY +0.00%  QQQ +0.00%  VIX 18.0

  ⏰ CONTRACT EXPIRED — auto-closing #16

  🔴 #17 TSLA260515P00427500  [⏸ TRACKING]
      Entry: $11.00 │ Bid: $5.70  Mid: $5.75  Ask: $5.80
      P&L: $-525.00 (-47.7%) │ Target: $22.00  Stop: $5.50  DTE: 4d
      ⚠️  Stop was triggered — continuing to track for data
      💭 $6M premium on TSLA puts with 8.8 score and 100% bearish flow concentr...
      🌍 SPY +0.00%  QQQ +0.00%  VIX 18.0

  ⏳ Next check in 3 minutes...

  ─────────────────────────────────────────────────────────────────
  📡 POSITION CHECK — 12:23:43 EDT
  ─────────────────────────────────────────────────────────────────

  🟢 #7 NFLX260515P00092000  [▶ OPEN]
      Entry: $3.72 │ Bid: $5.40  Mid: $5.58  Ask: $5.75
      P&L: +$185.50 (+49.9%) │ Target: $7.44  Stop: $1.86  DTE: 4d
      💭 Deep ITM put with 0.73 delta and 10 days to expiration offers defined ...
      🌍 SPY +0.00%  QQQ +0.00%  VIX 18.0

  🔴 #10 SPY260511P00745000  [⏸ TRACKING]
      Entry: $9.88 │ Bid: $4.90  Mid: $4.94  Ask: $4.98
      P&L: $-493.50 (-50.0%) │ Target: $19.75  Stop: $4.94  DTE: 0d
      ⚠️  Stop was triggered — continuing to track for data
      💭 HIGH SPY put signal — score 8.0, $4.4M premium, 3 DTE, bearish thesis....
      🌍 SPY +0.00%  QQQ +0.00%  VIX 18.0

  ⏰ CONTRACT EXPIRED — auto-closing #10

  🔴 #11 TSLA260511P00425000  [⏸ TRACKING]
      Entry: $7.83 │ Bid: $0.11  Mid: $0.12  Ask: $0.12
      P&L: $-771.00 (-98.5%) │ Target: $15.65  Stop: $3.91  DTE: 0d
      ⚠️  Stop was triggered — continuing to track for data
      💭 HIGH TSLA put signal — score 5.62, $1.6M premium, 3 DTE, bearish thesi...
      🌍 SPY +0.00%  QQQ +0.00%  VIX 18.0

  ⏰ CONTRACT EXPIRED — auto-closing #11

  🔴 #13 TSLA260511P00430000  [⏸ TRACKING]
      Entry: $7.33 │ Bid: $0.34  Mid: $0.34  Ask: $0.35
      P&L: $-698.00 (-95.3%) │ Target: $14.65  Stop: $3.66  DTE: 0d
      ⚠️  Stop was triggered — continuing to track for data
      💭 $2.8M premium on TSLA puts with 100% bearish flow and 8.0 score warran...
      🌍 SPY +0.00%  QQQ +0.00%  VIX 18.0

  ⏰ CONTRACT EXPIRED — auto-closing #13

  🔴 #14 TSLA260513P00430000  [⏸ TRACKING]
      Entry: $11.70 │ Bid: $3.95  Mid: $3.98  Ask: $4.00
      P&L: $-772.50 (-66.0%) │ Target: $23.40  Stop: $5.85  DTE: 2d
      ⚠️  Stop was triggered — continuing to track for data
      💭 $1.1M premium on TSLA 430 puts expiring today with 100% bearish flow a...
      🌍 SPY +0.00%  QQQ +0.00%  VIX 18.0

  🔴 #15 AMD260515P00457500  [▶ OPEN]
      Entry: $22.60 │ Bid: $13.00  Mid: $13.15  Ask: $13.30
      P&L: $-945.00 (-41.8%) │ Target: $45.20  Stop: $11.30  DTE: 4d
      💭 $2.0M premium in AMD puts expiring today with 100% bearish flow and 8....
      🌍 SPY +0.00%  QQQ +0.00%  VIX 18.0
  ⚠️  STOP APPROACHING — $1.85 away (84%)

  🔴 #16 QQQ260511P00706000  [⏸ TRACKING]
      Entry: $2.11 │ Bid: $0.18  Mid: $0.18  Ask: $0.19
      P&L: $-192.50 (-91.2%) │ Target: $4.22  Stop: $1.05  DTE: 0d
      ⚠️  Stop was triggered — continuing to track for data
      💭 QQQ put with $1.8M premium and 8.0 score expiring today in 100% bearis...
      🌍 SPY +0.00%  QQQ +0.00%  VIX 18.0

  ⏰ CONTRACT EXPIRED — auto-closing #16

  🔴 #17 TSLA260515P00427500  [⏸ TRACKING]
      Entry: $11.00 │ Bid: $5.45  Mid: $5.50  Ask: $5.55
      P&L: $-550.00 (-50.0%) │ Target: $22.00  Stop: $5.50  DTE: 4d
      ⚠️  Stop was triggered — continuing to track for data
      💭 $6M premium on TSLA puts with 8.8 score and 100% bearish flow concentr...
      🌍 SPY +0.00%  QQQ +0.00%  VIX 18.0

  ⏳ Next check in 3 minutes...

  ─────────────────────────────────────────────────────────────────
  📡 POSITION CHECK — 12:26:44 EDT
  ─────────────────────────────────────────────────────────────────

  🟢 #7 NFLX260515P00092000  [▶ OPEN]
      Entry: $3.72 │ Bid: $5.50  Mid: $5.62  Ask: $5.75
      P&L: +$190.50 (+51.2%) │ Target: $7.44  Stop: $1.86  DTE: 4d
      💭 Deep ITM put with 0.73 delta and 10 days to expiration offers defined ...
      🌍 SPY +0.00%  QQQ +0.00%  VIX 18.0

  🔴 #10 SPY260511P00745000  [⏸ TRACKING]
      Entry: $9.88 │ Bid: $4.61  Mid: $4.66  Ask: $4.71
      P&L: $-521.50 (-52.8%) │ Target: $19.75  Stop: $4.94  DTE: 0d
      ⚠️  Stop was triggered — continuing to track for data
      💭 HIGH SPY put signal — score 8.0, $4.4M premium, 3 DTE, bearish thesis....
      🌍 SPY +0.00%  QQQ +0.00%  VIX 18.0

  ⏰ CONTRACT EXPIRED — auto-closing #10

  🔴 #11 TSLA260511P00425000  [⏸ TRACKING]
      Entry: $7.83 │ Bid: $0.09  Mid: $0.10  Ask: $0.10
      P&L: $-773.00 (-98.8%) │ Target: $15.65  Stop: $3.91  DTE: 0d
      ⚠️  Stop was triggered — continuing to track for data
      💭 HIGH TSLA put signal — score 5.62, $1.6M premium, 3 DTE, bearish thesi...
      🌍 SPY +0.00%  QQQ +0.00%  VIX 18.0

  ⏰ CONTRACT EXPIRED — auto-closing #11

  🔴 #13 TSLA260511P00430000  [⏸ TRACKING]
      Entry: $7.33 │ Bid: $0.26  Mid: $0.27  Ask: $0.28
      P&L: $-705.50 (-96.3%) │ Target: $14.65  Stop: $3.66  DTE: 0d
      ⚠️  Stop was triggered — continuing to track for data
      💭 $2.8M premium on TSLA puts with 100% bearish flow and 8.0 score warran...
      🌍 SPY +0.00%  QQQ +0.00%  VIX 18.0

  ⏰ CONTRACT EXPIRED — auto-closing #13

  🔴 #14 TSLA260513P00430000  [⏸ TRACKING]
      Entry: $11.70 │ Bid: $3.70  Mid: $3.73  Ask: $3.75
      P&L: $-797.50 (-68.2%) │ Target: $23.40  Stop: $5.85  DTE: 2d
      ⚠️  Stop was triggered — continuing to track for data
      💭 $1.1M premium on TSLA 430 puts expiring today with 100% bearish flow a...
      🌍 SPY +0.00%  QQQ +0.00%  VIX 18.0

  🔴 #15 AMD260515P00457500  [▶ OPEN]
      Entry: $22.60 │ Bid: $12.80  Mid: $12.95  Ask: $13.10
      P&L: $-965.00 (-42.7%) │ Target: $45.20  Stop: $11.30  DTE: 4d
      💭 $2.0M premium in AMD puts expiring today with 100% bearish flow and 8....
      🌍 SPY +0.00%  QQQ +0.00%  VIX 18.0
  ⚠️  STOP APPROACHING — $1.65 away (85%)

  🔴 #16 QQQ260511P00706000  [⏸ TRACKING]
      Entry: $2.11 │ Bid: $0.17  Mid: $0.17  Ask: $0.18
      P&L: $-193.50 (-91.7%) │ Target: $4.22  Stop: $1.05  DTE: 0d
      ⚠️  Stop was triggered — continuing to track for data
      💭 QQQ put with $1.8M premium and 8.0 score expiring today in 100% bearis...
      🌍 SPY +0.00%  QQQ +0.00%  VIX 18.0

  ⏰ CONTRACT EXPIRED — auto-closing #16

  🔴 #17 TSLA260515P00427500  [⏸ TRACKING]
      Entry: $11.00 │ Bid: $5.20  Mid: $5.25  Ask: $5.30
      P&L: $-575.00 (-52.3%) │ Target: $22.00  Stop: $5.50  DTE: 4d
      ⚠️  Stop was triggered — continuing to track for data
      💭 $6M premium on TSLA puts with 8.8 score and 100% bearish flow concentr...
      🌍 SPY +0.00%  QQQ +0.00%  VIX 18.0

  ⏳ Next check in 3 minutes...

  ─────────────────────────────────────────────────────────────────
  📡 POSITION CHECK — 12:29:45 EDT
  ─────────────────────────────────────────────────────────────────

  🟢 #7 NFLX260515P00092000  [▶ OPEN]
      Entry: $3.72 │ Bid: $5.50  Mid: $5.62  Ask: $5.75
      P&L: +$190.50 (+51.2%) │ Target: $7.44  Stop: $1.86  DTE: 4d
      💭 Deep ITM put with 0.73 delta and 10 days to expiration offers defined ...
      🌍 SPY +0.00%  QQQ +0.00%  VIX 18.0

  🔴 #10 SPY260511P00745000  [⏸ TRACKING]
      Entry: $9.88 │ Bid: $4.67  Mid: $4.72  Ask: $4.77
      P&L: $-515.50 (-52.2%) │ Target: $19.75  Stop: $4.94  DTE: 0d
      ⚠️  Stop was triggered — continuing to track for data
      💭 HIGH SPY put signal — score 8.0, $4.4M premium, 3 DTE, bearish thesis....
      🌍 SPY +0.00%  QQQ +0.00%  VIX 18.0

  ⏰ CONTRACT EXPIRED — auto-closing #10

  🔴 #11 TSLA260511P00425000  [⏸ TRACKING]
      Entry: $7.83 │ Bid: $0.09  Mid: $0.10  Ask: $0.10
      P&L: $-773.00 (-98.8%) │ Target: $15.65  Stop: $3.91  DTE: 0d
      ⚠️  Stop was triggered — continuing to track for data
      💭 HIGH TSLA put signal — score 5.62, $1.6M premium, 3 DTE, bearish thesi...
      🌍 SPY +0.00%  QQQ +0.00%  VIX 18.0

  ⏰ CONTRACT EXPIRED — auto-closing #11

  🔴 #13 TSLA260511P00430000  [⏸ TRACKING]
      Entry: $7.33 │ Bid: $0.30  Mid: $0.30  Ask: $0.31
      P&L: $-702.00 (-95.8%) │ Target: $14.65  Stop: $3.66  DTE: 0d
      ⚠️  Stop was triggered — continuing to track for data
      💭 $2.8M premium on TSLA puts with 100% bearish flow and 8.0 score warran...
      🌍 SPY +0.00%  QQQ +0.00%  VIX 18.0

  ⏰ CONTRACT EXPIRED — auto-closing #13

  🔴 #14 TSLA260513P00430000  [⏸ TRACKING]
      Entry: $11.70 │ Bid: $3.80  Mid: $3.85  Ask: $3.90
      P&L: $-785.00 (-67.1%) │ Target: $23.40  Stop: $5.85  DTE: 2d
      ⚠️  Stop was triggered — continuing to track for data
      💭 $1.1M premium on TSLA 430 puts expiring today with 100% bearish flow a...
      🌍 SPY +0.00%  QQQ +0.00%  VIX 18.0

  🔴 #15 AMD260515P00457500  [▶ OPEN]
      Entry: $22.60 │ Bid: $13.10  Mid: $13.25  Ask: $13.40
      P&L: $-935.00 (-41.4%) │ Target: $45.20  Stop: $11.30  DTE: 4d
      💭 $2.0M premium in AMD puts expiring today with 100% bearish flow and 8....
      🌍 SPY +0.00%  QQQ +0.00%  VIX 18.0
  ⚠️  STOP APPROACHING — $1.95 away (83%)

  🔴 #16 QQQ260511P00706000  [⏸ TRACKING]
      Entry: $2.11 │ Bid: $0.16  Mid: $0.17  Ask: $0.17
      P&L: $-194.50 (-92.2%) │ Target: $4.22  Stop: $1.05  DTE: 0d
      ⚠️  Stop was triggered — continuing to track for data
      💭 QQQ put with $1.8M premium and 8.0 score expiring today in 100% bearis...
      🌍 SPY +0.00%  QQQ +0.00%  VIX 18.0

  ⏰ CONTRACT EXPIRED — auto-closing #16

  🔴 #17 TSLA260515P00427500  [⏸ TRACKING]
      Entry: $11.00 │ Bid: $5.35  Mid: $5.38  Ask: $5.40
      P&L: $-562.50 (-51.1%) │ Target: $22.00  Stop: $5.50  DTE: 4d
      ⚠️  Stop was triggered — continuing to track for data
      💭 $6M premium on TSLA puts with 8.8 score and 100% bearish flow concentr...
      🌍 SPY +0.00%  QQQ +0.00%  VIX 18.0

  ⏳ Next check in 3 minutes...

  ─────────────────────────────────────────────────────────────────
  📡 POSITION CHECK — 12:32:47 EDT
  ─────────────────────────────────────────────────────────────────

  🟢 #7 NFLX260515P00092000  [▶ OPEN]
      Entry: $3.72 │ Bid: $5.80  Mid: $5.83  Ask: $5.85
      P&L: +$210.50 (+56.6%) │ Target: $7.44  Stop: $1.86  DTE: 4d
      💭 Deep ITM put with 0.73 delta and 10 days to expiration offers defined ...
      🌍 SPY +0.00%  QQQ +0.00%  VIX 18.0

  🔴 #10 SPY260511P00745000  [⏸ TRACKING]
      Entry: $9.88 │ Bid: $4.73  Mid: $4.76  Ask: $4.79
      P&L: $-511.50 (-51.8%) │ Target: $19.75  Stop: $4.94  DTE: 0d
      ⚠️  Stop was triggered — continuing to track for data
      💭 HIGH SPY put signal — score 8.0, $4.4M premium, 3 DTE, bearish thesis....
      🌍 SPY +0.00%  QQQ +0.00%  VIX 18.0

  ⏰ CONTRACT EXPIRED — auto-closing #10

  🔴 #11 TSLA260511P00425000  [⏸ TRACKING]
      Entry: $7.83 │ Bid: $0.05  Mid: $0.06  Ask: $0.06
      P&L: $-777.00 (-99.3%) │ Target: $15.65  Stop: $3.91  DTE: 0d
      ⚠️  Stop was triggered — continuing to track for data
      💭 HIGH TSLA put signal — score 5.62, $1.6M premium, 3 DTE, bearish thesi...
      🌍 SPY +0.00%  QQQ +0.00%  VIX 18.0

  ⏰ CONTRACT EXPIRED — auto-closing #11

  🔴 #13 TSLA260511P00430000  [⏸ TRACKING]
      Entry: $7.33 │ Bid: $0.16  Mid: $0.17  Ask: $0.17
      P&L: $-716.00 (-97.8%) │ Target: $14.65  Stop: $3.66  DTE: 0d
      ⚠️  Stop was triggered — continuing to track for data
      💭 $2.8M premium on TSLA puts with 100% bearish flow and 8.0 score warran...
      🌍 SPY +0.00%  QQQ +0.00%  VIX 18.0

  ⏰ CONTRACT EXPIRED — auto-closing #13

  🔴 #14 TSLA260513P00430000  [⏸ TRACKING]
      Entry: $11.70 │ Bid: $3.20  Mid: $3.25  Ask: $3.30
      P&L: $-845.00 (-72.2%) │ Target: $23.40  Stop: $5.85  DTE: 2d
      ⚠️  Stop was triggered — continuing to track for data
      💭 $1.1M premium on TSLA 430 puts expiring today with 100% bearish flow a...
      🌍 SPY +0.00%  QQQ +0.00%  VIX 18.0

  🔴 #15 AMD260515P00457500  [▶ OPEN]
      Entry: $22.60 │ Bid: $12.35  Mid: $12.50  Ask: $12.65
      P&L: $-1,010.00 (-44.7%) │ Target: $45.20  Stop: $11.30  DTE: 4d
      💭 $2.0M premium in AMD puts expiring today with 100% bearish flow and 8....
      🌍 SPY +0.00%  QQQ +0.00%  VIX 18.0
  ⚠️  STOP APPROACHING — $1.20 away (89%)

  🔴 #16 QQQ260511P00706000  [⏸ TRACKING]
      Entry: $2.11 │ Bid: $0.14  Mid: $0.14  Ask: $0.15
      P&L: $-196.50 (-93.1%) │ Target: $4.22  Stop: $1.05  DTE: 0d
      ⚠️  Stop was triggered — continuing to track for data
      💭 QQQ put with $1.8M premium and 8.0 score expiring today in 100% bearis...
      🌍 SPY +0.00%  QQQ +0.00%  VIX 18.0

  ⏰ CONTRACT EXPIRED — auto-closing #16

  🔴 #17 TSLA260515P00427500  [⏸ TRACKING]
      Entry: $11.00 │ Bid: $4.75  Mid: $4.80  Ask: $4.85
      P&L: $-620.00 (-56.4%) │ Target: $22.00  Stop: $5.50  DTE: 4d
      ⚠️  Stop was triggered — continuing to track for data
      💭 $6M premium on TSLA puts with 8.8 score and 100% bearish flow concentr...
      🌍 SPY +0.00%  QQQ +0.00%  VIX 18.0

  ⏳ Next check in 3 minutes...

  ─────────────────────────────────────────────────────────────────
  📡 POSITION CHECK — 12:35:48 EDT
  ─────────────────────────────────────────────────────────────────

  🟢 #7 NFLX260515P00092000  [▶ OPEN]
      Entry: $3.72 │ Bid: $5.80  Mid: $5.88  Ask: $5.95
      P&L: +$215.50 (+57.9%) │ Target: $7.44  Stop: $1.86  DTE: 4d
      💭 Deep ITM put with 0.73 delta and 10 days to expiration offers defined ...
      🌍 SPY +0.00%  QQQ +0.00%  VIX 18.0

  🔴 #10 SPY260511P00745000  [⏸ TRACKING]
      Entry: $9.88 │ Bid: $4.76  Mid: $4.80  Ask: $4.85
      P&L: $-507.00 (-51.3%) │ Target: $19.75  Stop: $4.94  DTE: 0d
      ⚠️  Stop was triggered — continuing to track for data
      💭 HIGH SPY put signal — score 8.0, $4.4M premium, 3 DTE, bearish thesis....
      🌍 SPY +0.00%  QQQ +0.00%  VIX 18.0

  ⏰ CONTRACT EXPIRED — auto-closing #10

  🔴 #11 TSLA260511P00425000  [⏸ TRACKING]
      Entry: $7.83 │ Bid: $0.05  Mid: $0.06  Ask: $0.06
      P&L: $-777.00 (-99.3%) │ Target: $15.65  Stop: $3.91  DTE: 0d
      ⚠️  Stop was triggered — continuing to track for data
      💭 HIGH TSLA put signal — score 5.62, $1.6M premium, 3 DTE, bearish thesi...
      🌍 SPY +0.00%  QQQ +0.00%  VIX 18.0

  ⏰ CONTRACT EXPIRED — auto-closing #11

  🔴 #13 TSLA260511P00430000  [⏸ TRACKING]
      Entry: $7.33 │ Bid: $0.19  Mid: $0.20  Ask: $0.20
      P&L: $-713.00 (-97.3%) │ Target: $14.65  Stop: $3.66  DTE: 0d
      ⚠️  Stop was triggered — continuing to track for data
      💭 $2.8M premium on TSLA puts with 100% bearish flow and 8.0 score warran...
      🌍 SPY +0.00%  QQQ +0.00%  VIX 18.0

  ⏰ CONTRACT EXPIRED — auto-closing #13

  🔴 #14 TSLA260513P00430000  [⏸ TRACKING]
      Entry: $11.70 │ Bid: $3.45  Mid: $3.48  Ask: $3.50
      P&L: $-822.50 (-70.3%) │ Target: $23.40  Stop: $5.85  DTE: 2d
      ⚠️  Stop was triggered — continuing to track for data
      💭 $1.1M premium on TSLA 430 puts expiring today with 100% bearish flow a...
      🌍 SPY +0.00%  QQQ +0.00%  VIX 18.0

  🔴 #15 AMD260515P00457500  [▶ OPEN]
      Entry: $22.60 │ Bid: $12.25  Mid: $12.40  Ask: $12.55
      P&L: $-1,020.00 (-45.1%) │ Target: $45.20  Stop: $11.30  DTE: 4d
      💭 $2.0M premium in AMD puts expiring today with 100% bearish flow and 8....
      🌍 SPY +0.00%  QQQ +0.00%  VIX 18.0
  ⚠️  STOP APPROACHING — $1.10 away (90%)

  🔴 #16 QQQ260511P00706000  [⏸ TRACKING]
      Entry: $2.11 │ Bid: $0.14  Mid: $0.14  Ask: $0.15
      P&L: $-196.50 (-93.1%) │ Target: $4.22  Stop: $1.05  DTE: 0d
      ⚠️  Stop was triggered — continuing to track for data
      💭 QQQ put with $1.8M premium and 8.0 score expiring today in 100% bearis...
      🌍 SPY +0.00%  QQQ +0.00%  VIX 18.0

  ⏰ CONTRACT EXPIRED — auto-closing #16

  🔴 #17 TSLA260515P00427500  [⏸ TRACKING]
      Entry: $11.00 │ Bid: $4.95  Mid: $4.97  Ask: $5.00
      P&L: $-602.50 (-54.8%) │ Target: $22.00  Stop: $5.50  DTE: 4d
      ⚠️  Stop was triggered — continuing to track for data
      💭 $6M premium on TSLA puts with 8.8 score and 100% bearish flow concentr...
      🌍 SPY +0.00%  QQQ +0.00%  VIX 18.0

  ⏳ Next check in 3 minutes...

  ─────────────────────────────────────────────────────────────────
  📡 POSITION CHECK — 12:38:49 EDT
  ─────────────────────────────────────────────────────────────────

  🟢 #7 NFLX260515P00092000  [▶ OPEN]
      Entry: $3.72 │ Bid: $5.85  Mid: $5.92  Ask: $6.00
      P&L: +$220.50 (+59.3%) │ Target: $7.44  Stop: $1.86  DTE: 4d
      💭 Deep ITM put with 0.73 delta and 10 days to expiration offers defined ...
      🌍 SPY +0.00%  QQQ +0.00%  VIX 18.0

  🔴 #10 SPY260511P00745000  [⏸ TRACKING]
      Entry: $9.88 │ Bid: $4.84  Mid: $4.88  Ask: $4.93
      P&L: $-499.00 (-50.5%) │ Target: $19.75  Stop: $4.94  DTE: 0d
      ⚠️  Stop was triggered — continuing to track for data
      💭 HIGH SPY put signal — score 8.0, $4.4M premium, 3 DTE, bearish thesis....
      🌍 SPY +0.00%  QQQ +0.00%  VIX 18.0

  ⏰ CONTRACT EXPIRED — auto-closing #10

  🔴 #11 TSLA260511P00425000  [⏸ TRACKING]
      Entry: $7.83 │ Bid: $0.05  Mid: $0.06  Ask: $0.07
      P&L: $-776.50 (-99.2%) │ Target: $15.65  Stop: $3.91  DTE: 0d
      ⚠️  Stop was triggered — continuing to track for data
      💭 HIGH TSLA put signal — score 5.62, $1.6M premium, 3 DTE, bearish thesi...
      🌍 SPY +0.00%  QQQ +0.00%  VIX 18.0

  ⏰ CONTRACT EXPIRED — auto-closing #11

  🔴 #13 TSLA260511P00430000  [⏸ TRACKING]
      Entry: $7.33 │ Bid: $0.21  Mid: $0.21  Ask: $0.22
      P&L: $-711.00 (-97.1%) │ Target: $14.65  Stop: $3.66  DTE: 0d
      ⚠️  Stop was triggered — continuing to track for data
      💭 $2.8M premium on TSLA puts with 100% bearish flow and 8.0 score warran...
      🌍 SPY +0.00%  QQQ +0.00%  VIX 18.0

  ⏰ CONTRACT EXPIRED — auto-closing #13

  🔴 #14 TSLA260513P00430000  [⏸ TRACKING]
      Entry: $11.70 │ Bid: $3.50  Mid: $3.55  Ask: $3.60
      P&L: $-815.00 (-69.7%) │ Target: $23.40  Stop: $5.85  DTE: 2d
      ⚠️  Stop was triggered — continuing to track for data
      💭 $1.1M premium on TSLA 430 puts expiring today with 100% bearish flow a...
      🌍 SPY +0.00%  QQQ +0.00%  VIX 18.0

  🔴 #15 AMD260515P00457500  [▶ OPEN]
      Entry: $22.60 │ Bid: $12.15  Mid: $12.30  Ask: $12.45
      P&L: $-1,030.00 (-45.6%) │ Target: $45.20  Stop: $11.30  DTE: 4d
      💭 $2.0M premium in AMD puts expiring today with 100% bearish flow and 8....
      🌍 SPY +0.00%  QQQ +0.00%  VIX 18.0
  ⚠️  STOP APPROACHING — $1.00 away (91%)

  🔴 #16 QQQ260511P00706000  [⏸ TRACKING]
      Entry: $2.11 │ Bid: $0.14  Mid: $0.14  Ask: $0.15
      P&L: $-196.50 (-93.1%) │ Target: $4.22  Stop: $1.05  DTE: 0d
      ⚠️  Stop was triggered — continuing to track for data
      💭 QQQ put with $1.8M premium and 8.0 score expiring today in 100% bearis...
      🌍 SPY +0.00%  QQQ +0.00%  VIX 18.0

  ⏰ CONTRACT EXPIRED — auto-closing #16

  🔴 #17 TSLA260515P00427500  [⏸ TRACKING]
      Entry: $11.00 │ Bid: $5.05  Mid: $5.10  Ask: $5.15
      P&L: $-590.00 (-53.6%) │ Target: $22.00  Stop: $5.50  DTE: 4d
      ⚠️  Stop was triggered — continuing to track for data
      💭 $6M premium on TSLA puts with 8.8 score and 100% bearish flow concentr...
      🌍 SPY +0.00%  QQQ +0.00%  VIX 18.0

  ⏳ Next check in 3 minutes...

  ─────────────────────────────────────────────────────────────────
  📡 POSITION CHECK — 12:41:50 EDT
  ─────────────────────────────────────────────────────────────────

  🟢 #7 NFLX260515P00092000  [▶ OPEN]
      Entry: $3.72 │ Bid: $5.75  Mid: $5.85  Ask: $5.95
      P&L: +$213.00 (+57.3%) │ Target: $7.44  Stop: $1.86  DTE: 4d
      💭 Deep ITM put with 0.73 delta and 10 days to expiration offers defined ...
      🌍 SPY +0.00%  QQQ +0.00%  VIX 18.0

  🔴 #10 SPY260511P00745000  [⏸ TRACKING]
      Entry: $9.88 │ Bid: $5.07  Mid: $5.11  Ask: $5.15
      P&L: $-476.50 (-48.2%) │ Target: $19.75  Stop: $4.94  DTE: 0d
      ⚠️  Stop was triggered — continuing to track for data
      💭 HIGH SPY put signal — score 8.0, $4.4M premium, 3 DTE, bearish thesis....
      🌍 SPY +0.00%  QQQ +0.00%  VIX 18.0

  ⏰ CONTRACT EXPIRED — auto-closing #10

  🔴 #11 TSLA260511P00425000  [⏸ TRACKING]
      Entry: $7.83 │ Bid: $0.07  Mid: $0.07  Ask: $0.08
      P&L: $-775.00 (-99.0%) │ Target: $15.65  Stop: $3.91  DTE: 0d
      ⚠️  Stop was triggered — continuing to track for data
      💭 HIGH TSLA put signal — score 5.62, $1.6M premium, 3 DTE, bearish thesi...
      🌍 SPY +0.00%  QQQ +0.00%  VIX 18.0

  ⏰ CONTRACT EXPIRED — auto-closing #11

  🔴 #13 TSLA260511P00430000  [⏸ TRACKING]
      Entry: $7.33 │ Bid: $0.28  Mid: $0.29  Ask: $0.30
      P&L: $-703.50 (-96.0%) │ Target: $14.65  Stop: $3.66  DTE: 0d
      ⚠️  Stop was triggered — continuing to track for data
      💭 $2.8M premium on TSLA puts with 100% bearish flow and 8.0 score warran...
      🌍 SPY +0.00%  QQQ +0.00%  VIX 18.0

  ⏰ CONTRACT EXPIRED — auto-closing #13

  🔴 #14 TSLA260513P00430000  [⏸ TRACKING]
      Entry: $11.70 │ Bid: $3.75  Mid: $3.80  Ask: $3.85
      P&L: $-790.00 (-67.5%) │ Target: $23.40  Stop: $5.85  DTE: 2d
      ⚠️  Stop was triggered — continuing to track for data
      💭 $1.1M premium on TSLA 430 puts expiring today with 100% bearish flow a...
      🌍 SPY +0.00%  QQQ +0.00%  VIX 18.0

  🔴 #15 AMD260515P00457500  [▶ OPEN]
      Entry: $22.60 │ Bid: $12.35  Mid: $12.53  Ask: $12.70
      P&L: $-1,007.50 (-44.6%) │ Target: $45.20  Stop: $11.30  DTE: 4d
      💭 $2.0M premium in AMD puts expiring today with 100% bearish flow and 8....
      🌍 SPY +0.00%  QQQ +0.00%  VIX 18.0
  ⚠️  STOP APPROACHING — $1.22 away (89%)

  🔴 #16 QQQ260511P00706000  [⏸ TRACKING]
      Entry: $2.11 │ Bid: $0.18  Mid: $0.18  Ask: $0.19
      P&L: $-192.50 (-91.2%) │ Target: $4.22  Stop: $1.05  DTE: 0d
      ⚠️  Stop was triggered — continuing to track for data
      💭 QQQ put with $1.8M premium and 8.0 score expiring today in 100% bearis...
      🌍 SPY +0.00%  QQQ +0.00%  VIX 18.0

  ⏰ CONTRACT EXPIRED — auto-closing #16

  🔴 #17 TSLA260515P00427500  [⏸ TRACKING]
      Entry: $11.00 │ Bid: $5.30  Mid: $5.35  Ask: $5.40
      P&L: $-565.00 (-51.4%) │ Target: $22.00  Stop: $5.50  DTE: 4d
      ⚠️  Stop was triggered — continuing to track for data
      💭 $6M premium on TSLA puts with 8.8 score and 100% bearish flow concentr...
      🌍 SPY +0.00%  QQQ +0.00%  VIX 18.0

  ⏳ Next check in 3 minutes...

  ─────────────────────────────────────────────────────────────────
  📡 POSITION CHECK — 12:44:51 EDT
  ─────────────────────────────────────────────────────────────────

  🟢 #7 NFLX260515P00092000  [▶ OPEN]
      Entry: $3.72 │ Bid: $5.75  Mid: $5.92  Ask: $6.10
      P&L: +$220.50 (+59.3%) │ Target: $7.44  Stop: $1.86  DTE: 4d
      💭 Deep ITM put with 0.73 delta and 10 days to expiration offers defined ...
      🌍 SPY +0.00%  QQQ +0.00%  VIX 18.0

  🔴 #10 SPY260511P00745000  [⏸ TRACKING]
      Entry: $9.88 │ Bid: $5.29  Mid: $5.36  Ask: $5.43
      P&L: $-451.50 (-45.7%) │ Target: $19.75  Stop: $4.94  DTE: 0d
      ⚠️  Stop was triggered — continuing to track for data
      💭 HIGH SPY put signal — score 8.0, $4.4M premium, 3 DTE, bearish thesis....
      🌍 SPY +0.00%  QQQ +0.00%  VIX 18.0

  ⏰ CONTRACT EXPIRED — auto-closing #10

  🔴 #11 TSLA260511P00425000  [⏸ TRACKING]
      Entry: $7.83 │ Bid: $0.08  Mid: $0.09  Ask: $0.10
      P&L: $-773.50 (-98.8%) │ Target: $15.65  Stop: $3.91  DTE: 0d
      ⚠️  Stop was triggered — continuing to track for data
      💭 HIGH TSLA put signal — score 5.62, $1.6M premium, 3 DTE, bearish thesi...
      🌍 SPY +0.00%  QQQ +0.00%  VIX 18.0

  ⏰ CONTRACT EXPIRED — auto-closing #11

  🔴 #13 TSLA260511P00430000  [⏸ TRACKING]
      Entry: $7.33 │ Bid: $0.31  Mid: $0.32  Ask: $0.33
      P&L: $-700.50 (-95.6%) │ Target: $14.65  Stop: $3.66  DTE: 0d
      ⚠️  Stop was triggered — continuing to track for data
      💭 $2.8M premium on TSLA puts with 100% bearish flow and 8.0 score warran...
      🌍 SPY +0.00%  QQQ +0.00%  VIX 18.0

  ⏰ CONTRACT EXPIRED — auto-closing #13

  🔴 #14 TSLA260513P00430000  [⏸ TRACKING]
      Entry: $11.70 │ Bid: $3.90  Mid: $3.95  Ask: $4.00
      P&L: $-775.00 (-66.2%) │ Target: $23.40  Stop: $5.85  DTE: 2d
      ⚠️  Stop was triggered — continuing to track for data
      💭 $1.1M premium on TSLA 430 puts expiring today with 100% bearish flow a...
      🌍 SPY +0.00%  QQQ +0.00%  VIX 18.0

  🔴 #15 AMD260515P00457500  [▶ OPEN]
      Entry: $22.60 │ Bid: $12.85  Mid: $13.05  Ask: $13.25
      P&L: $-955.00 (-42.3%) │ Target: $45.20  Stop: $11.30  DTE: 4d
      💭 $2.0M premium in AMD puts expiring today with 100% bearish flow and 8....
      🌍 SPY +0.00%  QQQ +0.00%  VIX 18.0
  ⚠️  STOP APPROACHING — $1.75 away (85%)

  🔴 #16 QQQ260511P00706000  [⏸ TRACKING]
      Entry: $2.11 │ Bid: $0.16  Mid: $0.17  Ask: $0.17
      P&L: $-194.50 (-92.2%) │ Target: $4.22  Stop: $1.05  DTE: 0d
      ⚠️  Stop was triggered — continuing to track for data
      💭 QQQ put with $1.8M premium and 8.0 score expiring today in 100% bearis...
      🌍 SPY +0.00%  QQQ +0.00%  VIX 18.0

  ⏰ CONTRACT EXPIRED — auto-closing #16

  🔴 #17 TSLA260515P00427500  [⏸ TRACKING]
      Entry: $11.00 │ Bid: $5.50  Mid: $5.55  Ask: $5.60
      P&L: $-545.00 (-49.5%) │ Target: $22.00  Stop: $5.50  DTE: 4d
      ⚠️  Stop was triggered — continuing to track for data
      💭 $6M premium on TSLA puts with 8.8 score and 100% bearish flow concentr...
      🌍 SPY +0.00%  QQQ +0.00%  VIX 18.0

  ⏳ Next check in 3 minutes...

  ─────────────────────────────────────────────────────────────────
  📡 POSITION CHECK — 12:47:53 EDT
  ─────────────────────────────────────────────────────────────────

  🟢 #7 NFLX260515P00092000  [▶ OPEN]
      Entry: $3.72 │ Bid: $5.85  Mid: $5.97  Ask: $6.10
      P&L: +$225.50 (+60.6%) │ Target: $7.44  Stop: $1.86  DTE: 4d
      💭 Deep ITM put with 0.73 delta and 10 days to expiration offers defined ...
      🌍 SPY +0.00%  QQQ +0.00%  VIX 18.0

  🔴 #10 SPY260511P00745000  [⏸ TRACKING]
      Entry: $9.88 │ Bid: $5.08  Mid: $5.14  Ask: $5.20
      P&L: $-473.50 (-48.0%) │ Target: $19.75  Stop: $4.94  DTE: 0d
      ⚠️  Stop was triggered — continuing to track for data
      💭 HIGH SPY put signal — score 8.0, $4.4M premium, 3 DTE, bearish thesis....
      🌍 SPY +0.00%  QQQ +0.00%  VIX 18.0

  ⏰ CONTRACT EXPIRED — auto-closing #10

  🔴 #11 TSLA260511P00425000  [⏸ TRACKING]
      Entry: $7.83 │ Bid: $0.09  Mid: $0.10  Ask: $0.10
      P&L: $-773.00 (-98.8%) │ Target: $15.65  Stop: $3.91  DTE: 0d
      ⚠️  Stop was triggered — continuing to track for data
      💭 HIGH TSLA put signal — score 5.62, $1.6M premium, 3 DTE, bearish thesi...
      🌍 SPY +0.00%  QQQ +0.00%  VIX 18.0

  ⏰ CONTRACT EXPIRED — auto-closing #11

  🔴 #13 TSLA260511P00430000  [⏸ TRACKING]
      Entry: $7.33 │ Bid: $0.32  Mid: $0.33  Ask: $0.34
      P&L: $-699.50 (-95.5%) │ Target: $14.65  Stop: $3.66  DTE: 0d
      ⚠️  Stop was triggered — continuing to track for data
      💭 $2.8M premium on TSLA puts with 100% bearish flow and 8.0 score warran...
      🌍 SPY +0.00%  QQQ +0.00%  VIX 18.0

  ⏰ CONTRACT EXPIRED — auto-closing #13

  🔴 #14 TSLA260513P00430000  [⏸ TRACKING]
      Entry: $11.70 │ Bid: $3.95  Mid: $4.00  Ask: $4.05
      P&L: $-770.00 (-65.8%) │ Target: $23.40  Stop: $5.85  DTE: 2d
      ⚠️  Stop was triggered — continuing to track for data
      💭 $1.1M premium on TSLA 430 puts expiring today with 100% bearish flow a...
      🌍 SPY +0.00%  QQQ +0.00%  VIX 18.0

  🔴 #15 AMD260515P00457500  [▶ OPEN]
      Entry: $22.60 │ Bid: $12.85  Mid: $13.03  Ask: $13.20
      P&L: $-957.50 (-42.4%) │ Target: $45.20  Stop: $11.30  DTE: 4d
      💭 $2.0M premium in AMD puts expiring today with 100% bearish flow and 8....
      🌍 SPY +0.00%  QQQ +0.00%  VIX 18.0
  ⚠️  STOP APPROACHING — $1.72 away (85%)

  🔴 #16 QQQ260511P00706000  [⏸ TRACKING]
      Entry: $2.11 │ Bid: $0.14  Mid: $0.14  Ask: $0.15
      P&L: $-196.50 (-93.1%) │ Target: $4.22  Stop: $1.05  DTE: 0d
      ⚠️  Stop was triggered — continuing to track for data
      💭 QQQ put with $1.8M premium and 8.0 score expiring today in 100% bearis...
      🌍 SPY +0.00%  QQQ +0.00%  VIX 18.0

  ⏰ CONTRACT EXPIRED — auto-closing #16

  🔴 #17 TSLA260515P00427500  [⏸ TRACKING]
      Entry: $11.00 │ Bid: $5.55  Mid: $5.60  Ask: $5.65
      P&L: $-540.00 (-49.1%) │ Target: $22.00  Stop: $5.50  DTE: 4d
      ⚠️  Stop was triggered — continuing to track for data
      💭 $6M premium on TSLA puts with 8.8 score and 100% bearish flow concentr...
      🌍 SPY +0.00%  QQQ +0.00%  VIX 18.0

  ⏳ Next check in 3 minutes...

  ─────────────────────────────────────────────────────────────────
  📡 POSITION CHECK — 12:50:54 EDT
  ─────────────────────────────────────────────────────────────────

  🟢 #7 NFLX260515P00092000  [▶ OPEN]
      Entry: $3.72 │ Bid: $5.95  Mid: $6.03  Ask: $6.10
      P&L: +$230.50 (+62.0%) │ Target: $7.44  Stop: $1.86  DTE: 4d
      💭 Deep ITM put with 0.73 delta and 10 days to expiration offers defined ...
      🌍 SPY +0.00%  QQQ +0.00%  VIX 18.1

  🔴 #10 SPY260511P00745000  [⏸ TRACKING]
      Entry: $9.88 │ Bid: $5.38  Mid: $5.46  Ask: $5.53
      P&L: $-442.00 (-44.8%) │ Target: $19.75  Stop: $4.94  DTE: 0d
      ⚠️  Stop was triggered — continuing to track for data
      💭 HIGH SPY put signal — score 8.0, $4.4M premium, 3 DTE, bearish thesis....
      🌍 SPY +0.00%  QQQ +0.00%  VIX 18.1

  ⏰ CONTRACT EXPIRED — auto-closing #10

  🔴 #11 TSLA260511P00425000  [⏸ TRACKING]
      Entry: $7.83 │ Bid: $0.07  Mid: $0.07  Ask: $0.08
      P&L: $-775.00 (-99.0%) │ Target: $15.65  Stop: $3.91  DTE: 0d
      ⚠️  Stop was triggered — continuing to track for data
      💭 HIGH TSLA put signal — score 5.62, $1.6M premium, 3 DTE, bearish thesi...
      🌍 SPY +0.00%  QQQ +0.00%  VIX 18.1

  ⏰ CONTRACT EXPIRED — auto-closing #11

  🔴 #13 TSLA260511P00430000  [⏸ TRACKING]
      Entry: $7.33 │ Bid: $0.27  Mid: $0.28  Ask: $0.28
      P&L: $-705.00 (-96.2%) │ Target: $14.65  Stop: $3.66  DTE: 0d
      ⚠️  Stop was triggered — continuing to track for data
      💭 $2.8M premium on TSLA puts with 100% bearish flow and 8.0 score warran...
      🌍 SPY +0.00%  QQQ +0.00%  VIX 18.1

  ⏰ CONTRACT EXPIRED — auto-closing #13

  🔴 #14 TSLA260513P00430000  [⏸ TRACKING]
      Entry: $11.70 │ Bid: $3.85  Mid: $3.90  Ask: $3.95
      P&L: $-780.00 (-66.7%) │ Target: $23.40  Stop: $5.85  DTE: 2d
      ⚠️  Stop was triggered — continuing to track for data
      💭 $1.1M premium on TSLA 430 puts expiring today with 100% bearish flow a...
      🌍 SPY +0.00%  QQQ +0.00%  VIX 18.1

  🔴 #15 AMD260515P00457500  [▶ OPEN]
      Entry: $22.60 │ Bid: $12.45  Mid: $12.65  Ask: $12.85
      P&L: $-995.00 (-44.0%) │ Target: $45.20  Stop: $11.30  DTE: 4d
      💭 $2.0M premium in AMD puts expiring today with 100% bearish flow and 8....
      🌍 SPY +0.00%  QQQ +0.00%  VIX 18.1
  ⚠️  STOP APPROACHING — $1.35 away (88%)

  🔴 #16 QQQ260511P00706000  [⏸ TRACKING]
      Entry: $2.11 │ Bid: $0.15  Mid: $0.15  Ask: $0.16
      P&L: $-195.50 (-92.7%) │ Target: $4.22  Stop: $1.05  DTE: 0d
      ⚠️  Stop was triggered — continuing to track for data
      💭 QQQ put with $1.8M premium and 8.0 score expiring today in 100% bearis...
      🌍 SPY +0.00%  QQQ +0.00%  VIX 18.1

  ⏰ CONTRACT EXPIRED — auto-closing #16

  🔴 #17 TSLA260515P00427500  [⏸ TRACKING]
      Entry: $11.00 │ Bid: $5.45  Mid: $5.47  Ask: $5.50
      P&L: $-552.50 (-50.2%) │ Target: $22.00  Stop: $5.50  DTE: 4d
      ⚠️  Stop was triggered — continuing to track for data
      💭 $6M premium on TSLA puts with 8.8 score and 100% bearish flow concentr...
      🌍 SPY +0.00%  QQQ +0.00%  VIX 18.1

  ⏳ Next check in 3 minutes...

  ─────────────────────────────────────────────────────────────────
  📡 POSITION CHECK — 12:53:55 EDT
  ─────────────────────────────────────────────────────────────────

  🟢 #7 NFLX260515P00092000  [▶ OPEN]
      Entry: $3.72 │ Bid: $5.95  Mid: $6.03  Ask: $6.10
      P&L: +$230.50 (+62.0%) │ Target: $7.44  Stop: $1.86  DTE: 4d
      💭 Deep ITM put with 0.73 delta and 10 days to expiration offers defined ...
      🌍 SPY +0.00%  QQQ +0.00%  VIX 18.1

  🔴 #10 SPY260511P00745000  [⏸ TRACKING]
      Entry: $9.88 │ Bid: $5.52  Mid: $5.57  Ask: $5.61
      P&L: $-431.00 (-43.6%) │ Target: $19.75  Stop: $4.94  DTE: 0d
      ⚠️  Stop was triggered — continuing to track for data
      💭 HIGH SPY put signal — score 8.0, $4.4M premium, 3 DTE, bearish thesis....
      🌍 SPY +0.00%  QQQ +0.00%  VIX 18.1

  ⏰ CONTRACT EXPIRED — auto-closing #10

  🔴 #11 TSLA260511P00425000  [⏸ TRACKING]
      Entry: $7.83 │ Bid: $0.07  Mid: $0.08  Ask: $0.09
      P&L: $-774.50 (-99.0%) │ Target: $15.65  Stop: $3.91  DTE: 0d
      ⚠️  Stop was triggered — continuing to track for data
      💭 HIGH TSLA put signal — score 5.62, $1.6M premium, 3 DTE, bearish thesi...
      🌍 SPY +0.00%  QQQ +0.00%  VIX 18.1

  ⏰ CONTRACT EXPIRED — auto-closing #11

  🔴 #13 TSLA260511P00430000  [⏸ TRACKING]
      Entry: $7.33 │ Bid: $0.31  Mid: $0.32  Ask: $0.33
      P&L: $-700.50 (-95.6%) │ Target: $14.65  Stop: $3.66  DTE: 0d
      ⚠️  Stop was triggered — continuing to track for data
      💭 $2.8M premium on TSLA puts with 100% bearish flow and 8.0 score warran...
      🌍 SPY +0.00%  QQQ +0.00%  VIX 18.1

  ⏰ CONTRACT EXPIRED — auto-closing #13

  🔴 #14 TSLA260513P00430000  [⏸ TRACKING]
      Entry: $11.70 │ Bid: $4.10  Mid: $4.15  Ask: $4.20
      P&L: $-755.00 (-64.5%) │ Target: $23.40  Stop: $5.85  DTE: 2d
      ⚠️  Stop was triggered — continuing to track for data
      💭 $1.1M premium on TSLA 430 puts expiring today with 100% bearish flow a...
      🌍 SPY +0.00%  QQQ +0.00%  VIX 18.1

  🔴 #15 AMD260515P00457500  [▶ OPEN]
      Entry: $22.60 │ Bid: $12.50  Mid: $12.68  Ask: $12.85
      P&L: $-992.50 (-43.9%) │ Target: $45.20  Stop: $11.30  DTE: 4d
      💭 $2.0M premium in AMD puts expiring today with 100% bearish flow and 8....
      🌍 SPY +0.00%  QQQ +0.00%  VIX 18.1
  ⚠️  STOP APPROACHING — $1.38 away (88%)

  🔴 #16 QQQ260511P00706000  [⏸ TRACKING]
      Entry: $2.11 │ Bid: $0.15  Mid: $0.15  Ask: $0.16
      P&L: $-195.50 (-92.7%) │ Target: $4.22  Stop: $1.05  DTE: 0d
      ⚠️  Stop was triggered — continuing to track for data
      💭 QQQ put with $1.8M premium and 8.0 score expiring today in 100% bearis...
      🌍 SPY +0.00%  QQQ +0.00%  VIX 18.1

  ⏰ CONTRACT EXPIRED — auto-closing #16

  🔴 #17 TSLA260515P00427500  [⏸ TRACKING]
      Entry: $11.00 │ Bid: $5.65  Mid: $5.70  Ask: $5.75
      P&L: $-530.00 (-48.2%) │ Target: $22.00  Stop: $5.50  DTE: 4d
      ⚠️  Stop was triggered — continuing to track for data
      💭 $6M premium on TSLA puts with 8.8 score and 100% bearish flow concentr...
      🌍 SPY +0.00%  QQQ +0.00%  VIX 18.1

  ⏳ Next check in 3 minutes...

  ─────────────────────────────────────────────────────────────────
  📡 POSITION CHECK — 12:56:57 EDT
  ─────────────────────────────────────────────────────────────────

  🟢 #7 NFLX260515P00092000  [▶ OPEN]
      Entry: $3.72 │ Bid: $5.95  Mid: $6.10  Ask: $6.25
      P&L: +$238.00 (+64.0%) │ Target: $7.44  Stop: $1.86  DTE: 4d
      💭 Deep ITM put with 0.73 delta and 10 days to expiration offers defined ...
      🌍 SPY +0.00%  QQQ +0.00%  VIX 18.1

  🔴 #10 SPY260511P00745000  [⏸ TRACKING]
      Entry: $9.88 │ Bid: $5.80  Mid: $5.83  Ask: $5.86
      P&L: $-404.50 (-41.0%) │ Target: $19.75  Stop: $4.94  DTE: 0d
      ⚠️  Stop was triggered — continuing to track for data
      💭 HIGH SPY put signal — score 8.0, $4.4M premium, 3 DTE, bearish thesis....
      🌍 SPY +0.00%  QQQ +0.00%  VIX 18.1

  ⏰ CONTRACT EXPIRED — auto-closing #10

  🔴 #11 TSLA260511P00425000  [⏸ TRACKING]
      Entry: $7.83 │ Bid: $0.06  Mid: $0.07  Ask: $0.07
      P&L: $-776.00 (-99.2%) │ Target: $15.65  Stop: $3.91  DTE: 0d
      ⚠️  Stop was triggered — continuing to track for data
      💭 HIGH TSLA put signal — score 5.62, $1.6M premium, 3 DTE, bearish thesi...
      🌍 SPY +0.00%  QQQ +0.00%  VIX 18.1

  ⏰ CONTRACT EXPIRED — auto-closing #11

  🔴 #13 TSLA260511P00430000  [⏸ TRACKING]
      Entry: $7.33 │ Bid: $0.22  Mid: $0.23  Ask: $0.23
      P&L: $-710.00 (-96.9%) │ Target: $14.65  Stop: $3.66  DTE: 0d
      ⚠️  Stop was triggered — continuing to track for data
      💭 $2.8M premium on TSLA puts with 100% bearish flow and 8.0 score warran...
      🌍 SPY +0.00%  QQQ +0.00%  VIX 18.1

  ⏰ CONTRACT EXPIRED — auto-closing #13

  🔴 #14 TSLA260513P00430000  [⏸ TRACKING]
      Entry: $11.70 │ Bid: $3.85  Mid: $3.90  Ask: $3.95
      P&L: $-780.00 (-66.7%) │ Target: $23.40  Stop: $5.85  DTE: 2d
      ⚠️  Stop was triggered — continuing to track for data
      💭 $1.1M premium on TSLA 430 puts expiring today with 100% bearish flow a...
      🌍 SPY +0.00%  QQQ +0.00%  VIX 18.1

  🔴 #15 AMD260515P00457500  [▶ OPEN]
      Entry: $22.60 │ Bid: $12.65  Mid: $12.82  Ask: $13.00
      P&L: $-977.50 (-43.2%) │ Target: $45.20  Stop: $11.30  DTE: 4d
      💭 $2.0M premium in AMD puts expiring today with 100% bearish flow and 8....
      🌍 SPY +0.00%  QQQ +0.00%  VIX 18.1
  ⚠️  STOP APPROACHING — $1.52 away (87%)

  🔴 #16 QQQ260511P00706000  [⏸ TRACKING]
      Entry: $2.11 │ Bid: $0.16  Mid: $0.17  Ask: $0.17
      P&L: $-194.50 (-92.2%) │ Target: $4.22  Stop: $1.05  DTE: 0d
      ⚠️  Stop was triggered — continuing to track for data
      💭 QQQ put with $1.8M premium and 8.0 score expiring today in 100% bearis...
      🌍 SPY +0.00%  QQQ +0.00%  VIX 18.1

  ⏰ CONTRACT EXPIRED — auto-closing #16

  🔴 #17 TSLA260515P00427500  [⏸ TRACKING]
      Entry: $11.00 │ Bid: $5.45  Mid: $5.50  Ask: $5.55
      P&L: $-550.00 (-50.0%) │ Target: $22.00  Stop: $5.50  DTE: 4d
      ⚠️  Stop was triggered — continuing to track for data
      💭 $6M premium on TSLA puts with 8.8 score and 100% bearish flow concentr...
      🌍 SPY +0.00%  QQQ +0.00%  VIX 18.1

  ⏳ Next check in 3 minutes...

  ─────────────────────────────────────────────────────────────────
  📡 POSITION CHECK — 12:59:58 EDT
  ─────────────────────────────────────────────────────────────────

  🟢 #7 NFLX260515P00092000  [▶ OPEN]
      Entry: $3.72 │ Bid: $6.05  Mid: $6.20  Ask: $6.35
      P&L: +$248.00 (+66.7%) │ Target: $7.44  Stop: $1.86  DTE: 4d
      💭 Deep ITM put with 0.73 delta and 10 days to expiration offers defined ...
      🌍 SPY +0.00%  QQQ +0.00%  VIX 18.1

  🔴 #10 SPY260511P00745000  [⏸ TRACKING]
      Entry: $9.88 │ Bid: $5.56  Mid: $5.64  Ask: $5.72
      P&L: $-423.50 (-42.9%) │ Target: $19.75  Stop: $4.94  DTE: 0d
      ⚠️  Stop was triggered — continuing to track for data
      💭 HIGH SPY put signal — score 8.0, $4.4M premium, 3 DTE, bearish thesis....
      🌍 SPY +0.00%  QQQ +0.00%  VIX 18.1

  ⏰ CONTRACT EXPIRED — auto-closing #10

  🔴 #11 TSLA260511P00425000  [⏸ TRACKING]
      Entry: $7.83 │ Bid: $0.05  Mid: $0.06  Ask: $0.06
      P&L: $-777.00 (-99.3%) │ Target: $15.65  Stop: $3.91  DTE: 0d
      ⚠️  Stop was triggered — continuing to track for data
      💭 HIGH TSLA put signal — score 5.62, $1.6M premium, 3 DTE, bearish thesi...
      🌍 SPY +0.00%  QQQ +0.00%  VIX 18.1

  ⏰ CONTRACT EXPIRED — auto-closing #11

  🔴 #13 TSLA260511P00430000  [⏸ TRACKING]
      Entry: $7.33 │ Bid: $0.19  Mid: $0.20  Ask: $0.20
      P&L: $-713.00 (-97.3%) │ Target: $14.65  Stop: $3.66  DTE: 0d
      ⚠️  Stop was triggered — continuing to track for data
      💭 $2.8M premium on TSLA puts with 100% bearish flow and 8.0 score warran...
      🌍 SPY +0.00%  QQQ +0.00%  VIX 18.1

  ⏰ CONTRACT EXPIRED — auto-closing #13

  🔴 #14 TSLA260513P00430000  [⏸ TRACKING]
      Entry: $11.70 │ Bid: $3.65  Mid: $3.67  Ask: $3.70
      P&L: $-802.50 (-68.6%) │ Target: $23.40  Stop: $5.85  DTE: 2d
      ⚠️  Stop was triggered — continuing to track for data
      💭 $1.1M premium on TSLA 430 puts expiring today with 100% bearish flow a...
      🌍 SPY +0.00%  QQQ +0.00%  VIX 18.1

  🔴 #15 AMD260515P00457500  [▶ OPEN]
      Entry: $22.60 │ Bid: $12.90  Mid: $13.10  Ask: $13.30
      P&L: $-950.00 (-42.0%) │ Target: $45.20  Stop: $11.30  DTE: 4d
      💭 $2.0M premium in AMD puts expiring today with 100% bearish flow and 8....
      🌍 SPY +0.00%  QQQ +0.00%  VIX 18.1
  ⚠️  STOP APPROACHING — $1.80 away (84%)

  🔴 #16 QQQ260511P00706000  [⏸ TRACKING]
      Entry: $2.11 │ Bid: $0.15  Mid: $0.15  Ask: $0.16
      P&L: $-195.50 (-92.7%) │ Target: $4.22  Stop: $1.05  DTE: 0d
      ⚠️  Stop was triggered — continuing to track for data
      💭 QQQ put with $1.8M premium and 8.0 score expiring today in 100% bearis...
      🌍 SPY +0.00%  QQQ +0.00%  VIX 18.1

  ⏰ CONTRACT EXPIRED — auto-closing #16

  🔴 #17 TSLA260515P00427500  [⏸ TRACKING]
      Entry: $11.00 │ Bid: $5.20  Mid: $5.25  Ask: $5.30
      P&L: $-575.00 (-52.3%) │ Target: $22.00  Stop: $5.50  DTE: 4d
      ⚠️  Stop was triggered — continuing to track for data
      💭 $6M premium on TSLA puts with 8.8 score and 100% bearish flow concentr...
      🌍 SPY +0.00%  QQQ +0.00%  VIX 18.1

  ⏳ Next check in 3 minutes...

  ─────────────────────────────────────────────────────────────────
  📡 POSITION CHECK — 13:02:59 EDT
  ─────────────────────────────────────────────────────────────────

  🟢 #7 NFLX260515P00092000  [▶ OPEN]
      Entry: $3.72 │ Bid: $6.15  Mid: $6.20  Ask: $6.25
      P&L: +$248.00 (+66.7%) │ Target: $7.44  Stop: $1.86  DTE: 4d
      💭 Deep ITM put with 0.73 delta and 10 days to expiration offers defined ...
      🌍 SPY +0.00%  QQQ +0.00%  VIX 18.1

  🔴 #10 SPY260511P00745000  [⏸ TRACKING]
      Entry: $9.88 │ Bid: $5.55  Mid: $5.59  Ask: $5.64
      P&L: $-428.00 (-43.3%) │ Target: $19.75  Stop: $4.94  DTE: 0d
      ⚠️  Stop was triggered — continuing to track for data
      💭 HIGH SPY put signal — score 8.0, $4.4M premium, 3 DTE, bearish thesis....
      🌍 SPY +0.00%  QQQ +0.00%  VIX 18.1

  ⏰ CONTRACT EXPIRED — auto-closing #10

  🔴 #11 TSLA260511P00425000  [⏸ TRACKING]
      Entry: $7.83 │ Bid: $0.05  Mid: $0.06  Ask: $0.06
      P&L: $-777.00 (-99.3%) │ Target: $15.65  Stop: $3.91  DTE: 0d
      ⚠️  Stop was triggered — continuing to track for data
      💭 HIGH TSLA put signal — score 5.62, $1.6M premium, 3 DTE, bearish thesi...
      🌍 SPY +0.00%  QQQ +0.00%  VIX 18.1

  ⏰ CONTRACT EXPIRED — auto-closing #11

  🔴 #13 TSLA260511P00430000  [⏸ TRACKING]
      Entry: $7.33 │ Bid: $0.21  Mid: $0.22  Ask: $0.23
      P&L: $-710.50 (-97.0%) │ Target: $14.65  Stop: $3.66  DTE: 0d
      ⚠️  Stop was triggered — continuing to track for data
      💭 $2.8M premium on TSLA puts with 100% bearish flow and 8.0 score warran...
      🌍 SPY +0.00%  QQQ +0.00%  VIX 18.1

  ⏰ CONTRACT EXPIRED — auto-closing #13

  🔴 #14 TSLA260513P00430000  [⏸ TRACKING]
      Entry: $11.70 │ Bid: $3.75  Mid: $3.80  Ask: $3.85
      P&L: $-790.00 (-67.5%) │ Target: $23.40  Stop: $5.85  DTE: 2d
      ⚠️  Stop was triggered — continuing to track for data
      💭 $1.1M premium on TSLA 430 puts expiring today with 100% bearish flow a...
      🌍 SPY +0.00%  QQQ +0.00%  VIX 18.1

  🔴 #15 AMD260515P00457500  [▶ OPEN]
      Entry: $22.60 │ Bid: $12.95  Mid: $13.30  Ask: $13.65
      P&L: $-930.00 (-41.1%) │ Target: $45.20  Stop: $11.30  DTE: 4d
      💭 $2.0M premium in AMD puts expiring today with 100% bearish flow and 8....
      🌍 SPY +0.00%  QQQ +0.00%  VIX 18.1
  ⚠️  STOP APPROACHING — $2.00 away (82%)

  🔴 #16 QQQ260511P00706000  [⏸ TRACKING]
      Entry: $2.11 │ Bid: $0.13  Mid: $0.14  Ask: $0.14
      P&L: $-197.50 (-93.6%) │ Target: $4.22  Stop: $1.05  DTE: 0d
      ⚠️  Stop was triggered — continuing to track for data
      💭 QQQ put with $1.8M premium and 8.0 score expiring today in 100% bearis...
      🌍 SPY +0.00%  QQQ +0.00%  VIX 18.1

  ⏰ CONTRACT EXPIRED — auto-closing #16

  🔴 #17 TSLA260515P00427500  [⏸ TRACKING]
      Entry: $11.00 │ Bid: $5.35  Mid: $5.40  Ask: $5.45
      P&L: $-560.00 (-50.9%) │ Target: $22.00  Stop: $5.50  DTE: 4d
      ⚠️  Stop was triggered — continuing to track for data
      💭 $6M premium on TSLA puts with 8.8 score and 100% bearish flow concentr...
      🌍 SPY +0.00%  QQQ +0.00%  VIX 18.1

  ⏳ Next check in 3 minutes...

  Refreshing auth token...

  ─────────────────────────────────────────────────────────────────
  📡 POSITION CHECK — 13:06:01 EDT
  ─────────────────────────────────────────────────────────────────

  🟢 #7 NFLX260515P00092000  [▶ OPEN]
      Entry: $3.72 │ Bid: $6.15  Mid: $6.22  Ask: $6.30
      P&L: +$250.50 (+67.3%) │ Target: $7.44  Stop: $1.86  DTE: 4d
      💭 Deep ITM put with 0.73 delta and 10 days to expiration offers defined ...
      🌍 SPY +0.00%  QQQ +0.00%  VIX 18.1

  🔴 #10 SPY260511P00745000  [⏸ TRACKING]
      Entry: $9.88 │ Bid: $5.33  Mid: $5.39  Ask: $5.45
      P&L: $-448.50 (-45.4%) │ Target: $19.75  Stop: $4.94  DTE: 0d
      ⚠️  Stop was triggered — continuing to track for data
      💭 HIGH SPY put signal — score 8.0, $4.4M premium, 3 DTE, bearish thesis....
      🌍 SPY +0.00%  QQQ +0.00%  VIX 18.1

  ⏰ CONTRACT EXPIRED — auto-closing #10

  🔴 #11 TSLA260511P00425000  [⏸ TRACKING]
      Entry: $7.83 │ Bid: $0.05  Mid: $0.06  Ask: $0.06
      P&L: $-777.00 (-99.3%) │ Target: $15.65  Stop: $3.91  DTE: 0d
      ⚠️  Stop was triggered — continuing to track for data
      💭 HIGH TSLA put signal — score 5.62, $1.6M premium, 3 DTE, bearish thesi...
      🌍 SPY +0.00%  QQQ +0.00%  VIX 18.1

  ⏰ CONTRACT EXPIRED — auto-closing #11

  🔴 #13 TSLA260511P00430000  [⏸ TRACKING]
      Entry: $7.33 │ Bid: $0.21  Mid: $0.22  Ask: $0.23
      P&L: $-710.50 (-97.0%) │ Target: $14.65  Stop: $3.66  DTE: 0d
      ⚠️  Stop was triggered — continuing to track for data
      💭 $2.8M premium on TSLA puts with 100% bearish flow and 8.0 score warran...
      🌍 SPY +0.00%  QQQ +0.00%  VIX 18.1

  ⏰ CONTRACT EXPIRED — auto-closing #13

  🔴 #14 TSLA260513P00430000  [⏸ TRACKING]
      Entry: $11.70 │ Bid: $3.85  Mid: $3.90  Ask: $3.95
      P&L: $-780.00 (-66.7%) │ Target: $23.40  Stop: $5.85  DTE: 2d
      ⚠️  Stop was triggered — continuing to track for data
      💭 $1.1M premium on TSLA 430 puts expiring today with 100% bearish flow a...
      🌍 SPY +0.00%  QQQ +0.00%  VIX 18.1

  🔴 #15 AMD260515P00457500  [▶ OPEN]
      Entry: $22.60 │ Bid: $12.75  Mid: $12.93  Ask: $13.10
      P&L: $-967.50 (-42.8%) │ Target: $45.20  Stop: $11.30  DTE: 4d
      💭 $2.0M premium in AMD puts expiring today with 100% bearish flow and 8....
      🌍 SPY +0.00%  QQQ +0.00%  VIX 18.1
  ⚠️  STOP APPROACHING — $1.62 away (86%)

  🔴 #16 QQQ260511P00706000  [⏸ TRACKING]
      Entry: $2.11 │ Bid: $0.12  Mid: $0.12  Ask: $0.13
      P&L: $-198.50 (-94.1%) │ Target: $4.22  Stop: $1.05  DTE: 0d
      ⚠️  Stop was triggered — continuing to track for data
      💭 QQQ put with $1.8M premium and 8.0 score expiring today in 100% bearis...
      🌍 SPY +0.00%  QQQ +0.00%  VIX 18.1

  ⏰ CONTRACT EXPIRED — auto-closing #16

  🔴 #17 TSLA260515P00427500  [⏸ TRACKING]
      Entry: $11.00 │ Bid: $5.45  Mid: $5.50  Ask: $5.55
      P&L: $-550.00 (-50.0%) │ Target: $22.00  Stop: $5.50  DTE: 4d
      ⚠️  Stop was triggered — continuing to track for data
      💭 $6M premium on TSLA puts with 8.8 score and 100% bearish flow concentr...
      🌍 SPY +0.00%  QQQ +0.00%  VIX 18.1

  ⏳ Next check in 3 minutes...

  ─────────────────────────────────────────────────────────────────
  📡 POSITION CHECK — 13:09:02 EDT
  ─────────────────────────────────────────────────────────────────

  🟢 #7 NFLX260515P00092000  [▶ OPEN]
      Entry: $3.72 │ Bid: $6.15  Mid: $6.22  Ask: $6.30
      P&L: +$250.50 (+67.3%) │ Target: $7.44  Stop: $1.86  DTE: 4d
      💭 Deep ITM put with 0.73 delta and 10 days to expiration offers defined ...
      🌍 SPY +0.00%  QQQ +0.00%  VIX 18.1

  🔴 #10 SPY260511P00745000  [⏸ TRACKING]
      Entry: $9.88 │ Bid: $5.45  Mid: $5.50  Ask: $5.54
      P&L: $-438.00 (-44.4%) │ Target: $19.75  Stop: $4.94  DTE: 0d
      ⚠️  Stop was triggered — continuing to track for data
      💭 HIGH SPY put signal — score 8.0, $4.4M premium, 3 DTE, bearish thesis....
      🌍 SPY +0.00%  QQQ +0.00%  VIX 18.1

  ⏰ CONTRACT EXPIRED — auto-closing #10

  🔴 #11 TSLA260511P00425000  [⏸ TRACKING]
      Entry: $7.83 │ Bid: $0.05  Mid: $0.06  Ask: $0.06
      P&L: $-777.00 (-99.3%) │ Target: $15.65  Stop: $3.91  DTE: 0d
      ⚠️  Stop was triggered — continuing to track for data
      💭 HIGH TSLA put signal — score 5.62, $1.6M premium, 3 DTE, bearish thesi...
      🌍 SPY +0.00%  QQQ +0.00%  VIX 18.1

  ⏰ CONTRACT EXPIRED — auto-closing #11

  🔴 #13 TSLA260511P00430000  [⏸ TRACKING]
      Entry: $7.33 │ Bid: $0.20  Mid: $0.20  Ask: $0.21
      P&L: $-712.00 (-97.2%) │ Target: $14.65  Stop: $3.66  DTE: 0d
      ⚠️  Stop was triggered — continuing to track for data
      💭 $2.8M premium on TSLA puts with 100% bearish flow and 8.0 score warran...
      🌍 SPY +0.00%  QQQ +0.00%  VIX 18.1

  ⏰ CONTRACT EXPIRED — auto-closing #13

  🔴 #14 TSLA260513P00430000  [⏸ TRACKING]
      Entry: $11.70 │ Bid: $3.90  Mid: $3.92  Ask: $3.95
      P&L: $-777.50 (-66.5%) │ Target: $23.40  Stop: $5.85  DTE: 2d
      ⚠️  Stop was triggered — continuing to track for data
      💭 $1.1M premium on TSLA 430 puts expiring today with 100% bearish flow a...
      🌍 SPY +0.00%  QQQ +0.00%  VIX 18.1

  🔴 #15 AMD260515P00457500  [▶ OPEN]
      Entry: $22.60 │ Bid: $13.05  Mid: $13.25  Ask: $13.45
      P&L: $-935.00 (-41.4%) │ Target: $45.20  Stop: $11.30  DTE: 4d
      💭 $2.0M premium in AMD puts expiring today with 100% bearish flow and 8....
      🌍 SPY +0.00%  QQQ +0.00%  VIX 18.1
  ⚠️  STOP APPROACHING — $1.95 away (83%)

  🔴 #16 QQQ260511P00706000  [⏸ TRACKING]
      Entry: $2.11 │ Bid: $0.13  Mid: $0.14  Ask: $0.14
      P&L: $-197.50 (-93.6%) │ Target: $4.22  Stop: $1.05  DTE: 0d
      ⚠️  Stop was triggered — continuing to track for data
      💭 QQQ put with $1.8M premium and 8.0 score expiring today in 100% bearis...
      🌍 SPY +0.00%  QQQ +0.00%  VIX 18.1

  ⏰ CONTRACT EXPIRED — auto-closing #16

  🔴 #17 TSLA260515P00427500  [⏸ TRACKING]
      Entry: $11.00 │ Bid: $5.50  Mid: $5.53  Ask: $5.55
      P&L: $-547.50 (-49.8%) │ Target: $22.00  Stop: $5.50  DTE: 4d
      ⚠️  Stop was triggered — continuing to track for data
      💭 $6M premium on TSLA puts with 8.8 score and 100% bearish flow concentr...
      🌍 SPY +0.00%  QQQ +0.00%  VIX 18.1

  ⏳ Next check in 3 minutes...

  ─────────────────────────────────────────────────────────────────
  📡 POSITION CHECK — 13:12:03 EDT
  ─────────────────────────────────────────────────────────────────

  🟢 #7 NFLX260515P00092000  [▶ OPEN]
      Entry: $3.72 │ Bid: $6.15  Mid: $6.33  Ask: $6.50
      P&L: +$260.50 (+70.0%) │ Target: $7.44  Stop: $1.86  DTE: 4d
      💭 Deep ITM put with 0.73 delta and 10 days to expiration offers defined ...
      🌍 SPY +0.00%  QQQ +0.00%  VIX 18.1

  🔴 #10 SPY260511P00745000  [⏸ TRACKING]
      Entry: $9.88 │ Bid: $5.69  Mid: $5.75  Ask: $5.81
      P&L: $-412.50 (-41.8%) │ Target: $19.75  Stop: $4.94  DTE: 0d
      ⚠️  Stop was triggered — continuing to track for data
      💭 HIGH SPY put signal — score 8.0, $4.4M premium, 3 DTE, bearish thesis....
      🌍 SPY +0.00%  QQQ +0.00%  VIX 18.1

  ⏰ CONTRACT EXPIRED — auto-closing #10

  🔴 #11 TSLA260511P00425000  [⏸ TRACKING]
      Entry: $7.83 │ Bid: $0.05  Mid: $0.06  Ask: $0.06
      P&L: $-777.00 (-99.3%) │ Target: $15.65  Stop: $3.91  DTE: 0d
      ⚠️  Stop was triggered — continuing to track for data
      💭 HIGH TSLA put signal — score 5.62, $1.6M premium, 3 DTE, bearish thesi...
      🌍 SPY +0.00%  QQQ +0.00%  VIX 18.1

  ⏰ CONTRACT EXPIRED — auto-closing #11

  🔴 #13 TSLA260511P00430000  [⏸ TRACKING]
      Entry: $7.33 │ Bid: $0.26  Mid: $0.27  Ask: $0.27
      P&L: $-706.00 (-96.4%) │ Target: $14.65  Stop: $3.66  DTE: 0d
      ⚠️  Stop was triggered — continuing to track for data
      💭 $2.8M premium on TSLA puts with 100% bearish flow and 8.0 score warran...
      🌍 SPY +0.00%  QQQ +0.00%  VIX 18.1

  ⏰ CONTRACT EXPIRED — auto-closing #13

  🔴 #14 TSLA260513P00430000  [⏸ TRACKING]
      Entry: $11.70 │ Bid: $4.15  Mid: $4.20  Ask: $4.25
      P&L: $-750.00 (-64.1%) │ Target: $23.40  Stop: $5.85  DTE: 2d
      ⚠️  Stop was triggered — continuing to track for data
      💭 $1.1M premium on TSLA 430 puts expiring today with 100% bearish flow a...
      🌍 SPY +0.00%  QQQ +0.00%  VIX 18.1

  🔴 #15 AMD260515P00457500  [▶ OPEN]
      Entry: $22.60 │ Bid: $12.90  Mid: $13.15  Ask: $13.40
      P&L: $-945.00 (-41.8%) │ Target: $45.20  Stop: $11.30  DTE: 4d
      💭 $2.0M premium in AMD puts expiring today with 100% bearish flow and 8....
      🌍 SPY +0.00%  QQQ +0.00%  VIX 18.1
  ⚠️  STOP APPROACHING — $1.85 away (84%)

  🔴 #16 QQQ260511P00706000  [⏸ TRACKING]
      Entry: $2.11 │ Bid: $0.15  Mid: $0.15  Ask: $0.16
      P&L: $-195.50 (-92.7%) │ Target: $4.22  Stop: $1.05  DTE: 0d
      ⚠️  Stop was triggered — continuing to track for data
      💭 QQQ put with $1.8M premium and 8.0 score expiring today in 100% bearis...
      🌍 SPY +0.00%  QQQ +0.00%  VIX 18.1

  ⏰ CONTRACT EXPIRED — auto-closing #16

  🔴 #17 TSLA260515P00427500  [⏸ TRACKING]
      Entry: $11.00 │ Bid: $5.75  Mid: $5.83  Ask: $5.90
      P&L: $-517.50 (-47.0%) │ Target: $22.00  Stop: $5.50  DTE: 4d
      ⚠️  Stop was triggered — continuing to track for data
      💭 $6M premium on TSLA puts with 8.8 score and 100% bearish flow concentr...
      🌍 SPY +0.00%  QQQ +0.00%  VIX 18.1

  ⏳ Next check in 3 minutes...

  ─────────────────────────────────────────────────────────────────
  📡 POSITION CHECK — 13:15:17 EDT
  ─────────────────────────────────────────────────────────────────

  🟢 #7 NFLX260515P00092000  [▶ OPEN]
      Entry: $3.72 │ Bid: $6.30  Mid: $6.53  Ask: $6.75
      P&L: +$280.50 (+75.4%) │ Target: $7.44  Stop: $1.86  DTE: 4d
      💭 Deep ITM put with 0.73 delta and 10 days to expiration offers defined ...
      🌍 SPY +0.00%  QQQ +0.00%  VIX 18.1

  🔴 #10 SPY260511P00745000  [⏸ TRACKING]
      Entry: $9.88 │ Bid: $5.89  Mid: $5.93  Ask: $5.97
      P&L: $-394.50 (-40.0%) │ Target: $19.75  Stop: $4.94  DTE: 0d
      ⚠️  Stop was triggered — continuing to track for data
      💭 HIGH SPY put signal — score 8.0, $4.4M premium, 3 DTE, bearish thesis....
      🌍 SPY +0.00%  QQQ +0.00%  VIX 18.1

  ⏰ CONTRACT EXPIRED — auto-closing #10

  🔴 #11 TSLA260511P00425000  [⏸ TRACKING]
      Entry: $7.83 │ Bid: $0.05  Mid: $0.06  Ask: $0.06
      P&L: $-777.00 (-99.3%) │ Target: $15.65  Stop: $3.91  DTE: 0d
      ⚠️  Stop was triggered — continuing to track for data
      💭 HIGH TSLA put signal — score 5.62, $1.6M premium, 3 DTE, bearish thesi...
      🌍 SPY +0.00%  QQQ +0.00%  VIX 18.1

  ⏰ CONTRACT EXPIRED — auto-closing #11

  🔴 #13 TSLA260511P00430000  [⏸ TRACKING]
      Entry: $7.33 │ Bid: $0.19  Mid: $0.20  Ask: $0.20
      P&L: $-713.00 (-97.3%) │ Target: $14.65  Stop: $3.66  DTE: 0d
      ⚠️  Stop was triggered — continuing to track for data
      💭 $2.8M premium on TSLA puts with 100% bearish flow and 8.0 score warran...
      🌍 SPY +0.00%  QQQ +0.00%  VIX 18.1

  ⏰ CONTRACT EXPIRED — auto-closing #13

  🔴 #14 TSLA260513P00430000  [⏸ TRACKING]
      Entry: $11.70 │ Bid: $3.85  Mid: $3.90  Ask: $3.95
      P&L: $-780.00 (-66.7%) │ Target: $23.40  Stop: $5.85  DTE: 2d
      ⚠️  Stop was triggered — continuing to track for data
      💭 $1.1M premium on TSLA 430 puts expiring today with 100% bearish flow a...
      🌍 SPY +0.00%  QQQ +0.00%  VIX 18.1

  🔴 #15 AMD260515P00457500  [▶ OPEN]
      Entry: $22.60 │ Bid: $13.20  Mid: $13.40  Ask: $13.60
      P&L: $-920.00 (-40.7%) │ Target: $45.20  Stop: $11.30  DTE: 4d
      💭 $2.0M premium in AMD puts expiring today with 100% bearish flow and 8....
      🌍 SPY +0.00%  QQQ +0.00%  VIX 18.1
  ⚠️  STOP APPROACHING — $2.10 away (81%)

  🔴 #16 QQQ260511P00706000  [⏸ TRACKING]
      Entry: $2.11 │ Bid: $0.16  Mid: $0.17  Ask: $0.17
      P&L: $-194.50 (-92.2%) │ Target: $4.22  Stop: $1.05  DTE: 0d
      ⚠️  Stop was triggered — continuing to track for data
      💭 QQQ put with $1.8M premium and 8.0 score expiring today in 100% bearis...
      🌍 SPY +0.00%  QQQ +0.00%  VIX 18.1

  ⏰ CONTRACT EXPIRED — auto-closing #16

  🔴 #17 TSLA260515P00427500  [⏸ TRACKING]
      Entry: $11.00 │ Bid: $5.50  Mid: $5.55  Ask: $5.60
      P&L: $-545.00 (-49.5%) │ Target: $22.00  Stop: $5.50  DTE: 4d
      ⚠️  Stop was triggered — continuing to track for data
      💭 $6M premium on TSLA puts with 8.8 score and 100% bearish flow concentr...
      🌍 SPY +0.00%  QQQ +0.00%  VIX 18.1

  ⏳ Next check in 3 minutes...

  ─────────────────────────────────────────────────────────────────
  📡 POSITION CHECK — 13:18:18 EDT
  ─────────────────────────────────────────────────────────────────

  🟢 #7 NFLX260515P00092000  [▶ OPEN]
      Entry: $3.72 │ Bid: $6.35  Mid: $6.55  Ask: $6.75
      P&L: +$283.00 (+76.1%) │ Target: $7.44  Stop: $1.86  DTE: 4d
      💭 Deep ITM put with 0.73 delta and 10 days to expiration offers defined ...
      🌍 SPY +0.00%  QQQ +0.00%  VIX 18.1

  🔴 #10 SPY260511P00745000  [⏸ TRACKING]
      Entry: $9.88 │ Bid: $6.03  Mid: $6.08  Ask: $6.12
      P&L: $-380.00 (-38.5%) │ Target: $19.75  Stop: $4.94  DTE: 0d
      ⚠️  Stop was triggered — continuing to track for data
      💭 HIGH SPY put signal — score 8.0, $4.4M premium, 3 DTE, bearish thesis....
      🌍 SPY +0.00%  QQQ +0.00%  VIX 18.1

  ⏰ CONTRACT EXPIRED — auto-closing #10

  🔴 #11 TSLA260511P00425000  [⏸ TRACKING]
      Entry: $7.83 │ Bid: $0.05  Mid: $0.06  Ask: $0.07
      P&L: $-776.50 (-99.2%) │ Target: $15.65  Stop: $3.91  DTE: 0d
      ⚠️  Stop was triggered — continuing to track for data
      💭 HIGH TSLA put signal — score 5.62, $1.6M premium, 3 DTE, bearish thesi...
      🌍 SPY +0.00%  QQQ +0.00%  VIX 18.1

  ⏰ CONTRACT EXPIRED — auto-closing #11

  🔴 #13 TSLA260511P00430000  [⏸ TRACKING]
      Entry: $7.33 │ Bid: $0.23  Mid: $0.23  Ask: $0.24
      P&L: $-709.00 (-96.8%) │ Target: $14.65  Stop: $3.66  DTE: 0d
      ⚠️  Stop was triggered — continuing to track for data
      💭 $2.8M premium on TSLA puts with 100% bearish flow and 8.0 score warran...
      🌍 SPY +0.00%  QQQ +0.00%  VIX 18.1

  ⏰ CONTRACT EXPIRED — auto-closing #13

  🔴 #14 TSLA260513P00430000  [⏸ TRACKING]
      Entry: $11.70 │ Bid: $4.05  Mid: $4.10  Ask: $4.15
      P&L: $-760.00 (-65.0%) │ Target: $23.40  Stop: $5.85  DTE: 2d
      ⚠️  Stop was triggered — continuing to track for data
      💭 $1.1M premium on TSLA 430 puts expiring today with 100% bearish flow a...
      🌍 SPY +0.00%  QQQ +0.00%  VIX 18.1

  🔴 #15 AMD260515P00457500  [▶ OPEN]
      Entry: $22.60 │ Bid: $13.40  Mid: $13.60  Ask: $13.80
      P&L: $-900.00 (-39.8%) │ Target: $45.20  Stop: $11.30  DTE: 4d
      💭 $2.0M premium in AMD puts expiring today with 100% bearish flow and 8....
      🌍 SPY +0.00%  QQQ +0.00%  VIX 18.1

  🔴 #16 QQQ260511P00706000  [⏸ TRACKING]
      Entry: $2.11 │ Bid: $0.18  Mid: $0.18  Ask: $0.19
      P&L: $-192.50 (-91.2%) │ Target: $4.22  Stop: $1.05  DTE: 0d
      ⚠️  Stop was triggered — continuing to track for data
      💭 QQQ put with $1.8M premium and 8.0 score expiring today in 100% bearis...
      🌍 SPY +0.00%  QQQ +0.00%  VIX 18.1

  ⏰ CONTRACT EXPIRED — auto-closing #16

  🔴 #17 TSLA260515P00427500  [⏸ TRACKING]
      Entry: $11.00 │ Bid: $5.70  Mid: $5.78  Ask: $5.85
      P&L: $-522.50 (-47.5%) │ Target: $22.00  Stop: $5.50  DTE: 4d
      ⚠️  Stop was triggered — continuing to track for data
      💭 $6M premium on TSLA puts with 8.8 score and 100% bearish flow concentr...
      🌍 SPY +0.00%  QQQ +0.00%  VIX 18.1

  ⏳ Next check in 3 minutes...

  ─────────────────────────────────────────────────────────────────
  📡 POSITION CHECK — 13:21:19 EDT
  ─────────────────────────────────────────────────────────────────

  🟢 #7 NFLX260515P00092000  [▶ OPEN]
      Entry: $3.72 │ Bid: $6.45  Mid: $6.58  Ask: $6.70
      P&L: +$285.50 (+76.8%) │ Target: $7.44  Stop: $1.86  DTE: 4d
      💭 Deep ITM put with 0.73 delta and 10 days to expiration offers defined ...
      🌍 SPY +0.00%  QQQ +0.00%  VIX 18.1

  🔴 #10 SPY260511P00745000  [⏸ TRACKING]
      Entry: $9.88 │ Bid: $5.79  Mid: $5.82  Ask: $5.85
      P&L: $-405.50 (-41.1%) │ Target: $19.75  Stop: $4.94  DTE: 0d
      ⚠️  Stop was triggered — continuing to track for data
      💭 HIGH SPY put signal — score 8.0, $4.4M premium, 3 DTE, bearish thesis....
      🌍 SPY +0.00%  QQQ +0.00%  VIX 18.1

  ⏰ CONTRACT EXPIRED — auto-closing #10

  🔴 #11 TSLA260511P00425000  [⏸ TRACKING]
      Entry: $7.83 │ Bid: $0.05  Mid: $0.06  Ask: $0.06
      P&L: $-777.00 (-99.3%) │ Target: $15.65  Stop: $3.91  DTE: 0d
      ⚠️  Stop was triggered — continuing to track for data
      💭 HIGH TSLA put signal — score 5.62, $1.6M premium, 3 DTE, bearish thesi...
      🌍 SPY +0.00%  QQQ +0.00%  VIX 18.1

  ⏰ CONTRACT EXPIRED — auto-closing #11

  🔴 #13 TSLA260511P00430000  [⏸ TRACKING]
      Entry: $7.33 │ Bid: $0.17  Mid: $0.17  Ask: $0.18
      P&L: $-715.00 (-97.6%) │ Target: $14.65  Stop: $3.66  DTE: 0d
      ⚠️  Stop was triggered — continuing to track for data
      💭 $2.8M premium on TSLA puts with 100% bearish flow and 8.0 score warran...
      🌍 SPY +0.00%  QQQ +0.00%  VIX 18.1

  ⏰ CONTRACT EXPIRED — auto-closing #13

  🔴 #14 TSLA260513P00430000  [⏸ TRACKING]
      Entry: $11.70 │ Bid: $3.75  Mid: $3.77  Ask: $3.80
      P&L: $-792.50 (-67.7%) │ Target: $23.40  Stop: $5.85  DTE: 2d
      ⚠️  Stop was triggered — continuing to track for data
      💭 $1.1M premium on TSLA 430 puts expiring today with 100% bearish flow a...
      🌍 SPY +0.00%  QQQ +0.00%  VIX 18.1

  🔴 #15 AMD260515P00457500  [▶ OPEN]
      Entry: $22.60 │ Bid: $13.50  Mid: $13.68  Ask: $13.85
      P&L: $-892.50 (-39.5%) │ Target: $45.20  Stop: $11.30  DTE: 4d
      💭 $2.0M premium in AMD puts expiring today with 100% bearish flow and 8....
      🌍 SPY +0.00%  QQQ +0.00%  VIX 18.1

  🔴 #16 QQQ260511P00706000  [⏸ TRACKING]
      Entry: $2.11 │ Bid: $0.13  Mid: $0.14  Ask: $0.14
      P&L: $-197.50 (-93.6%) │ Target: $4.22  Stop: $1.05  DTE: 0d
      ⚠️  Stop was triggered — continuing to track for data
      💭 QQQ put with $1.8M premium and 8.0 score expiring today in 100% bearis...
      🌍 SPY +0.00%  QQQ +0.00%  VIX 18.1

  ⏰ CONTRACT EXPIRED — auto-closing #16

  🔴 #17 TSLA260515P00427500  [⏸ TRACKING]
      Entry: $11.00 │ Bid: $5.40  Mid: $5.47  Ask: $5.55
      P&L: $-552.50 (-50.2%) │ Target: $22.00  Stop: $5.50  DTE: 4d
      ⚠️  Stop was triggered — continuing to track for data
      💭 $6M premium on TSLA puts with 8.8 score and 100% bearish flow concentr...
      🌍 SPY +0.00%  QQQ +0.00%  VIX 18.1

  ⏳ Next check in 3 minutes...

  ─────────────────────────────────────────────────────────────────
  📡 POSITION CHECK — 13:24:20 EDT
  ─────────────────────────────────────────────────────────────────

  🟢 #7 NFLX260515P00092000  [▶ OPEN]
      Entry: $3.72 │ Bid: $6.45  Mid: $6.58  Ask: $6.70
      P&L: +$285.50 (+76.8%) │ Target: $7.44  Stop: $1.86  DTE: 4d
      💭 Deep ITM put with 0.73 delta and 10 days to expiration offers defined ...
      🌍 SPY +0.00%  QQQ +0.00%  VIX 18.1

  🔴 #10 SPY260511P00745000  [⏸ TRACKING]
      Entry: $9.88 │ Bid: $5.43  Mid: $5.54  Ask: $5.64
      P&L: $-434.00 (-44.0%) │ Target: $19.75  Stop: $4.94  DTE: 0d
      ⚠️  Stop was triggered — continuing to track for data
      💭 HIGH SPY put signal — score 8.0, $4.4M premium, 3 DTE, bearish thesis....
      🌍 SPY +0.00%  QQQ +0.00%  VIX 18.1

  ⏰ CONTRACT EXPIRED — auto-closing #10

  🔴 #11 TSLA260511P00425000  [⏸ TRACKING]
      Entry: $7.83 │ Bid: $0.05  Mid: $0.06  Ask: $0.06
      P&L: $-777.00 (-99.3%) │ Target: $15.65  Stop: $3.91  DTE: 0d
      ⚠️  Stop was triggered — continuing to track for data
      💭 HIGH TSLA put signal — score 5.62, $1.6M premium, 3 DTE, bearish thesi...
      🌍 SPY +0.00%  QQQ +0.00%  VIX 18.1

  ⏰ CONTRACT EXPIRED — auto-closing #11

  🔴 #13 TSLA260511P00430000  [⏸ TRACKING]
      Entry: $7.33 │ Bid: $0.17  Mid: $0.17  Ask: $0.18
      P&L: $-715.00 (-97.6%) │ Target: $14.65  Stop: $3.66  DTE: 0d
      ⚠️  Stop was triggered — continuing to track for data
      💭 $2.8M premium on TSLA puts with 100% bearish flow and 8.0 score warran...
      🌍 SPY +0.00%  QQQ +0.00%  VIX 18.1

  ⏰ CONTRACT EXPIRED — auto-closing #13

  🔴 #14 TSLA260513P00430000  [⏸ TRACKING]
      Entry: $11.70 │ Bid: $3.65  Mid: $3.70  Ask: $3.75
      P&L: $-800.00 (-68.4%) │ Target: $23.40  Stop: $5.85  DTE: 2d
      ⚠️  Stop was triggered — continuing to track for data
      💭 $1.1M premium on TSLA 430 puts expiring today with 100% bearish flow a...
      🌍 SPY +0.00%  QQQ +0.00%  VIX 18.1

  🔴 #15 AMD260515P00457500  [▶ OPEN]
      Entry: $22.60 │ Bid: $13.15  Mid: $13.32  Ask: $13.50
      P&L: $-927.50 (-41.0%) │ Target: $45.20  Stop: $11.30  DTE: 4d
      💭 $2.0M premium in AMD puts expiring today with 100% bearish flow and 8....
      🌍 SPY +0.00%  QQQ +0.00%  VIX 18.1
  ⚠️  STOP APPROACHING — $2.02 away (82%)

  🔴 #16 QQQ260511P00706000  [⏸ TRACKING]
      Entry: $2.11 │ Bid: $0.10  Mid: $0.10  Ask: $0.11
      P&L: $-200.50 (-95.0%) │ Target: $4.22  Stop: $1.05  DTE: 0d
      ⚠️  Stop was triggered — continuing to track for data
      💭 QQQ put with $1.8M premium and 8.0 score expiring today in 100% bearis...
      🌍 SPY +0.00%  QQQ +0.00%  VIX 18.1

  ⏰ CONTRACT EXPIRED — auto-closing #16

  🔴 #17 TSLA260515P00427500  [⏸ TRACKING]
      Entry: $11.00 │ Bid: $5.35  Mid: $5.40  Ask: $5.45
      P&L: $-560.00 (-50.9%) │ Target: $22.00  Stop: $5.50  DTE: 4d
      ⚠️  Stop was triggered — continuing to track for data
      💭 $6M premium on TSLA puts with 8.8 score and 100% bearish flow concentr...
      🌍 SPY +0.00%  QQQ +0.00%  VIX 18.1

  ⏳ Next check in 3 minutes...
  ✗ Market context fetch error: HTTPSConnectionPool(host='api.public.com', port=443): Max retries exceeded with url: /userapigateway/marketdata/5LT39200/quotes (Caused by NameResolutionError("HTTPSConnection(host='api.public.com', port=443): Failed to resolve 'api.public.com' ([Errno 11001] getaddrinfo failed)"))

  ─────────────────────────────────────────────────────────────────
  📡 POSITION CHECK — 13:28:03 EDT
  ─────────────────────────────────────────────────────────────────

  🟢 #7 NFLX260515P00092000  [▶ OPEN]
      Entry: $3.72 │ Bid: $6.45  Mid: $6.60  Ask: $6.75
      P&L: +$288.00 (+77.4%) │ Target: $7.44  Stop: $1.86  DTE: 4d
      💭 Deep ITM put with 0.73 delta and 10 days to expiration offers defined ...

  🔴 #10 SPY260511P00745000  [⏸ TRACKING]
      Entry: $9.88 │ Bid: $5.25  Mid: $5.30  Ask: $5.36
      P&L: $-457.00 (-46.3%) │ Target: $19.75  Stop: $4.94  DTE: 0d
      ⚠️  Stop was triggered — continuing to track for data
      💭 HIGH SPY put signal — score 8.0, $4.4M premium, 3 DTE, bearish thesis....

  ⏰ CONTRACT EXPIRED — auto-closing #10

  🔴 #11 TSLA260511P00425000  [⏸ TRACKING]
      Entry: $7.83 │ Bid: $0.04  Mid: $0.04  Ask: $0.05
      P&L: $-778.00 (-99.4%) │ Target: $15.65  Stop: $3.91  DTE: 0d
      ⚠️  Stop was triggered — continuing to track for data
      💭 HIGH TSLA put signal — score 5.62, $1.6M premium, 3 DTE, bearish thesi...

  ⏰ CONTRACT EXPIRED — auto-closing #11

  🔴 #13 TSLA260511P00430000  [⏸ TRACKING]
      Entry: $7.33 │ Bid: $0.13  Mid: $0.14  Ask: $0.14
      P&L: $-719.00 (-98.2%) │ Target: $14.65  Stop: $3.66  DTE: 0d
      ⚠️  Stop was triggered — continuing to track for data
      💭 $2.8M premium on TSLA puts with 100% bearish flow and 8.0 score warran...

  ⏰ CONTRACT EXPIRED — auto-closing #13

  🔴 #14 TSLA260513P00430000  [⏸ TRACKING]
      Entry: $11.70 │ Bid: $3.55  Mid: $3.58  Ask: $3.60
      P&L: $-812.50 (-69.4%) │ Target: $23.40  Stop: $5.85  DTE: 2d
      ⚠️  Stop was triggered — continuing to track for data
      💭 $1.1M premium on TSLA 430 puts expiring today with 100% bearish flow a...

  🔴 #15 AMD260515P00457500  [▶ OPEN]
      Entry: $22.60 │ Bid: $12.35  Mid: $12.50  Ask: $12.65
      P&L: $-1,010.00 (-44.7%) │ Target: $45.20  Stop: $11.30  DTE: 4d
      💭 $2.0M premium in AMD puts expiring today with 100% bearish flow and 8....
  ⚠️  STOP APPROACHING — $1.20 away (89%)

  🔴 #16 QQQ260511P00706000  [⏸ TRACKING]
      Entry: $2.11 │ Bid: $0.06  Mid: $0.07  Ask: $0.07
      P&L: $-204.50 (-96.9%) │ Target: $4.22  Stop: $1.05  DTE: 0d
      ⚠️  Stop was triggered — continuing to track for data
      💭 QQQ put with $1.8M premium and 8.0 score expiring today in 100% bearis...

  ⏰ CONTRACT EXPIRED — auto-closing #16

  🔴 #17 TSLA260515P00427500  [⏸ TRACKING]
      Entry: $11.00 │ Bid: $5.25  Mid: $5.30  Ask: $5.35
      P&L: $-570.00 (-51.8%) │ Target: $22.00  Stop: $5.50  DTE: 4d
      ⚠️  Stop was triggered — continuing to track for data
      💭 $6M premium on TSLA puts with 8.8 score and 100% bearish flow concentr...

  ⏳ Next check in 3 minutes...

  ─────────────────────────────────────────────────────────────────
  📡 POSITION CHECK — 13:31:04 EDT
  ─────────────────────────────────────────────────────────────────

  🟢 #7 NFLX260515P00092000  [▶ OPEN]
      Entry: $3.72 │ Bid: $6.45  Mid: $6.62  Ask: $6.80
      P&L: +$290.50 (+78.1%) │ Target: $7.44  Stop: $1.86  DTE: 4d
      💭 Deep ITM put with 0.73 delta and 10 days to expiration offers defined ...
      🌍 SPY +0.00%  QQQ +0.00%  VIX 18.0

  🔴 #10 SPY260511P00745000  [⏸ TRACKING]
      Entry: $9.88 │ Bid: $4.92  Mid: $4.99  Ask: $5.05
      P&L: $-489.00 (-49.5%) │ Target: $19.75  Stop: $4.94  DTE: 0d
      ⚠️  Stop was triggered — continuing to track for data
      💭 HIGH SPY put signal — score 8.0, $4.4M premium, 3 DTE, bearish thesis....
      🌍 SPY +0.00%  QQQ +0.00%  VIX 18.0

  ⏰ CONTRACT EXPIRED — auto-closing #10

  🔴 #11 TSLA260511P00425000  [⏸ TRACKING]
      Entry: $7.83 │ Bid: $0.04  Mid: $0.04  Ask: $0.05
      P&L: $-778.00 (-99.4%) │ Target: $15.65  Stop: $3.91  DTE: 0d
      ⚠️  Stop was triggered — continuing to track for data
      💭 HIGH TSLA put signal — score 5.62, $1.6M premium, 3 DTE, bearish thesi...
      🌍 SPY +0.00%  QQQ +0.00%  VIX 18.0

  ⏰ CONTRACT EXPIRED — auto-closing #11

  🔴 #13 TSLA260511P00430000  [⏸ TRACKING]
      Entry: $7.33 │ Bid: $0.14  Mid: $0.14  Ask: $0.15
      P&L: $-718.00 (-98.0%) │ Target: $14.65  Stop: $3.66  DTE: 0d
      ⚠️  Stop was triggered — continuing to track for data
      💭 $2.8M premium on TSLA puts with 100% bearish flow and 8.0 score warran...
      🌍 SPY +0.00%  QQQ +0.00%  VIX 18.0

  ⏰ CONTRACT EXPIRED — auto-closing #13

  🔴 #14 TSLA260513P00430000  [⏸ TRACKING]
      Entry: $11.70 │ Bid: $3.60  Mid: $3.62  Ask: $3.65
      P&L: $-807.50 (-69.0%) │ Target: $23.40  Stop: $5.85  DTE: 2d
      ⚠️  Stop was triggered — continuing to track for data
      💭 $1.1M premium on TSLA 430 puts expiring today with 100% bearish flow a...
      🌍 SPY +0.00%  QQQ +0.00%  VIX 18.0

  🔴 #15 AMD260515P00457500  [▶ OPEN]
      Entry: $22.60 │ Bid: $12.10  Mid: $12.32  Ask: $12.55
      P&L: $-1,027.50 (-45.5%) │ Target: $45.20  Stop: $11.30  DTE: 4d
      💭 $2.0M premium in AMD puts expiring today with 100% bearish flow and 8....
      🌍 SPY +0.00%  QQQ +0.00%  VIX 18.0
  ⚠️  STOP APPROACHING — $1.02 away (91%)

  🔴 #16 QQQ260511P00706000  [⏸ TRACKING]
      Entry: $2.11 │ Bid: $0.06  Mid: $0.07  Ask: $0.07
      P&L: $-204.50 (-96.9%) │ Target: $4.22  Stop: $1.05  DTE: 0d
      ⚠️  Stop was triggered — continuing to track for data
      💭 QQQ put with $1.8M premium and 8.0 score expiring today in 100% bearis...
      🌍 SPY +0.00%  QQQ +0.00%  VIX 18.0

  ⏰ CONTRACT EXPIRED — auto-closing #16

  🔴 #17 TSLA260515P00427500  [⏸ TRACKING]
      Entry: $11.00 │ Bid: $5.30  Mid: $5.33  Ask: $5.35
      P&L: $-567.50 (-51.6%) │ Target: $22.00  Stop: $5.50  DTE: 4d
      ⚠️  Stop was triggered — continuing to track for data
      💭 $6M premium on TSLA puts with 8.8 score and 100% bearish flow concentr...
      🌍 SPY +0.00%  QQQ +0.00%  VIX 18.0

  ⏳ Next check in 3 minutes...

  ─────────────────────────────────────────────────────────────────
  📡 POSITION CHECK — 13:34:06 EDT
  ─────────────────────────────────────────────────────────────────

  🟢 #7 NFLX260515P00092000  [▶ OPEN]
      Entry: $3.72 │ Bid: $6.50  Mid: $6.60  Ask: $6.70
      P&L: +$288.00 (+77.4%) │ Target: $7.44  Stop: $1.86  DTE: 4d
      💭 Deep ITM put with 0.73 delta and 10 days to expiration offers defined ...
      🌍 SPY +0.00%  QQQ +0.00%  VIX 18.1

  🔴 #10 SPY260511P00745000  [⏸ TRACKING]
      Entry: $9.88 │ Bid: $4.87  Mid: $4.92  Ask: $4.96
      P&L: $-496.00 (-50.2%) │ Target: $19.75  Stop: $4.94  DTE: 0d
      ⚠️  Stop was triggered — continuing to track for data
      💭 HIGH SPY put signal — score 8.0, $4.4M premium, 3 DTE, bearish thesis....
      🌍 SPY +0.00%  QQQ +0.00%  VIX 18.1

  ⏰ CONTRACT EXPIRED — auto-closing #10

  🔴 #11 TSLA260511P00425000  [⏸ TRACKING]
      Entry: $7.83 │ Bid: $0.04  Mid: $0.04  Ask: $0.05
      P&L: $-778.00 (-99.4%) │ Target: $15.65  Stop: $3.91  DTE: 0d
      ⚠️  Stop was triggered — continuing to track for data
      💭 HIGH TSLA put signal — score 5.62, $1.6M premium, 3 DTE, bearish thesi...
      🌍 SPY +0.00%  QQQ +0.00%  VIX 18.1

  ⏰ CONTRACT EXPIRED — auto-closing #11

  🔴 #13 TSLA260511P00430000  [⏸ TRACKING]
      Entry: $7.33 │ Bid: $0.13  Mid: $0.14  Ask: $0.14
      P&L: $-719.00 (-98.2%) │ Target: $14.65  Stop: $3.66  DTE: 0d
      ⚠️  Stop was triggered — continuing to track for data
      💭 $2.8M premium on TSLA puts with 100% bearish flow and 8.0 score warran...
      🌍 SPY +0.00%  QQQ +0.00%  VIX 18.1

  ⏰ CONTRACT EXPIRED — auto-closing #13

  🔴 #14 TSLA260513P00430000  [⏸ TRACKING]
      Entry: $11.70 │ Bid: $3.50  Mid: $3.52  Ask: $3.55
      P&L: $-817.50 (-69.9%) │ Target: $23.40  Stop: $5.85  DTE: 2d
      ⚠️  Stop was triggered — continuing to track for data
      💭 $1.1M premium on TSLA 430 puts expiring today with 100% bearish flow a...
      🌍 SPY +0.00%  QQQ +0.00%  VIX 18.1

  🔴 #15 AMD260515P00457500  [▶ OPEN]
      Entry: $22.60 │ Bid: $12.45  Mid: $12.65  Ask: $12.85
      P&L: $-995.00 (-44.0%) │ Target: $45.20  Stop: $11.30  DTE: 4d
      💭 $2.0M premium in AMD puts expiring today with 100% bearish flow and 8....
      🌍 SPY +0.00%  QQQ +0.00%  VIX 18.1
  ⚠️  STOP APPROACHING — $1.35 away (88%)

  🔴 #16 QQQ260511P00706000  [⏸ TRACKING]
      Entry: $2.11 │ Bid: $0.05  Mid: $0.06  Ask: $0.06
      P&L: $-205.50 (-97.4%) │ Target: $4.22  Stop: $1.05  DTE: 0d
      ⚠️  Stop was triggered — continuing to track for data
      💭 QQQ put with $1.8M premium and 8.0 score expiring today in 100% bearis...
      🌍 SPY +0.00%  QQQ +0.00%  VIX 18.1

  ⏰ CONTRACT EXPIRED — auto-closing #16

  🔴 #17 TSLA260515P00427500  [⏸ TRACKING]
      Entry: $11.00 │ Bid: $5.20  Mid: $5.25  Ask: $5.30
      P&L: $-575.00 (-52.3%) │ Target: $22.00  Stop: $5.50  DTE: 4d
      ⚠️  Stop was triggered — continuing to track for data
      💭 $6M premium on TSLA puts with 8.8 score and 100% bearish flow concentr...
      🌍 SPY +0.00%  QQQ +0.00%  VIX 18.1

  ⏳ Next check in 3 minutes...

  ─────────────────────────────────────────────────────────────────
  📡 POSITION CHECK — 13:37:07 EDT
  ─────────────────────────────────────────────────────────────────

  🟢 #7 NFLX260515P00092000  [▶ OPEN]
      Entry: $3.72 │ Bid: $6.50  Mid: $6.62  Ask: $6.75
      P&L: +$290.50 (+78.1%) │ Target: $7.44  Stop: $1.86  DTE: 4d
      💭 Deep ITM put with 0.73 delta and 10 days to expiration offers defined ...
      🌍 SPY +0.00%  QQQ +0.00%  VIX 18.1

  🔴 #10 SPY260511P00745000  [⏸ TRACKING]
      Entry: $9.88 │ Bid: $4.67  Mid: $4.76  Ask: $4.86
      P&L: $-511.00 (-51.8%) │ Target: $19.75  Stop: $4.94  DTE: 0d
      ⚠️  Stop was triggered — continuing to track for data
      💭 HIGH SPY put signal — score 8.0, $4.4M premium, 3 DTE, bearish thesis....
      🌍 SPY +0.00%  QQQ +0.00%  VIX 18.1

  ⏰ CONTRACT EXPIRED — auto-closing #10

  🔴 #11 TSLA260511P00425000  [⏸ TRACKING]
      Entry: $7.83 │ Bid: $0.04  Mid: $0.04  Ask: $0.05
      P&L: $-778.00 (-99.4%) │ Target: $15.65  Stop: $3.91  DTE: 0d
      ⚠️  Stop was triggered — continuing to track for data
      💭 HIGH TSLA put signal — score 5.62, $1.6M premium, 3 DTE, bearish thesi...
      🌍 SPY +0.00%  QQQ +0.00%  VIX 18.1

  ⏰ CONTRACT EXPIRED — auto-closing #11

  🔴 #13 TSLA260511P00430000  [⏸ TRACKING]
      Entry: $7.33 │ Bid: $0.11  Mid: $0.12  Ask: $0.12
      P&L: $-721.00 (-98.4%) │ Target: $14.65  Stop: $3.66  DTE: 0d
      ⚠️  Stop was triggered — continuing to track for data
      💭 $2.8M premium on TSLA puts with 100% bearish flow and 8.0 score warran...
      🌍 SPY +0.00%  QQQ +0.00%  VIX 18.1

  ⏰ CONTRACT EXPIRED — auto-closing #13

  🔴 #14 TSLA260513P00430000  [⏸ TRACKING]
      Entry: $11.70 │ Bid: $3.45  Mid: $3.48  Ask: $3.50
      P&L: $-822.50 (-70.3%) │ Target: $23.40  Stop: $5.85  DTE: 2d
      ⚠️  Stop was triggered — continuing to track for data
      💭 $1.1M premium on TSLA 430 puts expiring today with 100% bearish flow a...
      🌍 SPY +0.00%  QQQ +0.00%  VIX 18.1

  🔴 #15 AMD260515P00457500  [▶ OPEN]
      Entry: $22.60 │ Bid: $12.15  Mid: $12.30  Ask: $12.45
      P&L: $-1,030.00 (-45.6%) │ Target: $45.20  Stop: $11.30  DTE: 4d
      💭 $2.0M premium in AMD puts expiring today with 100% bearish flow and 8....
      🌍 SPY +0.00%  QQQ +0.00%  VIX 18.1
  ⚠️  STOP APPROACHING — $1.00 away (91%)

  🔴 #16 QQQ260511P00706000  [⏸ TRACKING]
      Entry: $2.11 │ Bid: $0.05  Mid: $0.06  Ask: $0.06
      P&L: $-205.50 (-97.4%) │ Target: $4.22  Stop: $1.05  DTE: 0d
      ⚠️  Stop was triggered — continuing to track for data
      💭 QQQ put with $1.8M premium and 8.0 score expiring today in 100% bearis...
      🌍 SPY +0.00%  QQQ +0.00%  VIX 18.1

  ⏰ CONTRACT EXPIRED — auto-closing #16

  🔴 #17 TSLA260515P00427500  [⏸ TRACKING]
      Entry: $11.00 │ Bid: $5.15  Mid: $5.20  Ask: $5.25
      P&L: $-580.00 (-52.7%) │ Target: $22.00  Stop: $5.50  DTE: 4d
      ⚠️  Stop was triggered — continuing to track for data
      💭 $6M premium on TSLA puts with 8.8 score and 100% bearish flow concentr...
      🌍 SPY +0.00%  QQQ +0.00%  VIX 18.1

  ⏳ Next check in 3 minutes...

  ─────────────────────────────────────────────────────────────────
  📡 POSITION CHECK — 13:40:08 EDT
  ─────────────────────────────────────────────────────────────────

  🟢 #7 NFLX260515P00092000  [▶ OPEN]
      Entry: $3.72 │ Bid: $6.50  Mid: $6.65  Ask: $6.80
      P&L: +$293.00 (+78.8%) │ Target: $7.44  Stop: $1.86  DTE: 4d
      💭 Deep ITM put with 0.73 delta and 10 days to expiration offers defined ...
      🌍 SPY +0.00%  QQQ +0.00%  VIX 18.1

  🔴 #10 SPY260511P00745000  [⏸ TRACKING]
      Entry: $9.88 │ Bid: $4.70  Mid: $4.76  Ask: $4.82
      P&L: $-511.50 (-51.8%) │ Target: $19.75  Stop: $4.94  DTE: 0d
      ⚠️  Stop was triggered — continuing to track for data
      💭 HIGH SPY put signal — score 8.0, $4.4M premium, 3 DTE, bearish thesis....
      🌍 SPY +0.00%  QQQ +0.00%  VIX 18.1

  ⏰ CONTRACT EXPIRED — auto-closing #10

  🔴 #11 TSLA260511P00425000  [⏸ TRACKING]
      Entry: $7.83 │ Bid: $0.03  Mid: $0.04  Ask: $0.04
      P&L: $-779.00 (-99.5%) │ Target: $15.65  Stop: $3.91  DTE: 0d
      ⚠️  Stop was triggered — continuing to track for data
      💭 HIGH TSLA put signal — score 5.62, $1.6M premium, 3 DTE, bearish thesi...
      🌍 SPY +0.00%  QQQ +0.00%  VIX 18.1

  ⏰ CONTRACT EXPIRED — auto-closing #11

  🔴 #13 TSLA260511P00430000  [⏸ TRACKING]
      Entry: $7.33 │ Bid: $0.09  Mid: $0.10  Ask: $0.10
      P&L: $-723.00 (-98.7%) │ Target: $14.65  Stop: $3.66  DTE: 0d
      ⚠️  Stop was triggered — continuing to track for data
      💭 $2.8M premium on TSLA puts with 100% bearish flow and 8.0 score warran...
      🌍 SPY +0.00%  QQQ +0.00%  VIX 18.1

  ⏰ CONTRACT EXPIRED — auto-closing #13

  🔴 #14 TSLA260513P00430000  [⏸ TRACKING]
      Entry: $11.70 │ Bid: $3.35  Mid: $3.40  Ask: $3.45
      P&L: $-830.00 (-70.9%) │ Target: $23.40  Stop: $5.85  DTE: 2d
      ⚠️  Stop was triggered — continuing to track for data
      💭 $1.1M premium on TSLA 430 puts expiring today with 100% bearish flow a...
      🌍 SPY +0.00%  QQQ +0.00%  VIX 18.1

  🔴 #15 AMD260515P00457500  [▶ OPEN]
      Entry: $22.60 │ Bid: $12.30  Mid: $12.47  Ask: $12.65
      P&L: $-1,012.50 (-44.8%) │ Target: $45.20  Stop: $11.30  DTE: 4d
      💭 $2.0M premium in AMD puts expiring today with 100% bearish flow and 8....
      🌍 SPY +0.00%  QQQ +0.00%  VIX 18.1
  ⚠️  STOP APPROACHING — $1.17 away (90%)

  🔴 #16 QQQ260511P00706000  [⏸ TRACKING]
      Entry: $2.11 │ Bid: $0.05  Mid: $0.06  Ask: $0.06
      P&L: $-205.50 (-97.4%) │ Target: $4.22  Stop: $1.05  DTE: 0d
      ⚠️  Stop was triggered — continuing to track for data
      💭 QQQ put with $1.8M premium and 8.0 score expiring today in 100% bearis...
      🌍 SPY +0.00%  QQQ +0.00%  VIX 18.1

  ⏰ CONTRACT EXPIRED — auto-closing #16

  🔴 #17 TSLA260515P00427500  [⏸ TRACKING]
      Entry: $11.00 │ Bid: $5.05  Mid: $5.10  Ask: $5.15
      P&L: $-590.00 (-53.6%) │ Target: $22.00  Stop: $5.50  DTE: 4d
      ⚠️  Stop was triggered — continuing to track for data
      💭 $6M premium on TSLA puts with 8.8 score and 100% bearish flow concentr...
      🌍 SPY +0.00%  QQQ +0.00%  VIX 18.1

  ⏳ Next check in 3 minutes...

  ─────────────────────────────────────────────────────────────────
  📡 POSITION CHECK — 13:43:09 EDT
  ─────────────────────────────────────────────────────────────────

  🟢 #7 NFLX260515P00092000  [▶ OPEN]
      Entry: $3.72 │ Bid: $6.50  Mid: $6.65  Ask: $6.80
      P&L: +$293.00 (+78.8%) │ Target: $7.44  Stop: $1.86  DTE: 4d
      💭 Deep ITM put with 0.73 delta and 10 days to expiration offers defined ...
      🌍 SPY +0.00%  QQQ +0.00%  VIX 18.1

  🔴 #10 SPY260511P00745000  [⏸ TRACKING]
      Entry: $9.88 │ Bid: $4.44  Mid: $4.49  Ask: $4.53
      P&L: $-539.00 (-54.6%) │ Target: $19.75  Stop: $4.94  DTE: 0d
      ⚠️  Stop was triggered — continuing to track for data
      💭 HIGH SPY put signal — score 8.0, $4.4M premium, 3 DTE, bearish thesis....
      🌍 SPY +0.00%  QQQ +0.00%  VIX 18.1

  ⏰ CONTRACT EXPIRED — auto-closing #10

  🔴 #11 TSLA260511P00425000  [⏸ TRACKING]
      Entry: $7.83 │ Bid: $0.03  Mid: $0.04  Ask: $0.04
      P&L: $-779.00 (-99.5%) │ Target: $15.65  Stop: $3.91  DTE: 0d
      ⚠️  Stop was triggered — continuing to track for data
      💭 HIGH TSLA put signal — score 5.62, $1.6M premium, 3 DTE, bearish thesi...
      🌍 SPY +0.00%  QQQ +0.00%  VIX 18.1

  ⏰ CONTRACT EXPIRED — auto-closing #11

  🔴 #13 TSLA260511P00430000  [⏸ TRACKING]
      Entry: $7.33 │ Bid: $0.09  Mid: $0.10  Ask: $0.10
      P&L: $-723.00 (-98.7%) │ Target: $14.65  Stop: $3.66  DTE: 0d
      ⚠️  Stop was triggered — continuing to track for data
      💭 $2.8M premium on TSLA puts with 100% bearish flow and 8.0 score warran...
      🌍 SPY +0.00%  QQQ +0.00%  VIX 18.1

  ⏰ CONTRACT EXPIRED — auto-closing #13

  🔴 #14 TSLA260513P00430000  [⏸ TRACKING]
      Entry: $11.70 │ Bid: $3.45  Mid: $3.50  Ask: $3.55
      P&L: $-820.00 (-70.1%) │ Target: $23.40  Stop: $5.85  DTE: 2d
      ⚠️  Stop was triggered — continuing to track for data
      💭 $1.1M premium on TSLA 430 puts expiring today with 100% bearish flow a...
      🌍 SPY +0.00%  QQQ +0.00%  VIX 18.1

  🔴 #15 AMD260515P00457500  [▶ OPEN]
      Entry: $22.60 │ Bid: $12.40  Mid: $12.60  Ask: $12.80
      P&L: $-1,000.00 (-44.2%) │ Target: $45.20  Stop: $11.30  DTE: 4d
      💭 $2.0M premium in AMD puts expiring today with 100% bearish flow and 8....
      🌍 SPY +0.00%  QQQ +0.00%  VIX 18.1
  ⚠️  STOP APPROACHING — $1.30 away (88%)

  🔴 #16 QQQ260511P00706000  [⏸ TRACKING]
      Entry: $2.11 │ Bid: $0.05  Mid: $0.06  Ask: $0.06
      P&L: $-205.50 (-97.4%) │ Target: $4.22  Stop: $1.05  DTE: 0d
      ⚠️  Stop was triggered — continuing to track for data
      💭 QQQ put with $1.8M premium and 8.0 score expiring today in 100% bearis...
      🌍 SPY +0.00%  QQQ +0.00%  VIX 18.1

  ⏰ CONTRACT EXPIRED — auto-closing #16

  🔴 #17 TSLA260515P00427500  [⏸ TRACKING]
      Entry: $11.00 │ Bid: $5.20  Mid: $5.22  Ask: $5.25
      P&L: $-577.50 (-52.5%) │ Target: $22.00  Stop: $5.50  DTE: 4d
      ⚠️  Stop was triggered — continuing to track for data
      💭 $6M premium on TSLA puts with 8.8 score and 100% bearish flow concentr...
      🌍 SPY +0.00%  QQQ +0.00%  VIX 18.1

  ⏳ Next check in 3 minutes...

  ─────────────────────────────────────────────────────────────────
  📡 POSITION CHECK — 13:46:11 EDT
  ─────────────────────────────────────────────────────────────────

  🟢 #7 NFLX260515P00092000  [▶ OPEN]
      Entry: $3.72 │ Bid: $6.45  Mid: $6.60  Ask: $6.75
      P&L: +$288.00 (+77.4%) │ Target: $7.44  Stop: $1.86  DTE: 4d
      💭 Deep ITM put with 0.73 delta and 10 days to expiration offers defined ...
      🌍 SPY +0.00%  QQQ +0.00%  VIX 18.1

  🔴 #10 SPY260511P00745000  [⏸ TRACKING]
      Entry: $9.88 │ Bid: $4.40  Mid: $4.43  Ask: $4.47
      P&L: $-544.00 (-55.1%) │ Target: $19.75  Stop: $4.94  DTE: 0d
      ⚠️  Stop was triggered — continuing to track for data
      💭 HIGH SPY put signal — score 8.0, $4.4M premium, 3 DTE, bearish thesis....
      🌍 SPY +0.00%  QQQ +0.00%  VIX 18.1

  ⏰ CONTRACT EXPIRED — auto-closing #10

  🔴 #11 TSLA260511P00425000  [⏸ TRACKING]
      Entry: $7.83 │ Bid: $0.03  Mid: $0.04  Ask: $0.04
      P&L: $-779.00 (-99.5%) │ Target: $15.65  Stop: $3.91  DTE: 0d
      ⚠️  Stop was triggered — continuing to track for data
      💭 HIGH TSLA put signal — score 5.62, $1.6M premium, 3 DTE, bearish thesi...
      🌍 SPY +0.00%  QQQ +0.00%  VIX 18.1

  ⏰ CONTRACT EXPIRED — auto-closing #11

  🔴 #13 TSLA260511P00430000  [⏸ TRACKING]
      Entry: $7.33 │ Bid: $0.07  Mid: $0.07  Ask: $0.08
      P&L: $-725.00 (-99.0%) │ Target: $14.65  Stop: $3.66  DTE: 0d
      ⚠️  Stop was triggered — continuing to track for data
      💭 $2.8M premium on TSLA puts with 100% bearish flow and 8.0 score warran...
      🌍 SPY +0.00%  QQQ +0.00%  VIX 18.1

  ⏰ CONTRACT EXPIRED — auto-closing #13

  🔴 #14 TSLA260513P00430000  [⏸ TRACKING]
      Entry: $11.70 │ Bid: $3.10  Mid: $3.15  Ask: $3.20
      P&L: $-855.00 (-73.1%) │ Target: $23.40  Stop: $5.85  DTE: 2d
      ⚠️  Stop was triggered — continuing to track for data
      💭 $1.1M premium on TSLA 430 puts expiring today with 100% bearish flow a...
      🌍 SPY +0.00%  QQQ +0.00%  VIX 18.1

  🔴 #15 AMD260515P00457500  [▶ OPEN]
      Entry: $22.60 │ Bid: $12.20  Mid: $12.38  Ask: $12.55
      P&L: $-1,022.50 (-45.2%) │ Target: $45.20  Stop: $11.30  DTE: 4d
      💭 $2.0M premium in AMD puts expiring today with 100% bearish flow and 8....
      🌍 SPY +0.00%  QQQ +0.00%  VIX 18.1
  ⚠️  STOP APPROACHING — $1.07 away (90%)

  🔴 #16 QQQ260511P00706000  [⏸ TRACKING]
      Entry: $2.11 │ Bid: $0.05  Mid: $0.06  Ask: $0.06
      P&L: $-205.50 (-97.4%) │ Target: $4.22  Stop: $1.05  DTE: 0d
      ⚠️  Stop was triggered — continuing to track for data
      💭 QQQ put with $1.8M premium and 8.0 score expiring today in 100% bearis...
      🌍 SPY +0.00%  QQQ +0.00%  VIX 18.1

  ⏰ CONTRACT EXPIRED — auto-closing #16

  🔴 #17 TSLA260515P00427500  [⏸ TRACKING]
      Entry: $11.00 │ Bid: $4.85  Mid: $4.90  Ask: $4.95
      P&L: $-610.00 (-55.5%) │ Target: $22.00  Stop: $5.50  DTE: 4d
      ⚠️  Stop was triggered — continuing to track for data
      💭 $6M premium on TSLA puts with 8.8 score and 100% bearish flow concentr...
      🌍 SPY +0.00%  QQQ +0.00%  VIX 18.1

  ⏳ Next check in 3 minutes...

  ─────────────────────────────────────────────────────────────────
  📡 POSITION CHECK — 13:49:12 EDT
  ─────────────────────────────────────────────────────────────────

  🟢 #7 NFLX260515P00092000  [▶ OPEN]
      Entry: $3.72 │ Bid: $6.45  Mid: $6.62  Ask: $6.80
      P&L: +$290.50 (+78.1%) │ Target: $7.44  Stop: $1.86  DTE: 4d
      💭 Deep ITM put with 0.73 delta and 10 days to expiration offers defined ...
      🌍 SPY +0.00%  QQQ +0.00%  VIX 18.1

  🔴 #10 SPY260511P00745000  [⏸ TRACKING]
      Entry: $9.88 │ Bid: $4.53  Mid: $4.57  Ask: $4.61
      P&L: $-530.50 (-53.7%) │ Target: $19.75  Stop: $4.94  DTE: 0d
      ⚠️  Stop was triggered — continuing to track for data
      💭 HIGH SPY put signal — score 8.0, $4.4M premium, 3 DTE, bearish thesis....
      🌍 SPY +0.00%  QQQ +0.00%  VIX 18.1

  ⏰ CONTRACT EXPIRED — auto-closing #10

  🔴 #11 TSLA260511P00425000  [⏸ TRACKING]
      Entry: $7.83 │ Bid: $0.01  Mid: $0.02  Ask: $0.03
      P&L: $-780.50 (-99.7%) │ Target: $15.65  Stop: $3.91  DTE: 0d
      ⚠️  Stop was triggered — continuing to track for data
      💭 HIGH TSLA put signal — score 5.62, $1.6M premium, 3 DTE, bearish thesi...
      🌍 SPY +0.00%  QQQ +0.00%  VIX 18.1

  ⏰ CONTRACT EXPIRED — auto-closing #11

  🔴 #13 TSLA260511P00430000  [⏸ TRACKING]
      Entry: $7.33 │ Bid: $0.04  Mid: $0.04  Ask: $0.05
      P&L: $-728.00 (-99.4%) │ Target: $14.65  Stop: $3.66  DTE: 0d
      ⚠️  Stop was triggered — continuing to track for data
      💭 $2.8M premium on TSLA puts with 100% bearish flow and 8.0 score warran...
      🌍 SPY +0.00%  QQQ +0.00%  VIX 18.1

  ⏰ CONTRACT EXPIRED — auto-closing #13

  🔴 #14 TSLA260513P00430000  [⏸ TRACKING]
      Entry: $11.70 │ Bid: $3.05  Mid: $3.10  Ask: $3.15
      P&L: $-860.00 (-73.5%) │ Target: $23.40  Stop: $5.85  DTE: 2d
      ⚠️  Stop was triggered — continuing to track for data
      💭 $1.1M premium on TSLA 430 puts expiring today with 100% bearish flow a...
      🌍 SPY +0.00%  QQQ +0.00%  VIX 18.1

  🔴 #15 AMD260515P00457500  [▶ OPEN]
      Entry: $22.60 │ Bid: $11.85  Mid: $12.07  Ask: $12.30
      P&L: $-1,052.50 (-46.6%) │ Target: $45.20  Stop: $11.30  DTE: 4d
      💭 $2.0M premium in AMD puts expiring today with 100% bearish flow and 8....
      🌍 SPY +0.00%  QQQ +0.00%  VIX 18.1
  ⚠️  STOP APPROACHING — $0.77 away (93%)

  🔴 #16 QQQ260511P00706000  [⏸ TRACKING]
      Entry: $2.11 │ Bid: $0.05  Mid: $0.06  Ask: $0.06
      P&L: $-205.50 (-97.4%) │ Target: $4.22  Stop: $1.05  DTE: 0d
      ⚠️  Stop was triggered — continuing to track for data
      💭 QQQ put with $1.8M premium and 8.0 score expiring today in 100% bearis...
      🌍 SPY +0.00%  QQQ +0.00%  VIX 18.1

  ⏰ CONTRACT EXPIRED — auto-closing #16

  🔴 #17 TSLA260515P00427500  [⏸ TRACKING]
      Entry: $11.00 │ Bid: $4.85  Mid: $4.88  Ask: $4.90
      P&L: $-612.50 (-55.7%) │ Target: $22.00  Stop: $5.50  DTE: 4d
      ⚠️  Stop was triggered — continuing to track for data
      💭 $6M premium on TSLA puts with 8.8 score and 100% bearish flow concentr...
      🌍 SPY +0.00%  QQQ +0.00%  VIX 18.1

  ⏳ Next check in 3 minutes...

  ─────────────────────────────────────────────────────────────────
  📡 POSITION CHECK — 13:52:13 EDT
  ─────────────────────────────────────────────────────────────────

  🟢 #7 NFLX260515P00092000  [▶ OPEN]
      Entry: $3.72 │ Bid: $6.55  Mid: $6.67  Ask: $6.80
      P&L: +$295.50 (+79.4%) │ Target: $7.44  Stop: $1.86  DTE: 4d
      💭 Deep ITM put with 0.73 delta and 10 days to expiration offers defined ...
      🌍 SPY +0.00%  QQQ +0.00%  VIX 18.2

  🔴 #10 SPY260511P00745000  [⏸ TRACKING]
      Entry: $9.88 │ Bid: $4.62  Mid: $4.67  Ask: $4.73
      P&L: $-520.00 (-52.7%) │ Target: $19.75  Stop: $4.94  DTE: 0d
      ⚠️  Stop was triggered — continuing to track for data
      💭 HIGH SPY put signal — score 8.0, $4.4M premium, 3 DTE, bearish thesis....
      🌍 SPY +0.00%  QQQ +0.00%  VIX 18.2

  ⏰ CONTRACT EXPIRED — auto-closing #10

  🔴 #11 TSLA260511P00425000  [⏸ TRACKING]
      Entry: $7.83 │ Bid: $0.02  Mid: $0.03  Ask: $0.03
      P&L: $-780.00 (-99.7%) │ Target: $15.65  Stop: $3.91  DTE: 0d
      ⚠️  Stop was triggered — continuing to track for data
      💭 HIGH TSLA put signal — score 5.62, $1.6M premium, 3 DTE, bearish thesi...
      🌍 SPY +0.00%  QQQ +0.00%  VIX 18.2

  ⏰ CONTRACT EXPIRED — auto-closing #11

  🔴 #13 TSLA260511P00430000  [⏸ TRACKING]
      Entry: $7.33 │ Bid: $0.04  Mid: $0.04  Ask: $0.05
      P&L: $-728.00 (-99.4%) │ Target: $14.65  Stop: $3.66  DTE: 0d
      ⚠️  Stop was triggered — continuing to track for data
      💭 $2.8M premium on TSLA puts with 100% bearish flow and 8.0 score warran...
      🌍 SPY +0.00%  QQQ +0.00%  VIX 18.2

  ⏰ CONTRACT EXPIRED — auto-closing #13

  🔴 #14 TSLA260513P00430000  [⏸ TRACKING]
      Entry: $11.70 │ Bid: $3.05  Mid: $3.08  Ask: $3.10
      P&L: $-862.50 (-73.7%) │ Target: $23.40  Stop: $5.85  DTE: 2d
      ⚠️  Stop was triggered — continuing to track for data
      💭 $1.1M premium on TSLA 430 puts expiring today with 100% bearish flow a...
      🌍 SPY +0.00%  QQQ +0.00%  VIX 18.2

  🔴 #15 AMD260515P00457500  [▶ OPEN]
      Entry: $22.60 │ Bid: $12.10  Mid: $12.28  Ask: $12.45
      P&L: $-1,032.50 (-45.7%) │ Target: $45.20  Stop: $11.30  DTE: 4d
      💭 $2.0M premium in AMD puts expiring today with 100% bearish flow and 8....
      🌍 SPY +0.00%  QQQ +0.00%  VIX 18.2
  ⚠️  STOP APPROACHING — $0.97 away (91%)

  🔴 #16 QQQ260511P00706000  [⏸ TRACKING]
      Entry: $2.11 │ Bid: $0.05  Mid: $0.06  Ask: $0.06
      P&L: $-205.50 (-97.4%) │ Target: $4.22  Stop: $1.05  DTE: 0d
      ⚠️  Stop was triggered — continuing to track for data
      💭 QQQ put with $1.8M premium and 8.0 score expiring today in 100% bearis...
      🌍 SPY +0.00%  QQQ +0.00%  VIX 18.2

  ⏰ CONTRACT EXPIRED — auto-closing #16

  🔴 #17 TSLA260515P00427500  [⏸ TRACKING]
      Entry: $11.00 │ Bid: $4.80  Mid: $4.85  Ask: $4.90
      P&L: $-615.00 (-55.9%) │ Target: $22.00  Stop: $5.50  DTE: 4d
      ⚠️  Stop was triggered — continuing to track for data
      💭 $6M premium on TSLA puts with 8.8 score and 100% bearish flow concentr...
      🌍 SPY +0.00%  QQQ +0.00%  VIX 18.2

  ⏳ Next check in 3 minutes...

  ─────────────────────────────────────────────────────────────────
  📡 POSITION CHECK — 13:55:15 EDT
  ─────────────────────────────────────────────────────────────────

  🟢 #7 NFLX260515P00092000  [▶ OPEN]
      Entry: $3.72 │ Bid: $6.55  Mid: $6.78  Ask: $7.00
      P&L: +$305.50 (+82.1%) │ Target: $7.44  Stop: $1.86  DTE: 4d
      💭 Deep ITM put with 0.73 delta and 10 days to expiration offers defined ...
      🌍 SPY +0.00%  QQQ +0.00%  VIX 18.2
  ⚡ TARGET APPROACHING — $0.67 away (82%)

  🔴 #10 SPY260511P00745000  [⏸ TRACKING]
      Entry: $9.88 │ Bid: $4.71  Mid: $4.78  Ask: $4.85
      P&L: $-509.50 (-51.6%) │ Target: $19.75  Stop: $4.94  DTE: 0d
      ⚠️  Stop was triggered — continuing to track for data
      💭 HIGH SPY put signal — score 8.0, $4.4M premium, 3 DTE, bearish thesis....
      🌍 SPY +0.00%  QQQ +0.00%  VIX 18.2

  ⏰ CONTRACT EXPIRED — auto-closing #10

  🔴 #11 TSLA260511P00425000  [⏸ TRACKING]
      Entry: $7.83 │ Bid: $0.02  Mid: $0.03  Ask: $0.03
      P&L: $-780.00 (-99.7%) │ Target: $15.65  Stop: $3.91  DTE: 0d
      ⚠️  Stop was triggered — continuing to track for data
      💭 HIGH TSLA put signal — score 5.62, $1.6M premium, 3 DTE, bearish thesi...
      🌍 SPY +0.00%  QQQ +0.00%  VIX 18.2

  ⏰ CONTRACT EXPIRED — auto-closing #11

  🔴 #13 TSLA260511P00430000  [⏸ TRACKING]
      Entry: $7.33 │ Bid: $0.03  Mid: $0.04  Ask: $0.04
      P&L: $-729.00 (-99.5%) │ Target: $14.65  Stop: $3.66  DTE: 0d
      ⚠️  Stop was triggered — continuing to track for data
      💭 $2.8M premium on TSLA puts with 100% bearish flow and 8.0 score warran...
      🌍 SPY +0.00%  QQQ +0.00%  VIX 18.2

  ⏰ CONTRACT EXPIRED — auto-closing #13

  🔴 #14 TSLA260513P00430000  [⏸ TRACKING]
      Entry: $11.70 │ Bid: $2.86  Mid: $2.88  Ask: $2.91
      P&L: $-881.50 (-75.3%) │ Target: $23.40  Stop: $5.85  DTE: 2d
      ⚠️  Stop was triggered — continuing to track for data
      💭 $1.1M premium on TSLA 430 puts expiring today with 100% bearish flow a...
      🌍 SPY +0.00%  QQQ +0.00%  VIX 18.2

  🔴 #15 AMD260515P00457500  [▶ OPEN]
      Entry: $22.60 │ Bid: $11.65  Mid: $11.82  Ask: $12.00
      P&L: $-1,077.50 (-47.7%) │ Target: $45.20  Stop: $11.30  DTE: 4d
      💭 $2.0M premium in AMD puts expiring today with 100% bearish flow and 8....
      🌍 SPY +0.00%  QQQ +0.00%  VIX 18.2
  ⚠️  STOP APPROACHING — $0.52 away (95%)

  🔴 #16 QQQ260511P00706000  [⏸ TRACKING]
      Entry: $2.11 │ Bid: $0.05  Mid: $0.06  Ask: $0.06
      P&L: $-205.50 (-97.4%) │ Target: $4.22  Stop: $1.05  DTE: 0d
      ⚠️  Stop was triggered — continuing to track for data
      💭 QQQ put with $1.8M premium and 8.0 score expiring today in 100% bearis...
      🌍 SPY +0.00%  QQQ +0.00%  VIX 18.2

  ⏰ CONTRACT EXPIRED — auto-closing #16

  🔴 #17 TSLA260515P00427500  [⏸ TRACKING]
      Entry: $11.00 │ Bid: $4.55  Mid: $4.60  Ask: $4.65
      P&L: $-640.00 (-58.2%) │ Target: $22.00  Stop: $5.50  DTE: 4d
      ⚠️  Stop was triggered — continuing to track for data
      💭 $6M premium on TSLA puts with 8.8 score and 100% bearish flow concentr...
      🌍 SPY +0.00%  QQQ +0.00%  VIX 18.2

  ⏳ Next check in 3 minutes...

  ─────────────────────────────────────────────────────────────────
  📡 POSITION CHECK — 13:58:16 EDT
  ─────────────────────────────────────────────────────────────────

  🟢 #7 NFLX260515P00092000  [▶ OPEN]
      Entry: $3.72 │ Bid: $6.65  Mid: $6.83  Ask: $7.00
      P&L: +$310.50 (+83.5%) │ Target: $7.44  Stop: $1.86  DTE: 4d
      💭 Deep ITM put with 0.73 delta and 10 days to expiration offers defined ...
      🌍 SPY +0.00%  QQQ +0.00%  VIX 18.1
  ⚡ TARGET APPROACHING — $0.62 away (83%)

  🔴 #10 SPY260511P00745000  [⏸ TRACKING]
      Entry: $9.88 │ Bid: $4.65  Mid: $4.70  Ask: $4.74
      P&L: $-518.00 (-52.5%) │ Target: $19.75  Stop: $4.94  DTE: 0d
      ⚠️  Stop was triggered — continuing to track for data
      💭 HIGH SPY put signal — score 8.0, $4.4M premium, 3 DTE, bearish thesis....
      🌍 SPY +0.00%  QQQ +0.00%  VIX 18.1

  ⏰ CONTRACT EXPIRED — auto-closing #10

  🔴 #11 TSLA260511P00425000  [⏸ TRACKING]
      Entry: $7.83 │ Bid: $0.02  Mid: $0.03  Ask: $0.03
      P&L: $-780.00 (-99.7%) │ Target: $15.65  Stop: $3.91  DTE: 0d
      ⚠️  Stop was triggered — continuing to track for data
      💭 HIGH TSLA put signal — score 5.62, $1.6M premium, 3 DTE, bearish thesi...
      🌍 SPY +0.00%  QQQ +0.00%  VIX 18.1

  ⏰ CONTRACT EXPIRED — auto-closing #11

  🔴 #13 TSLA260511P00430000  [⏸ TRACKING]
      Entry: $7.33 │ Bid: $0.03  Mid: $0.04  Ask: $0.04
      P&L: $-729.00 (-99.5%) │ Target: $14.65  Stop: $3.66  DTE: 0d
      ⚠️  Stop was triggered — continuing to track for data
      💭 $2.8M premium on TSLA puts with 100% bearish flow and 8.0 score warran...
      🌍 SPY +0.00%  QQQ +0.00%  VIX 18.1

  ⏰ CONTRACT EXPIRED — auto-closing #13

  🔴 #14 TSLA260513P00430000  [⏸ TRACKING]
      Entry: $11.70 │ Bid: $2.83  Mid: $2.85  Ask: $2.88
      P&L: $-884.50 (-75.6%) │ Target: $23.40  Stop: $5.85  DTE: 2d
      ⚠️  Stop was triggered — continuing to track for data
      💭 $1.1M premium on TSLA 430 puts expiring today with 100% bearish flow a...
      🌍 SPY +0.00%  QQQ +0.00%  VIX 18.1

  🔴 #15 AMD260515P00457500  [▶ OPEN]
      Entry: $22.60 │ Bid: $11.65  Mid: $11.82  Ask: $12.00
      P&L: $-1,077.50 (-47.7%) │ Target: $45.20  Stop: $11.30  DTE: 4d
      💭 $2.0M premium in AMD puts expiring today with 100% bearish flow and 8....
      🌍 SPY +0.00%  QQQ +0.00%  VIX 18.1
  ⚠️  STOP APPROACHING — $0.52 away (95%)

  🔴 #16 QQQ260511P00706000  [⏸ TRACKING]
      Entry: $2.11 │ Bid: $0.05  Mid: $0.06  Ask: $0.06
      P&L: $-205.50 (-97.4%) │ Target: $4.22  Stop: $1.05  DTE: 0d
      ⚠️  Stop was triggered — continuing to track for data
      💭 QQQ put with $1.8M premium and 8.0 score expiring today in 100% bearis...
      🌍 SPY +0.00%  QQQ +0.00%  VIX 18.1

  ⏰ CONTRACT EXPIRED — auto-closing #16

  🔴 #17 TSLA260515P00427500  [⏸ TRACKING]
      Entry: $11.00 │ Bid: $4.50  Mid: $4.55  Ask: $4.60
      P&L: $-645.00 (-58.6%) │ Target: $22.00  Stop: $5.50  DTE: 4d
      ⚠️  Stop was triggered — continuing to track for data
      💭 $6M premium on TSLA puts with 8.8 score and 100% bearish flow concentr...
      🌍 SPY +0.00%  QQQ +0.00%  VIX 18.1

  ⏳ Next check in 3 minutes...

  Refreshing auth token...

  ─────────────────────────────────────────────────────────────────
  📡 POSITION CHECK — 14:01:18 EDT
  ─────────────────────────────────────────────────────────────────

  🟢 #7 NFLX260515P00092000  [▶ OPEN]
      Entry: $3.72 │ Bid: $6.65  Mid: $6.83  Ask: $7.00
      P&L: +$310.50 (+83.5%) │ Target: $7.44  Stop: $1.86  DTE: 4d
      💭 Deep ITM put with 0.73 delta and 10 days to expiration offers defined ...
      🌍 SPY +0.00%  QQQ +0.00%  VIX 18.1
  ⚡ TARGET APPROACHING — $0.62 away (83%)

  🔴 #10 SPY260511P00745000  [⏸ TRACKING]
      Entry: $9.88 │ Bid: $4.57  Mid: $4.61  Ask: $4.65
      P&L: $-526.50 (-53.3%) │ Target: $19.75  Stop: $4.94  DTE: 0d
      ⚠️  Stop was triggered — continuing to track for data
      💭 HIGH SPY put signal — score 8.0, $4.4M premium, 3 DTE, bearish thesis....
      🌍 SPY +0.00%  QQQ +0.00%  VIX 18.1

  ⏰ CONTRACT EXPIRED — auto-closing #10

  🔴 #11 TSLA260511P00425000  [⏸ TRACKING]
      Entry: $7.83 │ Bid: $0.01  Mid: $0.01  Ask: $0.02
      P&L: $-781.00 (-99.8%) │ Target: $15.65  Stop: $3.91  DTE: 0d
      ⚠️  Stop was triggered — continuing to track for data
      💭 HIGH TSLA put signal — score 5.62, $1.6M premium, 3 DTE, bearish thesi...
      🌍 SPY +0.00%  QQQ +0.00%  VIX 18.1

  ⏰ CONTRACT EXPIRED — auto-closing #11

  🔴 #13 TSLA260511P00430000  [⏸ TRACKING]
      Entry: $7.33 │ Bid: $0.03  Mid: $0.04  Ask: $0.04
      P&L: $-729.00 (-99.5%) │ Target: $14.65  Stop: $3.66  DTE: 0d
      ⚠️  Stop was triggered — continuing to track for data
      💭 $2.8M premium on TSLA puts with 100% bearish flow and 8.0 score warran...
      🌍 SPY +0.00%  QQQ +0.00%  VIX 18.1

  ⏰ CONTRACT EXPIRED — auto-closing #13

  🔴 #14 TSLA260513P00430000  [⏸ TRACKING]
      Entry: $11.70 │ Bid: $2.74  Mid: $2.77  Ask: $2.79
      P&L: $-893.50 (-76.4%) │ Target: $23.40  Stop: $5.85  DTE: 2d
      ⚠️  Stop was triggered — continuing to track for data
      💭 $1.1M premium on TSLA 430 puts expiring today with 100% bearish flow a...
      🌍 SPY +0.00%  QQQ +0.00%  VIX 18.1

  🔴 #15 AMD260515P00457500  [▶ OPEN]
      Entry: $22.60 │ Bid: $11.90  Mid: $12.07  Ask: $12.25
      P&L: $-1,052.50 (-46.6%) │ Target: $45.20  Stop: $11.30  DTE: 4d
      💭 $2.0M premium in AMD puts expiring today with 100% bearish flow and 8....
      🌍 SPY +0.00%  QQQ +0.00%  VIX 18.1
  ⚠️  STOP APPROACHING — $0.77 away (93%)

  🔴 #16 QQQ260511P00706000  [⏸ TRACKING]
      Entry: $2.11 │ Bid: $0.05  Mid: $0.06  Ask: $0.06
      P&L: $-205.50 (-97.4%) │ Target: $4.22  Stop: $1.05  DTE: 0d
      ⚠️  Stop was triggered — continuing to track for data
      💭 QQQ put with $1.8M premium and 8.0 score expiring today in 100% bearis...
      🌍 SPY +0.00%  QQQ +0.00%  VIX 18.1

  ⏰ CONTRACT EXPIRED — auto-closing #16

  🔴 #17 TSLA260515P00427500  [⏸ TRACKING]
      Entry: $11.00 │ Bid: $4.40  Mid: $4.45  Ask: $4.50
      P&L: $-655.00 (-59.5%) │ Target: $22.00  Stop: $5.50  DTE: 4d
      ⚠️  Stop was triggered — continuing to track for data
      💭 $6M premium on TSLA puts with 8.8 score and 100% bearish flow concentr...
      🌍 SPY +0.00%  QQQ +0.00%  VIX 18.1

  ⏳ Next check in 3 minutes...

  ─────────────────────────────────────────────────────────────────
  📡 POSITION CHECK — 14:04:20 EDT
  ─────────────────────────────────────────────────────────────────

  🟢 #7 NFLX260515P00092000  [▶ OPEN]
      Entry: $3.72 │ Bid: $6.50  Mid: $6.75  Ask: $7.00
      P&L: +$303.00 (+81.5%) │ Target: $7.44  Stop: $1.86  DTE: 4d
      💭 Deep ITM put with 0.73 delta and 10 days to expiration offers defined ...
      🌍 SPY +0.00%  QQQ +0.00%  VIX 18.1
  ⚡ TARGET APPROACHING — $0.69 away (81%)

  🔴 #10 SPY260511P00745000  [⏸ TRACKING]
      Entry: $9.88 │ Bid: $4.40  Mid: $4.43  Ask: $4.47
      P&L: $-544.00 (-55.1%) │ Target: $19.75  Stop: $4.94  DTE: 0d
      ⚠️  Stop was triggered — continuing to track for data
      💭 HIGH SPY put signal — score 8.0, $4.4M premium, 3 DTE, bearish thesis....
      🌍 SPY +0.00%  QQQ +0.00%  VIX 18.1

  ⏰ CONTRACT EXPIRED — auto-closing #10

  🔴 #11 TSLA260511P00425000  [⏸ TRACKING]
      Entry: $7.83 │ Bid: $0.01  Mid: $0.01  Ask: $0.02
      P&L: $-781.00 (-99.8%) │ Target: $15.65  Stop: $3.91  DTE: 0d
      ⚠️  Stop was triggered — continuing to track for data
      💭 HIGH TSLA put signal — score 5.62, $1.6M premium, 3 DTE, bearish thesi...
      🌍 SPY +0.00%  QQQ +0.00%  VIX 18.1

  ⏰ CONTRACT EXPIRED — auto-closing #11

  🔴 #13 TSLA260511P00430000  [⏸ TRACKING]
      Entry: $7.33 │ Bid: $0.02  Mid: $0.03  Ask: $0.03
      P&L: $-730.00 (-99.7%) │ Target: $14.65  Stop: $3.66  DTE: 0d
      ⚠️  Stop was triggered — continuing to track for data
      💭 $2.8M premium on TSLA puts with 100% bearish flow and 8.0 score warran...
      🌍 SPY +0.00%  QQQ +0.00%  VIX 18.1

  ⏰ CONTRACT EXPIRED — auto-closing #13

  🔴 #14 TSLA260513P00430000  [⏸ TRACKING]
      Entry: $11.70 │ Bid: $2.53  Mid: $2.55  Ask: $2.57
      P&L: $-915.00 (-78.2%) │ Target: $23.40  Stop: $5.85  DTE: 2d
      ⚠️  Stop was triggered — continuing to track for data
      💭 $1.1M premium on TSLA 430 puts expiring today with 100% bearish flow a...
      🌍 SPY +0.00%  QQQ +0.00%  VIX 18.1

  🔴 #15 AMD260515P00457500  [▶ OPEN]
      Entry: $22.60 │ Bid: $11.85  Mid: $12.03  Ask: $12.20
      P&L: $-1,057.50 (-46.8%) │ Target: $45.20  Stop: $11.30  DTE: 4d
      💭 $2.0M premium in AMD puts expiring today with 100% bearish flow and 8....
      🌍 SPY +0.00%  QQQ +0.00%  VIX 18.1
  ⚠️  STOP APPROACHING — $0.72 away (94%)

  🔴 #16 QQQ260511P00706000  [⏸ TRACKING]
      Entry: $2.11 │ Bid: $0.04  Mid: $0.04  Ask: $0.05
      P&L: $-206.50 (-97.9%) │ Target: $4.22  Stop: $1.05  DTE: 0d
      ⚠️  Stop was triggered — continuing to track for data
      💭 QQQ put with $1.8M premium and 8.0 score expiring today in 100% bearis...
      🌍 SPY +0.00%  QQQ +0.00%  VIX 18.1

  ⏰ CONTRACT EXPIRED — auto-closing #16

  🔴 #17 TSLA260515P00427500  [⏸ TRACKING]
      Entry: $11.00 │ Bid: $4.15  Mid: $4.20  Ask: $4.25
      P&L: $-680.00 (-61.8%) │ Target: $22.00  Stop: $5.50  DTE: 4d
      ⚠️  Stop was triggered — continuing to track for data
      💭 $6M premium on TSLA puts with 8.8 score and 100% bearish flow concentr...
      🌍 SPY +0.00%  QQQ +0.00%  VIX 18.1

  ⏳ Next check in 3 minutes...

  ─────────────────────────────────────────────────────────────────
  📡 POSITION CHECK — 14:07:21 EDT
  ─────────────────────────────────────────────────────────────────

  🟢 #7 NFLX260515P00092000  [▶ OPEN]
      Entry: $3.72 │ Bid: $6.55  Mid: $6.78  Ask: $7.00
      P&L: +$305.50 (+82.1%) │ Target: $7.44  Stop: $1.86  DTE: 4d
      💭 Deep ITM put with 0.73 delta and 10 days to expiration offers defined ...
      🌍 SPY +0.00%  QQQ +0.00%  VIX 18.1
  ⚡ TARGET APPROACHING — $0.67 away (82%)

  🔴 #10 SPY260511P00745000  [⏸ TRACKING]
      Entry: $9.88 │ Bid: $4.40  Mid: $4.43  Ask: $4.47
      P&L: $-544.00 (-55.1%) │ Target: $19.75  Stop: $4.94  DTE: 0d
      ⚠️  Stop was triggered — continuing to track for data
      💭 HIGH SPY put signal — score 8.0, $4.4M premium, 3 DTE, bearish thesis....
      🌍 SPY +0.00%  QQQ +0.00%  VIX 18.1

  ⏰ CONTRACT EXPIRED — auto-closing #10

  🔴 #11 TSLA260511P00425000  [⏸ TRACKING]
      Entry: $7.83 │ Bid: $0.01  Mid: $0.01  Ask: $0.02
      P&L: $-781.00 (-99.8%) │ Target: $15.65  Stop: $3.91  DTE: 0d
      ⚠️  Stop was triggered — continuing to track for data
      💭 HIGH TSLA put signal — score 5.62, $1.6M premium, 3 DTE, bearish thesi...
      🌍 SPY +0.00%  QQQ +0.00%  VIX 18.1

  ⏰ CONTRACT EXPIRED — auto-closing #11

  🔴 #13 TSLA260511P00430000  [⏸ TRACKING]
      Entry: $7.33 │ Bid: $0.02  Mid: $0.03  Ask: $0.03
      P&L: $-730.00 (-99.7%) │ Target: $14.65  Stop: $3.66  DTE: 0d
      ⚠️  Stop was triggered — continuing to track for data
      💭 $2.8M premium on TSLA puts with 100% bearish flow and 8.0 score warran...
      🌍 SPY +0.00%  QQQ +0.00%  VIX 18.1

  ⏰ CONTRACT EXPIRED — auto-closing #13

  🔴 #14 TSLA260513P00430000  [⏸ TRACKING]
      Entry: $11.70 │ Bid: $2.54  Mid: $2.56  Ask: $2.58
      P&L: $-914.00 (-78.1%) │ Target: $23.40  Stop: $5.85  DTE: 2d
      ⚠️  Stop was triggered — continuing to track for data
      💭 $1.1M premium on TSLA 430 puts expiring today with 100% bearish flow a...
      🌍 SPY +0.00%  QQQ +0.00%  VIX 18.1

  🔴 #15 AMD260515P00457500  [▶ OPEN]
      Entry: $22.60 │ Bid: $11.30  Mid: $11.47  Ask: $11.65
      P&L: $-1,112.50 (-49.2%) │ Target: $45.20  Stop: $11.30  DTE: 4d
      💭 $2.0M premium in AMD puts expiring today with 100% bearish flow and 8....
      🌍 SPY +0.00%  QQQ +0.00%  VIX 18.1

  =================================================================
  🛑 STOP TRIGGERED — #15 AMD260515P00457500
      Entry: $22.60 → Current: $11.47
      Dynamic stop: $11.30 (DTE: 4d)
      Theoretical P&L if exited: $-1,112.50 (-49.2%)
      Continuing to track through expiration for data collection
  =================================================================

  🔴 #16 QQQ260511P00706000  [⏸ TRACKING]
      Entry: $2.11 │ Bid: $0.03  Mid: $0.04  Ask: $0.04
      P&L: $-207.50 (-98.3%) │ Target: $4.22  Stop: $1.05  DTE: 0d
      ⚠️  Stop was triggered — continuing to track for data
      💭 QQQ put with $1.8M premium and 8.0 score expiring today in 100% bearis...
      🌍 SPY +0.00%  QQQ +0.00%  VIX 18.1

  ⏰ CONTRACT EXPIRED — auto-closing #16

  🔴 #17 TSLA260515P00427500  [⏸ TRACKING]
      Entry: $11.00 │ Bid: $4.15  Mid: $4.20  Ask: $4.25
      P&L: $-680.00 (-61.8%) │ Target: $22.00  Stop: $5.50  DTE: 4d
      ⚠️  Stop was triggered — continuing to track for data
      💭 $6M premium on TSLA puts with 8.8 score and 100% bearish flow concentr...
      🌍 SPY +0.00%  QQQ +0.00%  VIX 18.1

  ⏳ Next check in 3 minutes...

  ─────────────────────────────────────────────────────────────────
  📡 POSITION CHECK — 14:10:22 EDT
  ─────────────────────────────────────────────────────────────────

  🟢 #7 NFLX260515P00092000  [▶ OPEN]
      Entry: $3.72 │ Bid: $6.55  Mid: $6.78  Ask: $7.00
      P&L: +$305.50 (+82.1%) │ Target: $7.44  Stop: $1.86  DTE: 4d
      💭 Deep ITM put with 0.73 delta and 10 days to expiration offers defined ...
      🌍 SPY +0.00%  QQQ +0.00%  VIX 18.1
  ⚡ TARGET APPROACHING — $0.67 away (82%)

  🔴 #10 SPY260511P00745000  [⏸ TRACKING]
      Entry: $9.88 │ Bid: $4.46  Mid: $4.51  Ask: $4.56
      P&L: $-536.50 (-54.3%) │ Target: $19.75  Stop: $4.94  DTE: 0d
      ⚠️  Stop was triggered — continuing to track for data
      💭 HIGH SPY put signal — score 8.0, $4.4M premium, 3 DTE, bearish thesis....
      🌍 SPY +0.00%  QQQ +0.00%  VIX 18.1

  ⏰ CONTRACT EXPIRED — auto-closing #10

  🔴 #11 TSLA260511P00425000  [⏸ TRACKING]
      Entry: $7.83 │ Bid: $0.01  Mid: $0.01  Ask: $0.02
      P&L: $-781.00 (-99.8%) │ Target: $15.65  Stop: $3.91  DTE: 0d
      ⚠️  Stop was triggered — continuing to track for data
      💭 HIGH TSLA put signal — score 5.62, $1.6M premium, 3 DTE, bearish thesi...
      🌍 SPY +0.00%  QQQ +0.00%  VIX 18.1

  ⏰ CONTRACT EXPIRED — auto-closing #11

  🔴 #13 TSLA260511P00430000  [⏸ TRACKING]
      Entry: $7.33 │ Bid: $0.02  Mid: $0.03  Ask: $0.03
      P&L: $-730.00 (-99.7%) │ Target: $14.65  Stop: $3.66  DTE: 0d
      ⚠️  Stop was triggered — continuing to track for data
      💭 $2.8M premium on TSLA puts with 100% bearish flow and 8.0 score warran...
      🌍 SPY +0.00%  QQQ +0.00%  VIX 18.1

  ⏰ CONTRACT EXPIRED — auto-closing #13

  🔴 #14 TSLA260513P00430000  [⏸ TRACKING]
      Entry: $11.70 │ Bid: $2.58  Mid: $2.60  Ask: $2.62
      P&L: $-910.00 (-77.8%) │ Target: $23.40  Stop: $5.85  DTE: 2d
      ⚠️  Stop was triggered — continuing to track for data
      💭 $1.1M premium on TSLA 430 puts expiring today with 100% bearish flow a...
      🌍 SPY +0.00%  QQQ +0.00%  VIX 18.1

  🔴 #15 AMD260515P00457500  [⏸ TRACKING]
      Entry: $22.60 │ Bid: $11.30  Mid: $11.45  Ask: $11.60
      P&L: $-1,115.00 (-49.3%) │ Target: $45.20  Stop: $11.30  DTE: 4d
      ⚠️  Stop was triggered — continuing to track for data
      💭 $2.0M premium in AMD puts expiring today with 100% bearish flow and 8....
      🌍 SPY +0.00%  QQQ +0.00%  VIX 18.1

  🔴 #16 QQQ260511P00706000  [⏸ TRACKING]
      Entry: $2.11 │ Bid: $0.03  Mid: $0.04  Ask: $0.04
      P&L: $-207.50 (-98.3%) │ Target: $4.22  Stop: $1.05  DTE: 0d
      ⚠️  Stop was triggered — continuing to track for data
      💭 QQQ put with $1.8M premium and 8.0 score expiring today in 100% bearis...
      🌍 SPY +0.00%  QQQ +0.00%  VIX 18.1

  ⏰ CONTRACT EXPIRED — auto-closing #16

  🔴 #17 TSLA260515P00427500  [⏸ TRACKING]
      Entry: $11.00 │ Bid: $4.20  Mid: $4.25  Ask: $4.30
      P&L: $-675.00 (-61.4%) │ Target: $22.00  Stop: $5.50  DTE: 4d
      ⚠️  Stop was triggered — continuing to track for data
      💭 $6M premium on TSLA puts with 8.8 score and 100% bearish flow concentr...
      🌍 SPY +0.00%  QQQ +0.00%  VIX 18.1

  ⏳ Next check in 3 minutes...

  ─────────────────────────────────────────────────────────────────
  📡 POSITION CHECK — 14:13:24 EDT
  ─────────────────────────────────────────────────────────────────

  🟢 #7 NFLX260515P00092000  [▶ OPEN]
      Entry: $3.72 │ Bid: $6.55  Mid: $6.78  Ask: $7.00
      P&L: +$305.50 (+82.1%) │ Target: $7.44  Stop: $1.86  DTE: 4d
      💭 Deep ITM put with 0.73 delta and 10 days to expiration offers defined ...
      🌍 SPY +0.00%  QQQ +0.00%  VIX 18.1
  ⚡ TARGET APPROACHING — $0.67 away (82%)

  🔴 #10 SPY260511P00745000  [⏸ TRACKING]
      Entry: $9.88 │ Bid: $4.55  Mid: $4.59  Ask: $4.64
      P&L: $-528.00 (-53.5%) │ Target: $19.75  Stop: $4.94  DTE: 0d
      ⚠️  Stop was triggered — continuing to track for data
      💭 HIGH SPY put signal — score 8.0, $4.4M premium, 3 DTE, bearish thesis....
      🌍 SPY +0.00%  QQQ +0.00%  VIX 18.1

  ⏰ CONTRACT EXPIRED — auto-closing #10

  🔴 #11 TSLA260511P00425000  [⏸ TRACKING]
      Entry: $7.83 │ Bid: $0.01  Mid: $0.01  Ask: $0.02
      P&L: $-781.00 (-99.8%) │ Target: $15.65  Stop: $3.91  DTE: 0d
      ⚠️  Stop was triggered — continuing to track for data
      💭 HIGH TSLA put signal — score 5.62, $1.6M premium, 3 DTE, bearish thesi...
      🌍 SPY +0.00%  QQQ +0.00%  VIX 18.1

  ⏰ CONTRACT EXPIRED — auto-closing #11

  🔴 #13 TSLA260511P00430000  [⏸ TRACKING]
      Entry: $7.33 │ Bid: $0.02  Mid: $0.03  Ask: $0.03
      P&L: $-730.00 (-99.7%) │ Target: $14.65  Stop: $3.66  DTE: 0d
      ⚠️  Stop was triggered — continuing to track for data
      💭 $2.8M premium on TSLA puts with 100% bearish flow and 8.0 score warran...
      🌍 SPY +0.00%  QQQ +0.00%  VIX 18.1

  ⏰ CONTRACT EXPIRED — auto-closing #13

  🔴 #14 TSLA260513P00430000  [⏸ TRACKING]
      Entry: $11.70 │ Bid: $2.58  Mid: $2.59  Ask: $2.60
      P&L: $-911.00 (-77.9%) │ Target: $23.40  Stop: $5.85  DTE: 2d
      ⚠️  Stop was triggered — continuing to track for data
      💭 $1.1M premium on TSLA 430 puts expiring today with 100% bearish flow a...
      🌍 SPY +0.00%  QQQ +0.00%  VIX 18.1

  🔴 #15 AMD260515P00457500  [⏸ TRACKING]
      Entry: $22.60 │ Bid: $11.05  Mid: $11.22  Ask: $11.40
      P&L: $-1,137.50 (-50.3%) │ Target: $45.20  Stop: $11.30  DTE: 4d
      ⚠️  Stop was triggered — continuing to track for data
      💭 $2.0M premium in AMD puts expiring today with 100% bearish flow and 8....
      🌍 SPY +0.00%  QQQ +0.00%  VIX 18.1

  🔴 #16 QQQ260511P00706000  [⏸ TRACKING]
      Entry: $2.11 │ Bid: $0.02  Mid: $0.03  Ask: $0.03
      P&L: $-208.50 (-98.8%) │ Target: $4.22  Stop: $1.05  DTE: 0d
      ⚠️  Stop was triggered — continuing to track for data
      💭 QQQ put with $1.8M premium and 8.0 score expiring today in 100% bearis...
      🌍 SPY +0.00%  QQQ +0.00%  VIX 18.1

  ⏰ CONTRACT EXPIRED — auto-closing #16

  🔴 #17 TSLA260515P00427500  [⏸ TRACKING]
      Entry: $11.00 │ Bid: $4.20  Mid: $4.25  Ask: $4.30
      P&L: $-675.00 (-61.4%) │ Target: $22.00  Stop: $5.50  DTE: 4d
      ⚠️  Stop was triggered — continuing to track for data
      💭 $6M premium on TSLA puts with 8.8 score and 100% bearish flow concentr...
      🌍 SPY +0.00%  QQQ +0.00%  VIX 18.1

  ⏳ Next check in 3 minutes...

  ─────────────────────────────────────────────────────────────────
  📡 POSITION CHECK — 14:16:25 EDT
  ─────────────────────────────────────────────────────────────────

  🟢 #7 NFLX260515P00092000  [▶ OPEN]
      Entry: $3.72 │ Bid: $6.60  Mid: $6.70  Ask: $6.80
      P&L: +$298.00 (+80.1%) │ Target: $7.44  Stop: $1.86  DTE: 4d
      💭 Deep ITM put with 0.73 delta and 10 days to expiration offers defined ...
      🌍 SPY +0.00%  QQQ +0.00%  VIX 18.1
  ⚡ TARGET APPROACHING — $0.74 away (80%)

  🔴 #10 SPY260511P00745000  [⏸ TRACKING]
      Entry: $9.88 │ Bid: $4.69  Mid: $4.73  Ask: $4.77
      P&L: $-514.50 (-52.1%) │ Target: $19.75  Stop: $4.94  DTE: 0d
      ⚠️  Stop was triggered — continuing to track for data
      💭 HIGH SPY put signal — score 8.0, $4.4M premium, 3 DTE, bearish thesis....
      🌍 SPY +0.00%  QQQ +0.00%  VIX 18.1

  ⏰ CONTRACT EXPIRED — auto-closing #10

  🔴 #11 TSLA260511P00425000  [⏸ TRACKING]
      Entry: $7.83 │ Bid: $0.01  Mid: $0.01  Ask: $0.02
      P&L: $-781.00 (-99.8%) │ Target: $15.65  Stop: $3.91  DTE: 0d
      ⚠️  Stop was triggered — continuing to track for data
      💭 HIGH TSLA put signal — score 5.62, $1.6M premium, 3 DTE, bearish thesi...
      🌍 SPY +0.00%  QQQ +0.00%  VIX 18.1

  ⏰ CONTRACT EXPIRED — auto-closing #11

  🔴 #13 TSLA260511P00430000  [⏸ TRACKING]
      Entry: $7.33 │ Bid: $0.02  Mid: $0.03  Ask: $0.03
      P&L: $-730.00 (-99.7%) │ Target: $14.65  Stop: $3.66  DTE: 0d
      ⚠️  Stop was triggered — continuing to track for data
      💭 $2.8M premium on TSLA puts with 100% bearish flow and 8.0 score warran...
      🌍 SPY +0.00%  QQQ +0.00%  VIX 18.1

  ⏰ CONTRACT EXPIRED — auto-closing #13

  🔴 #14 TSLA260513P00430000  [⏸ TRACKING]
      Entry: $11.70 │ Bid: $2.64  Mid: $2.66  Ask: $2.68
      P&L: $-904.00 (-77.3%) │ Target: $23.40  Stop: $5.85  DTE: 2d
      ⚠️  Stop was triggered — continuing to track for data
      💭 $1.1M premium on TSLA 430 puts expiring today with 100% bearish flow a...
      🌍 SPY +0.00%  QQQ +0.00%  VIX 18.1

  🔴 #15 AMD260515P00457500  [⏸ TRACKING]
      Entry: $22.60 │ Bid: $11.20  Mid: $11.38  Ask: $11.55
      P&L: $-1,122.50 (-49.7%) │ Target: $45.20  Stop: $11.30  DTE: 4d
      ⚠️  Stop was triggered — continuing to track for data
      💭 $2.0M premium in AMD puts expiring today with 100% bearish flow and 8....
      🌍 SPY +0.00%  QQQ +0.00%  VIX 18.1

  🔴 #16 QQQ260511P00706000  [⏸ TRACKING]
      Entry: $2.11 │ Bid: $0.03  Mid: $0.04  Ask: $0.04
      P&L: $-207.50 (-98.3%) │ Target: $4.22  Stop: $1.05  DTE: 0d
      ⚠️  Stop was triggered — continuing to track for data
      💭 QQQ put with $1.8M premium and 8.0 score expiring today in 100% bearis...
      🌍 SPY +0.00%  QQQ +0.00%  VIX 18.1

  ⏰ CONTRACT EXPIRED — auto-closing #16

  🔴 #17 TSLA260515P00427500  [⏸ TRACKING]
      Entry: $11.00 │ Bid: $4.25  Mid: $4.30  Ask: $4.35
      P&L: $-670.00 (-60.9%) │ Target: $22.00  Stop: $5.50  DTE: 4d
      ⚠️  Stop was triggered — continuing to track for data
      💭 $6M premium on TSLA puts with 8.8 score and 100% bearish flow concentr...
      🌍 SPY +0.00%  QQQ +0.00%  VIX 18.1

  ⏳ Next check in 3 minutes...

  ─────────────────────────────────────────────────────────────────
  📡 POSITION CHECK — 14:19:26 EDT
  ─────────────────────────────────────────────────────────────────

  🟢 #7 NFLX260515P00092000  [▶ OPEN]
      Entry: $3.72 │ Bid: $6.70  Mid: $6.83  Ask: $6.95
      P&L: +$310.50 (+83.5%) │ Target: $7.44  Stop: $1.86  DTE: 4d
      💭 Deep ITM put with 0.73 delta and 10 days to expiration offers defined ...
      🌍 SPY +0.00%  QQQ +0.00%  VIX 18.1
  ⚡ TARGET APPROACHING — $0.62 away (83%)

  🔴 #10 SPY260511P00745000  [⏸ TRACKING]
      Entry: $9.88 │ Bid: $4.64  Mid: $4.71  Ask: $4.78
      P&L: $-516.50 (-52.3%) │ Target: $19.75  Stop: $4.94  DTE: 0d
      ⚠️  Stop was triggered — continuing to track for data
      💭 HIGH SPY put signal — score 8.0, $4.4M premium, 3 DTE, bearish thesis....
      🌍 SPY +0.00%  QQQ +0.00%  VIX 18.1

  ⏰ CONTRACT EXPIRED — auto-closing #10

  🔴 #11 TSLA260511P00425000  [⏸ TRACKING]
      Entry: $7.83 │ Bid: $0.01  Mid: $0.01  Ask: $0.02
      P&L: $-781.00 (-99.8%) │ Target: $15.65  Stop: $3.91  DTE: 0d
      ⚠️  Stop was triggered — continuing to track for data
      💭 HIGH TSLA put signal — score 5.62, $1.6M premium, 3 DTE, bearish thesi...
      🌍 SPY +0.00%  QQQ +0.00%  VIX 18.1

  ⏰ CONTRACT EXPIRED — auto-closing #11

  🔴 #13 TSLA260511P00430000  [⏸ TRACKING]
      Entry: $7.33 │ Bid: $0.01  Mid: $0.01  Ask: $0.02
      P&L: $-731.00 (-99.8%) │ Target: $14.65  Stop: $3.66  DTE: 0d
      ⚠️  Stop was triggered — continuing to track for data
      💭 $2.8M premium on TSLA puts with 100% bearish flow and 8.0 score warran...
      🌍 SPY +0.00%  QQQ +0.00%  VIX 18.1

  ⏰ CONTRACT EXPIRED — auto-closing #13

  🔴 #14 TSLA260513P00430000  [⏸ TRACKING]
      Entry: $11.70 │ Bid: $2.69  Mid: $2.71  Ask: $2.73
      P&L: $-899.00 (-76.8%) │ Target: $23.40  Stop: $5.85  DTE: 2d
      ⚠️  Stop was triggered — continuing to track for data
      💭 $1.1M premium on TSLA 430 puts expiring today with 100% bearish flow a...
      🌍 SPY +0.00%  QQQ +0.00%  VIX 18.1

  🔴 #15 AMD260515P00457500  [⏸ TRACKING]
      Entry: $22.60 │ Bid: $11.40  Mid: $11.57  Ask: $11.75
      P&L: $-1,102.50 (-48.8%) │ Target: $45.20  Stop: $11.30  DTE: 4d
      ⚠️  Stop was triggered — continuing to track for data
      💭 $2.0M premium in AMD puts expiring today with 100% bearish flow and 8....
      🌍 SPY +0.00%  QQQ +0.00%  VIX 18.1

  🔴 #16 QQQ260511P00706000  [⏸ TRACKING]
      Entry: $2.11 │ Bid: $0.03  Mid: $0.04  Ask: $0.04
      P&L: $-207.50 (-98.3%) │ Target: $4.22  Stop: $1.05  DTE: 0d
      ⚠️  Stop was triggered — continuing to track for data
      💭 QQQ put with $1.8M premium and 8.0 score expiring today in 100% bearis...
      🌍 SPY +0.00%  QQQ +0.00%  VIX 18.1

  ⏰ CONTRACT EXPIRED — auto-closing #16

  🔴 #17 TSLA260515P00427500  [⏸ TRACKING]
      Entry: $11.00 │ Bid: $4.35  Mid: $4.38  Ask: $4.40
      P&L: $-662.50 (-60.2%) │ Target: $22.00  Stop: $5.50  DTE: 4d
      ⚠️  Stop was triggered — continuing to track for data
      💭 $6M premium on TSLA puts with 8.8 score and 100% bearish flow concentr...
      🌍 SPY +0.00%  QQQ +0.00%  VIX 18.1

  ⏳ Next check in 3 minutes...

  ─────────────────────────────────────────────────────────────────
  📡 POSITION CHECK — 14:22:27 EDT
  ─────────────────────────────────────────────────────────────────

  🟢 #7 NFLX260515P00092000  [▶ OPEN]
      Entry: $3.72 │ Bid: $6.65  Mid: $6.80  Ask: $6.95
      P&L: +$308.00 (+82.8%) │ Target: $7.44  Stop: $1.86  DTE: 4d
      💭 Deep ITM put with 0.73 delta and 10 days to expiration offers defined ...
      🌍 SPY +0.00%  QQQ +0.00%  VIX 18.1
  ⚡ TARGET APPROACHING — $0.64 away (83%)

  🔴 #10 SPY260511P00745000  [⏸ TRACKING]
      Entry: $9.88 │ Bid: $4.53  Mid: $4.58  Ask: $4.62
      P&L: $-530.00 (-53.7%) │ Target: $19.75  Stop: $4.94  DTE: 0d
      ⚠️  Stop was triggered — continuing to track for data
      💭 HIGH SPY put signal — score 8.0, $4.4M premium, 3 DTE, bearish thesis....
      🌍 SPY +0.00%  QQQ +0.00%  VIX 18.1

  ⏰ CONTRACT EXPIRED — auto-closing #10

  🔴 #11 TSLA260511P00425000  [⏸ TRACKING]
      Entry: $7.83 │ Bid: $0.01  Mid: $0.01  Ask: $0.02
      P&L: $-781.00 (-99.8%) │ Target: $15.65  Stop: $3.91  DTE: 0d
      ⚠️  Stop was triggered — continuing to track for data
      💭 HIGH TSLA put signal — score 5.62, $1.6M premium, 3 DTE, bearish thesi...
      🌍 SPY +0.00%  QQQ +0.00%  VIX 18.1

  ⏰ CONTRACT EXPIRED — auto-closing #11

  🔴 #13 TSLA260511P00430000  [⏸ TRACKING]
      Entry: $7.33 │ Bid: $0.01  Mid: $0.01  Ask: $0.02
      P&L: $-731.00 (-99.8%) │ Target: $14.65  Stop: $3.66  DTE: 0d
      ⚠️  Stop was triggered — continuing to track for data
      💭 $2.8M premium on TSLA puts with 100% bearish flow and 8.0 score warran...
      🌍 SPY +0.00%  QQQ +0.00%  VIX 18.1

  ⏰ CONTRACT EXPIRED — auto-closing #13

  🔴 #14 TSLA260513P00430000  [⏸ TRACKING]
      Entry: $11.70 │ Bid: $2.34  Mid: $2.35  Ask: $2.37
      P&L: $-934.50 (-79.9%) │ Target: $23.40  Stop: $5.85  DTE: 2d
      ⚠️  Stop was triggered — continuing to track for data
      💭 $1.1M premium on TSLA 430 puts expiring today with 100% bearish flow a...
      🌍 SPY +0.00%  QQQ +0.00%  VIX 18.1

  🔴 #15 AMD260515P00457500  [⏸ TRACKING]
      Entry: $22.60 │ Bid: $11.35  Mid: $11.45  Ask: $11.55
      P&L: $-1,115.00 (-49.3%) │ Target: $45.20  Stop: $11.30  DTE: 4d
      ⚠️  Stop was triggered — continuing to track for data
      💭 $2.0M premium in AMD puts expiring today with 100% bearish flow and 8....
      🌍 SPY +0.00%  QQQ +0.00%  VIX 18.1

  🔴 #16 QQQ260511P00706000  [⏸ TRACKING]
      Entry: $2.11 │ Bid: $0.03  Mid: $0.04  Ask: $0.04
      P&L: $-207.50 (-98.3%) │ Target: $4.22  Stop: $1.05  DTE: 0d
      ⚠️  Stop was triggered — continuing to track for data
      💭 QQQ put with $1.8M premium and 8.0 score expiring today in 100% bearis...
      🌍 SPY +0.00%  QQQ +0.00%  VIX 18.1

  ⏰ CONTRACT EXPIRED — auto-closing #16

  🔴 #17 TSLA260515P00427500  [⏸ TRACKING]
      Entry: $11.00 │ Bid: $3.95  Mid: $3.98  Ask: $4.00
      P&L: $-702.50 (-63.9%) │ Target: $22.00  Stop: $5.50  DTE: 4d
      ⚠️  Stop was triggered — continuing to track for data
      💭 $6M premium on TSLA puts with 8.8 score and 100% bearish flow concentr...
      🌍 SPY +0.00%  QQQ +0.00%  VIX 18.1

  ⏳ Next check in 3 minutes...

  ─────────────────────────────────────────────────────────────────
  📡 POSITION CHECK — 14:25:29 EDT
  ─────────────────────────────────────────────────────────────────

  🟢 #7 NFLX260515P00092000  [▶ OPEN]
      Entry: $3.72 │ Bid: $6.65  Mid: $6.78  Ask: $6.90
      P&L: +$305.50 (+82.1%) │ Target: $7.44  Stop: $1.86  DTE: 4d
      💭 Deep ITM put with 0.73 delta and 10 days to expiration offers defined ...
      🌍 SPY +0.00%  QQQ +0.00%  VIX 18.1
  ⚡ TARGET APPROACHING — $0.67 away (82%)

  🔴 #10 SPY260511P00745000  [⏸ TRACKING]
      Entry: $9.88 │ Bid: $4.67  Mid: $4.75  Ask: $4.84
      P&L: $-512.00 (-51.9%) │ Target: $19.75  Stop: $4.94  DTE: 0d
      ⚠️  Stop was triggered — continuing to track for data
      💭 HIGH SPY put signal — score 8.0, $4.4M premium, 3 DTE, bearish thesis....
      🌍 SPY +0.00%  QQQ +0.00%  VIX 18.1

  ⏰ CONTRACT EXPIRED — auto-closing #10

  🔴 #11 TSLA260511P00425000  [⏸ TRACKING]
      Entry: $7.83 │ Bid: $0.00  Mid: $0.01  Ask: $0.01
      P&L: $-781.50 (-99.9%) │ Target: $15.65  Stop: $3.91  DTE: 0d
      ⚠️  Stop was triggered — continuing to track for data
      💭 HIGH TSLA put signal — score 5.62, $1.6M premium, 3 DTE, bearish thesi...
      🌍 SPY +0.00%  QQQ +0.00%  VIX 18.1

  ⏰ CONTRACT EXPIRED — auto-closing #11

  🔴 #13 TSLA260511P00430000  [⏸ TRACKING]
      Entry: $7.33 │ Bid: $0.00  Mid: $0.01  Ask: $0.01
      P&L: $-731.50 (-99.9%) │ Target: $14.65  Stop: $3.66  DTE: 0d
      ⚠️  Stop was triggered — continuing to track for data
      💭 $2.8M premium on TSLA puts with 100% bearish flow and 8.0 score warran...
      🌍 SPY +0.00%  QQQ +0.00%  VIX 18.1

  ⏰ CONTRACT EXPIRED — auto-closing #13

  🔴 #14 TSLA260513P00430000  [⏸ TRACKING]
      Entry: $11.70 │ Bid: $2.19  Mid: $2.21  Ask: $2.23
      P&L: $-949.00 (-81.1%) │ Target: $23.40  Stop: $5.85  DTE: 2d
      ⚠️  Stop was triggered — continuing to track for data
      💭 $1.1M premium on TSLA 430 puts expiring today with 100% bearish flow a...
      🌍 SPY +0.00%  QQQ +0.00%  VIX 18.1

  🔴 #15 AMD260515P00457500  [⏸ TRACKING]
      Entry: $22.60 │ Bid: $11.70  Mid: $11.85  Ask: $12.00
      P&L: $-1,075.00 (-47.6%) │ Target: $45.20  Stop: $11.30  DTE: 4d
      ⚠️  Stop was triggered — continuing to track for data
      💭 $2.0M premium in AMD puts expiring today with 100% bearish flow and 8....
      🌍 SPY +0.00%  QQQ +0.00%  VIX 18.1

  🔴 #16 QQQ260511P00706000  [⏸ TRACKING]
      Entry: $2.11 │ Bid: $0.05  Mid: $0.06  Ask: $0.06
      P&L: $-205.50 (-97.4%) │ Target: $4.22  Stop: $1.05  DTE: 0d
      ⚠️  Stop was triggered — continuing to track for data
      💭 QQQ put with $1.8M premium and 8.0 score expiring today in 100% bearis...
      🌍 SPY +0.00%  QQQ +0.00%  VIX 18.1

  ⏰ CONTRACT EXPIRED — auto-closing #16

  🔴 #17 TSLA260515P00427500  [⏸ TRACKING]
      Entry: $11.00 │ Bid: $3.75  Mid: $3.77  Ask: $3.80
      P&L: $-722.50 (-65.7%) │ Target: $22.00  Stop: $5.50  DTE: 4d
      ⚠️  Stop was triggered — continuing to track for data
      💭 $6M premium on TSLA puts with 8.8 score and 100% bearish flow concentr...
      🌍 SPY +0.00%  QQQ +0.00%  VIX 18.1

  ⏳ Next check in 3 minutes...

  ─────────────────────────────────────────────────────────────────
  📡 POSITION CHECK — 14:28:30 EDT
  ─────────────────────────────────────────────────────────────────

  🟢 #7 NFLX260515P00092000  [▶ OPEN]
      Entry: $3.72 │ Bid: $6.70  Mid: $6.80  Ask: $6.90
      P&L: +$308.00 (+82.8%) │ Target: $7.44  Stop: $1.86  DTE: 4d
      💭 Deep ITM put with 0.73 delta and 10 days to expiration offers defined ...
      🌍 SPY +0.00%  QQQ +0.00%  VIX 18.1
  ⚡ TARGET APPROACHING — $0.64 away (83%)

  🔴 #10 SPY260511P00745000  [⏸ TRACKING]
      Entry: $9.88 │ Bid: $4.67  Mid: $4.71  Ask: $4.76
      P&L: $-516.00 (-52.2%) │ Target: $19.75  Stop: $4.94  DTE: 0d
      ⚠️  Stop was triggered — continuing to track for data
      💭 HIGH SPY put signal — score 8.0, $4.4M premium, 3 DTE, bearish thesis....
      🌍 SPY +0.00%  QQQ +0.00%  VIX 18.1

  ⏰ CONTRACT EXPIRED — auto-closing #10

  🔴 #11 TSLA260511P00425000  [⏸ TRACKING]
      Entry: $7.83 │ Bid: $0.00  Mid: $0.01  Ask: $0.01
      P&L: $-781.50 (-99.9%) │ Target: $15.65  Stop: $3.91  DTE: 0d
      ⚠️  Stop was triggered — continuing to track for data
      💭 HIGH TSLA put signal — score 5.62, $1.6M premium, 3 DTE, bearish thesi...
      🌍 SPY +0.00%  QQQ +0.00%  VIX 18.1

  ⏰ CONTRACT EXPIRED — auto-closing #11

  🔴 #13 TSLA260511P00430000  [⏸ TRACKING]
      Entry: $7.33 │ Bid: $0.01  Mid: $0.01  Ask: $0.02
      P&L: $-731.00 (-99.8%) │ Target: $14.65  Stop: $3.66  DTE: 0d
      ⚠️  Stop was triggered — continuing to track for data
      💭 $2.8M premium on TSLA puts with 100% bearish flow and 8.0 score warran...
      🌍 SPY +0.00%  QQQ +0.00%  VIX 18.1

  ⏰ CONTRACT EXPIRED — auto-closing #13

  🔴 #14 TSLA260513P00430000  [⏸ TRACKING]
      Entry: $11.70 │ Bid: $2.25  Mid: $2.27  Ask: $2.29
      P&L: $-943.00 (-80.6%) │ Target: $23.40  Stop: $5.85  DTE: 2d
      ⚠️  Stop was triggered — continuing to track for data
      💭 $1.1M premium on TSLA 430 puts expiring today with 100% bearish flow a...
      🌍 SPY +0.00%  QQQ +0.00%  VIX 18.1

  🔴 #15 AMD260515P00457500  [⏸ TRACKING]
      Entry: $22.60 │ Bid: $11.40  Mid: $11.57  Ask: $11.75
      P&L: $-1,102.50 (-48.8%) │ Target: $45.20  Stop: $11.30  DTE: 4d
      ⚠️  Stop was triggered — continuing to track for data
      💭 $2.0M premium in AMD puts expiring today with 100% bearish flow and 8....
      🌍 SPY +0.00%  QQQ +0.00%  VIX 18.1

  🔴 #16 QQQ260511P00706000  [⏸ TRACKING]
      Entry: $2.11 │ Bid: $0.05  Mid: $0.06  Ask: $0.06
      P&L: $-205.50 (-97.4%) │ Target: $4.22  Stop: $1.05  DTE: 0d
      ⚠️  Stop was triggered — continuing to track for data
      💭 QQQ put with $1.8M premium and 8.0 score expiring today in 100% bearis...
      🌍 SPY +0.00%  QQQ +0.00%  VIX 18.1

  ⏰ CONTRACT EXPIRED — auto-closing #16

  🔴 #17 TSLA260515P00427500  [⏸ TRACKING]
      Entry: $11.00 │ Bid: $3.80  Mid: $3.85  Ask: $3.90
      P&L: $-715.00 (-65.0%) │ Target: $22.00  Stop: $5.50  DTE: 4d
      ⚠️  Stop was triggered — continuing to track for data
      💭 $6M premium on TSLA puts with 8.8 score and 100% bearish flow concentr...
      🌍 SPY +0.00%  QQQ +0.00%  VIX 18.1

  ⏳ Next check in 3 minutes...

  ─────────────────────────────────────────────────────────────────
  📡 POSITION CHECK — 14:31:31 EDT
  ─────────────────────────────────────────────────────────────────

  🟢 #7 NFLX260515P00092000  [▶ OPEN]
      Entry: $3.72 │ Bid: $6.70  Mid: $6.80  Ask: $6.90
      P&L: +$308.00 (+82.8%) │ Target: $7.44  Stop: $1.86  DTE: 4d
      💭 Deep ITM put with 0.73 delta and 10 days to expiration offers defined ...
      🌍 SPY +0.00%  QQQ +0.00%  VIX 18.1
  ⚡ TARGET APPROACHING — $0.64 away (83%)

  🔴 #10 SPY260511P00745000  [⏸ TRACKING]
      Entry: $9.88 │ Bid: $4.77  Mid: $4.83  Ask: $4.89
      P&L: $-504.50 (-51.1%) │ Target: $19.75  Stop: $4.94  DTE: 0d
      ⚠️  Stop was triggered — continuing to track for data
      💭 HIGH SPY put signal — score 8.0, $4.4M premium, 3 DTE, bearish thesis....
      🌍 SPY +0.00%  QQQ +0.00%  VIX 18.1

  ⏰ CONTRACT EXPIRED — auto-closing #10

  🔴 #11 TSLA260511P00425000  [⏸ TRACKING]
      Entry: $7.83 │ Bid: $0.00  Mid: $0.01  Ask: $0.01
      P&L: $-781.50 (-99.9%) │ Target: $15.65  Stop: $3.91  DTE: 0d
      ⚠️  Stop was triggered — continuing to track for data
      💭 HIGH TSLA put signal — score 5.62, $1.6M premium, 3 DTE, bearish thesi...
      🌍 SPY +0.00%  QQQ +0.00%  VIX 18.1

  ⏰ CONTRACT EXPIRED — auto-closing #11

  🔴 #13 TSLA260511P00430000  [⏸ TRACKING]
      Entry: $7.33 │ Bid: $0.00  Mid: $0.01  Ask: $0.02
      P&L: $-731.50 (-99.9%) │ Target: $14.65  Stop: $3.66  DTE: 0d
      ⚠️  Stop was triggered — continuing to track for data
      💭 $2.8M premium on TSLA puts with 100% bearish flow and 8.0 score warran...
      🌍 SPY +0.00%  QQQ +0.00%  VIX 18.1

  ⏰ CONTRACT EXPIRED — auto-closing #13

  🔴 #14 TSLA260513P00430000  [⏸ TRACKING]
      Entry: $11.70 │ Bid: $2.18  Mid: $2.21  Ask: $2.23
      P&L: $-949.50 (-81.2%) │ Target: $23.40  Stop: $5.85  DTE: 2d
      ⚠️  Stop was triggered — continuing to track for data
      💭 $1.1M premium on TSLA 430 puts expiring today with 100% bearish flow a...
      🌍 SPY +0.00%  QQQ +0.00%  VIX 18.1

  🔴 #15 AMD260515P00457500  [⏸ TRACKING]
      Entry: $22.60 │ Bid: $12.10  Mid: $12.30  Ask: $12.50
      P&L: $-1,030.00 (-45.6%) │ Target: $45.20  Stop: $11.30  DTE: 4d
      ⚠️  Stop was triggered — continuing to track for data
      💭 $2.0M premium in AMD puts expiring today with 100% bearish flow and 8....
      🌍 SPY +0.00%  QQQ +0.00%  VIX 18.1

  🔴 #16 QQQ260511P00706000  [⏸ TRACKING]
      Entry: $2.11 │ Bid: $0.05  Mid: $0.06  Ask: $0.06
      P&L: $-205.50 (-97.4%) │ Target: $4.22  Stop: $1.05  DTE: 0d
      ⚠️  Stop was triggered — continuing to track for data
      💭 QQQ put with $1.8M premium and 8.0 score expiring today in 100% bearis...
      🌍 SPY +0.00%  QQQ +0.00%  VIX 18.1

  ⏰ CONTRACT EXPIRED — auto-closing #16

  🔴 #17 TSLA260515P00427500  [⏸ TRACKING]
      Entry: $11.00 │ Bid: $3.70  Mid: $3.75  Ask: $3.80
      P&L: $-725.00 (-65.9%) │ Target: $22.00  Stop: $5.50  DTE: 4d
      ⚠️  Stop was triggered — continuing to track for data
      💭 $6M premium on TSLA puts with 8.8 score and 100% bearish flow concentr...
      🌍 SPY +0.00%  QQQ +0.00%  VIX 18.1

  ⏳ Next check in 3 minutes...

  ─────────────────────────────────────────────────────────────────
  📡 POSITION CHECK — 14:34:32 EDT
  ─────────────────────────────────────────────────────────────────

  🟢 #7 NFLX260515P00092000  [▶ OPEN]
      Entry: $3.72 │ Bid: $6.60  Mid: $6.75  Ask: $6.90
      P&L: +$303.00 (+81.5%) │ Target: $7.44  Stop: $1.86  DTE: 4d
      💭 Deep ITM put with 0.73 delta and 10 days to expiration offers defined ...
      🌍 SPY +0.00%  QQQ +0.00%  VIX 18.2
  ⚡ TARGET APPROACHING — $0.69 away (81%)

  🔴 #10 SPY260511P00745000  [⏸ TRACKING]
      Entry: $9.88 │ Bid: $4.88  Mid: $4.92  Ask: $4.96
      P&L: $-495.50 (-50.2%) │ Target: $19.75  Stop: $4.94  DTE: 0d
      ⚠️  Stop was triggered — continuing to track for data
      💭 HIGH SPY put signal — score 8.0, $4.4M premium, 3 DTE, bearish thesis....
      🌍 SPY +0.00%  QQQ +0.00%  VIX 18.2

  ⏰ CONTRACT EXPIRED — auto-closing #10

  🔴 #11 TSLA260511P00425000  [⏸ TRACKING]
      Entry: $7.83 │ Bid: $0.00  Mid: $0.01  Ask: $0.01
      P&L: $-781.50 (-99.9%) │ Target: $15.65  Stop: $3.91  DTE: 0d
      ⚠️  Stop was triggered — continuing to track for data
      💭 HIGH TSLA put signal — score 5.62, $1.6M premium, 3 DTE, bearish thesi...
      🌍 SPY +0.00%  QQQ +0.00%  VIX 18.2

  ⏰ CONTRACT EXPIRED — auto-closing #11

  🔴 #13 TSLA260511P00430000  [⏸ TRACKING]
      Entry: $7.33 │ Bid: $0.01  Mid: $0.01  Ask: $0.02
      P&L: $-731.00 (-99.8%) │ Target: $14.65  Stop: $3.66  DTE: 0d
      ⚠️  Stop was triggered — continuing to track for data
      💭 $2.8M premium on TSLA puts with 100% bearish flow and 8.0 score warran...
      🌍 SPY +0.00%  QQQ +0.00%  VIX 18.2

  ⏰ CONTRACT EXPIRED — auto-closing #13

  🔴 #14 TSLA260513P00430000  [⏸ TRACKING]
      Entry: $11.70 │ Bid: $2.34  Mid: $2.36  Ask: $2.38
      P&L: $-934.00 (-79.8%) │ Target: $23.40  Stop: $5.85  DTE: 2d
      ⚠️  Stop was triggered — continuing to track for data
      💭 $1.1M premium on TSLA 430 puts expiring today with 100% bearish flow a...
      🌍 SPY +0.00%  QQQ +0.00%  VIX 18.2

  🔴 #15 AMD260515P00457500  [⏸ TRACKING]
      Entry: $22.60 │ Bid: $12.45  Mid: $12.62  Ask: $12.80
      P&L: $-997.50 (-44.1%) │ Target: $45.20  Stop: $11.30  DTE: 4d
      ⚠️  Stop was triggered — continuing to track for data
      💭 $2.0M premium in AMD puts expiring today with 100% bearish flow and 8....
      🌍 SPY +0.00%  QQQ +0.00%  VIX 18.2

  🔴 #16 QQQ260511P00706000  [⏸ TRACKING]
      Entry: $2.11 │ Bid: $0.05  Mid: $0.06  Ask: $0.06
      P&L: $-205.50 (-97.4%) │ Target: $4.22  Stop: $1.05  DTE: 0d
      ⚠️  Stop was triggered — continuing to track for data
      💭 QQQ put with $1.8M premium and 8.0 score expiring today in 100% bearis...
      🌍 SPY +0.00%  QQQ +0.00%  VIX 18.2

  ⏰ CONTRACT EXPIRED — auto-closing #16

  🔴 #17 TSLA260515P00427500  [⏸ TRACKING]
      Entry: $11.00 │ Bid: $3.90  Mid: $3.92  Ask: $3.95
      P&L: $-707.50 (-64.3%) │ Target: $22.00  Stop: $5.50  DTE: 4d
      ⚠️  Stop was triggered — continuing to track for data
      💭 $6M premium on TSLA puts with 8.8 score and 100% bearish flow concentr...
      🌍 SPY +0.00%  QQQ +0.00%  VIX 18.2

  ⏳ Next check in 3 minutes...

  ─────────────────────────────────────────────────────────────────
  📡 POSITION CHECK — 14:37:34 EDT
  ─────────────────────────────────────────────────────────────────

  🟢 #7 NFLX260515P00092000  [▶ OPEN]
      Entry: $3.72 │ Bid: $6.60  Mid: $6.75  Ask: $6.90
      P&L: +$303.00 (+81.5%) │ Target: $7.44  Stop: $1.86  DTE: 4d
      💭 Deep ITM put with 0.73 delta and 10 days to expiration offers defined ...
      🌍 SPY +0.00%  QQQ +0.00%  VIX 18.2
  ⚡ TARGET APPROACHING — $0.69 away (81%)

  🔴 #10 SPY260511P00745000  [⏸ TRACKING]
      Entry: $9.88 │ Bid: $4.95  Mid: $5.01  Ask: $5.07
      P&L: $-486.50 (-49.3%) │ Target: $19.75  Stop: $4.94  DTE: 0d
      ⚠️  Stop was triggered — continuing to track for data
      💭 HIGH SPY put signal — score 8.0, $4.4M premium, 3 DTE, bearish thesis....
      🌍 SPY +0.00%  QQQ +0.00%  VIX 18.2

  ⏰ CONTRACT EXPIRED — auto-closing #10

  🔴 #11 TSLA260511P00425000  [⏸ TRACKING]
      Entry: $7.83 │ Bid: $0.00  Mid: $0.01  Ask: $0.01
      P&L: $-781.50 (-99.9%) │ Target: $15.65  Stop: $3.91  DTE: 0d
      ⚠️  Stop was triggered — continuing to track for data
      💭 HIGH TSLA put signal — score 5.62, $1.6M premium, 3 DTE, bearish thesi...
      🌍 SPY +0.00%  QQQ +0.00%  VIX 18.2

  ⏰ CONTRACT EXPIRED — auto-closing #11

  🔴 #13 TSLA260511P00430000  [⏸ TRACKING]
      Entry: $7.33 │ Bid: $0.01  Mid: $0.01  Ask: $0.02
      P&L: $-731.00 (-99.8%) │ Target: $14.65  Stop: $3.66  DTE: 0d
      ⚠️  Stop was triggered — continuing to track for data
      💭 $2.8M premium on TSLA puts with 100% bearish flow and 8.0 score warran...
      🌍 SPY +0.00%  QQQ +0.00%  VIX 18.2

  ⏰ CONTRACT EXPIRED — auto-closing #13

  🔴 #14 TSLA260513P00430000  [⏸ TRACKING]
      Entry: $11.70 │ Bid: $2.30  Mid: $2.31  Ask: $2.33
      P&L: $-938.50 (-80.2%) │ Target: $23.40  Stop: $5.85  DTE: 2d
      ⚠️  Stop was triggered — continuing to track for data
      💭 $1.1M premium on TSLA 430 puts expiring today with 100% bearish flow a...
      🌍 SPY +0.00%  QQQ +0.00%  VIX 18.2

  🔴 #15 AMD260515P00457500  [⏸ TRACKING]
      Entry: $22.60 │ Bid: $12.50  Mid: $12.68  Ask: $12.85
      P&L: $-992.50 (-43.9%) │ Target: $45.20  Stop: $11.30  DTE: 4d
      ⚠️  Stop was triggered — continuing to track for data
      💭 $2.0M premium in AMD puts expiring today with 100% bearish flow and 8....
      🌍 SPY +0.00%  QQQ +0.00%  VIX 18.2

  🔴 #16 QQQ260511P00706000  [⏸ TRACKING]
      Entry: $2.11 │ Bid: $0.05  Mid: $0.06  Ask: $0.06
      P&L: $-205.50 (-97.4%) │ Target: $4.22  Stop: $1.05  DTE: 0d
      ⚠️  Stop was triggered — continuing to track for data
      💭 QQQ put with $1.8M premium and 8.0 score expiring today in 100% bearis...
      🌍 SPY +0.00%  QQQ +0.00%  VIX 18.2

  ⏰ CONTRACT EXPIRED — auto-closing #16

  🔴 #17 TSLA260515P00427500  [⏸ TRACKING]
      Entry: $11.00 │ Bid: $3.85  Mid: $3.90  Ask: $3.95
      P&L: $-710.00 (-64.5%) │ Target: $22.00  Stop: $5.50  DTE: 4d
      ⚠️  Stop was triggered — continuing to track for data
      💭 $6M premium on TSLA puts with 8.8 score and 100% bearish flow concentr...
      🌍 SPY +0.00%  QQQ +0.00%  VIX 18.2

  ⏳ Next check in 3 minutes...

  ─────────────────────────────────────────────────────────────────
  📡 POSITION CHECK — 14:40:35 EDT
  ─────────────────────────────────────────────────────────────────

  🟢 #7 NFLX260515P00092000  [▶ OPEN]
      Entry: $3.72 │ Bid: $6.60  Mid: $6.75  Ask: $6.90
      P&L: +$303.00 (+81.5%) │ Target: $7.44  Stop: $1.86  DTE: 4d
      💭 Deep ITM put with 0.73 delta and 10 days to expiration offers defined ...
      🌍 SPY +0.00%  QQQ +0.00%  VIX 18.2
  ⚡ TARGET APPROACHING — $0.69 away (81%)

  🔴 #10 SPY260511P00745000  [⏸ TRACKING]
      Entry: $9.88 │ Bid: $5.11  Mid: $5.25  Ask: $5.39
      P&L: $-462.50 (-46.8%) │ Target: $19.75  Stop: $4.94  DTE: 0d
      ⚠️  Stop was triggered — continuing to track for data
      💭 HIGH SPY put signal — score 8.0, $4.4M premium, 3 DTE, bearish thesis....
      🌍 SPY +0.00%  QQQ +0.00%  VIX 18.2

  ⏰ CONTRACT EXPIRED — auto-closing #10

  🔴 #11 TSLA260511P00425000  [⏸ TRACKING]
      Entry: $7.83 │ Bid: $0.00  Mid: $0.01  Ask: $0.01
      P&L: $-781.50 (-99.9%) │ Target: $15.65  Stop: $3.91  DTE: 0d
      ⚠️  Stop was triggered — continuing to track for data
      💭 HIGH TSLA put signal — score 5.62, $1.6M premium, 3 DTE, bearish thesi...
      🌍 SPY +0.00%  QQQ +0.00%  VIX 18.2

  ⏰ CONTRACT EXPIRED — auto-closing #11

  🔴 #13 TSLA260511P00430000  [⏸ TRACKING]
      Entry: $7.33 │ Bid: $0.01  Mid: $0.01  Ask: $0.02
      P&L: $-731.00 (-99.8%) │ Target: $14.65  Stop: $3.66  DTE: 0d
      ⚠️  Stop was triggered — continuing to track for data
      💭 $2.8M premium on TSLA puts with 100% bearish flow and 8.0 score warran...
      🌍 SPY +0.00%  QQQ +0.00%  VIX 18.2

  ⏰ CONTRACT EXPIRED — auto-closing #13

  🔴 #14 TSLA260513P00430000  [⏸ TRACKING]
      Entry: $11.70 │ Bid: $2.41  Mid: $2.43  Ask: $2.45
      P&L: $-927.00 (-79.2%) │ Target: $23.40  Stop: $5.85  DTE: 2d
      ⚠️  Stop was triggered — continuing to track for data
      💭 $1.1M premium on TSLA 430 puts expiring today with 100% bearish flow a...
      🌍 SPY +0.00%  QQQ +0.00%  VIX 18.2

  🔴 #15 AMD260515P00457500  [⏸ TRACKING]
      Entry: $22.60 │ Bid: $12.40  Mid: $12.57  Ask: $12.75
      P&L: $-1,002.50 (-44.4%) │ Target: $45.20  Stop: $11.30  DTE: 4d
      ⚠️  Stop was triggered — continuing to track for data
      💭 $2.0M premium in AMD puts expiring today with 100% bearish flow and 8....
      🌍 SPY +0.00%  QQQ +0.00%  VIX 18.2

  🔴 #16 QQQ260511P00706000  [⏸ TRACKING]
      Entry: $2.11 │ Bid: $0.08  Mid: $0.09  Ask: $0.09
      P&L: $-202.50 (-96.0%) │ Target: $4.22  Stop: $1.05  DTE: 0d
      ⚠️  Stop was triggered — continuing to track for data
      💭 QQQ put with $1.8M premium and 8.0 score expiring today in 100% bearis...
      🌍 SPY +0.00%  QQQ +0.00%  VIX 18.2

  ⏰ CONTRACT EXPIRED — auto-closing #16

  🔴 #17 TSLA260515P00427500  [⏸ TRACKING]
      Entry: $11.00 │ Bid: $3.95  Mid: $4.00  Ask: $4.05
      P&L: $-700.00 (-63.6%) │ Target: $22.00  Stop: $5.50  DTE: 4d
      ⚠️  Stop was triggered — continuing to track for data
      💭 $6M premium on TSLA puts with 8.8 score and 100% bearish flow concentr...
      🌍 SPY +0.00%  QQQ +0.00%  VIX 18.2

  ⏳ Next check in 3 minutes...

  ─────────────────────────────────────────────────────────────────
  📡 POSITION CHECK — 14:43:36 EDT
  ─────────────────────────────────────────────────────────────────

  🟢 #7 NFLX260515P00092000  [▶ OPEN]
      Entry: $3.72 │ Bid: $6.55  Mid: $6.72  Ask: $6.90
      P&L: +$300.50 (+80.8%) │ Target: $7.44  Stop: $1.86  DTE: 4d
      💭 Deep ITM put with 0.73 delta and 10 days to expiration offers defined ...
      🌍 SPY +0.00%  QQQ +0.00%  VIX 18.2
  ⚡ TARGET APPROACHING — $0.72 away (81%)

  🔴 #10 SPY260511P00745000  [⏸ TRACKING]
      Entry: $9.88 │ Bid: $5.11  Mid: $5.28  Ask: $5.45
      P&L: $-459.50 (-46.5%) │ Target: $19.75  Stop: $4.94  DTE: 0d
      ⚠️  Stop was triggered — continuing to track for data
      💭 HIGH SPY put signal — score 8.0, $4.4M premium, 3 DTE, bearish thesis....
      🌍 SPY +0.00%  QQQ +0.00%  VIX 18.2

  ⏰ CONTRACT EXPIRED — auto-closing #10

  🔴 #11 TSLA260511P00425000  [⏸ TRACKING]
      Entry: $7.83 │ Bid: $0.00  Mid: $0.01  Ask: $0.01
      P&L: $-781.50 (-99.9%) │ Target: $15.65  Stop: $3.91  DTE: 0d
      ⚠️  Stop was triggered — continuing to track for data
      💭 HIGH TSLA put signal — score 5.62, $1.6M premium, 3 DTE, bearish thesi...
      🌍 SPY +0.00%  QQQ +0.00%  VIX 18.2

  ⏰ CONTRACT EXPIRED — auto-closing #11

  🔴 #13 TSLA260511P00430000  [⏸ TRACKING]
      Entry: $7.33 │ Bid: $0.01  Mid: $0.01  Ask: $0.02
      P&L: $-731.00 (-99.8%) │ Target: $14.65  Stop: $3.66  DTE: 0d
      ⚠️  Stop was triggered — continuing to track for data
      💭 $2.8M premium on TSLA puts with 100% bearish flow and 8.0 score warran...
      🌍 SPY +0.00%  QQQ +0.00%  VIX 18.2

  ⏰ CONTRACT EXPIRED — auto-closing #13

  🔴 #14 TSLA260513P00430000  [⏸ TRACKING]
      Entry: $11.70 │ Bid: $2.31  Mid: $2.33  Ask: $2.35
      P&L: $-937.00 (-80.1%) │ Target: $23.40  Stop: $5.85  DTE: 2d
      ⚠️  Stop was triggered — continuing to track for data
      💭 $1.1M premium on TSLA 430 puts expiring today with 100% bearish flow a...
      🌍 SPY +0.00%  QQQ +0.00%  VIX 18.2

  🔴 #15 AMD260515P00457500  [⏸ TRACKING]
      Entry: $22.60 │ Bid: $12.45  Mid: $12.57  Ask: $12.70
      P&L: $-1,002.50 (-44.4%) │ Target: $45.20  Stop: $11.30  DTE: 4d
      ⚠️  Stop was triggered — continuing to track for data
      💭 $2.0M premium in AMD puts expiring today with 100% bearish flow and 8....
      🌍 SPY +0.00%  QQQ +0.00%  VIX 18.2

  🔴 #16 QQQ260511P00706000  [⏸ TRACKING]
      Entry: $2.11 │ Bid: $0.08  Mid: $0.09  Ask: $0.09
      P&L: $-202.50 (-96.0%) │ Target: $4.22  Stop: $1.05  DTE: 0d
      ⚠️  Stop was triggered — continuing to track for data
      💭 QQQ put with $1.8M premium and 8.0 score expiring today in 100% bearis...
      🌍 SPY +0.00%  QQQ +0.00%  VIX 18.2

  ⏰ CONTRACT EXPIRED — auto-closing #16

  🔴 #17 TSLA260515P00427500  [⏸ TRACKING]
      Entry: $11.00 │ Bid: $3.85  Mid: $3.90  Ask: $3.95
      P&L: $-710.00 (-64.5%) │ Target: $22.00  Stop: $5.50  DTE: 4d
      ⚠️  Stop was triggered — continuing to track for data
      💭 $6M premium on TSLA puts with 8.8 score and 100% bearish flow concentr...
      🌍 SPY +0.00%  QQQ +0.00%  VIX 18.2

  ⏳ Next check in 3 minutes...

  ─────────────────────────────────────────────────────────────────
  📡 POSITION CHECK — 14:46:38 EDT
  ─────────────────────────────────────────────────────────────────

  🟢 #7 NFLX260515P00092000  [▶ OPEN]
      Entry: $3.72 │ Bid: $6.50  Mid: $6.60  Ask: $6.70
      P&L: +$288.00 (+77.4%) │ Target: $7.44  Stop: $1.86  DTE: 4d
      💭 Deep ITM put with 0.73 delta and 10 days to expiration offers defined ...
      🌍 SPY +0.00%  QQQ +0.00%  VIX 18.2

  🔴 #10 SPY260511P00745000  [⏸ TRACKING]
      Entry: $9.88 │ Bid: $5.28  Mid: $5.34  Ask: $5.41
      P&L: $-453.00 (-45.9%) │ Target: $19.75  Stop: $4.94  DTE: 0d
      ⚠️  Stop was triggered — continuing to track for data
      💭 HIGH SPY put signal — score 8.0, $4.4M premium, 3 DTE, bearish thesis....
      🌍 SPY +0.00%  QQQ +0.00%  VIX 18.2

  ⏰ CONTRACT EXPIRED — auto-closing #10

  🔴 #11 TSLA260511P00425000  [⏸ TRACKING]
      Entry: $7.83 │ Bid: $0.00  Mid: $0.01  Ask: $0.01
      P&L: $-781.50 (-99.9%) │ Target: $15.65  Stop: $3.91  DTE: 0d
      ⚠️  Stop was triggered — continuing to track for data
      💭 HIGH TSLA put signal — score 5.62, $1.6M premium, 3 DTE, bearish thesi...
      🌍 SPY +0.00%  QQQ +0.00%  VIX 18.2

  ⏰ CONTRACT EXPIRED — auto-closing #11

  🔴 #13 TSLA260511P00430000  [⏸ TRACKING]
      Entry: $7.33 │ Bid: $0.01  Mid: $0.01  Ask: $0.02
      P&L: $-731.00 (-99.8%) │ Target: $14.65  Stop: $3.66  DTE: 0d
      ⚠️  Stop was triggered — continuing to track for data
      💭 $2.8M premium on TSLA puts with 100% bearish flow and 8.0 score warran...
      🌍 SPY +0.00%  QQQ +0.00%  VIX 18.2

  ⏰ CONTRACT EXPIRED — auto-closing #13

  🔴 #14 TSLA260513P00430000  [⏸ TRACKING]
      Entry: $11.70 │ Bid: $2.23  Mid: $2.25  Ask: $2.27
      P&L: $-945.00 (-80.8%) │ Target: $23.40  Stop: $5.85  DTE: 2d
      ⚠️  Stop was triggered — continuing to track for data
      💭 $1.1M premium on TSLA 430 puts expiring today with 100% bearish flow a...
      🌍 SPY +0.00%  QQQ +0.00%  VIX 18.2

  🔴 #15 AMD260515P00457500  [⏸ TRACKING]
      Entry: $22.60 │ Bid: $12.50  Mid: $12.70  Ask: $12.90
      P&L: $-990.00 (-43.8%) │ Target: $45.20  Stop: $11.30  DTE: 4d
      ⚠️  Stop was triggered — continuing to track for data
      💭 $2.0M premium in AMD puts expiring today with 100% bearish flow and 8....
      🌍 SPY +0.00%  QQQ +0.00%  VIX 18.2

  🔴 #16 QQQ260511P00706000  [⏸ TRACKING]
      Entry: $2.11 │ Bid: $0.08  Mid: $0.09  Ask: $0.09
      P&L: $-202.50 (-96.0%) │ Target: $4.22  Stop: $1.05  DTE: 0d
      ⚠️  Stop was triggered — continuing to track for data
      💭 QQQ put with $1.8M premium and 8.0 score expiring today in 100% bearis...
      🌍 SPY +0.00%  QQQ +0.00%  VIX 18.2

  ⏰ CONTRACT EXPIRED — auto-closing #16

  🔴 #17 TSLA260515P00427500  [⏸ TRACKING]
      Entry: $11.00 │ Bid: $3.80  Mid: $3.83  Ask: $3.85
      P&L: $-717.50 (-65.2%) │ Target: $22.00  Stop: $5.50  DTE: 4d
      ⚠️  Stop was triggered — continuing to track for data
      💭 $6M premium on TSLA puts with 8.8 score and 100% bearish flow concentr...
      🌍 SPY +0.00%  QQQ +0.00%  VIX 18.2

  ⏳ Next check in 3 minutes...

  ─────────────────────────────────────────────────────────────────
  📡 POSITION CHECK — 14:49:39 EDT
  ─────────────────────────────────────────────────────────────────

  🟢 #7 NFLX260515P00092000  [▶ OPEN]
      Entry: $3.72 │ Bid: $6.55  Mid: $6.62  Ask: $6.70
      P&L: +$290.50 (+78.1%) │ Target: $7.44  Stop: $1.86  DTE: 4d
      💭 Deep ITM put with 0.73 delta and 10 days to expiration offers defined ...
      🌍 SPY +0.00%  QQQ +0.00%  VIX 18.2

  🔴 #10 SPY260511P00745000  [⏸ TRACKING]
      Entry: $9.88 │ Bid: $5.41  Mid: $5.46  Ask: $5.52
      P&L: $-441.00 (-44.7%) │ Target: $19.75  Stop: $4.94  DTE: 0d
      ⚠️  Stop was triggered — continuing to track for data
      💭 HIGH SPY put signal — score 8.0, $4.4M premium, 3 DTE, bearish thesis....
      🌍 SPY +0.00%  QQQ +0.00%  VIX 18.2

  ⏰ CONTRACT EXPIRED — auto-closing #10

  🔴 #11 TSLA260511P00425000  [⏸ TRACKING]
      Entry: $7.83 │ Bid: $0.00  Mid: $0.01  Ask: $0.01
      P&L: $-781.50 (-99.9%) │ Target: $15.65  Stop: $3.91  DTE: 0d
      ⚠️  Stop was triggered — continuing to track for data
      💭 HIGH TSLA put signal — score 5.62, $1.6M premium, 3 DTE, bearish thesi...
      🌍 SPY +0.00%  QQQ +0.00%  VIX 18.2

  ⏰ CONTRACT EXPIRED — auto-closing #11

  🔴 #13 TSLA260511P00430000  [⏸ TRACKING]
      Entry: $7.33 │ Bid: $0.01  Mid: $0.01  Ask: $0.02
      P&L: $-731.00 (-99.8%) │ Target: $14.65  Stop: $3.66  DTE: 0d
      ⚠️  Stop was triggered — continuing to track for data
      💭 $2.8M premium on TSLA puts with 100% bearish flow and 8.0 score warran...
      🌍 SPY +0.00%  QQQ +0.00%  VIX 18.2

  ⏰ CONTRACT EXPIRED — auto-closing #13

  🔴 #14 TSLA260513P00430000  [⏸ TRACKING]
      Entry: $11.70 │ Bid: $2.29  Mid: $2.31  Ask: $2.33
      P&L: $-939.00 (-80.3%) │ Target: $23.40  Stop: $5.85  DTE: 2d
      ⚠️  Stop was triggered — continuing to track for data
      💭 $1.1M premium on TSLA 430 puts expiring today with 100% bearish flow a...
      🌍 SPY +0.00%  QQQ +0.00%  VIX 18.2

  🔴 #15 AMD260515P00457500  [⏸ TRACKING]
      Entry: $22.60 │ Bid: $12.60  Mid: $12.80  Ask: $13.00
      P&L: $-980.00 (-43.4%) │ Target: $45.20  Stop: $11.30  DTE: 4d
      ⚠️  Stop was triggered — continuing to track for data
      💭 $2.0M premium in AMD puts expiring today with 100% bearish flow and 8....
      🌍 SPY +0.00%  QQQ +0.00%  VIX 18.2

  🔴 #16 QQQ260511P00706000  [⏸ TRACKING]
      Entry: $2.11 │ Bid: $0.08  Mid: $0.09  Ask: $0.09
      P&L: $-202.50 (-96.0%) │ Target: $4.22  Stop: $1.05  DTE: 0d
      ⚠️  Stop was triggered — continuing to track for data
      💭 QQQ put with $1.8M premium and 8.0 score expiring today in 100% bearis...
      🌍 SPY +0.00%  QQQ +0.00%  VIX 18.2

  ⏰ CONTRACT EXPIRED — auto-closing #16

  🔴 #17 TSLA260515P00427500  [⏸ TRACKING]
      Entry: $11.00 │ Bid: $3.90  Mid: $3.92  Ask: $3.95
      P&L: $-707.50 (-64.3%) │ Target: $22.00  Stop: $5.50  DTE: 4d
      ⚠️  Stop was triggered — continuing to track for data
      💭 $6M premium on TSLA puts with 8.8 score and 100% bearish flow concentr...
      🌍 SPY +0.00%  QQQ +0.00%  VIX 18.2

  ⏳ Next check in 3 minutes...

  ─────────────────────────────────────────────────────────────────
  📡 POSITION CHECK — 14:52:40 EDT
  ─────────────────────────────────────────────────────────────────

  🟢 #7 NFLX260515P00092000  [▶ OPEN]
      Entry: $3.72 │ Bid: $6.55  Mid: $6.65  Ask: $6.75
      P&L: +$293.00 (+78.8%) │ Target: $7.44  Stop: $1.86  DTE: 4d
      💭 Deep ITM put with 0.73 delta and 10 days to expiration offers defined ...
      🌍 SPY +0.00%  QQQ +0.00%  VIX 18.2

  🔴 #10 SPY260511P00745000  [⏸ TRACKING]
      Entry: $9.88 │ Bid: $5.45  Mid: $5.50  Ask: $5.56
      P&L: $-437.00 (-44.2%) │ Target: $19.75  Stop: $4.94  DTE: 0d
      ⚠️  Stop was triggered — continuing to track for data
      💭 HIGH SPY put signal — score 8.0, $4.4M premium, 3 DTE, bearish thesis....
      🌍 SPY +0.00%  QQQ +0.00%  VIX 18.2

  ⏰ CONTRACT EXPIRED — auto-closing #10

  🔴 #11 TSLA260511P00425000  [⏸ TRACKING]
      Entry: $7.83 │ Bid: $0.00  Mid: $0.01  Ask: $0.01
      P&L: $-781.50 (-99.9%) │ Target: $15.65  Stop: $3.91  DTE: 0d
      ⚠️  Stop was triggered — continuing to track for data
      💭 HIGH TSLA put signal — score 5.62, $1.6M premium, 3 DTE, bearish thesi...
      🌍 SPY +0.00%  QQQ +0.00%  VIX 18.2

  ⏰ CONTRACT EXPIRED — auto-closing #11

  🔴 #13 TSLA260511P00430000  [⏸ TRACKING]
      Entry: $7.33 │ Bid: $0.01  Mid: $0.01  Ask: $0.02
      P&L: $-731.00 (-99.8%) │ Target: $14.65  Stop: $3.66  DTE: 0d
      ⚠️  Stop was triggered — continuing to track for data
      💭 $2.8M premium on TSLA puts with 100% bearish flow and 8.0 score warran...
      🌍 SPY +0.00%  QQQ +0.00%  VIX 18.2

  ⏰ CONTRACT EXPIRED — auto-closing #13

  🔴 #14 TSLA260513P00430000  [⏸ TRACKING]
      Entry: $11.70 │ Bid: $2.15  Mid: $2.17  Ask: $2.18
      P&L: $-953.50 (-81.5%) │ Target: $23.40  Stop: $5.85  DTE: 2d
      ⚠️  Stop was triggered — continuing to track for data
      💭 $1.1M premium on TSLA 430 puts expiring today with 100% bearish flow a...
      🌍 SPY +0.00%  QQQ +0.00%  VIX 18.2

  🔴 #15 AMD260515P00457500  [⏸ TRACKING]
      Entry: $22.60 │ Bid: $12.40  Mid: $12.57  Ask: $12.75
      P&L: $-1,002.50 (-44.4%) │ Target: $45.20  Stop: $11.30  DTE: 4d
      ⚠️  Stop was triggered — continuing to track for data
      💭 $2.0M premium in AMD puts expiring today with 100% bearish flow and 8....
      🌍 SPY +0.00%  QQQ +0.00%  VIX 18.2

  🔴 #16 QQQ260511P00706000  [⏸ TRACKING]
      Entry: $2.11 │ Bid: $0.08  Mid: $0.09  Ask: $0.09
      P&L: $-202.50 (-96.0%) │ Target: $4.22  Stop: $1.05  DTE: 0d
      ⚠️  Stop was triggered — continuing to track for data
      💭 QQQ put with $1.8M premium and 8.0 score expiring today in 100% bearis...
      🌍 SPY +0.00%  QQQ +0.00%  VIX 18.2

  ⏰ CONTRACT EXPIRED — auto-closing #16

  🔴 #17 TSLA260515P00427500  [⏸ TRACKING]
      Entry: $11.00 │ Bid: $3.70  Mid: $3.75  Ask: $3.80
      P&L: $-725.00 (-65.9%) │ Target: $22.00  Stop: $5.50  DTE: 4d
      ⚠️  Stop was triggered — continuing to track for data
      💭 $6M premium on TSLA puts with 8.8 score and 100% bearish flow concentr...
      🌍 SPY +0.00%  QQQ +0.00%  VIX 18.2

  ⏳ Next check in 3 minutes...

  ─────────────────────────────────────────────────────────────────
  📡 POSITION CHECK — 14:55:42 EDT
  ─────────────────────────────────────────────────────────────────

  🟢 #7 NFLX260515P00092000  [▶ OPEN]
      Entry: $3.72 │ Bid: $6.55  Mid: $6.65  Ask: $6.75
      P&L: +$293.00 (+78.8%) │ Target: $7.44  Stop: $1.86  DTE: 4d
      💭 Deep ITM put with 0.73 delta and 10 days to expiration offers defined ...
      🌍 SPY +0.00%  QQQ +0.00%  VIX 18.2

  🔴 #10 SPY260511P00745000  [⏸ TRACKING]
      Entry: $9.88 │ Bid: $5.42  Mid: $5.61  Ask: $5.80
      P&L: $-426.50 (-43.2%) │ Target: $19.75  Stop: $4.94  DTE: 0d
      ⚠️  Stop was triggered — continuing to track for data
      💭 HIGH SPY put signal — score 8.0, $4.4M premium, 3 DTE, bearish thesis....
      🌍 SPY +0.00%  QQQ +0.00%  VIX 18.2

  ⏰ CONTRACT EXPIRED — auto-closing #10

  🔴 #11 TSLA260511P00425000  [⏸ TRACKING]
      Entry: $7.83 │ Bid: $0.00  Mid: $0.01  Ask: $0.01
      P&L: $-781.50 (-99.9%) │ Target: $15.65  Stop: $3.91  DTE: 0d
      ⚠️  Stop was triggered — continuing to track for data
      💭 HIGH TSLA put signal — score 5.62, $1.6M premium, 3 DTE, bearish thesi...
      🌍 SPY +0.00%  QQQ +0.00%  VIX 18.2

  ⏰ CONTRACT EXPIRED — auto-closing #11

  🔴 #13 TSLA260511P00430000  [⏸ TRACKING]
      Entry: $7.33 │ Bid: $0.01  Mid: $0.01  Ask: $0.02
      P&L: $-731.00 (-99.8%) │ Target: $14.65  Stop: $3.66  DTE: 0d
      ⚠️  Stop was triggered — continuing to track for data
      💭 $2.8M premium on TSLA puts with 100% bearish flow and 8.0 score warran...
      🌍 SPY +0.00%  QQQ +0.00%  VIX 18.2

  ⏰ CONTRACT EXPIRED — auto-closing #13

  🔴 #14 TSLA260513P00430000  [⏸ TRACKING]
      Entry: $11.70 │ Bid: $2.32  Mid: $2.33  Ask: $2.35
      P&L: $-936.50 (-80.0%) │ Target: $23.40  Stop: $5.85  DTE: 2d
      ⚠️  Stop was triggered — continuing to track for data
      💭 $1.1M premium on TSLA 430 puts expiring today with 100% bearish flow a...
      🌍 SPY +0.00%  QQQ +0.00%  VIX 18.2

  🔴 #15 AMD260515P00457500  [⏸ TRACKING]
      Entry: $22.60 │ Bid: $12.10  Mid: $12.38  Ask: $12.65
      P&L: $-1,022.50 (-45.2%) │ Target: $45.20  Stop: $11.30  DTE: 4d
      ⚠️  Stop was triggered — continuing to track for data
      💭 $2.0M premium in AMD puts expiring today with 100% bearish flow and 8....
      🌍 SPY +0.00%  QQQ +0.00%  VIX 18.2

  🔴 #16 QQQ260511P00706000  [⏸ TRACKING]
      Entry: $2.11 │ Bid: $0.08  Mid: $0.09  Ask: $0.09
      P&L: $-202.50 (-96.0%) │ Target: $4.22  Stop: $1.05  DTE: 0d
      ⚠️  Stop was triggered — continuing to track for data
      💭 QQQ put with $1.8M premium and 8.0 score expiring today in 100% bearis...
      🌍 SPY +0.00%  QQQ +0.00%  VIX 18.2

  ⏰ CONTRACT EXPIRED — auto-closing #16

  🔴 #17 TSLA260515P00427500  [⏸ TRACKING]
      Entry: $11.00 │ Bid: $3.90  Mid: $3.95  Ask: $4.00
      P&L: $-705.00 (-64.1%) │ Target: $22.00  Stop: $5.50  DTE: 4d
      ⚠️  Stop was triggered — continuing to track for data
      💭 $6M premium on TSLA puts with 8.8 score and 100% bearish flow concentr...
      🌍 SPY +0.00%  QQQ +0.00%  VIX 18.2

  ⏳ Next check in 3 minutes...

  Refreshing auth token...

  ─────────────────────────────────────────────────────────────────
  📡 POSITION CHECK — 14:58:44 EDT
  ─────────────────────────────────────────────────────────────────

  🟢 #7 NFLX260515P00092000  [▶ OPEN]
      Entry: $3.72 │ Bid: $6.55  Mid: $6.65  Ask: $6.75
      P&L: +$293.00 (+78.8%) │ Target: $7.44  Stop: $1.86  DTE: 4d
      💭 Deep ITM put with 0.73 delta and 10 days to expiration offers defined ...
      🌍 SPY +0.00%  QQQ +0.00%  VIX 18.2

  🔴 #10 SPY260511P00745000  [⏸ TRACKING]
      Entry: $9.88 │ Bid: $5.89  Mid: $6.06  Ask: $6.23
      P&L: $-381.50 (-38.6%) │ Target: $19.75  Stop: $4.94  DTE: 0d
      ⚠️  Stop was triggered — continuing to track for data
      💭 HIGH SPY put signal — score 8.0, $4.4M premium, 3 DTE, bearish thesis....
      🌍 SPY +0.00%  QQQ +0.00%  VIX 18.2

  ⏰ CONTRACT EXPIRED — auto-closing #10

  🔴 #11 TSLA260511P00425000  [⏸ TRACKING]
      Entry: $7.83 │ Bid: $0.00  Mid: $0.01  Ask: $0.01
      P&L: $-781.50 (-99.9%) │ Target: $15.65  Stop: $3.91  DTE: 0d
      ⚠️  Stop was triggered — continuing to track for data
      💭 HIGH TSLA put signal — score 5.62, $1.6M premium, 3 DTE, bearish thesi...
      🌍 SPY +0.00%  QQQ +0.00%  VIX 18.2

  ⏰ CONTRACT EXPIRED — auto-closing #11

  🔴 #13 TSLA260511P00430000  [⏸ TRACKING]
      Entry: $7.33 │ Bid: $0.01  Mid: $0.01  Ask: $0.02
      P&L: $-731.00 (-99.8%) │ Target: $14.65  Stop: $3.66  DTE: 0d
      ⚠️  Stop was triggered — continuing to track for data
      💭 $2.8M premium on TSLA puts with 100% bearish flow and 8.0 score warran...
      🌍 SPY +0.00%  QQQ +0.00%  VIX 18.2

  ⏰ CONTRACT EXPIRED — auto-closing #13

  🔴 #14 TSLA260513P00430000  [⏸ TRACKING]
      Entry: $11.70 │ Bid: $2.41  Mid: $2.43  Ask: $2.45
      P&L: $-927.00 (-79.2%) │ Target: $23.40  Stop: $5.85  DTE: 2d
      ⚠️  Stop was triggered — continuing to track for data
      💭 $1.1M premium on TSLA 430 puts expiring today with 100% bearish flow a...
      🌍 SPY +0.00%  QQQ +0.00%  VIX 18.2

  🔴 #15 AMD260515P00457500  [⏸ TRACKING]
      Entry: $22.60 │ Bid: $12.50  Mid: $12.75  Ask: $13.00
      P&L: $-985.00 (-43.6%) │ Target: $45.20  Stop: $11.30  DTE: 4d
      ⚠️  Stop was triggered — continuing to track for data
      💭 $2.0M premium in AMD puts expiring today with 100% bearish flow and 8....
      🌍 SPY +0.00%  QQQ +0.00%  VIX 18.2

  🔴 #16 QQQ260511P00706000  [⏸ TRACKING]
      Entry: $2.11 │ Bid: $0.12  Mid: $0.12  Ask: $0.13
      P&L: $-198.50 (-94.1%) │ Target: $4.22  Stop: $1.05  DTE: 0d
      ⚠️  Stop was triggered — continuing to track for data
      💭 QQQ put with $1.8M premium and 8.0 score expiring today in 100% bearis...
      🌍 SPY +0.00%  QQQ +0.00%  VIX 18.2

  ⏰ CONTRACT EXPIRED — auto-closing #16

  🔴 #17 TSLA260515P00427500  [⏸ TRACKING]
      Entry: $11.00 │ Bid: $4.00  Mid: $4.05  Ask: $4.10
      P&L: $-695.00 (-63.2%) │ Target: $22.00  Stop: $5.50  DTE: 4d
      ⚠️  Stop was triggered — continuing to track for data
      💭 $6M premium on TSLA puts with 8.8 score and 100% bearish flow concentr...
      🌍 SPY +0.00%  QQQ +0.00%  VIX 18.2

  ⏳ Next check in 3 minutes...

  ─────────────────────────────────────────────────────────────────
  📡 POSITION CHECK — 15:01:45 EDT
  ─────────────────────────────────────────────────────────────────

  🟢 #7 NFLX260515P00092000  [▶ OPEN]
      Entry: $3.72 │ Bid: $6.55  Mid: $6.65  Ask: $6.75
      P&L: +$293.00 (+78.8%) │ Target: $7.44  Stop: $1.86  DTE: 4d
      💭 Deep ITM put with 0.73 delta and 10 days to expiration offers defined ...
      🌍 SPY +0.00%  QQQ +0.00%  VIX 18.2

  🔴 #10 SPY260511P00745000  [⏸ TRACKING]
      Entry: $9.88 │ Bid: $6.20  Mid: $6.29  Ask: $6.39
      P&L: $-358.00 (-36.2%) │ Target: $19.75  Stop: $4.94  DTE: 0d
      ⚠️  Stop was triggered — continuing to track for data
      💭 HIGH SPY put signal — score 8.0, $4.4M premium, 3 DTE, bearish thesis....
      🌍 SPY +0.00%  QQQ +0.00%  VIX 18.2

  ⏰ CONTRACT EXPIRED — auto-closing #10

  🔴 #11 TSLA260511P00425000  [⏸ TRACKING]
      Entry: $7.83 │ Bid: $0.00  Mid: $0.01  Ask: $0.01
      P&L: $-781.50 (-99.9%) │ Target: $15.65  Stop: $3.91  DTE: 0d
      ⚠️  Stop was triggered — continuing to track for data
      💭 HIGH TSLA put signal — score 5.62, $1.6M premium, 3 DTE, bearish thesi...
      🌍 SPY +0.00%  QQQ +0.00%  VIX 18.2

  ⏰ CONTRACT EXPIRED — auto-closing #11

  🔴 #13 TSLA260511P00430000  [⏸ TRACKING]
      Entry: $7.33 │ Bid: $0.01  Mid: $0.01  Ask: $0.02
      P&L: $-731.00 (-99.8%) │ Target: $14.65  Stop: $3.66  DTE: 0d
      ⚠️  Stop was triggered — continuing to track for data
      💭 $2.8M premium on TSLA puts with 100% bearish flow and 8.0 score warran...
      🌍 SPY +0.00%  QQQ +0.00%  VIX 18.2

  ⏰ CONTRACT EXPIRED — auto-closing #13

  🔴 #14 TSLA260513P00430000  [⏸ TRACKING]
      Entry: $11.70 │ Bid: $2.41  Mid: $2.43  Ask: $2.45
      P&L: $-927.00 (-79.2%) │ Target: $23.40  Stop: $5.85  DTE: 2d
      ⚠️  Stop was triggered — continuing to track for data
      💭 $1.1M premium on TSLA 430 puts expiring today with 100% bearish flow a...
      🌍 SPY +0.00%  QQQ +0.00%  VIX 18.2

  🔴 #15 AMD260515P00457500  [⏸ TRACKING]
      Entry: $22.60 │ Bid: $12.65  Mid: $12.88  Ask: $13.10
      P&L: $-972.50 (-43.0%) │ Target: $45.20  Stop: $11.30  DTE: 4d
      ⚠️  Stop was triggered — continuing to track for data
      💭 $2.0M premium in AMD puts expiring today with 100% bearish flow and 8....
      🌍 SPY +0.00%  QQQ +0.00%  VIX 18.2

  🔴 #16 QQQ260511P00706000  [⏸ TRACKING]
      Entry: $2.11 │ Bid: $0.11  Mid: $0.12  Ask: $0.12
      P&L: $-199.50 (-94.5%) │ Target: $4.22  Stop: $1.05  DTE: 0d
      ⚠️  Stop was triggered — continuing to track for data
      💭 QQQ put with $1.8M premium and 8.0 score expiring today in 100% bearis...
      🌍 SPY +0.00%  QQQ +0.00%  VIX 18.2

  ⏰ CONTRACT EXPIRED — auto-closing #16

  🔴 #17 TSLA260515P00427500  [⏸ TRACKING]
      Entry: $11.00 │ Bid: $4.00  Mid: $4.05  Ask: $4.10
      P&L: $-695.00 (-63.2%) │ Target: $22.00  Stop: $5.50  DTE: 4d
      ⚠️  Stop was triggered — continuing to track for data
      💭 $6M premium on TSLA puts with 8.8 score and 100% bearish flow concentr...
      🌍 SPY +0.00%  QQQ +0.00%  VIX 18.2

  ⏳ Next check in 3 minutes...

  ─────────────────────────────────────────────────────────────────
  📡 POSITION CHECK — 15:04:46 EDT
  ─────────────────────────────────────────────────────────────────

  🟢 #7 NFLX260515P00092000  [▶ OPEN]
      Entry: $3.72 │ Bid: $6.50  Mid: $6.62  Ask: $6.75
      P&L: +$290.50 (+78.1%) │ Target: $7.44  Stop: $1.86  DTE: 4d
      💭 Deep ITM put with 0.73 delta and 10 days to expiration offers defined ...
      🌍 SPY +0.00%  QQQ +0.00%  VIX 18.3

  🔴 #10 SPY260511P00745000  [⏸ TRACKING]
      Entry: $9.88 │ Bid: $6.62  Mid: $6.65  Ask: $6.68
      P&L: $-322.50 (-32.7%) │ Target: $19.75  Stop: $4.94  DTE: 0d
      ⚠️  Stop was triggered — continuing to track for data
      💭 HIGH SPY put signal — score 8.0, $4.4M premium, 3 DTE, bearish thesis....
      🌍 SPY +0.00%  QQQ +0.00%  VIX 18.3

  ⏰ CONTRACT EXPIRED — auto-closing #10

  🔴 #11 TSLA260511P00425000  [⏸ TRACKING]
      Entry: $7.83 │ Bid: $0.00  Mid: $0.01  Ask: $0.01
      P&L: $-781.50 (-99.9%) │ Target: $15.65  Stop: $3.91  DTE: 0d
      ⚠️  Stop was triggered — continuing to track for data
      💭 HIGH TSLA put signal — score 5.62, $1.6M premium, 3 DTE, bearish thesi...
      🌍 SPY +0.00%  QQQ +0.00%  VIX 18.3

  ⏰ CONTRACT EXPIRED — auto-closing #11

  🔴 #13 TSLA260511P00430000  [⏸ TRACKING]
      Entry: $7.33 │ Bid: $0.01  Mid: $0.01  Ask: $0.02
      P&L: $-731.00 (-99.8%) │ Target: $14.65  Stop: $3.66  DTE: 0d
      ⚠️  Stop was triggered — continuing to track for data
      💭 $2.8M premium on TSLA puts with 100% bearish flow and 8.0 score warran...
      🌍 SPY +0.00%  QQQ +0.00%  VIX 18.3

  ⏰ CONTRACT EXPIRED — auto-closing #13

  🔴 #14 TSLA260513P00430000  [⏸ TRACKING]
      Entry: $11.70 │ Bid: $2.20  Mid: $2.23  Ask: $2.26
      P&L: $-947.00 (-80.9%) │ Target: $23.40  Stop: $5.85  DTE: 2d
      ⚠️  Stop was triggered — continuing to track for data
      💭 $1.1M premium on TSLA 430 puts expiring today with 100% bearish flow a...
      🌍 SPY +0.00%  QQQ +0.00%  VIX 18.3

  🔴 #15 AMD260515P00457500  [⏸ TRACKING]
      Entry: $22.60 │ Bid: $13.10  Mid: $13.30  Ask: $13.50
      P&L: $-930.00 (-41.1%) │ Target: $45.20  Stop: $11.30  DTE: 4d
      ⚠️  Stop was triggered — continuing to track for data
      💭 $2.0M premium in AMD puts expiring today with 100% bearish flow and 8....
      🌍 SPY +0.00%  QQQ +0.00%  VIX 18.3

  🔴 #16 QQQ260511P00706000  [⏸ TRACKING]
      Entry: $2.11 │ Bid: $0.13  Mid: $0.14  Ask: $0.14
      P&L: $-197.50 (-93.6%) │ Target: $4.22  Stop: $1.05  DTE: 0d
      ⚠️  Stop was triggered — continuing to track for data
      💭 QQQ put with $1.8M premium and 8.0 score expiring today in 100% bearis...
      🌍 SPY +0.00%  QQQ +0.00%  VIX 18.3

  ⏰ CONTRACT EXPIRED — auto-closing #16

  🔴 #17 TSLA260515P00427500  [⏸ TRACKING]
      Entry: $11.00 │ Bid: $3.75  Mid: $3.80  Ask: $3.85
      P&L: $-720.00 (-65.5%) │ Target: $22.00  Stop: $5.50  DTE: 4d
      ⚠️  Stop was triggered — continuing to track for data
      💭 $6M premium on TSLA puts with 8.8 score and 100% bearish flow concentr...
      🌍 SPY +0.00%  QQQ +0.00%  VIX 18.3

  ⏳ Next check in 3 minutes...

  ─────────────────────────────────────────────────────────────────
  📡 POSITION CHECK — 15:07:48 EDT
  ─────────────────────────────────────────────────────────────────

  🟢 #7 NFLX260515P00092000  [▶ OPEN]
      Entry: $3.72 │ Bid: $6.55  Mid: $6.67  Ask: $6.80
      P&L: +$295.50 (+79.4%) │ Target: $7.44  Stop: $1.86  DTE: 4d
      💭 Deep ITM put with 0.73 delta and 10 days to expiration offers defined ...
      🌍 SPY +0.00%  QQQ +0.00%  VIX 18.3

  🔴 #10 SPY260511P00745000  [⏸ TRACKING]
      Entry: $9.88 │ Bid: $6.08  Mid: $6.17  Ask: $6.25
      P&L: $-371.00 (-37.6%) │ Target: $19.75  Stop: $4.94  DTE: 0d
      ⚠️  Stop was triggered — continuing to track for data
      💭 HIGH SPY put signal — score 8.0, $4.4M premium, 3 DTE, bearish thesis....
      🌍 SPY +0.00%  QQQ +0.00%  VIX 18.3

  ⏰ CONTRACT EXPIRED — auto-closing #10

  🔴 #11 TSLA260511P00425000  [⏸ TRACKING]
      Entry: $7.83 │ Bid: $0.00  Mid: $0.01  Ask: $0.01
      P&L: $-781.50 (-99.9%) │ Target: $15.65  Stop: $3.91  DTE: 0d
      ⚠️  Stop was triggered — continuing to track for data
      💭 HIGH TSLA put signal — score 5.62, $1.6M premium, 3 DTE, bearish thesi...
      🌍 SPY +0.00%  QQQ +0.00%  VIX 18.3

  ⏰ CONTRACT EXPIRED — auto-closing #11

  🔴 #13 TSLA260511P00430000  [⏸ TRACKING]
      Entry: $7.33 │ Bid: $0.00  Mid: $0.01  Ask: $0.01
      P&L: $-731.50 (-99.9%) │ Target: $14.65  Stop: $3.66  DTE: 0d
      ⚠️  Stop was triggered — continuing to track for data
      💭 $2.8M premium on TSLA puts with 100% bearish flow and 8.0 score warran...
      🌍 SPY +0.00%  QQQ +0.00%  VIX 18.3

  ⏰ CONTRACT EXPIRED — auto-closing #13

  🔴 #14 TSLA260513P00430000  [⏸ TRACKING]
      Entry: $11.70 │ Bid: $2.13  Mid: $2.15  Ask: $2.16
      P&L: $-955.50 (-81.7%) │ Target: $23.40  Stop: $5.85  DTE: 2d
      ⚠️  Stop was triggered — continuing to track for data
      💭 $1.1M premium on TSLA 430 puts expiring today with 100% bearish flow a...
      🌍 SPY +0.00%  QQQ +0.00%  VIX 18.3

  🔴 #15 AMD260515P00457500  [⏸ TRACKING]
      Entry: $22.60 │ Bid: $12.60  Mid: $12.78  Ask: $12.95
      P&L: $-982.50 (-43.5%) │ Target: $45.20  Stop: $11.30  DTE: 4d
      ⚠️  Stop was triggered — continuing to track for data
      💭 $2.0M premium in AMD puts expiring today with 100% bearish flow and 8....
      🌍 SPY +0.00%  QQQ +0.00%  VIX 18.3

  🔴 #16 QQQ260511P00706000  [⏸ TRACKING]
      Entry: $2.11 │ Bid: $0.07  Mid: $0.07  Ask: $0.08
      P&L: $-203.50 (-96.5%) │ Target: $4.22  Stop: $1.05  DTE: 0d
      ⚠️  Stop was triggered — continuing to track for data
      💭 QQQ put with $1.8M premium and 8.0 score expiring today in 100% bearis...
      🌍 SPY +0.00%  QQQ +0.00%  VIX 18.3

  ⏰ CONTRACT EXPIRED — auto-closing #16

  🔴 #17 TSLA260515P00427500  [⏸ TRACKING]
      Entry: $11.00 │ Bid: $3.65  Mid: $3.67  Ask: $3.70
      P&L: $-732.50 (-66.6%) │ Target: $22.00  Stop: $5.50  DTE: 4d
      ⚠️  Stop was triggered — continuing to track for data
      💭 $6M premium on TSLA puts with 8.8 score and 100% bearish flow concentr...
      🌍 SPY +0.00%  QQQ +0.00%  VIX 18.3

  ⏳ Next check in 3 minutes...

  ─────────────────────────────────────────────────────────────────
  📡 POSITION CHECK — 15:10:49 EDT
  ─────────────────────────────────────────────────────────────────

  🟢 #7 NFLX260515P00092000  [▶ OPEN]
      Entry: $3.72 │ Bid: $6.65  Mid: $6.72  Ask: $6.80
      P&L: +$300.50 (+80.8%) │ Target: $7.44  Stop: $1.86  DTE: 4d
      💭 Deep ITM put with 0.73 delta and 10 days to expiration offers defined ...
      🌍 SPY +0.00%  QQQ +0.00%  VIX 18.2
  ⚡ TARGET APPROACHING — $0.72 away (81%)

  🔴 #10 SPY260511P00745000  [⏸ TRACKING]
      Entry: $9.88 │ Bid: $5.99  Mid: $6.05  Ask: $6.11
      P&L: $-382.50 (-38.7%) │ Target: $19.75  Stop: $4.94  DTE: 0d
      ⚠️  Stop was triggered — continuing to track for data
      💭 HIGH SPY put signal — score 8.0, $4.4M premium, 3 DTE, bearish thesis....
      🌍 SPY +0.00%  QQQ +0.00%  VIX 18.2

  ⏰ CONTRACT EXPIRED — auto-closing #10

  🔴 #11 TSLA260511P00425000  [⏸ TRACKING]
      Entry: $7.83 │ Bid: $0.00  Mid: $0.01  Ask: $0.01
      P&L: $-781.50 (-99.9%) │ Target: $15.65  Stop: $3.91  DTE: 0d
      ⚠️  Stop was triggered — continuing to track for data
      💭 HIGH TSLA put signal — score 5.62, $1.6M premium, 3 DTE, bearish thesi...
      🌍 SPY +0.00%  QQQ +0.00%  VIX 18.2

  ⏰ CONTRACT EXPIRED — auto-closing #11

  🔴 #13 TSLA260511P00430000  [⏸ TRACKING]
      Entry: $7.33 │ Bid: $0.00  Mid: $0.01  Ask: $0.01
      P&L: $-731.50 (-99.9%) │ Target: $14.65  Stop: $3.66  DTE: 0d
      ⚠️  Stop was triggered — continuing to track for data
      💭 $2.8M premium on TSLA puts with 100% bearish flow and 8.0 score warran...
      🌍 SPY +0.00%  QQQ +0.00%  VIX 18.2

  ⏰ CONTRACT EXPIRED — auto-closing #13

  🔴 #14 TSLA260513P00430000  [⏸ TRACKING]
      Entry: $11.70 │ Bid: $1.93  Mid: $1.95  Ask: $1.96
      P&L: $-975.50 (-83.4%) │ Target: $23.40  Stop: $5.85  DTE: 2d
      ⚠️  Stop was triggered — continuing to track for data
      💭 $1.1M premium on TSLA 430 puts expiring today with 100% bearish flow a...
      🌍 SPY +0.00%  QQQ +0.00%  VIX 18.2

  🔴 #15 AMD260515P00457500  [⏸ TRACKING]
      Entry: $22.60 │ Bid: $12.10  Mid: $12.30  Ask: $12.50
      P&L: $-1,030.00 (-45.6%) │ Target: $45.20  Stop: $11.30  DTE: 4d
      ⚠️  Stop was triggered — continuing to track for data
      💭 $2.0M premium in AMD puts expiring today with 100% bearish flow and 8....
      🌍 SPY +0.00%  QQQ +0.00%  VIX 18.2

  🔴 #16 QQQ260511P00706000  [⏸ TRACKING]
      Entry: $2.11 │ Bid: $0.06  Mid: $0.07  Ask: $0.07
      P&L: $-204.50 (-96.9%) │ Target: $4.22  Stop: $1.05  DTE: 0d
      ⚠️  Stop was triggered — continuing to track for data
      💭 QQQ put with $1.8M premium and 8.0 score expiring today in 100% bearis...
      🌍 SPY +0.00%  QQQ +0.00%  VIX 18.2

  ⏰ CONTRACT EXPIRED — auto-closing #16

  🔴 #17 TSLA260515P00427500  [⏸ TRACKING]
      Entry: $11.00 │ Bid: $3.40  Mid: $3.45  Ask: $3.50
      P&L: $-755.00 (-68.6%) │ Target: $22.00  Stop: $5.50  DTE: 4d
      ⚠️  Stop was triggered — continuing to track for data
      💭 $6M premium on TSLA puts with 8.8 score and 100% bearish flow concentr...
      🌍 SPY +0.00%  QQQ +0.00%  VIX 18.2

  ⏳ Next check in 3 minutes...

  ─────────────────────────────────────────────────────────────────
  📡 POSITION CHECK — 15:13:50 EDT
  ─────────────────────────────────────────────────────────────────

  🟢 #7 NFLX260515P00092000  [▶ OPEN]
      Entry: $3.72 │ Bid: $6.65  Mid: $6.72  Ask: $6.80
      P&L: +$300.50 (+80.8%) │ Target: $7.44  Stop: $1.86  DTE: 4d
      💭 Deep ITM put with 0.73 delta and 10 days to expiration offers defined ...
      🌍 SPY +0.00%  QQQ +0.00%  VIX 18.3
  ⚡ TARGET APPROACHING — $0.72 away (81%)

  🔴 #10 SPY260511P00745000  [⏸ TRACKING]
      Entry: $9.88 │ Bid: $6.16  Mid: $6.23  Ask: $6.30
      P&L: $-364.50 (-36.9%) │ Target: $19.75  Stop: $4.94  DTE: 0d
      ⚠️  Stop was triggered — continuing to track for data
      💭 HIGH SPY put signal — score 8.0, $4.4M premium, 3 DTE, bearish thesis....
      🌍 SPY +0.00%  QQQ +0.00%  VIX 18.3

  ⏰ CONTRACT EXPIRED — auto-closing #10

  🔴 #11 TSLA260511P00425000  [⏸ TRACKING]
      Entry: $7.83 │ Bid: $0.00  Mid: $0.01  Ask: $0.01
      P&L: $-781.50 (-99.9%) │ Target: $15.65  Stop: $3.91  DTE: 0d
      ⚠️  Stop was triggered — continuing to track for data
      💭 HIGH TSLA put signal — score 5.62, $1.6M premium, 3 DTE, bearish thesi...
      🌍 SPY +0.00%  QQQ +0.00%  VIX 18.3

  ⏰ CONTRACT EXPIRED — auto-closing #11

  🔴 #13 TSLA260511P00430000  [⏸ TRACKING]
      Entry: $7.33 │ Bid: $0.00  Mid: $0.01  Ask: $0.01
      P&L: $-731.50 (-99.9%) │ Target: $14.65  Stop: $3.66  DTE: 0d
      ⚠️  Stop was triggered — continuing to track for data
      💭 $2.8M premium on TSLA puts with 100% bearish flow and 8.0 score warran...
      🌍 SPY +0.00%  QQQ +0.00%  VIX 18.3

  ⏰ CONTRACT EXPIRED — auto-closing #13

  🔴 #14 TSLA260513P00430000  [⏸ TRACKING]
      Entry: $11.70 │ Bid: $1.99  Mid: $2.00  Ask: $2.02
      P&L: $-969.50 (-82.9%) │ Target: $23.40  Stop: $5.85  DTE: 2d
      ⚠️  Stop was triggered — continuing to track for data
      💭 $1.1M premium on TSLA 430 puts expiring today with 100% bearish flow a...
      🌍 SPY +0.00%  QQQ +0.00%  VIX 18.3

  🔴 #15 AMD260515P00457500  [⏸ TRACKING]
      Entry: $22.60 │ Bid: $12.85  Mid: $13.05  Ask: $13.25
      P&L: $-955.00 (-42.3%) │ Target: $45.20  Stop: $11.30  DTE: 4d
      ⚠️  Stop was triggered — continuing to track for data
      💭 $2.0M premium in AMD puts expiring today with 100% bearish flow and 8....
      🌍 SPY +0.00%  QQQ +0.00%  VIX 18.3

  🔴 #16 QQQ260511P00706000  [⏸ TRACKING]
      Entry: $2.11 │ Bid: $0.05  Mid: $0.06  Ask: $0.06
      P&L: $-205.50 (-97.4%) │ Target: $4.22  Stop: $1.05  DTE: 0d
      ⚠️  Stop was triggered — continuing to track for data
      💭 QQQ put with $1.8M premium and 8.0 score expiring today in 100% bearis...
      🌍 SPY +0.00%  QQQ +0.00%  VIX 18.3

  ⏰ CONTRACT EXPIRED — auto-closing #16

  🔴 #17 TSLA260515P00427500  [⏸ TRACKING]
      Entry: $11.00 │ Bid: $3.45  Mid: $3.50  Ask: $3.55
      P&L: $-750.00 (-68.2%) │ Target: $22.00  Stop: $5.50  DTE: 4d
      ⚠️  Stop was triggered — continuing to track for data
      💭 $6M premium on TSLA puts with 8.8 score and 100% bearish flow concentr...
      🌍 SPY +0.00%  QQQ +0.00%  VIX 18.3

  ⏳ Next check in 3 minutes...

  ─────────────────────────────────────────────────────────────────
  📡 POSITION CHECK — 15:16:52 EDT
  ─────────────────────────────────────────────────────────────────

  🟢 #7 NFLX260515P00092000  [▶ OPEN]
      Entry: $3.72 │ Bid: $6.55  Mid: $6.62  Ask: $6.70
      P&L: +$290.50 (+78.1%) │ Target: $7.44  Stop: $1.86  DTE: 4d
      💭 Deep ITM put with 0.73 delta and 10 days to expiration offers defined ...
      🌍 SPY +0.00%  QQQ +0.00%  VIX 18.3

  🔴 #10 SPY260511P00745000  [⏸ TRACKING]
      Entry: $9.88 │ Bid: $6.55  Mid: $6.59  Ask: $6.63
      P&L: $-328.50 (-33.3%) │ Target: $19.75  Stop: $4.94  DTE: 0d
      ⚠️  Stop was triggered — continuing to track for data
      💭 HIGH SPY put signal — score 8.0, $4.4M premium, 3 DTE, bearish thesis....
      🌍 SPY +0.00%  QQQ +0.00%  VIX 18.3

  ⏰ CONTRACT EXPIRED — auto-closing #10

  🔴 #11 TSLA260511P00425000  [⏸ TRACKING]
      Entry: $7.83 │ Bid: $0.00  Mid: $0.01  Ask: $0.01
      P&L: $-781.50 (-99.9%) │ Target: $15.65  Stop: $3.91  DTE: 0d
      ⚠️  Stop was triggered — continuing to track for data
      💭 HIGH TSLA put signal — score 5.62, $1.6M premium, 3 DTE, bearish thesi...
      🌍 SPY +0.00%  QQQ +0.00%  VIX 18.3

  ⏰ CONTRACT EXPIRED — auto-closing #11

  🔴 #13 TSLA260511P00430000  [⏸ TRACKING]
      Entry: $7.33 │ Bid: $0.00  Mid: $0.01  Ask: $0.01
      P&L: $-731.50 (-99.9%) │ Target: $14.65  Stop: $3.66  DTE: 0d
      ⚠️  Stop was triggered — continuing to track for data
      💭 $2.8M premium on TSLA puts with 100% bearish flow and 8.0 score warran...
      🌍 SPY +0.00%  QQQ +0.00%  VIX 18.3

  ⏰ CONTRACT EXPIRED — auto-closing #13

  🔴 #14 TSLA260513P00430000  [⏸ TRACKING]
      Entry: $11.70 │ Bid: $2.17  Mid: $2.19  Ask: $2.21
      P&L: $-951.00 (-81.3%) │ Target: $23.40  Stop: $5.85  DTE: 2d
      ⚠️  Stop was triggered — continuing to track for data
      💭 $1.1M premium on TSLA 430 puts expiring today with 100% bearish flow a...
      🌍 SPY +0.00%  QQQ +0.00%  VIX 18.3

  🔴 #15 AMD260515P00457500  [⏸ TRACKING]
      Entry: $22.60 │ Bid: $13.30  Mid: $13.53  Ask: $13.75
      P&L: $-907.50 (-40.1%) │ Target: $45.20  Stop: $11.30  DTE: 4d
      ⚠️  Stop was triggered — continuing to track for data
      💭 $2.0M premium in AMD puts expiring today with 100% bearish flow and 8....
      🌍 SPY +0.00%  QQQ +0.00%  VIX 18.3

  🔴 #16 QQQ260511P00706000  [⏸ TRACKING]
      Entry: $2.11 │ Bid: $0.05  Mid: $0.06  Ask: $0.06
      P&L: $-205.50 (-97.4%) │ Target: $4.22  Stop: $1.05  DTE: 0d
      ⚠️  Stop was triggered — continuing to track for data
      💭 QQQ put with $1.8M premium and 8.0 score expiring today in 100% bearis...
      🌍 SPY +0.00%  QQQ +0.00%  VIX 18.3

  ⏰ CONTRACT EXPIRED — auto-closing #16

  🔴 #17 TSLA260515P00427500  [⏸ TRACKING]
      Entry: $11.00 │ Bid: $3.65  Mid: $3.70  Ask: $3.75
      P&L: $-730.00 (-66.4%) │ Target: $22.00  Stop: $5.50  DTE: 4d
      ⚠️  Stop was triggered — continuing to track for data
      💭 $6M premium on TSLA puts with 8.8 score and 100% bearish flow concentr...
      🌍 SPY +0.00%  QQQ +0.00%  VIX 18.3

  ⏳ Next check in 3 minutes...

  ─────────────────────────────────────────────────────────────────
  📡 POSITION CHECK — 15:19:53 EDT
  ─────────────────────────────────────────────────────────────────

  🔴 #10 SPY260511P00745000  [⏸ TRACKING]
      Entry: $9.88 │ Bid: $6.43  Mid: $6.46  Ask: $6.50
      P&L: $-341.00 (-34.5%) │ Target: $19.75  Stop: $4.94  DTE: 0d
      ⚠️  Stop was triggered — continuing to track for data
      💭 HIGH SPY put signal — score 8.0, $4.4M premium, 3 DTE, bearish thesis....
      🌍 SPY +0.00%  QQQ +0.00%  VIX 18.4

  ⏰ CONTRACT EXPIRED — auto-closing #10

  🔴 #11 TSLA260511P00425000  [⏸ TRACKING]
      Entry: $7.83 │ Bid: $0.00  Mid: $0.01  Ask: $0.01
      P&L: $-781.50 (-99.9%) │ Target: $15.65  Stop: $3.91  DTE: 0d
      ⚠️  Stop was triggered — continuing to track for data
      💭 HIGH TSLA put signal — score 5.62, $1.6M premium, 3 DTE, bearish thesi...
      🌍 SPY +0.00%  QQQ +0.00%  VIX 18.4

  ⏰ CONTRACT EXPIRED — auto-closing #11

  🔴 #13 TSLA260511P00430000  [⏸ TRACKING]
      Entry: $7.33 │ Bid: $0.00  Mid: $0.01  Ask: $0.01
      P&L: $-731.50 (-99.9%) │ Target: $14.65  Stop: $3.66  DTE: 0d
      ⚠️  Stop was triggered — continuing to track for data
      💭 $2.8M premium on TSLA puts with 100% bearish flow and 8.0 score warran...
      🌍 SPY +0.00%  QQQ +0.00%  VIX 18.4

  ⏰ CONTRACT EXPIRED — auto-closing #13

  🔴 #14 TSLA260513P00430000  [⏸ TRACKING]
      Entry: $11.70 │ Bid: $2.16  Mid: $2.18  Ask: $2.20
      P&L: $-952.00 (-81.4%) │ Target: $23.40  Stop: $5.85  DTE: 2d
      ⚠️  Stop was triggered — continuing to track for data
      💭 $1.1M premium on TSLA 430 puts expiring today with 100% bearish flow a...
      🌍 SPY +0.00%  QQQ +0.00%  VIX 18.4

  🔴 #15 AMD260515P00457500  [⏸ TRACKING]
      Entry: $22.60 │ Bid: $13.20  Mid: $13.38  Ask: $13.55
      P&L: $-922.50 (-40.8%) │ Target: $45.20  Stop: $11.30  DTE: 4d
      ⚠️  Stop was triggered — continuing to track for data
      💭 $2.0M premium in AMD puts expiring today with 100% bearish flow and 8....
      🌍 SPY +0.00%  QQQ +0.00%  VIX 18.4

  🔴 #16 QQQ260511P00706000  [⏸ TRACKING]
      Entry: $2.11 │ Bid: $0.05  Mid: $0.06  Ask: $0.06
      P&L: $-205.50 (-97.4%) │ Target: $4.22  Stop: $1.05  DTE: 0d
      ⚠️  Stop was triggered — continuing to track for data
      💭 QQQ put with $1.8M premium and 8.0 score expiring today in 100% bearis...
      🌍 SPY +0.00%  QQQ +0.00%  VIX 18.4

  ⏰ CONTRACT EXPIRED — auto-closing #16

  🔴 #17 TSLA260515P00427500  [⏸ TRACKING]
      Entry: $11.00 │ Bid: $3.65  Mid: $3.67  Ask: $3.70
      P&L: $-732.50 (-66.6%) │ Target: $22.00  Stop: $5.50  DTE: 4d
      ⚠️  Stop was triggered — continuing to track for data
      💭 $6M premium on TSLA puts with 8.8 score and 100% bearish flow concentr...
      🌍 SPY +0.00%  QQQ +0.00%  VIX 18.4

  ⏳ Next check in 3 minutes...

  ─────────────────────────────────────────────────────────────────
  📡 POSITION CHECK — 15:22:54 EDT
  ─────────────────────────────────────────────────────────────────

  🔴 #10 SPY260511P00745000  [⏸ TRACKING]
      Entry: $9.88 │ Bid: $6.68  Mid: $6.78  Ask: $6.87
      P&L: $-310.00 (-31.4%) │ Target: $19.75  Stop: $4.94  DTE: 0d
      ⚠️  Stop was triggered — continuing to track for data
      💭 HIGH SPY put signal — score 8.0, $4.4M premium, 3 DTE, bearish thesis....
      🌍 SPY +0.00%  QQQ +0.00%  VIX 18.4

  ⏰ CONTRACT EXPIRED — auto-closing #10

  🔴 #11 TSLA260511P00425000  [⏸ TRACKING]
      Entry: $7.83 │ Bid: $0.00  Mid: $0.01  Ask: $0.01
      P&L: $-781.50 (-99.9%) │ Target: $15.65  Stop: $3.91  DTE: 0d
      ⚠️  Stop was triggered — continuing to track for data
      💭 HIGH TSLA put signal — score 5.62, $1.6M premium, 3 DTE, bearish thesi...
      🌍 SPY +0.00%  QQQ +0.00%  VIX 18.4

  ⏰ CONTRACT EXPIRED — auto-closing #11

  🔴 #13 TSLA260511P00430000  [⏸ TRACKING]
      Entry: $7.33 │ Bid: $0.00  Mid: $0.01  Ask: $0.01
      P&L: $-731.50 (-99.9%) │ Target: $14.65  Stop: $3.66  DTE: 0d
      ⚠️  Stop was triggered — continuing to track for data
      💭 $2.8M premium on TSLA puts with 100% bearish flow and 8.0 score warran...
      🌍 SPY +0.00%  QQQ +0.00%  VIX 18.4

  ⏰ CONTRACT EXPIRED — auto-closing #13

  🔴 #14 TSLA260513P00430000  [⏸ TRACKING]
      Entry: $11.70 │ Bid: $2.12  Mid: $2.14  Ask: $2.16
      P&L: $-956.00 (-81.7%) │ Target: $23.40  Stop: $5.85  DTE: 2d
      ⚠️  Stop was triggered — continuing to track for data
      💭 $1.1M premium on TSLA 430 puts expiring today with 100% bearish flow a...
      🌍 SPY +0.00%  QQQ +0.00%  VIX 18.4

  🔴 #15 AMD260515P00457500  [⏸ TRACKING]
      Entry: $22.60 │ Bid: $13.10  Mid: $13.28  Ask: $13.45
      P&L: $-932.50 (-41.3%) │ Target: $45.20  Stop: $11.30  DTE: 4d
      ⚠️  Stop was triggered — continuing to track for data
      💭 $2.0M premium in AMD puts expiring today with 100% bearish flow and 8....
      🌍 SPY +0.00%  QQQ +0.00%  VIX 18.4

  🔴 #16 QQQ260511P00706000  [⏸ TRACKING]
      Entry: $2.11 │ Bid: $0.05  Mid: $0.06  Ask: $0.06
      P&L: $-205.50 (-97.4%) │ Target: $4.22  Stop: $1.05  DTE: 0d
      ⚠️  Stop was triggered — continuing to track for data
      💭 QQQ put with $1.8M premium and 8.0 score expiring today in 100% bearis...
      🌍 SPY +0.00%  QQQ +0.00%  VIX 18.4

  ⏰ CONTRACT EXPIRED — auto-closing #16

  🔴 #17 TSLA260515P00427500  [⏸ TRACKING]
      Entry: $11.00 │ Bid: $3.60  Mid: $3.65  Ask: $3.70
      P&L: $-735.00 (-66.8%) │ Target: $22.00  Stop: $5.50  DTE: 4d
      ⚠️  Stop was triggered — continuing to track for data
      💭 $6M premium on TSLA puts with 8.8 score and 100% bearish flow concentr...
      🌍 SPY +0.00%  QQQ +0.00%  VIX 18.4

  ⏳ Next check in 3 minutes...

  ─────────────────────────────────────────────────────────────────
  📡 POSITION CHECK — 15:25:56 EDT
  ─────────────────────────────────────────────────────────────────

  🔴 #10 SPY260511P00745000  [⏸ TRACKING]
      Entry: $9.88 │ Bid: $6.59  Mid: $6.62  Ask: $6.65
      P&L: $-325.50 (-33.0%) │ Target: $19.75  Stop: $4.94  DTE: 0d
      ⚠️  Stop was triggered — continuing to track for data
      💭 HIGH SPY put signal — score 8.0, $4.4M premium, 3 DTE, bearish thesis....
      🌍 SPY +0.00%  QQQ +0.00%  VIX 18.4

  ⏰ CONTRACT EXPIRED — auto-closing #10

  🔴 #11 TSLA260511P00425000  [⏸ TRACKING]
      Entry: $7.83 │ Bid: $0.00  Mid: $0.01  Ask: $0.01
      P&L: $-781.50 (-99.9%) │ Target: $15.65  Stop: $3.91  DTE: 0d
      ⚠️  Stop was triggered — continuing to track for data
      💭 HIGH TSLA put signal — score 5.62, $1.6M premium, 3 DTE, bearish thesi...
      🌍 SPY +0.00%  QQQ +0.00%  VIX 18.4

  ⏰ CONTRACT EXPIRED — auto-closing #11

  🔴 #13 TSLA260511P00430000  [⏸ TRACKING]
      Entry: $7.33 │ Bid: $0.00  Mid: $0.01  Ask: $0.01
      P&L: $-731.50 (-99.9%) │ Target: $14.65  Stop: $3.66  DTE: 0d
      ⚠️  Stop was triggered — continuing to track for data
      💭 $2.8M premium on TSLA puts with 100% bearish flow and 8.0 score warran...
      🌍 SPY +0.00%  QQQ +0.00%  VIX 18.4

  ⏰ CONTRACT EXPIRED — auto-closing #13

  🔴 #14 TSLA260513P00430000  [⏸ TRACKING]
      Entry: $11.70 │ Bid: $2.17  Mid: $2.19  Ask: $2.21
      P&L: $-951.00 (-81.3%) │ Target: $23.40  Stop: $5.85  DTE: 2d
      ⚠️  Stop was triggered — continuing to track for data
      💭 $1.1M premium on TSLA 430 puts expiring today with 100% bearish flow a...
      🌍 SPY +0.00%  QQQ +0.00%  VIX 18.4

  🔴 #15 AMD260515P00457500  [⏸ TRACKING]
      Entry: $22.60 │ Bid: $13.50  Mid: $13.68  Ask: $13.85
      P&L: $-892.50 (-39.5%) │ Target: $45.20  Stop: $11.30  DTE: 4d
      ⚠️  Stop was triggered — continuing to track for data
      💭 $2.0M premium in AMD puts expiring today with 100% bearish flow and 8....
      🌍 SPY +0.00%  QQQ +0.00%  VIX 18.4

  🔴 #16 QQQ260511P00706000  [⏸ TRACKING]
      Entry: $2.11 │ Bid: $0.05  Mid: $0.06  Ask: $0.06
      P&L: $-205.50 (-97.4%) │ Target: $4.22  Stop: $1.05  DTE: 0d
      ⚠️  Stop was triggered — continuing to track for data
      💭 QQQ put with $1.8M premium and 8.0 score expiring today in 100% bearis...
      🌍 SPY +0.00%  QQQ +0.00%  VIX 18.4

  ⏰ CONTRACT EXPIRED — auto-closing #16

  🔴 #17 TSLA260515P00427500  [⏸ TRACKING]
      Entry: $11.00 │ Bid: $3.70  Mid: $3.73  Ask: $3.75
      P&L: $-727.50 (-66.1%) │ Target: $22.00  Stop: $5.50  DTE: 4d
      ⚠️  Stop was triggered — continuing to track for data
      💭 $6M premium on TSLA puts with 8.8 score and 100% bearish flow concentr...
      🌍 SPY +0.00%  QQQ +0.00%  VIX 18.4

  ⏳ Next check in 3 minutes...

  ─────────────────────────────────────────────────────────────────
  📡 POSITION CHECK — 15:28:57 EDT
  ─────────────────────────────────────────────────────────────────

  🔴 #10 SPY260511P00745000  [⏸ TRACKING]
      Entry: $9.88 │ Bid: $6.31  Mid: $6.35  Ask: $6.39
      P&L: $-352.50 (-35.7%) │ Target: $19.75  Stop: $4.94  DTE: 0d
      ⚠️  Stop was triggered — continuing to track for data
      💭 HIGH SPY put signal — score 8.0, $4.4M premium, 3 DTE, bearish thesis....
      🌍 SPY +0.00%  QQQ +0.00%  VIX 18.4

  ⏰ CONTRACT EXPIRED — auto-closing #10

  🔴 #11 TSLA260511P00425000  [⏸ TRACKING]
      Entry: $7.83 │ Bid: $0.00  Mid: $0.01  Ask: $0.01
      P&L: $-781.50 (-99.9%) │ Target: $15.65  Stop: $3.91  DTE: 0d
      ⚠️  Stop was triggered — continuing to track for data
      💭 HIGH TSLA put signal — score 5.62, $1.6M premium, 3 DTE, bearish thesi...
      🌍 SPY +0.00%  QQQ +0.00%  VIX 18.4

  ⏰ CONTRACT EXPIRED — auto-closing #11

  🔴 #13 TSLA260511P00430000  [⏸ TRACKING]
      Entry: $7.33 │ Bid: $0.00  Mid: $0.01  Ask: $0.01
      P&L: $-731.50 (-99.9%) │ Target: $14.65  Stop: $3.66  DTE: 0d
      ⚠️  Stop was triggered — continuing to track for data
      💭 $2.8M premium on TSLA puts with 100% bearish flow and 8.0 score warran...
      🌍 SPY +0.00%  QQQ +0.00%  VIX 18.4

  ⏰ CONTRACT EXPIRED — auto-closing #13

  🔴 #14 TSLA260513P00430000  [⏸ TRACKING]
      Entry: $11.70 │ Bid: $2.14  Mid: $2.16  Ask: $2.18
      P&L: $-954.00 (-81.5%) │ Target: $23.40  Stop: $5.85  DTE: 2d
      ⚠️  Stop was triggered — continuing to track for data
      💭 $1.1M premium on TSLA 430 puts expiring today with 100% bearish flow a...
      🌍 SPY +0.00%  QQQ +0.00%  VIX 18.4

  🔴 #15 AMD260515P00457500  [⏸ TRACKING]
      Entry: $22.60 │ Bid: $14.00  Mid: $14.20  Ask: $14.40
      P&L: $-840.00 (-37.2%) │ Target: $45.20  Stop: $11.30  DTE: 4d
      ⚠️  Stop was triggered — continuing to track for data
      💭 $2.0M premium in AMD puts expiring today with 100% bearish flow and 8....
      🌍 SPY +0.00%  QQQ +0.00%  VIX 18.4

  🔴 #16 QQQ260511P00706000  [⏸ TRACKING]
      Entry: $2.11 │ Bid: $0.04  Mid: $0.04  Ask: $0.05
      P&L: $-206.50 (-97.9%) │ Target: $4.22  Stop: $1.05  DTE: 0d
      ⚠️  Stop was triggered — continuing to track for data
      💭 QQQ put with $1.8M premium and 8.0 score expiring today in 100% bearis...
      🌍 SPY +0.00%  QQQ +0.00%  VIX 18.4

  ⏰ CONTRACT EXPIRED — auto-closing #16

  🔴 #17 TSLA260515P00427500  [⏸ TRACKING]
      Entry: $11.00 │ Bid: $3.65  Mid: $3.70  Ask: $3.75
      P&L: $-730.00 (-66.4%) │ Target: $22.00  Stop: $5.50  DTE: 4d
      ⚠️  Stop was triggered — continuing to track for data
      💭 $6M premium on TSLA puts with 8.8 score and 100% bearish flow concentr...
      🌍 SPY +0.00%  QQQ +0.00%  VIX 18.4

  ⏳ Next check in 3 minutes...

  ─────────────────────────────────────────────────────────────────
  📡 POSITION CHECK — 15:31:58 EDT
  ─────────────────────────────────────────────────────────────────

  🔴 #10 SPY260511P00745000  [⏸ TRACKING]
      Entry: $9.88 │ Bid: $6.46  Mid: $6.49  Ask: $6.52
      P&L: $-338.50 (-34.3%) │ Target: $19.75  Stop: $4.94  DTE: 0d
      ⚠️  Stop was triggered — continuing to track for data
      💭 HIGH SPY put signal — score 8.0, $4.4M premium, 3 DTE, bearish thesis....
      🌍 SPY +0.00%  QQQ +0.00%  VIX 18.4

  ⏰ CONTRACT EXPIRED — auto-closing #10

  🔴 #11 TSLA260511P00425000  [⏸ TRACKING]
      Entry: $7.83 │ Bid: $0.00  Mid: $0.01  Ask: $0.01
      P&L: $-781.50 (-99.9%) │ Target: $15.65  Stop: $3.91  DTE: 0d
      ⚠️  Stop was triggered — continuing to track for data
      💭 HIGH TSLA put signal — score 5.62, $1.6M premium, 3 DTE, bearish thesi...
      🌍 SPY +0.00%  QQQ +0.00%  VIX 18.4

  ⏰ CONTRACT EXPIRED — auto-closing #11

  🔴 #13 TSLA260511P00430000  [⏸ TRACKING]
      Entry: $7.33 │ Bid: $0.00  Mid: $0.01  Ask: $0.01
      P&L: $-731.50 (-99.9%) │ Target: $14.65  Stop: $3.66  DTE: 0d
      ⚠️  Stop was triggered — continuing to track for data
      💭 $2.8M premium on TSLA puts with 100% bearish flow and 8.0 score warran...
      🌍 SPY +0.00%  QQQ +0.00%  VIX 18.4

  ⏰ CONTRACT EXPIRED — auto-closing #13

  🔴 #14 TSLA260513P00430000  [⏸ TRACKING]
      Entry: $11.70 │ Bid: $2.16  Mid: $2.19  Ask: $2.21
      P&L: $-951.50 (-81.3%) │ Target: $23.40  Stop: $5.85  DTE: 2d
      ⚠️  Stop was triggered — continuing to track for data
      💭 $1.1M premium on TSLA 430 puts expiring today with 100% bearish flow a...
      🌍 SPY +0.00%  QQQ +0.00%  VIX 18.4

  🔴 #15 AMD260515P00457500  [⏸ TRACKING]
      Entry: $22.60 │ Bid: $14.25  Mid: $14.45  Ask: $14.65
      P&L: $-815.00 (-36.1%) │ Target: $45.20  Stop: $11.30  DTE: 4d
      ⚠️  Stop was triggered — continuing to track for data
      💭 $2.0M premium in AMD puts expiring today with 100% bearish flow and 8....
      🌍 SPY +0.00%  QQQ +0.00%  VIX 18.4

  🔴 #16 QQQ260511P00706000  [⏸ TRACKING]
      Entry: $2.11 │ Bid: $0.04  Mid: $0.04  Ask: $0.05
      P&L: $-206.50 (-97.9%) │ Target: $4.22  Stop: $1.05  DTE: 0d
      ⚠️  Stop was triggered — continuing to track for data
      💭 QQQ put with $1.8M premium and 8.0 score expiring today in 100% bearis...
      🌍 SPY +0.00%  QQQ +0.00%  VIX 18.4

  ⏰ CONTRACT EXPIRED — auto-closing #16

  🔴 #17 TSLA260515P00427500  [⏸ TRACKING]
      Entry: $11.00 │ Bid: $3.70  Mid: $3.75  Ask: $3.80
      P&L: $-725.00 (-65.9%) │ Target: $22.00  Stop: $5.50  DTE: 4d
      ⚠️  Stop was triggered — continuing to track for data
      💭 $6M premium on TSLA puts with 8.8 score and 100% bearish flow concentr...
      🌍 SPY +0.00%  QQQ +0.00%  VIX 18.4

  ⏳ Next check in 3 minutes...

  ─────────────────────────────────────────────────────────────────
  📡 POSITION CHECK — 15:34:59 EDT
  ─────────────────────────────────────────────────────────────────

  🔴 #10 SPY260511P00745000  [⏸ TRACKING]
      Entry: $9.88 │ Bid: $6.29  Mid: $6.34  Ask: $6.39
      P&L: $-353.50 (-35.8%) │ Target: $19.75  Stop: $4.94  DTE: 0d
      ⚠️  Stop was triggered — continuing to track for data
      💭 HIGH SPY put signal — score 8.0, $4.4M premium, 3 DTE, bearish thesis....
      🌍 SPY +0.00%  QQQ +0.00%  VIX 18.4

  ⏰ CONTRACT EXPIRED — auto-closing #10

  🔴 #11 TSLA260511P00425000  [⏸ TRACKING]
      Entry: $7.83 │ Bid: $0.00  Mid: $0.01  Ask: $0.01
      P&L: $-781.50 (-99.9%) │ Target: $15.65  Stop: $3.91  DTE: 0d
      ⚠️  Stop was triggered — continuing to track for data
      💭 HIGH TSLA put signal — score 5.62, $1.6M premium, 3 DTE, bearish thesi...
      🌍 SPY +0.00%  QQQ +0.00%  VIX 18.4

  ⏰ CONTRACT EXPIRED — auto-closing #11

  🔴 #13 TSLA260511P00430000  [⏸ TRACKING]
      Entry: $7.33 │ Bid: $0.00  Mid: $0.01  Ask: $0.01
      P&L: $-731.50 (-99.9%) │ Target: $14.65  Stop: $3.66  DTE: 0d
      ⚠️  Stop was triggered — continuing to track for data
      💭 $2.8M premium on TSLA puts with 100% bearish flow and 8.0 score warran...
      🌍 SPY +0.00%  QQQ +0.00%  VIX 18.4

  ⏰ CONTRACT EXPIRED — auto-closing #13

  🔴 #14 TSLA260513P00430000  [⏸ TRACKING]
      Entry: $11.70 │ Bid: $2.02  Mid: $2.03  Ask: $2.04
      P&L: $-967.00 (-82.7%) │ Target: $23.40  Stop: $5.85  DTE: 2d
      ⚠️  Stop was triggered — continuing to track for data
      💭 $1.1M premium on TSLA 430 puts expiring today with 100% bearish flow a...
      🌍 SPY +0.00%  QQQ +0.00%  VIX 18.4

  🔴 #15 AMD260515P00457500  [⏸ TRACKING]
      Entry: $22.60 │ Bid: $15.05  Mid: $15.18  Ask: $15.30
      P&L: $-742.50 (-32.9%) │ Target: $45.20  Stop: $11.30  DTE: 4d
      ⚠️  Stop was triggered — continuing to track for data
      💭 $2.0M premium in AMD puts expiring today with 100% bearish flow and 8....
      🌍 SPY +0.00%  QQQ +0.00%  VIX 18.4

  🔴 #16 QQQ260511P00706000  [⏸ TRACKING]
      Entry: $2.11 │ Bid: $0.03  Mid: $0.04  Ask: $0.04
      P&L: $-207.50 (-98.3%) │ Target: $4.22  Stop: $1.05  DTE: 0d
      ⚠️  Stop was triggered — continuing to track for data
      💭 QQQ put with $1.8M premium and 8.0 score expiring today in 100% bearis...
      🌍 SPY +0.00%  QQQ +0.00%  VIX 18.4

  ⏰ CONTRACT EXPIRED — auto-closing #16

  🔴 #17 TSLA260515P00427500  [⏸ TRACKING]
      Entry: $11.00 │ Bid: $3.55  Mid: $3.58  Ask: $3.60
      P&L: $-742.50 (-67.5%) │ Target: $22.00  Stop: $5.50  DTE: 4d
      ⚠️  Stop was triggered — continuing to track for data
      💭 $6M premium on TSLA puts with 8.8 score and 100% bearish flow concentr...
      🌍 SPY +0.00%  QQQ +0.00%  VIX 18.4

  ⏳ Next check in 3 minutes...

  ─────────────────────────────────────────────────────────────────
  📡 POSITION CHECK — 15:38:01 EDT
  ─────────────────────────────────────────────────────────────────

  🔴 #10 SPY260511P00745000  [⏸ TRACKING]
      Entry: $9.88 │ Bid: $6.47  Mid: $6.51  Ask: $6.56
      P&L: $-336.00 (-34.0%) │ Target: $19.75  Stop: $4.94  DTE: 0d
      ⚠️  Stop was triggered — continuing to track for data
      💭 HIGH SPY put signal — score 8.0, $4.4M premium, 3 DTE, bearish thesis....
      🌍 SPY +0.00%  QQQ +0.00%  VIX 18.4

  ⏰ CONTRACT EXPIRED — auto-closing #10

  🔴 #11 TSLA260511P00425000  [⏸ TRACKING]
      Entry: $7.83 │ Bid: $0.00  Mid: $0.01  Ask: $0.01
      P&L: $-781.50 (-99.9%) │ Target: $15.65  Stop: $3.91  DTE: 0d
      ⚠️  Stop was triggered — continuing to track for data
      💭 HIGH TSLA put signal — score 5.62, $1.6M premium, 3 DTE, bearish thesi...
      🌍 SPY +0.00%  QQQ +0.00%  VIX 18.4

  ⏰ CONTRACT EXPIRED — auto-closing #11

  🔴 #13 TSLA260511P00430000  [⏸ TRACKING]
      Entry: $7.33 │ Bid: $0.00  Mid: $0.01  Ask: $0.01
      P&L: $-731.50 (-99.9%) │ Target: $14.65  Stop: $3.66  DTE: 0d
      ⚠️  Stop was triggered — continuing to track for data
      💭 $2.8M premium on TSLA puts with 100% bearish flow and 8.0 score warran...
      🌍 SPY +0.00%  QQQ +0.00%  VIX 18.4

  ⏰ CONTRACT EXPIRED — auto-closing #13

  🔴 #14 TSLA260513P00430000  [⏸ TRACKING]
      Entry: $11.70 │ Bid: $2.00  Mid: $2.02  Ask: $2.03
      P&L: $-968.50 (-82.8%) │ Target: $23.40  Stop: $5.85  DTE: 2d
      ⚠️  Stop was triggered — continuing to track for data
      💭 $1.1M premium on TSLA 430 puts expiring today with 100% bearish flow a...
      🌍 SPY +0.00%  QQQ +0.00%  VIX 18.4

  🔴 #15 AMD260515P00457500  [⏸ TRACKING]
      Entry: $22.60 │ Bid: $15.45  Mid: $15.65  Ask: $15.85
      P&L: $-695.00 (-30.8%) │ Target: $45.20  Stop: $11.30  DTE: 4d
      ⚠️  Stop was triggered — continuing to track for data
      💭 $2.0M premium in AMD puts expiring today with 100% bearish flow and 8....
      🌍 SPY +0.00%  QQQ +0.00%  VIX 18.4

  🔴 #16 QQQ260511P00706000  [⏸ TRACKING]
      Entry: $2.11 │ Bid: $0.03  Mid: $0.04  Ask: $0.04
      P&L: $-207.50 (-98.3%) │ Target: $4.22  Stop: $1.05  DTE: 0d
      ⚠️  Stop was triggered — continuing to track for data
      💭 QQQ put with $1.8M premium and 8.0 score expiring today in 100% bearis...
      🌍 SPY +0.00%  QQQ +0.00%  VIX 18.4

  ⏰ CONTRACT EXPIRED — auto-closing #16

  🔴 #17 TSLA260515P00427500  [⏸ TRACKING]
      Entry: $11.00 │ Bid: $3.50  Mid: $3.55  Ask: $3.60
      P&L: $-745.00 (-67.7%) │ Target: $22.00  Stop: $5.50  DTE: 4d
      ⚠️  Stop was triggered — continuing to track for data
      💭 $6M premium on TSLA puts with 8.8 score and 100% bearish flow concentr...
      🌍 SPY +0.00%  QQQ +0.00%  VIX 18.4

  ⏳ Next check in 3 minutes...

  ─────────────────────────────────────────────────────────────────
  📡 POSITION CHECK — 15:41:02 EDT
  ─────────────────────────────────────────────────────────────────

  🔴 #10 SPY260511P00745000  [⏸ TRACKING]
      Entry: $9.88 │ Bid: $6.39  Mid: $6.42  Ask: $6.46
      P&L: $-345.00 (-34.9%) │ Target: $19.75  Stop: $4.94  DTE: 0d
      ⚠️  Stop was triggered — continuing to track for data
      💭 HIGH SPY put signal — score 8.0, $4.4M premium, 3 DTE, bearish thesis....
      🌍 SPY +0.00%  QQQ +0.00%  VIX 18.4

  ⏰ CONTRACT EXPIRED — auto-closing #10

  🔴 #11 TSLA260511P00425000  [⏸ TRACKING]
      Entry: $7.83 │ Bid: $0.00  Mid: $0.01  Ask: $0.01
      P&L: $-781.50 (-99.9%) │ Target: $15.65  Stop: $3.91  DTE: 0d
      ⚠️  Stop was triggered — continuing to track for data
      💭 HIGH TSLA put signal — score 5.62, $1.6M premium, 3 DTE, bearish thesi...
      🌍 SPY +0.00%  QQQ +0.00%  VIX 18.4

  ⏰ CONTRACT EXPIRED — auto-closing #11

  🔴 #13 TSLA260511P00430000  [⏸ TRACKING]
      Entry: $7.33 │ Bid: $0.00  Mid: $0.01  Ask: $0.01
      P&L: $-731.50 (-99.9%) │ Target: $14.65  Stop: $3.66  DTE: 0d
      ⚠️  Stop was triggered — continuing to track for data
      💭 $2.8M premium on TSLA puts with 100% bearish flow and 8.0 score warran...
      🌍 SPY +0.00%  QQQ +0.00%  VIX 18.4

  ⏰ CONTRACT EXPIRED — auto-closing #13

  🔴 #14 TSLA260513P00430000  [⏸ TRACKING]
      Entry: $11.70 │ Bid: $1.92  Mid: $1.94  Ask: $1.95
      P&L: $-976.50 (-83.5%) │ Target: $23.40  Stop: $5.85  DTE: 2d
      ⚠️  Stop was triggered — continuing to track for data
      💭 $1.1M premium on TSLA 430 puts expiring today with 100% bearish flow a...
      🌍 SPY +0.00%  QQQ +0.00%  VIX 18.4

  🔴 #15 AMD260515P00457500  [⏸ TRACKING]
      Entry: $22.60 │ Bid: $15.25  Mid: $15.43  Ask: $15.60
      P&L: $-717.50 (-31.8%) │ Target: $45.20  Stop: $11.30  DTE: 4d
      ⚠️  Stop was triggered — continuing to track for data
      💭 $2.0M premium in AMD puts expiring today with 100% bearish flow and 8....
      🌍 SPY +0.00%  QQQ +0.00%  VIX 18.4

  🔴 #16 QQQ260511P00706000  [⏸ TRACKING]
      Entry: $2.11 │ Bid: $0.02  Mid: $0.03  Ask: $0.03
      P&L: $-208.50 (-98.8%) │ Target: $4.22  Stop: $1.05  DTE: 0d
      ⚠️  Stop was triggered — continuing to track for data
      💭 QQQ put with $1.8M premium and 8.0 score expiring today in 100% bearis...
      🌍 SPY +0.00%  QQQ +0.00%  VIX 18.4

  ⏰ CONTRACT EXPIRED — auto-closing #16

  🔴 #17 TSLA260515P00427500  [⏸ TRACKING]
      Entry: $11.00 │ Bid: $3.40  Mid: $3.45  Ask: $3.50
      P&L: $-755.00 (-68.6%) │ Target: $22.00  Stop: $5.50  DTE: 4d
      ⚠️  Stop was triggered — continuing to track for data
      💭 $6M premium on TSLA puts with 8.8 score and 100% bearish flow concentr...
      🌍 SPY +0.00%  QQQ +0.00%  VIX 18.4

  ⏳ Next check in 3 minutes...

  ─────────────────────────────────────────────────────────────────
  📡 POSITION CHECK — 15:44:03 EDT
  ─────────────────────────────────────────────────────────────────

  🔴 #10 SPY260511P00745000  [⏸ TRACKING]
      Entry: $9.88 │ Bid: $6.66  Mid: $6.71  Ask: $6.75
      P&L: $-317.00 (-32.1%) │ Target: $19.75  Stop: $4.94  DTE: 0d
      ⚠️  Stop was triggered — continuing to track for data
      💭 HIGH SPY put signal — score 8.0, $4.4M premium, 3 DTE, bearish thesis....
      🌍 SPY +0.00%  QQQ +0.00%  VIX 18.5

  ⏰ CONTRACT EXPIRED — auto-closing #10

  🔴 #11 TSLA260511P00425000  [⏸ TRACKING]
      Entry: $7.83 │ Bid: $0.00  Mid: $0.01  Ask: $0.01
      P&L: $-781.50 (-99.9%) │ Target: $15.65  Stop: $3.91  DTE: 0d
      ⚠️  Stop was triggered — continuing to track for data
      💭 HIGH TSLA put signal — score 5.62, $1.6M premium, 3 DTE, bearish thesi...
      🌍 SPY +0.00%  QQQ +0.00%  VIX 18.5

  ⏰ CONTRACT EXPIRED — auto-closing #11

  🔴 #13 TSLA260511P00430000  [⏸ TRACKING]
      Entry: $7.33 │ Bid: $0.00  Mid: $0.01  Ask: $0.01
      P&L: $-731.50 (-99.9%) │ Target: $14.65  Stop: $3.66  DTE: 0d
      ⚠️  Stop was triggered — continuing to track for data
      💭 $2.8M premium on TSLA puts with 100% bearish flow and 8.0 score warran...
      🌍 SPY +0.00%  QQQ +0.00%  VIX 18.5

  ⏰ CONTRACT EXPIRED — auto-closing #13

  🔴 #14 TSLA260513P00430000  [⏸ TRACKING]
      Entry: $11.70 │ Bid: $1.94  Mid: $1.96  Ask: $1.97
      P&L: $-974.50 (-83.3%) │ Target: $23.40  Stop: $5.85  DTE: 2d
      ⚠️  Stop was triggered — continuing to track for data
      💭 $1.1M premium on TSLA 430 puts expiring today with 100% bearish flow a...
      🌍 SPY +0.00%  QQQ +0.00%  VIX 18.5

  🔴 #15 AMD260515P00457500  [⏸ TRACKING]
      Entry: $22.60 │ Bid: $15.05  Mid: $15.30  Ask: $15.55
      P&L: $-730.00 (-32.3%) │ Target: $45.20  Stop: $11.30  DTE: 4d
      ⚠️  Stop was triggered — continuing to track for data
      💭 $2.0M premium in AMD puts expiring today with 100% bearish flow and 8....
      🌍 SPY +0.00%  QQQ +0.00%  VIX 18.5

  🔴 #16 QQQ260511P00706000  [⏸ TRACKING]
      Entry: $2.11 │ Bid: $0.02  Mid: $0.03  Ask: $0.03
      P&L: $-208.50 (-98.8%) │ Target: $4.22  Stop: $1.05  DTE: 0d
      ⚠️  Stop was triggered — continuing to track for data
      💭 QQQ put with $1.8M premium and 8.0 score expiring today in 100% bearis...
      🌍 SPY +0.00%  QQQ +0.00%  VIX 18.5

  ⏰ CONTRACT EXPIRED — auto-closing #16

  🔴 #17 TSLA260515P00427500  [⏸ TRACKING]
      Entry: $11.00 │ Bid: $3.45  Mid: $3.48  Ask: $3.50
      P&L: $-752.50 (-68.4%) │ Target: $22.00  Stop: $5.50  DTE: 4d
      ⚠️  Stop was triggered — continuing to track for data
      💭 $6M premium on TSLA puts with 8.8 score and 100% bearish flow concentr...
      🌍 SPY +0.00%  QQQ +0.00%  VIX 18.5

  ⏳ Next check in 3 minutes...

  ─────────────────────────────────────────────────────────────────
  📡 POSITION CHECK — 15:47:05 EDT
  ─────────────────────────────────────────────────────────────────

  🔴 #10 SPY260511P00745000  [⏸ TRACKING]
      Entry: $9.88 │ Bid: $6.42  Mid: $6.47  Ask: $6.53
      P&L: $-340.00 (-34.4%) │ Target: $19.75  Stop: $4.94  DTE: 0d
      ⚠️  Stop was triggered — continuing to track for data
      💭 HIGH SPY put signal — score 8.0, $4.4M premium, 3 DTE, bearish thesis....
      🌍 SPY +0.00%  QQQ +0.00%  VIX 18.4

  ⏰ CONTRACT EXPIRED — auto-closing #10

  🔴 #11 TSLA260511P00425000  [⏸ TRACKING]
      Entry: $7.83 │ Bid: $0.00  Mid: $0.01  Ask: $0.01
      P&L: $-781.50 (-99.9%) │ Target: $15.65  Stop: $3.91  DTE: 0d
      ⚠️  Stop was triggered — continuing to track for data
      💭 HIGH TSLA put signal — score 5.62, $1.6M premium, 3 DTE, bearish thesi...
      🌍 SPY +0.00%  QQQ +0.00%  VIX 18.4

  ⏰ CONTRACT EXPIRED — auto-closing #11

  🔴 #13 TSLA260511P00430000  [⏸ TRACKING]
      Entry: $7.33 │ Bid: $0.00  Mid: $0.01  Ask: $0.01
      P&L: $-731.50 (-99.9%) │ Target: $14.65  Stop: $3.66  DTE: 0d
      ⚠️  Stop was triggered — continuing to track for data
      💭 $2.8M premium on TSLA puts with 100% bearish flow and 8.0 score warran...
      🌍 SPY +0.00%  QQQ +0.00%  VIX 18.4

  ⏰ CONTRACT EXPIRED — auto-closing #13

  🔴 #14 TSLA260513P00430000  [⏸ TRACKING]
      Entry: $11.70 │ Bid: $2.17  Mid: $2.19  Ask: $2.21
      P&L: $-951.00 (-81.3%) │ Target: $23.40  Stop: $5.85  DTE: 2d
      ⚠️  Stop was triggered — continuing to track for data
      💭 $1.1M premium on TSLA 430 puts expiring today with 100% bearish flow a...
      🌍 SPY +0.00%  QQQ +0.00%  VIX 18.4

  🔴 #15 AMD260515P00457500  [⏸ TRACKING]
      Entry: $22.60 │ Bid: $15.30  Mid: $15.53  Ask: $15.75
      P&L: $-707.50 (-31.3%) │ Target: $45.20  Stop: $11.30  DTE: 4d
      ⚠️  Stop was triggered — continuing to track for data
      💭 $2.0M premium in AMD puts expiring today with 100% bearish flow and 8....
      🌍 SPY +0.00%  QQQ +0.00%  VIX 18.4

  🔴 #16 QQQ260511P00706000  [⏸ TRACKING]
      Entry: $2.11 │ Bid: $0.02  Mid: $0.03  Ask: $0.03
      P&L: $-208.50 (-98.8%) │ Target: $4.22  Stop: $1.05  DTE: 0d
      ⚠️  Stop was triggered — continuing to track for data
      💭 QQQ put with $1.8M premium and 8.0 score expiring today in 100% bearis...
      🌍 SPY +0.00%  QQQ +0.00%  VIX 18.4

  ⏰ CONTRACT EXPIRED — auto-closing #16

  🔴 #17 TSLA260515P00427500  [⏸ TRACKING]
      Entry: $11.00 │ Bid: $3.75  Mid: $3.77  Ask: $3.80
      P&L: $-722.50 (-65.7%) │ Target: $22.00  Stop: $5.50  DTE: 4d
      ⚠️  Stop was triggered — continuing to track for data
      💭 $6M premium on TSLA puts with 8.8 score and 100% bearish flow concentr...
      🌍 SPY +0.00%  QQQ +0.00%  VIX 18.4

  ⏳ Next check in 3 minutes...

  ─────────────────────────────────────────────────────────────────
  📡 POSITION CHECK — 15:50:06 EDT
  ─────────────────────────────────────────────────────────────────

  🔴 #10 SPY260511P00745000  [⏸ TRACKING]
      Entry: $9.88 │ Bid: $5.18  Mid: $6.38  Ask: $7.59
      P&L: $-349.00 (-35.3%) │ Target: $19.75  Stop: $4.94  DTE: 0d
      ⚠️  Stop was triggered — continuing to track for data
      💭 HIGH SPY put signal — score 8.0, $4.4M premium, 3 DTE, bearish thesis....
      🌍 SPY +0.00%  QQQ +0.00%  VIX 18.4

  ⏰ CONTRACT EXPIRED — auto-closing #10

  🔴 #11 TSLA260511P00425000  [⏸ TRACKING]
      Entry: $7.83 │ Bid: $0.00  Mid: $0.01  Ask: $0.01
      P&L: $-781.50 (-99.9%) │ Target: $15.65  Stop: $3.91  DTE: 0d
      ⚠️  Stop was triggered — continuing to track for data
      💭 HIGH TSLA put signal — score 5.62, $1.6M premium, 3 DTE, bearish thesi...
      🌍 SPY +0.00%  QQQ +0.00%  VIX 18.4

  ⏰ CONTRACT EXPIRED — auto-closing #11

  🔴 #13 TSLA260511P00430000  [⏸ TRACKING]
      Entry: $7.33 │ Bid: $0.00  Mid: $0.01  Ask: $0.01
      P&L: $-731.50 (-99.9%) │ Target: $14.65  Stop: $3.66  DTE: 0d
      ⚠️  Stop was triggered — continuing to track for data
      💭 $2.8M premium on TSLA puts with 100% bearish flow and 8.0 score warran...
      🌍 SPY +0.00%  QQQ +0.00%  VIX 18.4

  ⏰ CONTRACT EXPIRED — auto-closing #13

  🔴 #14 TSLA260513P00430000  [⏸ TRACKING]
      Entry: $11.70 │ Bid: $2.14  Mid: $2.15  Ask: $2.15
      P&L: $-955.50 (-81.7%) │ Target: $23.40  Stop: $5.85  DTE: 2d
      ⚠️  Stop was triggered — continuing to track for data
      💭 $1.1M premium on TSLA 430 puts expiring today with 100% bearish flow a...
      🌍 SPY +0.00%  QQQ +0.00%  VIX 18.4

  🔴 #15 AMD260515P00457500  [⏸ TRACKING]
      Entry: $22.60 │ Bid: $15.05  Mid: $15.28  Ask: $15.50
      P&L: $-732.50 (-32.4%) │ Target: $45.20  Stop: $11.30  DTE: 4d
      ⚠️  Stop was triggered — continuing to track for data
      💭 $2.0M premium in AMD puts expiring today with 100% bearish flow and 8....
      🌍 SPY +0.00%  QQQ +0.00%  VIX 18.4

  🔴 #16 QQQ260511P00706000  [⏸ TRACKING]
      Entry: $2.11 │ Bid: $0.02  Mid: $0.03  Ask: $0.03
      P&L: $-208.50 (-98.8%) │ Target: $4.22  Stop: $1.05  DTE: 0d
      ⚠️  Stop was triggered — continuing to track for data
      💭 QQQ put with $1.8M premium and 8.0 score expiring today in 100% bearis...
      🌍 SPY +0.00%  QQQ +0.00%  VIX 18.4

  ⏰ CONTRACT EXPIRED — auto-closing #16

  🔴 #17 TSLA260515P00427500  [⏸ TRACKING]
      Entry: $11.00 │ Bid: $3.70  Mid: $3.75  Ask: $3.80
      P&L: $-725.00 (-65.9%) │ Target: $22.00  Stop: $5.50  DTE: 4d
      ⚠️  Stop was triggered — continuing to track for data
      💭 $6M premium on TSLA puts with 8.8 score and 100% bearish flow concentr...
      🌍 SPY +0.00%  QQQ +0.00%  VIX 18.4

  ⏳ Next check in 3 minutes...

  ─────────────────────────────────────────────────────────────────
  📡 POSITION CHECK — 15:53:07 EDT
  ─────────────────────────────────────────────────────────────────

  🔴 #10 SPY260511P00745000  [⏸ TRACKING]
      Entry: $9.88 │ Bid: $6.07  Mid: $6.20  Ask: $6.32
      P&L: $-368.00 (-37.3%) │ Target: $19.75  Stop: $4.94  DTE: 0d
      ⚠️  Stop was triggered — continuing to track for data
      💭 HIGH SPY put signal — score 8.0, $4.4M premium, 3 DTE, bearish thesis....
      🌍 SPY +0.00%  QQQ +0.00%  VIX 18.4

  ⏰ CONTRACT EXPIRED — auto-closing #10

  🔴 #11 TSLA260511P00425000  [⏸ TRACKING]
      Entry: $7.83 │ Bid: $0.00  Mid: $0.02  Ask: $0.01
      P&L: $-780.50 (-99.7%) │ Target: $15.65  Stop: $3.91  DTE: 0d
      ⚠️  Stop was triggered — continuing to track for data
      💭 HIGH TSLA put signal — score 5.62, $1.6M premium, 3 DTE, bearish thesi...
      🌍 SPY +0.00%  QQQ +0.00%  VIX 18.4

  ⏰ CONTRACT EXPIRED — auto-closing #11

  🔴 #13 TSLA260511P00430000  [⏸ TRACKING]
      Entry: $7.33 │ Bid: $0.00  Mid: $0.01  Ask: $0.01
      P&L: $-731.50 (-99.9%) │ Target: $14.65  Stop: $3.66  DTE: 0d
      ⚠️  Stop was triggered — continuing to track for data
      💭 $2.8M premium on TSLA puts with 100% bearish flow and 8.0 score warran...
      🌍 SPY +0.00%  QQQ +0.00%  VIX 18.4

  ⏰ CONTRACT EXPIRED — auto-closing #13

  🔴 #14 TSLA260513P00430000  [⏸ TRACKING]
      Entry: $11.70 │ Bid: $2.20  Mid: $2.22  Ask: $2.24
      P&L: $-948.00 (-81.0%) │ Target: $23.40  Stop: $5.85  DTE: 2d
      ⚠️  Stop was triggered — continuing to track for data
      💭 $1.1M premium on TSLA 430 puts expiring today with 100% bearish flow a...
      🌍 SPY +0.00%  QQQ +0.00%  VIX 18.4

  🔴 #15 AMD260515P00457500  [⏸ TRACKING]
      Entry: $22.60 │ Bid: $14.15  Mid: $14.43  Ask: $14.70
      P&L: $-817.50 (-36.2%) │ Target: $45.20  Stop: $11.30  DTE: 4d
      ⚠️  Stop was triggered — continuing to track for data
      💭 $2.0M premium in AMD puts expiring today with 100% bearish flow and 8....
      🌍 SPY +0.00%  QQQ +0.00%  VIX 18.4

  🔴 #16 QQQ260511P00706000  [⏸ TRACKING]
      Entry: $2.11 │ Bid: $0.02  Mid: $0.03  Ask: $0.03
      P&L: $-208.50 (-98.8%) │ Target: $4.22  Stop: $1.05  DTE: 0d
      ⚠️  Stop was triggered — continuing to track for data
      💭 QQQ put with $1.8M premium and 8.0 score expiring today in 100% bearis...
      🌍 SPY +0.00%  QQQ +0.00%  VIX 18.4

  ⏰ CONTRACT EXPIRED — auto-closing #16

  🔴 #17 TSLA260515P00427500  [⏸ TRACKING]
      Entry: $11.00 │ Bid: $3.80  Mid: $3.85  Ask: $3.90
      P&L: $-715.00 (-65.0%) │ Target: $22.00  Stop: $5.50  DTE: 4d
      ⚠️  Stop was triggered — continuing to track for data
      💭 $6M premium on TSLA puts with 8.8 score and 100% bearish flow concentr...
      🌍 SPY +0.00%  QQQ +0.00%  VIX 18.4

  ⏳ Next check in 3 minutes...

  Refreshing auth token...

  ─────────────────────────────────────────────────────────────────
  📡 POSITION CHECK — 15:56:09 EDT
  ─────────────────────────────────────────────────────────────────

  🔴 #10 SPY260511P00745000  [⏸ TRACKING]
      Entry: $9.88 │ Bid: $5.85  Mid: $5.92  Ask: $5.98
      P&L: $-396.00 (-40.1%) │ Target: $19.75  Stop: $4.94  DTE: 0d
      ⚠️  Stop was triggered — continuing to track for data
      💭 HIGH SPY put signal — score 8.0, $4.4M premium, 3 DTE, bearish thesis....
      🌍 SPY +0.00%  QQQ +0.00%  VIX 18.3

  ⏰ CONTRACT EXPIRED — auto-closing #10

  🔴 #11 TSLA260511P00425000  [⏸ TRACKING]
      Entry: $7.83 │ Bid: $0.00  Mid: $0.02  Ask: $0.01
      P&L: $-780.50 (-99.7%) │ Target: $15.65  Stop: $3.91  DTE: 0d
      ⚠️  Stop was triggered — continuing to track for data
      💭 HIGH TSLA put signal — score 5.62, $1.6M premium, 3 DTE, bearish thesi...
      🌍 SPY +0.00%  QQQ +0.00%  VIX 18.3

  ⏰ CONTRACT EXPIRED — auto-closing #11

  🔴 #13 TSLA260511P00430000  [⏸ TRACKING]
      Entry: $7.33 │ Bid: $0.00  Mid: $0.01  Ask: $0.01
      P&L: $-731.50 (-99.9%) │ Target: $14.65  Stop: $3.66  DTE: 0d
      ⚠️  Stop was triggered — continuing to track for data
      💭 $2.8M premium on TSLA puts with 100% bearish flow and 8.0 score warran...
      🌍 SPY +0.00%  QQQ +0.00%  VIX 18.3

  ⏰ CONTRACT EXPIRED — auto-closing #13

  🔴 #14 TSLA260513P00430000  [⏸ TRACKING]
      Entry: $11.70 │ Bid: $2.28  Mid: $2.29  Ask: $2.31
      P&L: $-940.50 (-80.4%) │ Target: $23.40  Stop: $5.85  DTE: 2d
      ⚠️  Stop was triggered — continuing to track for data
      💭 $1.1M premium on TSLA 430 puts expiring today with 100% bearish flow a...
      🌍 SPY +0.00%  QQQ +0.00%  VIX 18.3

  🔴 #15 AMD260515P00457500  [⏸ TRACKING]
      Entry: $22.60 │ Bid: $15.20  Mid: $15.35  Ask: $15.50
      P&L: $-725.00 (-32.1%) │ Target: $45.20  Stop: $11.30  DTE: 4d
      ⚠️  Stop was triggered — continuing to track for data
      💭 $2.0M premium in AMD puts expiring today with 100% bearish flow and 8....
      🌍 SPY +0.00%  QQQ +0.00%  VIX 18.3

  🔴 #16 QQQ260511P00706000  [⏸ TRACKING]
      Entry: $2.11 │ Bid: $0.02  Mid: $0.03  Ask: $0.03
      P&L: $-208.50 (-98.8%) │ Target: $4.22  Stop: $1.05  DTE: 0d
      ⚠️  Stop was triggered — continuing to track for data
      💭 QQQ put with $1.8M premium and 8.0 score expiring today in 100% bearis...
      🌍 SPY +0.00%  QQQ +0.00%  VIX 18.3

  ⏰ CONTRACT EXPIRED — auto-closing #16

  🔴 #17 TSLA260515P00427500  [⏸ TRACKING]
      Entry: $11.00 │ Bid: $3.90  Mid: $3.92  Ask: $3.95
      P&L: $-707.50 (-64.3%) │ Target: $22.00  Stop: $5.50  DTE: 4d
      ⚠️  Stop was triggered — continuing to track for data
      💭 $6M premium on TSLA puts with 8.8 score and 100% bearish flow concentr...
      🌍 SPY +0.00%  QQQ +0.00%  VIX 18.3

  ⏳ Next check in 3 minutes...

  ─────────────────────────────────────────────────────────────────
  📡 POSITION CHECK — 15:59:11 EDT
  ─────────────────────────────────────────────────────────────────

  🔴 #10 SPY260511P00745000  [⏸ TRACKING]
      Entry: $9.88 │ Bid: $5.93  Mid: $6.00  Ask: $6.08
      P&L: $-387.00 (-39.2%) │ Target: $19.75  Stop: $4.94  DTE: 0d
      ⚠️  Stop was triggered — continuing to track for data
      💭 HIGH SPY put signal — score 8.0, $4.4M premium, 3 DTE, bearish thesis....
      🌍 SPY +0.00%  QQQ +0.00%  VIX 18.4

  ⏰ CONTRACT EXPIRED — auto-closing #10

  🔴 #11 TSLA260511P00425000  [⏸ TRACKING]
      Entry: $7.83 │ Bid: $0.00  Mid: $0.02  Ask: $0.01
      P&L: $-780.50 (-99.7%) │ Target: $15.65  Stop: $3.91  DTE: 0d
      ⚠️  Stop was triggered — continuing to track for data
      💭 HIGH TSLA put signal — score 5.62, $1.6M premium, 3 DTE, bearish thesi...
      🌍 SPY +0.00%  QQQ +0.00%  VIX 18.4

  ⏰ CONTRACT EXPIRED — auto-closing #11

  🔴 #13 TSLA260511P00430000  [⏸ TRACKING]
      Entry: $7.33 │ Bid: $0.00  Mid: $0.01  Ask: $0.01
      P&L: $-731.50 (-99.9%) │ Target: $14.65  Stop: $3.66  DTE: 0d
      ⚠️  Stop was triggered — continuing to track for data
      💭 $2.8M premium on TSLA puts with 100% bearish flow and 8.0 score warran...
      🌍 SPY +0.00%  QQQ +0.00%  VIX 18.4

  ⏰ CONTRACT EXPIRED — auto-closing #13

  🔴 #14 TSLA260513P00430000  [⏸ TRACKING]
      Entry: $11.70 │ Bid: $2.05  Mid: $2.06  Ask: $2.07
      P&L: $-964.00 (-82.4%) │ Target: $23.40  Stop: $5.85  DTE: 2d
      ⚠️  Stop was triggered — continuing to track for data
      💭 $1.1M premium on TSLA 430 puts expiring today with 100% bearish flow a...
      🌍 SPY +0.00%  QQQ +0.00%  VIX 18.4

  🔴 #15 AMD260515P00457500  [⏸ TRACKING]
      Entry: $22.60 │ Bid: $14.55  Mid: $14.78  Ask: $15.00
      P&L: $-782.50 (-34.6%) │ Target: $45.20  Stop: $11.30  DTE: 4d
      ⚠️  Stop was triggered — continuing to track for data
      💭 $2.0M premium in AMD puts expiring today with 100% bearish flow and 8....
      🌍 SPY +0.00%  QQQ +0.00%  VIX 18.4

  🔴 #16 QQQ260511P00706000  [⏸ TRACKING]
      Entry: $2.11 │ Bid: $0.01  Mid: $0.01  Ask: $0.02
      P&L: $-209.50 (-99.3%) │ Target: $4.22  Stop: $1.05  DTE: 0d
      ⚠️  Stop was triggered — continuing to track for data
      💭 QQQ put with $1.8M premium and 8.0 score expiring today in 100% bearis...
      🌍 SPY +0.00%  QQQ +0.00%  VIX 18.4

  ⏰ CONTRACT EXPIRED — auto-closing #16

  🔴 #17 TSLA260515P00427500  [⏸ TRACKING]
      Entry: $11.00 │ Bid: $3.65  Mid: $3.67  Ask: $3.70
      P&L: $-732.50 (-66.6%) │ Target: $22.00  Stop: $5.50  DTE: 4d
      ⚠️  Stop was triggered — continuing to track for data
      💭 $6M premium on TSLA puts with 8.8 score and 100% bearish flow concentr...
      🌍 SPY +0.00%  QQQ +0.00%  VIX 18.4

  ⏳ Next check in 3 minutes...

  Market closed. Next open: 2026-05-12 09:29 EDT (17h 27m)
  Sleeping until market open...

  =================================================================
  📊 SESSION SUMMARY — 2026-05-11 16:02 EDT
  =================================================================
  Price checks run:    0
  Auto-closes today:   0
  Open positions:      0
  Total P&L:           $-508.50
  Win rate:            33.3%  (3W/6L)
  =================================================================

  Market closed. Next open: 2026-05-12 09:29 EDT (16h 27m)
  Sleeping until market open...

  =================================================================
  📊 SESSION SUMMARY — 2026-05-11 17:02 EDT
  =================================================================
  Price checks run:    0
  Auto-closes today:   0
  Open positions:      0
  Total P&L:           $-508.50
  Win rate:            33.3%  (3W/6L)
  =================================================================

  Market closed. Next open: 2026-05-12 09:29 EDT (15h 27m)
  Sleeping until market open...

  =================================================================
  📊 SESSION SUMMARY — 2026-05-11 18:02 EDT
  =================================================================
  Price checks run:    0
  Auto-closes today:   0
  Open positions:      0
  Total P&L:           $-508.50
  Win rate:            33.3%  (3W/6L)
  =================================================================

  Market closed. Next open: 2026-05-12 09:29 EDT (14h 27m)
  Sleeping until market open...

  =================================================================
  📊 SESSION SUMMARY — 2026-05-11 19:02 EDT
  =================================================================
  Price checks run:    0
  Auto-closes today:   0
  Open positions:      0
  Total P&L:           $-508.50
  Win rate:            33.3%  (3W/6L)
  =================================================================

  Market closed. Next open: 2026-05-12 09:29 EDT (13h 27m)
  Sleeping until market open...

  =================================================================
  📊 SESSION SUMMARY — 2026-05-11 20:02 EDT
  =================================================================
  Price checks run:    0
  Auto-closes today:   0
  Open positions:      0
  Total P&L:           $-508.50
  Win rate:            33.3%  (3W/6L)
  =================================================================

  Market closed. Next open: 2026-05-12 09:29 EDT (3h 30m)
  Sleeping until market open...

  =================================================================
  📊 SESSION SUMMARY — 2026-05-12 05:59 EDT
  =================================================================
  Price checks run:    0
  Auto-closes today:   0
  Open positions:      0
  Total P&L:           $-508.50
  Win rate:            33.3%  (3W/6L)
  =================================================================

  Market closed. Next open: 2026-05-12 09:29 EDT (2h 24m)
  Sleeping until market open...

  =================================================================
  📊 SESSION SUMMARY — 2026-05-12 07:05 EDT
  =================================================================
  Price checks run:    0
  Auto-closes today:   0
  Open positions:      0
  Total P&L:           $-508.50
  Win rate:            33.3%  (3W/6L)
  =================================================================

  Market closed. Next open: 2026-05-12 09:29 EDT (1h 24m)
  Sleeping until market open...

  =================================================================
  📊 SESSION SUMMARY — 2026-05-12 08:05 EDT
  =================================================================
  Price checks run:    0
  Auto-closes today:   0
  Open positions:      0
  Total P&L:           $-508.50
  Win rate:            33.3%  (3W/6L)
  =================================================================

  Market closed. Next open: 2026-05-12 09:29 EDT (0h 24m)
  Sleeping until market open...

  =================================================================
  📊 SESSION SUMMARY — 2026-05-12 09:05 EDT
  =================================================================
  Price checks run:    0
  Auto-closes today:   0
  Open positions:      0
  Total P&L:           $-508.50
  Win rate:            33.3%  (3W/6L)
  =================================================================

  Market closed. Next open: 2026-05-12 09:29 EDT (0h 0m)
  Sleeping until market open...

  =================================================================
  📊 SESSION SUMMARY — 2026-05-12 09:29 EDT
  =================================================================
  Price checks run:    0
  Auto-closes today:   0
  Open positions:      0
  Total P&L:           $-508.50
  Win rate:            33.3%  (3W/6L)
  =================================================================

  Market closed. Next open: 2026-05-12 09:29 EDT (0h 0m)
  Sleeping until market open...

  =================================================================
  📊 SESSION SUMMARY — 2026-05-12 09:29 EDT
  =================================================================
  Price checks run:    0
  Auto-closes today:   0
  Open positions:      0
  Total P&L:           $-508.50
  Win rate:            33.3%  (3W/6L)
  =================================================================

  Market closed. Next open: 2026-05-12 09:29 EDT (0h 0m)
  Sleeping until market open...

  =================================================================
  📊 SESSION SUMMARY — 2026-05-12 09:29 EDT
  =================================================================
  Price checks run:    0
  Auto-closes today:   0
  Open positions:      0
  Total P&L:           $-508.50
  Win rate:            33.3%  (3W/6L)
  =================================================================

  Market closed. Next open: 2026-05-12 09:29 EDT (0h 0m)
  Sleeping until market open...

  =================================================================
  📊 SESSION SUMMARY — 2026-05-12 09:29 EDT
  =================================================================
  Price checks run:    0
  Auto-closes today:   0
  Open positions:      0
  Total P&L:           $-508.50
  Win rate:            33.3%  (3W/6L)
  =================================================================

  Market closed. Next open: 2026-05-12 09:29 EDT (0h 0m)
  Sleeping until market open...

  =================================================================
  📊 SESSION SUMMARY — 2026-05-12 09:29 EDT
  =================================================================
  Price checks run:    0
  Auto-closes today:   0
  Open positions:      0
  Total P&L:           $-508.50
  Win rate:            33.3%  (3W/6L)
  =================================================================

  Market closed. Next open: 2026-05-12 09:29 EDT (0h 0m)
  Sleeping until market open...

  =================================================================
  📊 SESSION SUMMARY — 2026-05-12 09:29 EDT
  =================================================================
  Price checks run:    0
  Auto-closes today:   0
  Open positions:      0
  Total P&L:           $-508.50
  Win rate:            33.3%  (3W/6L)
  =================================================================

  Market closed. Next open: 2026-05-12 09:29 EDT (0h 0m)
  Sleeping until market open...

  =================================================================
  📊 SESSION SUMMARY — 2026-05-12 09:29 EDT
  =================================================================
  Price checks run:    0
  Auto-closes today:   0
  Open positions:      0
  Total P&L:           $-508.50
  Win rate:            33.3%  (3W/6L)
  =================================================================

  Market closed. Next open: 2026-05-12 09:29 EDT (0h 0m)
  Sleeping until market open...

  =================================================================
  📊 SESSION SUMMARY — 2026-05-12 09:29 EDT
  =================================================================
  Price checks run:    0
  Auto-closes today:   0
  Open positions:      0
  Total P&L:           $-508.50
  Win rate:            33.3%  (3W/6L)
  =================================================================

  Market closed. Next open: 2026-05-12 09:29 EDT (0h 0m)
  Sleeping until market open...

  =================================================================
  📊 SESSION SUMMARY — 2026-05-12 09:29 EDT
  =================================================================
  Price checks run:    0
  Auto-closes today:   0
  Open positions:      0
  Total P&L:           $-508.50
  Win rate:            33.3%  (3W/6L)
  =================================================================

  Market closed. Next open: 2026-05-12 09:29 EDT (0h 0m)
  Sleeping until market open...

  =================================================================
  📊 SESSION SUMMARY — 2026-05-12 09:29 EDT
  =================================================================
  Price checks run:    0
  Auto-closes today:   0
  Open positions:      0
  Total P&L:           $-508.50
  Win rate:            33.3%  (3W/6L)
  =================================================================

  Market closed. Next open: 2026-05-12 09:29 EDT (0h 0m)
  Sleeping until market open...

  =================================================================
  📊 SESSION SUMMARY — 2026-05-12 09:29 EDT
  =================================================================
  Price checks run:    0
  Auto-closes today:   0
  Open positions:      0
  Total P&L:           $-508.50
  Win rate:            33.3%  (3W/6L)
  =================================================================

  Market closed. Next open: 2026-05-12 09:29 EDT (0h 0m)
  Sleeping until market open...

  =================================================================
  📊 SESSION SUMMARY — 2026-05-12 09:29 EDT
  =================================================================
  Price checks run:    0
  Auto-closes today:   0
  Open positions:      0
  Total P&L:           $-508.50
  Win rate:            33.3%  (3W/6L)
  =================================================================

  Market closed. Next open: 2026-05-12 09:29 EDT (0h 0m)
  Sleeping until market open...

  =================================================================
  📊 SESSION SUMMARY — 2026-05-12 09:29 EDT
  =================================================================
  Price checks run:    0
  Auto-closes today:   0
  Open positions:      0
  Total P&L:           $-508.50
  Win rate:            33.3%  (3W/6L)
  =================================================================

  Market closed. Next open: 2026-05-12 09:29 EDT (0h 0m)
  Sleeping until market open...

  =================================================================
  📊 SESSION SUMMARY — 2026-05-12 09:29 EDT
  =================================================================
  Price checks run:    0
  Auto-closes today:   0
  Open positions:      0
  Total P&L:           $-508.50
  Win rate:            33.3%  (3W/6L)
  =================================================================

  Market closed. Next open: 2026-05-12 09:29 EDT (0h 0m)
  Sleeping until market open...

  =================================================================
  📊 SESSION SUMMARY — 2026-05-12 09:29 EDT
  =================================================================
  Price checks run:    0
  Auto-closes today:   0
  Open positions:      0
  Total P&L:           $-508.50
  Win rate:            33.3%  (3W/6L)
  =================================================================

  Market closed. Next open: 2026-05-12 09:29 EDT (0h 0m)
  Sleeping until market open...

  =================================================================
  📊 SESSION SUMMARY — 2026-05-12 09:29 EDT
  =================================================================
  Price checks run:    0
  Auto-closes today:   0
  Open positions:      0
  Total P&L:           $-508.50
  Win rate:            33.3%  (3W/6L)
  =================================================================

  Refreshing auth token...

  ─────────────────────────────────────────────────────────────────
  📡 POSITION CHECK — 09:30:03 EDT
  ─────────────────────────────────────────────────────────────────

  🔴 #10 SPY260511P00745000  [⏸ TRACKING]
      Entry: $9.88 │ Bid: $6.03  Mid: $6.17  Ask: $6.31
      P&L: $-370.50 (-37.5%) │ Target: $19.75  Stop: $4.94  DTE: -1d
      ⚠️  Stop was triggered — continuing to track for data
      💭 HIGH SPY put signal — score 8.0, $4.4M premium, 3 DTE, bearish thesis....
      🌍 SPY +0.00%  QQQ +0.00%  VIX 18.7

  ⏰ CONTRACT EXPIRED — auto-closing #10

  🔴 #11 TSLA260511P00425000  [⏸ TRACKING]
      Entry: $7.83 │ Bid: $0.00  Mid: $0.02  Ask: $0.01
      P&L: $-780.50 (-99.7%) │ Target: $15.65  Stop: $3.91  DTE: -1d
      ⚠️  Stop was triggered — continuing to track for data
      💭 HIGH TSLA put signal — score 5.62, $1.6M premium, 3 DTE, bearish thesi...
      🌍 SPY +0.00%  QQQ +0.00%  VIX 18.7

  ⏰ CONTRACT EXPIRED — auto-closing #11

  🔴 #13 TSLA260511P00430000  [⏸ TRACKING]
      Entry: $7.33 │ Bid: $0.00  Mid: $0.01  Ask: $0.01
      P&L: $-731.50 (-99.9%) │ Target: $14.65  Stop: $3.66  DTE: -1d
      ⚠️  Stop was triggered — continuing to track for data
      💭 $2.8M premium on TSLA puts with 100% bearish flow and 8.0 score warran...
      🌍 SPY +0.00%  QQQ +0.00%  VIX 18.7

  ⏰ CONTRACT EXPIRED — auto-closing #13

  🔴 #14 TSLA260513P00430000  [⏸ TRACKING]
      Entry: $11.70 │ Bid: $1.97  Mid: $2.00  Ask: $2.02
      P&L: $-970.50 (-83.0%) │ Target: $23.40  Stop: $5.85  DTE: 1d
      ⚠️  Stop was triggered — continuing to track for data
      💭 $1.1M premium on TSLA 430 puts expiring today with 100% bearish flow a...
      🌍 SPY +0.00%  QQQ +0.00%  VIX 18.7

  🔴 #15 AMD260515P00457500  [⏸ TRACKING]
      Entry: $22.60 │ Bid: $18.05  Mid: $19.23  Ask: $20.40
      P&L: $-337.50 (-14.9%) │ Target: $45.20  Stop: $11.30  DTE: 3d
      ⚠️  Stop was triggered — continuing to track for data
      💭 $2.0M premium in AMD puts expiring today with 100% bearish flow and 8....
      🌍 SPY +0.00%  QQQ +0.00%  VIX 18.7

  🔴 #16 QQQ260511P00706000  [⏸ TRACKING]
      Entry: $2.11 │ Bid: $0.01  Mid: $0.02  Ask: $0.03
      P&L: $-209.00 (-99.0%) │ Target: $4.22  Stop: $1.05  DTE: -1d
      ⚠️  Stop was triggered — continuing to track for data
      💭 QQQ put with $1.8M premium and 8.0 score expiring today in 100% bearis...
      🌍 SPY +0.00%  QQQ +0.00%  VIX 18.7

  ⏰ CONTRACT EXPIRED — auto-closing #16

  🔴 #17 TSLA260515P00427500  [⏸ TRACKING]
      Entry: $11.00 │ Bid: $3.20  Mid: $4.40  Ask: $5.60
      P&L: $-660.00 (-60.0%) │ Target: $22.00  Stop: $5.50  DTE: 3d
      ⚠️  Stop was triggered — continuing to track for data
      💭 $6M premium on TSLA puts with 8.8 score and 100% bearish flow concentr...
      🌍 SPY +0.00%  QQQ +0.00%  VIX 18.7

  ⏳ Next check in 3 minutes...

  ─────────────────────────────────────────────────────────────────
  📡 POSITION CHECK — 09:33:04 EDT
  ─────────────────────────────────────────────────────────────────

  🔴 #10 SPY260511P00745000  [⏸ TRACKING]
      Entry: $9.88 │ Bid: $6.03  Mid: $6.17  Ask: $6.31
      P&L: $-370.50 (-37.5%) │ Target: $19.75  Stop: $4.94  DTE: -1d
      ⚠️  Stop was triggered — continuing to track for data
      💭 HIGH SPY put signal — score 8.0, $4.4M premium, 3 DTE, bearish thesis....
      🌍 SPY +0.00%  QQQ +0.00%  VIX 18.7

  ⏰ CONTRACT EXPIRED — auto-closing #10

  🔴 #11 TSLA260511P00425000  [⏸ TRACKING]
      Entry: $7.83 │ Bid: $0.00  Mid: $0.02  Ask: $0.01
      P&L: $-780.50 (-99.7%) │ Target: $15.65  Stop: $3.91  DTE: -1d
      ⚠️  Stop was triggered — continuing to track for data
      💭 HIGH TSLA put signal — score 5.62, $1.6M premium, 3 DTE, bearish thesi...
      🌍 SPY +0.00%  QQQ +0.00%  VIX 18.7

  ⏰ CONTRACT EXPIRED — auto-closing #11

  🔴 #13 TSLA260511P00430000  [⏸ TRACKING]
      Entry: $7.33 │ Bid: $0.00  Mid: $0.01  Ask: $0.01
      P&L: $-731.50 (-99.9%) │ Target: $14.65  Stop: $3.66  DTE: -1d
      ⚠️  Stop was triggered — continuing to track for data
      💭 $2.8M premium on TSLA puts with 100% bearish flow and 8.0 score warran...
      🌍 SPY +0.00%  QQQ +0.00%  VIX 18.7

  ⏰ CONTRACT EXPIRED — auto-closing #13

  🔴 #14 TSLA260513P00430000  [⏸ TRACKING]
      Entry: $11.70 │ Bid: $2.39  Mid: $2.44  Ask: $2.48
      P&L: $-926.50 (-79.2%) │ Target: $23.40  Stop: $5.85  DTE: 1d
      ⚠️  Stop was triggered — continuing to track for data
      💭 $1.1M premium on TSLA 430 puts expiring today with 100% bearish flow a...
      🌍 SPY +0.00%  QQQ +0.00%  VIX 18.7

  🔴 #15 AMD260515P00457500  [⏸ TRACKING]
      Entry: $22.60 │ Bid: $16.50  Mid: $16.82  Ask: $17.15
      P&L: $-577.50 (-25.6%) │ Target: $45.20  Stop: $11.30  DTE: 3d
      ⚠️  Stop was triggered — continuing to track for data
      💭 $2.0M premium in AMD puts expiring today with 100% bearish flow and 8....
      🌍 SPY +0.00%  QQQ +0.00%  VIX 18.7

  🔴 #16 QQQ260511P00706000  [⏸ TRACKING]
      Entry: $2.11 │ Bid: $0.01  Mid: $0.02  Ask: $0.03
      P&L: $-209.00 (-99.0%) │ Target: $4.22  Stop: $1.05  DTE: -1d
      ⚠️  Stop was triggered — continuing to track for data
      💭 QQQ put with $1.8M premium and 8.0 score expiring today in 100% bearis...
      🌍 SPY +0.00%  QQQ +0.00%  VIX 18.7

  ⏰ CONTRACT EXPIRED — auto-closing #16

  🔴 #17 TSLA260515P00427500  [⏸ TRACKING]
      Entry: $11.00 │ Bid: $4.00  Mid: $4.08  Ask: $4.15
      P&L: $-692.50 (-63.0%) │ Target: $22.00  Stop: $5.50  DTE: 3d
      ⚠️  Stop was triggered — continuing to track for data
      💭 $6M premium on TSLA puts with 8.8 score and 100% bearish flow concentr...
      🌍 SPY +0.00%  QQQ +0.00%  VIX 18.7

  ⏳ Next check in 3 minutes...
  ✗ Price fetch error: HTTPSConnectionPool(host='api.public.com', port=443): Max retries exceeded with url: /userapigateway/marketdata/5LT39200/quotes (Caused by NameResolutionError("HTTPSConnection(host='api.public.com', port=443): Failed to resolve 'api.public.com' ([Errno 11001] getaddrinfo failed)"))
  ✗ Market context fetch error: HTTPSConnectionPool(host='api.public.com', port=443): Max retries exceeded with url: /userapigateway/marketdata/5LT39200/quotes (Caused by NameResolutionError("HTTPSConnection(host='api.public.com', port=443): Failed to resolve 'api.public.com' ([Errno 11001] getaddrinfo failed)"))

  ─────────────────────────────────────────────────────────────────
  📡 POSITION CHECK — 09:36:04 EDT
  ─────────────────────────────────────────────────────────────────

  ⚠️  #10 SPY260511P00745000
      Price unavailable — skipping this cycle

  ⚠️  #11 TSLA260511P00425000
      Price unavailable — skipping this cycle

  ⚠️  #13 TSLA260511P00430000
      Price unavailable — skipping this cycle

  ⚠️  #14 TSLA260513P00430000
      Price unavailable — skipping this cycle

  ⚠️  #15 AMD260515P00457500
      Price unavailable — skipping this cycle

  ⚠️  #16 QQQ260511P00706000
      Price unavailable — skipping this cycle

  ⚠️  #17 TSLA260515P00427500
      Price unavailable — skipping this cycle

  ⏳ Next check in 3 minutes...

  ─────────────────────────────────────────────────────────────────
  📡 POSITION CHECK — 09:39:06 EDT
  ─────────────────────────────────────────────────────────────────

  🔴 #10 SPY260511P00745000  [⏸ TRACKING]
      Entry: $9.88 │ Bid: $6.03  Mid: $6.17  Ask: $6.31
      P&L: $-370.50 (-37.5%) │ Target: $19.75  Stop: $4.94  DTE: -1d
      ⚠️  Stop was triggered — continuing to track for data
      💭 HIGH SPY put signal — score 8.0, $4.4M premium, 3 DTE, bearish thesis....
      🌍 SPY +0.00%  QQQ +0.00%  VIX 18.8

  ⏰ CONTRACT EXPIRED — auto-closing #10

  🔴 #11 TSLA260511P00425000  [⏸ TRACKING]
      Entry: $7.83 │ Bid: $0.00  Mid: $0.02  Ask: $0.01
      P&L: $-780.50 (-99.7%) │ Target: $15.65  Stop: $3.91  DTE: -1d
      ⚠️  Stop was triggered — continuing to track for data
      💭 HIGH TSLA put signal — score 5.62, $1.6M premium, 3 DTE, bearish thesi...
      🌍 SPY +0.00%  QQQ +0.00%  VIX 18.8

  ⏰ CONTRACT EXPIRED — auto-closing #11

  🔴 #13 TSLA260511P00430000  [⏸ TRACKING]
      Entry: $7.33 │ Bid: $0.00  Mid: $0.01  Ask: $0.01
      P&L: $-731.50 (-99.9%) │ Target: $14.65  Stop: $3.66  DTE: -1d
      ⚠️  Stop was triggered — continuing to track for data
      💭 $2.8M premium on TSLA puts with 100% bearish flow and 8.0 score warran...
      🌍 SPY +0.00%  QQQ +0.00%  VIX 18.8

  ⏰ CONTRACT EXPIRED — auto-closing #13

  🔴 #14 TSLA260513P00430000  [⏸ TRACKING]
      Entry: $11.70 │ Bid: $2.39  Mid: $2.40  Ask: $2.42
      P&L: $-929.50 (-79.4%) │ Target: $23.40  Stop: $5.85  DTE: 1d
      ⚠️  Stop was triggered — continuing to track for data
      💭 $1.1M premium on TSLA 430 puts expiring today with 100% bearish flow a...
      🌍 SPY +0.00%  QQQ +0.00%  VIX 18.8

  🔴 #15 AMD260515P00457500  [⏸ TRACKING]
      Entry: $22.60 │ Bid: $16.05  Mid: $16.35  Ask: $16.65
      P&L: $-625.00 (-27.6%) │ Target: $45.20  Stop: $11.30  DTE: 3d
      ⚠️  Stop was triggered — continuing to track for data
      💭 $2.0M premium in AMD puts expiring today with 100% bearish flow and 8....
      🌍 SPY +0.00%  QQQ +0.00%  VIX 18.8

  🔴 #16 QQQ260511P00706000  [⏸ TRACKING]
      Entry: $2.11 │ Bid: $0.01  Mid: $0.02  Ask: $0.03
      P&L: $-209.00 (-99.0%) │ Target: $4.22  Stop: $1.05  DTE: -1d
      ⚠️  Stop was triggered — continuing to track for data
      💭 QQQ put with $1.8M premium and 8.0 score expiring today in 100% bearis...
      🌍 SPY +0.00%  QQQ +0.00%  VIX 18.8

  ⏰ CONTRACT EXPIRED — auto-closing #16

  🔴 #17 TSLA260515P00427500  [⏸ TRACKING]
      Entry: $11.00 │ Bid: $3.95  Mid: $4.00  Ask: $4.05
      P&L: $-700.00 (-63.6%) │ Target: $22.00  Stop: $5.50  DTE: 3d
      ⚠️  Stop was triggered — continuing to track for data
      💭 $6M premium on TSLA puts with 8.8 score and 100% bearish flow concentr...
      🌍 SPY +0.00%  QQQ +0.00%  VIX 18.8

  ⏳ Next check in 3 minutes...

  ─────────────────────────────────────────────────────────────────
  📡 POSITION CHECK — 09:42:07 EDT
  ─────────────────────────────────────────────────────────────────

  🔴 #10 SPY260511P00745000  [⏸ TRACKING]
      Entry: $9.88 │ Bid: $6.03  Mid: $6.17  Ask: $6.31
      P&L: $-370.50 (-37.5%) │ Target: $19.75  Stop: $4.94  DTE: -1d
      ⚠️  Stop was triggered — continuing to track for data
      💭 HIGH SPY put signal — score 8.0, $4.4M premium, 3 DTE, bearish thesis....
      🌍 SPY +0.00%  QQQ +0.00%  VIX 18.8

  ⏰ CONTRACT EXPIRED — auto-closing #10

  🔴 #11 TSLA260511P00425000  [⏸ TRACKING]
      Entry: $7.83 │ Bid: $0.00  Mid: $0.02  Ask: $0.01
      P&L: $-780.50 (-99.7%) │ Target: $15.65  Stop: $3.91  DTE: -1d
      ⚠️  Stop was triggered — continuing to track for data
      💭 HIGH TSLA put signal — score 5.62, $1.6M premium, 3 DTE, bearish thesi...
      🌍 SPY +0.00%  QQQ +0.00%  VIX 18.8

  ⏰ CONTRACT EXPIRED — auto-closing #11

  🔴 #13 TSLA260511P00430000  [⏸ TRACKING]
      Entry: $7.33 │ Bid: $0.00  Mid: $0.01  Ask: $0.01
      P&L: $-731.50 (-99.9%) │ Target: $14.65  Stop: $3.66  DTE: -1d
      ⚠️  Stop was triggered — continuing to track for data
      💭 $2.8M premium on TSLA puts with 100% bearish flow and 8.0 score warran...
      🌍 SPY +0.00%  QQQ +0.00%  VIX 18.8

  ⏰ CONTRACT EXPIRED — auto-closing #13

  🔴 #14 TSLA260513P00430000  [⏸ TRACKING]
      Entry: $11.70 │ Bid: $2.11  Mid: $2.13  Ask: $2.15
      P&L: $-957.00 (-81.8%) │ Target: $23.40  Stop: $5.85  DTE: 1d
      ⚠️  Stop was triggered — continuing to track for data
      💭 $1.1M premium on TSLA 430 puts expiring today with 100% bearish flow a...
      🌍 SPY +0.00%  QQQ +0.00%  VIX 18.8

  🔴 #15 AMD260515P00457500  [⏸ TRACKING]
      Entry: $22.60 │ Bid: $15.05  Mid: $15.35  Ask: $15.65
      P&L: $-725.00 (-32.1%) │ Target: $45.20  Stop: $11.30  DTE: 3d
      ⚠️  Stop was triggered — continuing to track for data
      💭 $2.0M premium in AMD puts expiring today with 100% bearish flow and 8....
      🌍 SPY +0.00%  QQQ +0.00%  VIX 18.8

  🔴 #16 QQQ260511P00706000  [⏸ TRACKING]
      Entry: $2.11 │ Bid: $0.01  Mid: $0.02  Ask: $0.03
      P&L: $-209.00 (-99.0%) │ Target: $4.22  Stop: $1.05  DTE: -1d
      ⚠️  Stop was triggered — continuing to track for data
      💭 QQQ put with $1.8M premium and 8.0 score expiring today in 100% bearis...
      🌍 SPY +0.00%  QQQ +0.00%  VIX 18.8

  ⏰ CONTRACT EXPIRED — auto-closing #16

  🔴 #17 TSLA260515P00427500  [⏸ TRACKING]
      Entry: $11.00 │ Bid: $3.70  Mid: $3.75  Ask: $3.80
      P&L: $-725.00 (-65.9%) │ Target: $22.00  Stop: $5.50  DTE: 3d
      ⚠️  Stop was triggered — continuing to track for data
      💭 $6M premium on TSLA puts with 8.8 score and 100% bearish flow concentr...
      🌍 SPY +0.00%  QQQ +0.00%  VIX 18.8

  ⏳ Next check in 3 minutes...

  ─────────────────────────────────────────────────────────────────
  📡 POSITION CHECK — 09:45:08 EDT
  ─────────────────────────────────────────────────────────────────

  🔴 #10 SPY260511P00745000  [⏸ TRACKING]
      Entry: $9.88 │ Bid: $6.03  Mid: $6.17  Ask: $6.31
      P&L: $-370.50 (-37.5%) │ Target: $19.75  Stop: $4.94  DTE: -1d
      ⚠️  Stop was triggered — continuing to track for data
      💭 HIGH SPY put signal — score 8.0, $4.4M premium, 3 DTE, bearish thesis....
      🌍 SPY +0.00%  QQQ +0.00%  VIX 18.7

  ⏰ CONTRACT EXPIRED — auto-closing #10

  🔴 #11 TSLA260511P00425000  [⏸ TRACKING]
      Entry: $7.83 │ Bid: $0.00  Mid: $0.02  Ask: $0.01
      P&L: $-780.50 (-99.7%) │ Target: $15.65  Stop: $3.91  DTE: -1d
      ⚠️  Stop was triggered — continuing to track for data
      💭 HIGH TSLA put signal — score 5.62, $1.6M premium, 3 DTE, bearish thesi...
      🌍 SPY +0.00%  QQQ +0.00%  VIX 18.7

  ⏰ CONTRACT EXPIRED — auto-closing #11

  🔴 #13 TSLA260511P00430000  [⏸ TRACKING]
      Entry: $7.33 │ Bid: $0.00  Mid: $0.01  Ask: $0.01
      P&L: $-731.50 (-99.9%) │ Target: $14.65  Stop: $3.66  DTE: -1d
      ⚠️  Stop was triggered — continuing to track for data
      💭 $2.8M premium on TSLA puts with 100% bearish flow and 8.0 score warran...
      🌍 SPY +0.00%  QQQ +0.00%  VIX 18.7

  ⏰ CONTRACT EXPIRED — auto-closing #13

  🔴 #14 TSLA260513P00430000  [⏸ TRACKING]
      Entry: $11.70 │ Bid: $2.05  Mid: $2.06  Ask: $2.08
      P&L: $-963.50 (-82.3%) │ Target: $23.40  Stop: $5.85  DTE: 1d
      ⚠️  Stop was triggered — continuing to track for data
      💭 $1.1M premium on TSLA 430 puts expiring today with 100% bearish flow a...
      🌍 SPY +0.00%  QQQ +0.00%  VIX 18.7

  🔴 #15 AMD260515P00457500  [⏸ TRACKING]
      Entry: $22.60 │ Bid: $13.30  Mid: $13.50  Ask: $13.70
      P&L: $-910.00 (-40.3%) │ Target: $45.20  Stop: $11.30  DTE: 3d
      ⚠️  Stop was triggered — continuing to track for data
      💭 $2.0M premium in AMD puts expiring today with 100% bearish flow and 8....
      🌍 SPY +0.00%  QQQ +0.00%  VIX 18.7

  🔴 #16 QQQ260511P00706000  [⏸ TRACKING]
      Entry: $2.11 │ Bid: $0.01  Mid: $0.02  Ask: $0.03
      P&L: $-209.00 (-99.0%) │ Target: $4.22  Stop: $1.05  DTE: -1d
      ⚠️  Stop was triggered — continuing to track for data
      💭 QQQ put with $1.8M premium and 8.0 score expiring today in 100% bearis...
      🌍 SPY +0.00%  QQQ +0.00%  VIX 18.7

  ⏰ CONTRACT EXPIRED — auto-closing #16

  🔴 #17 TSLA260515P00427500  [⏸ TRACKING]
      Entry: $11.00 │ Bid: $3.65  Mid: $3.73  Ask: $3.80
      P&L: $-727.50 (-66.1%) │ Target: $22.00  Stop: $5.50  DTE: 3d
      ⚠️  Stop was triggered — continuing to track for data
      💭 $6M premium on TSLA puts with 8.8 score and 100% bearish flow concentr...
      🌍 SPY +0.00%  QQQ +0.00%  VIX 18.7

  ⏳ Next check in 3 minutes...

  ─────────────────────────────────────────────────────────────────
  📡 POSITION CHECK — 09:48:09 EDT
  ─────────────────────────────────────────────────────────────────

  🔴 #10 SPY260511P00745000  [⏸ TRACKING]
      Entry: $9.88 │ Bid: $6.03  Mid: $6.17  Ask: $6.31
      P&L: $-370.50 (-37.5%) │ Target: $19.75  Stop: $4.94  DTE: -1d
      ⚠️  Stop was triggered — continuing to track for data
      💭 HIGH SPY put signal — score 8.0, $4.4M premium, 3 DTE, bearish thesis....
      🌍 SPY +0.00%  QQQ +0.00%  VIX 18.7

  ⏰ CONTRACT EXPIRED — auto-closing #10

  🔴 #11 TSLA260511P00425000  [⏸ TRACKING]
      Entry: $7.83 │ Bid: $0.00  Mid: $0.02  Ask: $0.01
      P&L: $-780.50 (-99.7%) │ Target: $15.65  Stop: $3.91  DTE: -1d
      ⚠️  Stop was triggered — continuing to track for data
      💭 HIGH TSLA put signal — score 5.62, $1.6M premium, 3 DTE, bearish thesi...
      🌍 SPY +0.00%  QQQ +0.00%  VIX 18.7

  ⏰ CONTRACT EXPIRED — auto-closing #11

  🔴 #13 TSLA260511P00430000  [⏸ TRACKING]
      Entry: $7.33 │ Bid: $0.00  Mid: $0.01  Ask: $0.01
      P&L: $-731.50 (-99.9%) │ Target: $14.65  Stop: $3.66  DTE: -1d
      ⚠️  Stop was triggered — continuing to track for data
      💭 $2.8M premium on TSLA puts with 100% bearish flow and 8.0 score warran...
      🌍 SPY +0.00%  QQQ +0.00%  VIX 18.7

  ⏰ CONTRACT EXPIRED — auto-closing #13

  🔴 #14 TSLA260513P00430000  [⏸ TRACKING]
      Entry: $11.70 │ Bid: $3.00  Mid: $3.05  Ask: $3.10
      P&L: $-865.00 (-73.9%) │ Target: $23.40  Stop: $5.85  DTE: 1d
      ⚠️  Stop was triggered — continuing to track for data
      💭 $1.1M premium on TSLA 430 puts expiring today with 100% bearish flow a...
      🌍 SPY +0.00%  QQQ +0.00%  VIX 18.7

  🔴 #15 AMD260515P00457500  [⏸ TRACKING]
      Entry: $22.60 │ Bid: $14.95  Mid: $15.18  Ask: $15.40
      P&L: $-742.50 (-32.9%) │ Target: $45.20  Stop: $11.30  DTE: 3d
      ⚠️  Stop was triggered — continuing to track for data
      💭 $2.0M premium in AMD puts expiring today with 100% bearish flow and 8....
      🌍 SPY +0.00%  QQQ +0.00%  VIX 18.7

  🔴 #16 QQQ260511P00706000  [⏸ TRACKING]
      Entry: $2.11 │ Bid: $0.01  Mid: $0.02  Ask: $0.03
      P&L: $-209.00 (-99.0%) │ Target: $4.22  Stop: $1.05  DTE: -1d
      ⚠️  Stop was triggered — continuing to track for data
      💭 QQQ put with $1.8M premium and 8.0 score expiring today in 100% bearis...
      🌍 SPY +0.00%  QQQ +0.00%  VIX 18.7

  ⏰ CONTRACT EXPIRED — auto-closing #16

  🔴 #17 TSLA260515P00427500  [⏸ TRACKING]
      Entry: $11.00 │ Bid: $4.85  Mid: $4.88  Ask: $4.90
      P&L: $-612.50 (-55.7%) │ Target: $22.00  Stop: $5.50  DTE: 3d
      ⚠️  Stop was triggered — continuing to track for data
      💭 $6M premium on TSLA puts with 8.8 score and 100% bearish flow concentr...
      🌍 SPY +0.00%  QQQ +0.00%  VIX 18.7

  ⏳ Next check in 3 minutes...

  ─────────────────────────────────────────────────────────────────
  📡 POSITION CHECK — 09:51:11 EDT
  ─────────────────────────────────────────────────────────────────

  🔴 #10 SPY260511P00745000  [⏸ TRACKING]
      Entry: $9.88 │ Bid: $6.03  Mid: $6.17  Ask: $6.31
      P&L: $-370.50 (-37.5%) │ Target: $19.75  Stop: $4.94  DTE: -1d
      ⚠️  Stop was triggered — continuing to track for data
      💭 HIGH SPY put signal — score 8.0, $4.4M premium, 3 DTE, bearish thesis....
      🌍 SPY +0.00%  QQQ +0.00%  VIX 18.7

  ⏰ CONTRACT EXPIRED — auto-closing #10

  🔴 #11 TSLA260511P00425000  [⏸ TRACKING]
      Entry: $7.83 │ Bid: $0.00  Mid: $0.02  Ask: $0.01
      P&L: $-780.50 (-99.7%) │ Target: $15.65  Stop: $3.91  DTE: -1d
      ⚠️  Stop was triggered — continuing to track for data
      💭 HIGH TSLA put signal — score 5.62, $1.6M premium, 3 DTE, bearish thesi...
      🌍 SPY +0.00%  QQQ +0.00%  VIX 18.7

  ⏰ CONTRACT EXPIRED — auto-closing #11

  🔴 #13 TSLA260511P00430000  [⏸ TRACKING]
      Entry: $7.33 │ Bid: $0.00  Mid: $0.01  Ask: $0.01
      P&L: $-731.50 (-99.9%) │ Target: $14.65  Stop: $3.66  DTE: -1d
      ⚠️  Stop was triggered — continuing to track for data
      💭 $2.8M premium on TSLA puts with 100% bearish flow and 8.0 score warran...
      🌍 SPY +0.00%  QQQ +0.00%  VIX 18.7

  ⏰ CONTRACT EXPIRED — auto-closing #13

  🔴 #14 TSLA260513P00430000  [⏸ TRACKING]
      Entry: $11.70 │ Bid: $3.25  Mid: $3.30  Ask: $3.35
      P&L: $-840.00 (-71.8%) │ Target: $23.40  Stop: $5.85  DTE: 1d
      ⚠️  Stop was triggered — continuing to track for data
      💭 $1.1M premium on TSLA 430 puts expiring today with 100% bearish flow a...
      🌍 SPY +0.00%  QQQ +0.00%  VIX 18.7

  🔴 #15 AMD260515P00457500  [⏸ TRACKING]
      Entry: $22.60 │ Bid: $14.65  Mid: $14.90  Ask: $15.15
      P&L: $-770.00 (-34.1%) │ Target: $45.20  Stop: $11.30  DTE: 3d
      ⚠️  Stop was triggered — continuing to track for data
      💭 $2.0M premium in AMD puts expiring today with 100% bearish flow and 8....
      🌍 SPY +0.00%  QQQ +0.00%  VIX 18.7

  🔴 #16 QQQ260511P00706000  [⏸ TRACKING]
      Entry: $2.11 │ Bid: $0.01  Mid: $0.02  Ask: $0.03
      P&L: $-209.00 (-99.0%) │ Target: $4.22  Stop: $1.05  DTE: -1d
      ⚠️  Stop was triggered — continuing to track for data
      💭 QQQ put with $1.8M premium and 8.0 score expiring today in 100% bearis...
      🌍 SPY +0.00%  QQQ +0.00%  VIX 18.7

  ⏰ CONTRACT EXPIRED — auto-closing #16

  🔴 #17 TSLA260515P00427500  [⏸ TRACKING]
      Entry: $11.00 │ Bid: $5.05  Mid: $5.10  Ask: $5.15
      P&L: $-590.00 (-53.6%) │ Target: $22.00  Stop: $5.50  DTE: 3d
      ⚠️  Stop was triggered — continuing to track for data
      💭 $6M premium on TSLA puts with 8.8 score and 100% bearish flow concentr...
      🌍 SPY +0.00%  QQQ +0.00%  VIX 18.7

  ⏳ Next check in 3 minutes...

  ─────────────────────────────────────────────────────────────────
  📡 POSITION CHECK — 09:54:12 EDT
  ─────────────────────────────────────────────────────────────────

  🔴 #10 SPY260511P00745000  [⏸ TRACKING]
      Entry: $9.88 │ Bid: $6.03  Mid: $6.17  Ask: $6.31
      P&L: $-370.50 (-37.5%) │ Target: $19.75  Stop: $4.94  DTE: -1d
      ⚠️  Stop was triggered — continuing to track for data
      💭 HIGH SPY put signal — score 8.0, $4.4M premium, 3 DTE, bearish thesis....
      🌍 SPY +0.00%  QQQ +0.00%  VIX 18.7

  ⏰ CONTRACT EXPIRED — auto-closing #10

  🔴 #11 TSLA260511P00425000  [⏸ TRACKING]
      Entry: $7.83 │ Bid: $0.00  Mid: $0.02  Ask: $0.01
      P&L: $-780.50 (-99.7%) │ Target: $15.65  Stop: $3.91  DTE: -1d
      ⚠️  Stop was triggered — continuing to track for data
      💭 HIGH TSLA put signal — score 5.62, $1.6M premium, 3 DTE, bearish thesi...
      🌍 SPY +0.00%  QQQ +0.00%  VIX 18.7

  ⏰ CONTRACT EXPIRED — auto-closing #11

  🔴 #13 TSLA260511P00430000  [⏸ TRACKING]
      Entry: $7.33 │ Bid: $0.00  Mid: $0.01  Ask: $0.01
      P&L: $-731.50 (-99.9%) │ Target: $14.65  Stop: $3.66  DTE: -1d
      ⚠️  Stop was triggered — continuing to track for data
      💭 $2.8M premium on TSLA puts with 100% bearish flow and 8.0 score warran...
      🌍 SPY +0.00%  QQQ +0.00%  VIX 18.7

  ⏰ CONTRACT EXPIRED — auto-closing #13

  🔴 #14 TSLA260513P00430000  [⏸ TRACKING]
      Entry: $11.70 │ Bid: $3.20  Mid: $3.25  Ask: $3.30
      P&L: $-845.00 (-72.2%) │ Target: $23.40  Stop: $5.85  DTE: 1d
      ⚠️  Stop was triggered — continuing to track for data
      💭 $1.1M premium on TSLA 430 puts expiring today with 100% bearish flow a...
      🌍 SPY +0.00%  QQQ +0.00%  VIX 18.7

  🔴 #15 AMD260515P00457500  [⏸ TRACKING]
      Entry: $22.60 │ Bid: $14.30  Mid: $14.53  Ask: $14.75
      P&L: $-807.50 (-35.7%) │ Target: $45.20  Stop: $11.30  DTE: 3d
      ⚠️  Stop was triggered — continuing to track for data
      💭 $2.0M premium in AMD puts expiring today with 100% bearish flow and 8....
      🌍 SPY +0.00%  QQQ +0.00%  VIX 18.7

  🔴 #16 QQQ260511P00706000  [⏸ TRACKING]
      Entry: $2.11 │ Bid: $0.01  Mid: $0.02  Ask: $0.03
      P&L: $-209.00 (-99.0%) │ Target: $4.22  Stop: $1.05  DTE: -1d
      ⚠️  Stop was triggered — continuing to track for data
      💭 QQQ put with $1.8M premium and 8.0 score expiring today in 100% bearis...
      🌍 SPY +0.00%  QQQ +0.00%  VIX 18.7

  ⏰ CONTRACT EXPIRED — auto-closing #16

  🔴 #17 TSLA260515P00427500  [⏸ TRACKING]
      Entry: $11.00 │ Bid: $5.05  Mid: $5.10  Ask: $5.15
      P&L: $-590.00 (-53.6%) │ Target: $22.00  Stop: $5.50  DTE: 3d
      ⚠️  Stop was triggered — continuing to track for data
      💭 $6M premium on TSLA puts with 8.8 score and 100% bearish flow concentr...
      🌍 SPY +0.00%  QQQ +0.00%  VIX 18.7

  ⏳ Next check in 3 minutes...

  ─────────────────────────────────────────────────────────────────
  📡 POSITION CHECK — 09:57:14 EDT
  ─────────────────────────────────────────────────────────────────

  🔴 #10 SPY260511P00745000  [⏸ TRACKING]
      Entry: $9.88 │ Bid: $6.03  Mid: $6.17  Ask: $6.31
      P&L: $-370.50 (-37.5%) │ Target: $19.75  Stop: $4.94  DTE: -1d
      ⚠️  Stop was triggered — continuing to track for data
      💭 HIGH SPY put signal — score 8.0, $4.4M premium, 3 DTE, bearish thesis....
      🌍 SPY +0.00%  QQQ +0.00%  VIX 18.8

  ⏰ CONTRACT EXPIRED — auto-closing #10

  🔴 #11 TSLA260511P00425000  [⏸ TRACKING]
      Entry: $7.83 │ Bid: $0.00  Mid: $0.02  Ask: $0.01
      P&L: $-780.50 (-99.7%) │ Target: $15.65  Stop: $3.91  DTE: -1d
      ⚠️  Stop was triggered — continuing to track for data
      💭 HIGH TSLA put signal — score 5.62, $1.6M premium, 3 DTE, bearish thesi...
      🌍 SPY +0.00%  QQQ +0.00%  VIX 18.8

  ⏰ CONTRACT EXPIRED — auto-closing #11

  🔴 #13 TSLA260511P00430000  [⏸ TRACKING]
      Entry: $7.33 │ Bid: $0.00  Mid: $0.01  Ask: $0.01
      P&L: $-731.50 (-99.9%) │ Target: $14.65  Stop: $3.66  DTE: -1d
      ⚠️  Stop was triggered — continuing to track for data
      💭 $2.8M premium on TSLA puts with 100% bearish flow and 8.0 score warran...
      🌍 SPY +0.00%  QQQ +0.00%  VIX 18.8

  ⏰ CONTRACT EXPIRED — auto-closing #13

  🔴 #14 TSLA260513P00430000  [⏸ TRACKING]
      Entry: $11.70 │ Bid: $3.65  Mid: $3.67  Ask: $3.70
      P&L: $-802.50 (-68.6%) │ Target: $23.40  Stop: $5.85  DTE: 1d
      ⚠️  Stop was triggered — continuing to track for data
      💭 $1.1M premium on TSLA 430 puts expiring today with 100% bearish flow a...
      🌍 SPY +0.00%  QQQ +0.00%  VIX 18.8

  🔴 #15 AMD260515P00457500  [⏸ TRACKING]
      Entry: $22.60 │ Bid: $16.90  Mid: $17.25  Ask: $17.60
      P&L: $-535.00 (-23.7%) │ Target: $45.20  Stop: $11.30  DTE: 3d
      ⚠️  Stop was triggered — continuing to track for data
      💭 $2.0M premium in AMD puts expiring today with 100% bearish flow and 8....
      🌍 SPY +0.00%  QQQ +0.00%  VIX 18.8

  🔴 #16 QQQ260511P00706000  [⏸ TRACKING]
      Entry: $2.11 │ Bid: $0.01  Mid: $0.02  Ask: $0.03
      P&L: $-209.00 (-99.0%) │ Target: $4.22  Stop: $1.05  DTE: -1d
      ⚠️  Stop was triggered — continuing to track for data
      💭 QQQ put with $1.8M premium and 8.0 score expiring today in 100% bearis...
      🌍 SPY +0.00%  QQQ +0.00%  VIX 18.8

  ⏰ CONTRACT EXPIRED — auto-closing #16

  🔴 #17 TSLA260515P00427500  [⏸ TRACKING]
      Entry: $11.00 │ Bid: $5.50  Mid: $5.55  Ask: $5.60
      P&L: $-545.00 (-49.5%) │ Target: $22.00  Stop: $5.50  DTE: 3d
      ⚠️  Stop was triggered — continuing to track for data
      💭 $6M premium on TSLA puts with 8.8 score and 100% bearish flow concentr...
      🌍 SPY +0.00%  QQQ +0.00%  VIX 18.8

  ⏳ Next check in 3 minutes...

  ─────────────────────────────────────────────────────────────────
  📡 POSITION CHECK — 10:00:15 EDT
  ─────────────────────────────────────────────────────────────────

  🔴 #10 SPY260511P00745000  [⏸ TRACKING]
      Entry: $9.88 │ Bid: $6.03  Mid: $6.17  Ask: $6.31
      P&L: $-370.50 (-37.5%) │ Target: $19.75  Stop: $4.94  DTE: -1d
      ⚠️  Stop was triggered — continuing to track for data
      💭 HIGH SPY put signal — score 8.0, $4.4M premium, 3 DTE, bearish thesis....
      🌍 SPY +0.00%  QQQ +0.00%  VIX 18.8

  ⏰ CONTRACT EXPIRED — auto-closing #10

  🔴 #11 TSLA260511P00425000  [⏸ TRACKING]
      Entry: $7.83 │ Bid: $0.00  Mid: $0.02  Ask: $0.01
      P&L: $-780.50 (-99.7%) │ Target: $15.65  Stop: $3.91  DTE: -1d
      ⚠️  Stop was triggered — continuing to track for data
      💭 HIGH TSLA put signal — score 5.62, $1.6M premium, 3 DTE, bearish thesi...
      🌍 SPY +0.00%  QQQ +0.00%  VIX 18.8

  ⏰ CONTRACT EXPIRED — auto-closing #11

  🔴 #13 TSLA260511P00430000  [⏸ TRACKING]
      Entry: $7.33 │ Bid: $0.00  Mid: $0.01  Ask: $0.01
      P&L: $-731.50 (-99.9%) │ Target: $14.65  Stop: $3.66  DTE: -1d
      ⚠️  Stop was triggered — continuing to track for data
      💭 $2.8M premium on TSLA puts with 100% bearish flow and 8.0 score warran...
      🌍 SPY +0.00%  QQQ +0.00%  VIX 18.8

  ⏰ CONTRACT EXPIRED — auto-closing #13

  🔴 #14 TSLA260513P00430000  [⏸ TRACKING]
      Entry: $11.70 │ Bid: $4.10  Mid: $4.17  Ask: $4.25
      P&L: $-752.50 (-64.3%) │ Target: $23.40  Stop: $5.85  DTE: 1d
      ⚠️  Stop was triggered — continuing to track for data
      💭 $1.1M premium on TSLA 430 puts expiring today with 100% bearish flow a...
      🌍 SPY +0.00%  QQQ +0.00%  VIX 18.8

  🔴 #15 AMD260515P00457500  [⏸ TRACKING]
      Entry: $22.60 │ Bid: $18.80  Mid: $19.07  Ask: $19.35
      P&L: $-352.50 (-15.6%) │ Target: $45.20  Stop: $11.30  DTE: 3d
      ⚠️  Stop was triggered — continuing to track for data
      💭 $2.0M premium in AMD puts expiring today with 100% bearish flow and 8....
      🌍 SPY +0.00%  QQQ +0.00%  VIX 18.8

  🔴 #16 QQQ260511P00706000  [⏸ TRACKING]
      Entry: $2.11 │ Bid: $0.01  Mid: $0.02  Ask: $0.03
      P&L: $-209.00 (-99.0%) │ Target: $4.22  Stop: $1.05  DTE: -1d
      ⚠️  Stop was triggered — continuing to track for data
      💭 QQQ put with $1.8M premium and 8.0 score expiring today in 100% bearis...
      🌍 SPY +0.00%  QQQ +0.00%  VIX 18.8

  ⏰ CONTRACT EXPIRED — auto-closing #16

  🔴 #17 TSLA260515P00427500  [⏸ TRACKING]
      Entry: $11.00 │ Bid: $5.85  Mid: $5.92  Ask: $6.00
      P&L: $-507.50 (-46.1%) │ Target: $22.00  Stop: $5.50  DTE: 3d
      ⚠️  Stop was triggered — continuing to track for data
      💭 $6M premium on TSLA puts with 8.8 score and 100% bearish flow concentr...
      🌍 SPY +0.00%  QQQ +0.00%  VIX 18.8

  ⏳ Next check in 3 minutes...

  ─────────────────────────────────────────────────────────────────
  📡 POSITION CHECK — 10:03:16 EDT
  ─────────────────────────────────────────────────────────────────

  🔴 #10 SPY260511P00745000  [⏸ TRACKING]
      Entry: $9.88 │ Bid: $6.03  Mid: $6.17  Ask: $6.31
      P&L: $-370.50 (-37.5%) │ Target: $19.75  Stop: $4.94  DTE: -1d
      ⚠️  Stop was triggered — continuing to track for data
      💭 HIGH SPY put signal — score 8.0, $4.4M premium, 3 DTE, bearish thesis....
      🌍 SPY +0.00%  QQQ +0.00%  VIX 18.9

  ⏰ CONTRACT EXPIRED — auto-closing #10

  🔴 #11 TSLA260511P00425000  [⏸ TRACKING]
      Entry: $7.83 │ Bid: $0.00  Mid: $0.02  Ask: $0.01
      P&L: $-780.50 (-99.7%) │ Target: $15.65  Stop: $3.91  DTE: -1d
      ⚠️  Stop was triggered — continuing to track for data
      💭 HIGH TSLA put signal — score 5.62, $1.6M premium, 3 DTE, bearish thesi...
      🌍 SPY +0.00%  QQQ +0.00%  VIX 18.9

  ⏰ CONTRACT EXPIRED — auto-closing #11

  🔴 #13 TSLA260511P00430000  [⏸ TRACKING]
      Entry: $7.33 │ Bid: $0.00  Mid: $0.01  Ask: $0.01
      P&L: $-731.50 (-99.9%) │ Target: $14.65  Stop: $3.66  DTE: -1d
      ⚠️  Stop was triggered — continuing to track for data
      💭 $2.8M premium on TSLA puts with 100% bearish flow and 8.0 score warran...
      🌍 SPY +0.00%  QQQ +0.00%  VIX 18.9

  ⏰ CONTRACT EXPIRED — auto-closing #13

  🔴 #14 TSLA260513P00430000  [⏸ TRACKING]
      Entry: $11.70 │ Bid: $4.05  Mid: $4.10  Ask: $4.15
      P&L: $-760.00 (-65.0%) │ Target: $23.40  Stop: $5.85  DTE: 1d
      ⚠️  Stop was triggered — continuing to track for data
      💭 $1.1M premium on TSLA 430 puts expiring today with 100% bearish flow a...
      🌍 SPY +0.00%  QQQ +0.00%  VIX 18.9

  🔴 #15 AMD260515P00457500  [⏸ TRACKING]
      Entry: $22.60 │ Bid: $18.70  Mid: $19.02  Ask: $19.35
      P&L: $-357.50 (-15.8%) │ Target: $45.20  Stop: $11.30  DTE: 3d
      ⚠️  Stop was triggered — continuing to track for data
      💭 $2.0M premium in AMD puts expiring today with 100% bearish flow and 8....
      🌍 SPY +0.00%  QQQ +0.00%  VIX 18.9

  🔴 #16 QQQ260511P00706000  [⏸ TRACKING]
      Entry: $2.11 │ Bid: $0.01  Mid: $0.02  Ask: $0.03
      P&L: $-209.00 (-99.0%) │ Target: $4.22  Stop: $1.05  DTE: -1d
      ⚠️  Stop was triggered — continuing to track for data
      💭 QQQ put with $1.8M premium and 8.0 score expiring today in 100% bearis...
      🌍 SPY +0.00%  QQQ +0.00%  VIX 18.9

  ⏰ CONTRACT EXPIRED — auto-closing #16

  🔴 #17 TSLA260515P00427500  [⏸ TRACKING]
      Entry: $11.00 │ Bid: $5.75  Mid: $5.83  Ask: $5.90
      P&L: $-517.50 (-47.0%) │ Target: $22.00  Stop: $5.50  DTE: 3d
      ⚠️  Stop was triggered — continuing to track for data
      💭 $6M premium on TSLA puts with 8.8 score and 100% bearish flow concentr...
      🌍 SPY +0.00%  QQQ +0.00%  VIX 18.9

  ⏳ Next check in 3 minutes...

  ─────────────────────────────────────────────────────────────────
  📡 POSITION CHECK — 10:06:18 EDT
  ─────────────────────────────────────────────────────────────────

  🔴 #10 SPY260511P00745000  [⏸ TRACKING]
      Entry: $9.88 │ Bid: $6.03  Mid: $6.17  Ask: $6.31
      P&L: $-370.50 (-37.5%) │ Target: $19.75  Stop: $4.94  DTE: -1d
      ⚠️  Stop was triggered — continuing to track for data
      💭 HIGH SPY put signal — score 8.0, $4.4M premium, 3 DTE, bearish thesis....
      🌍 SPY +0.00%  QQQ +0.00%  VIX 18.8

  ⏰ CONTRACT EXPIRED — auto-closing #10

  🔴 #11 TSLA260511P00425000  [⏸ TRACKING]
      Entry: $7.83 │ Bid: $0.00  Mid: $0.02  Ask: $0.01
      P&L: $-780.50 (-99.7%) │ Target: $15.65  Stop: $3.91  DTE: -1d
      ⚠️  Stop was triggered — continuing to track for data
      💭 HIGH TSLA put signal — score 5.62, $1.6M premium, 3 DTE, bearish thesi...
      🌍 SPY +0.00%  QQQ +0.00%  VIX 18.8

  ⏰ CONTRACT EXPIRED — auto-closing #11

  🔴 #13 TSLA260511P00430000  [⏸ TRACKING]
      Entry: $7.33 │ Bid: $0.00  Mid: $0.01  Ask: $0.01
      P&L: $-731.50 (-99.9%) │ Target: $14.65  Stop: $3.66  DTE: -1d
      ⚠️  Stop was triggered — continuing to track for data
      💭 $2.8M premium on TSLA puts with 100% bearish flow and 8.0 score warran...
      🌍 SPY +0.00%  QQQ +0.00%  VIX 18.8

  ⏰ CONTRACT EXPIRED — auto-closing #13

  🔴 #14 TSLA260513P00430000  [⏸ TRACKING]
      Entry: $11.70 │ Bid: $3.75  Mid: $3.80  Ask: $3.85
      P&L: $-790.00 (-67.5%) │ Target: $23.40  Stop: $5.85  DTE: 1d
      ⚠️  Stop was triggered — continuing to track for data
      💭 $1.1M premium on TSLA 430 puts expiring today with 100% bearish flow a...
      🌍 SPY +0.00%  QQQ +0.00%  VIX 18.8

  🔴 #15 AMD260515P00457500  [⏸ TRACKING]
      Entry: $22.60 │ Bid: $16.50  Mid: $16.98  Ask: $17.45
      P&L: $-562.50 (-24.9%) │ Target: $45.20  Stop: $11.30  DTE: 3d
      ⚠️  Stop was triggered — continuing to track for data
      💭 $2.0M premium in AMD puts expiring today with 100% bearish flow and 8....
      🌍 SPY +0.00%  QQQ +0.00%  VIX 18.8

  🔴 #16 QQQ260511P00706000  [⏸ TRACKING]
      Entry: $2.11 │ Bid: $0.01  Mid: $0.02  Ask: $0.03
      P&L: $-209.00 (-99.0%) │ Target: $4.22  Stop: $1.05  DTE: -1d
      ⚠️  Stop was triggered — continuing to track for data
      💭 QQQ put with $1.8M premium and 8.0 score expiring today in 100% bearis...
      🌍 SPY +0.00%  QQQ +0.00%  VIX 18.8

  ⏰ CONTRACT EXPIRED — auto-closing #16

  🔴 #17 TSLA260515P00427500  [⏸ TRACKING]
      Entry: $11.00 │ Bid: $5.50  Mid: $5.55  Ask: $5.60
      P&L: $-545.00 (-49.5%) │ Target: $22.00  Stop: $5.50  DTE: 3d
      ⚠️  Stop was triggered — continuing to track for data
      💭 $6M premium on TSLA puts with 8.8 score and 100% bearish flow concentr...
      🌍 SPY +0.00%  QQQ +0.00%  VIX 18.8

  ⏳ Next check in 3 minutes...

  ─────────────────────────────────────────────────────────────────
  📡 POSITION CHECK — 10:09:19 EDT
  ─────────────────────────────────────────────────────────────────

  🔴 #10 SPY260511P00745000  [⏸ TRACKING]
      Entry: $9.88 │ Bid: $6.03  Mid: $6.17  Ask: $6.31
      P&L: $-370.50 (-37.5%) │ Target: $19.75  Stop: $4.94  DTE: -1d
      ⚠️  Stop was triggered — continuing to track for data
      💭 HIGH SPY put signal — score 8.0, $4.4M premium, 3 DTE, bearish thesis....
      🌍 SPY +0.00%  QQQ +0.00%  VIX 18.8

  ⏰ CONTRACT EXPIRED — auto-closing #10

  🔴 #11 TSLA260511P00425000  [⏸ TRACKING]
      Entry: $7.83 │ Bid: $0.00  Mid: $0.02  Ask: $0.01
      P&L: $-780.50 (-99.7%) │ Target: $15.65  Stop: $3.91  DTE: -1d
      ⚠️  Stop was triggered — continuing to track for data
      💭 HIGH TSLA put signal — score 5.62, $1.6M premium, 3 DTE, bearish thesi...
      🌍 SPY +0.00%  QQQ +0.00%  VIX 18.8

  ⏰ CONTRACT EXPIRED — auto-closing #11

  🔴 #13 TSLA260511P00430000  [⏸ TRACKING]
      Entry: $7.33 │ Bid: $0.00  Mid: $0.01  Ask: $0.01
      P&L: $-731.50 (-99.9%) │ Target: $14.65  Stop: $3.66  DTE: -1d
      ⚠️  Stop was triggered — continuing to track for data
      💭 $2.8M premium on TSLA puts with 100% bearish flow and 8.0 score warran...
      🌍 SPY +0.00%  QQQ +0.00%  VIX 18.8

  ⏰ CONTRACT EXPIRED — auto-closing #13

  🔴 #14 TSLA260513P00430000  [⏸ TRACKING]
      Entry: $11.70 │ Bid: $3.75  Mid: $3.80  Ask: $3.85
      P&L: $-790.00 (-67.5%) │ Target: $23.40  Stop: $5.85  DTE: 1d
      ⚠️  Stop was triggered — continuing to track for data
      💭 $1.1M premium on TSLA 430 puts expiring today with 100% bearish flow a...
      🌍 SPY +0.00%  QQQ +0.00%  VIX 18.8

  🔴 #15 AMD260515P00457500  [⏸ TRACKING]
      Entry: $22.60 │ Bid: $17.40  Mid: $17.70  Ask: $18.00
      P&L: $-490.00 (-21.7%) │ Target: $45.20  Stop: $11.30  DTE: 3d
      ⚠️  Stop was triggered — continuing to track for data
      💭 $2.0M premium in AMD puts expiring today with 100% bearish flow and 8....
      🌍 SPY +0.00%  QQQ +0.00%  VIX 18.8

  🔴 #16 QQQ260511P00706000  [⏸ TRACKING]
      Entry: $2.11 │ Bid: $0.01  Mid: $0.02  Ask: $0.03
      P&L: $-209.00 (-99.0%) │ Target: $4.22  Stop: $1.05  DTE: -1d
      ⚠️  Stop was triggered — continuing to track for data
      💭 QQQ put with $1.8M premium and 8.0 score expiring today in 100% bearis...
      🌍 SPY +0.00%  QQQ +0.00%  VIX 18.8

  ⏰ CONTRACT EXPIRED — auto-closing #16

  🔴 #17 TSLA260515P00427500  [⏸ TRACKING]
      Entry: $11.00 │ Bid: $5.60  Mid: $5.65  Ask: $5.70
      P&L: $-535.00 (-48.6%) │ Target: $22.00  Stop: $5.50  DTE: 3d
      ⚠️  Stop was triggered — continuing to track for data
      💭 $6M premium on TSLA puts with 8.8 score and 100% bearish flow concentr...
      🌍 SPY +0.00%  QQQ +0.00%  VIX 18.8

  ⏳ Next check in 3 minutes...

  ─────────────────────────────────────────────────────────────────
  📡 POSITION CHECK — 10:12:20 EDT
  ─────────────────────────────────────────────────────────────────

  🔴 #10 SPY260511P00745000  [⏸ TRACKING]
      Entry: $9.88 │ Bid: $6.03  Mid: $6.17  Ask: $6.31
      P&L: $-370.50 (-37.5%) │ Target: $19.75  Stop: $4.94  DTE: -1d
      ⚠️  Stop was triggered — continuing to track for data
      💭 HIGH SPY put signal — score 8.0, $4.4M premium, 3 DTE, bearish thesis....
      🌍 SPY +0.00%  QQQ +0.00%  VIX 18.8

  ⏰ CONTRACT EXPIRED — auto-closing #10

  🔴 #11 TSLA260511P00425000  [⏸ TRACKING]
      Entry: $7.83 │ Bid: $0.00  Mid: $0.02  Ask: $0.01
      P&L: $-780.50 (-99.7%) │ Target: $15.65  Stop: $3.91  DTE: -1d
      ⚠️  Stop was triggered — continuing to track for data
      💭 HIGH TSLA put signal — score 5.62, $1.6M premium, 3 DTE, bearish thesi...
      🌍 SPY +0.00%  QQQ +0.00%  VIX 18.8

  ⏰ CONTRACT EXPIRED — auto-closing #11

  🔴 #13 TSLA260511P00430000  [⏸ TRACKING]
      Entry: $7.33 │ Bid: $0.00  Mid: $0.01  Ask: $0.01
      P&L: $-731.50 (-99.9%) │ Target: $14.65  Stop: $3.66  DTE: -1d
      ⚠️  Stop was triggered — continuing to track for data
      💭 $2.8M premium on TSLA puts with 100% bearish flow and 8.0 score warran...
      🌍 SPY +0.00%  QQQ +0.00%  VIX 18.8

  ⏰ CONTRACT EXPIRED — auto-closing #13

  🔴 #14 TSLA260513P00430000  [⏸ TRACKING]
      Entry: $11.70 │ Bid: $3.55  Mid: $3.60  Ask: $3.65
      P&L: $-810.00 (-69.2%) │ Target: $23.40  Stop: $5.85  DTE: 1d
      ⚠️  Stop was triggered — continuing to track for data
      💭 $1.1M premium on TSLA 430 puts expiring today with 100% bearish flow a...
      🌍 SPY +0.00%  QQQ +0.00%  VIX 18.8

  🔴 #15 AMD260515P00457500  [⏸ TRACKING]
      Entry: $22.60 │ Bid: $15.95  Mid: $16.35  Ask: $16.75
      P&L: $-625.00 (-27.6%) │ Target: $45.20  Stop: $11.30  DTE: 3d
      ⚠️  Stop was triggered — continuing to track for data
      💭 $2.0M premium in AMD puts expiring today with 100% bearish flow and 8....
      🌍 SPY +0.00%  QQQ +0.00%  VIX 18.8

  🔴 #16 QQQ260511P00706000  [⏸ TRACKING]
      Entry: $2.11 │ Bid: $0.01  Mid: $0.02  Ask: $0.03
      P&L: $-209.00 (-99.0%) │ Target: $4.22  Stop: $1.05  DTE: -1d
      ⚠️  Stop was triggered — continuing to track for data
      💭 QQQ put with $1.8M premium and 8.0 score expiring today in 100% bearis...
      🌍 SPY +0.00%  QQQ +0.00%  VIX 18.8

  ⏰ CONTRACT EXPIRED — auto-closing #16

  🔴 #17 TSLA260515P00427500  [⏸ TRACKING]
      Entry: $11.00 │ Bid: $5.40  Mid: $5.45  Ask: $5.50
      P&L: $-555.00 (-50.5%) │ Target: $22.00  Stop: $5.50  DTE: 3d
      ⚠️  Stop was triggered — continuing to track for data
      💭 $6M premium on TSLA puts with 8.8 score and 100% bearish flow concentr...
      🌍 SPY +0.00%  QQQ +0.00%  VIX 18.8

  ⏳ Next check in 3 minutes...

  ─────────────────────────────────────────────────────────────────
  📡 POSITION CHECK — 10:15:22 EDT
  ─────────────────────────────────────────────────────────────────

  🔴 #10 SPY260511P00745000  [⏸ TRACKING]
      Entry: $9.88 │ Bid: $6.03  Mid: $6.17  Ask: $6.31
      P&L: $-370.50 (-37.5%) │ Target: $19.75  Stop: $4.94  DTE: -1d
      ⚠️  Stop was triggered — continuing to track for data
      💭 HIGH SPY put signal — score 8.0, $4.4M premium, 3 DTE, bearish thesis....
      🌍 SPY +0.00%  QQQ +0.00%  VIX 18.7

  ⏰ CONTRACT EXPIRED — auto-closing #10

  🔴 #11 TSLA260511P00425000  [⏸ TRACKING]
      Entry: $7.83 │ Bid: $0.00  Mid: $0.02  Ask: $0.01
      P&L: $-780.50 (-99.7%) │ Target: $15.65  Stop: $3.91  DTE: -1d
      ⚠️  Stop was triggered — continuing to track for data
      💭 HIGH TSLA put signal — score 5.62, $1.6M premium, 3 DTE, bearish thesi...
      🌍 SPY +0.00%  QQQ +0.00%  VIX 18.7

  ⏰ CONTRACT EXPIRED — auto-closing #11

  🔴 #13 TSLA260511P00430000  [⏸ TRACKING]
      Entry: $7.33 │ Bid: $0.00  Mid: $0.01  Ask: $0.01
      P&L: $-731.50 (-99.9%) │ Target: $14.65  Stop: $3.66  DTE: -1d
      ⚠️  Stop was triggered — continuing to track for data
      💭 $2.8M premium on TSLA puts with 100% bearish flow and 8.0 score warran...
      🌍 SPY +0.00%  QQQ +0.00%  VIX 18.7

  ⏰ CONTRACT EXPIRED — auto-closing #13

  🔴 #14 TSLA260513P00430000  [⏸ TRACKING]
      Entry: $11.70 │ Bid: $3.30  Mid: $3.35  Ask: $3.40
      P&L: $-835.00 (-71.4%) │ Target: $23.40  Stop: $5.85  DTE: 1d
      ⚠️  Stop was triggered — continuing to track for data
      💭 $1.1M premium on TSLA 430 puts expiring today with 100% bearish flow a...
      🌍 SPY +0.00%  QQQ +0.00%  VIX 18.7

  🔴 #15 AMD260515P00457500  [⏸ TRACKING]
      Entry: $22.60 │ Bid: $15.65  Mid: $15.93  Ask: $16.20
      P&L: $-667.50 (-29.5%) │ Target: $45.20  Stop: $11.30  DTE: 3d
      ⚠️  Stop was triggered — continuing to track for data
      💭 $2.0M premium in AMD puts expiring today with 100% bearish flow and 8....
      🌍 SPY +0.00%  QQQ +0.00%  VIX 18.7

  🔴 #16 QQQ260511P00706000  [⏸ TRACKING]
      Entry: $2.11 │ Bid: $0.01  Mid: $0.02  Ask: $0.03
      P&L: $-209.00 (-99.0%) │ Target: $4.22  Stop: $1.05  DTE: -1d
      ⚠️  Stop was triggered — continuing to track for data
      💭 QQQ put with $1.8M premium and 8.0 score expiring today in 100% bearis...
      🌍 SPY +0.00%  QQQ +0.00%  VIX 18.7

  ⏰ CONTRACT EXPIRED — auto-closing #16

  🔴 #17 TSLA260515P00427500  [⏸ TRACKING]
      Entry: $11.00 │ Bid: $5.20  Mid: $5.25  Ask: $5.30
      P&L: $-575.00 (-52.3%) │ Target: $22.00  Stop: $5.50  DTE: 3d
      ⚠️  Stop was triggered — continuing to track for data
      💭 $6M premium on TSLA puts with 8.8 score and 100% bearish flow concentr...
      🌍 SPY +0.00%  QQQ +0.00%  VIX 18.7

  ⏳ Next check in 3 minutes...

  ─────────────────────────────────────────────────────────────────
  📡 POSITION CHECK — 10:18:23 EDT
  ─────────────────────────────────────────────────────────────────

  🔴 #10 SPY260511P00745000  [⏸ TRACKING]
      Entry: $9.88 │ Bid: $6.03  Mid: $6.17  Ask: $6.31
      P&L: $-370.50 (-37.5%) │ Target: $19.75  Stop: $4.94  DTE: -1d
      ⚠️  Stop was triggered — continuing to track for data
      💭 HIGH SPY put signal — score 8.0, $4.4M premium, 3 DTE, bearish thesis....
      🌍 SPY +0.00%  QQQ +0.00%  VIX 18.7

  ⏰ CONTRACT EXPIRED — auto-closing #10

  🔴 #11 TSLA260511P00425000  [⏸ TRACKING]
      Entry: $7.83 │ Bid: $0.00  Mid: $0.02  Ask: $0.01
      P&L: $-780.50 (-99.7%) │ Target: $15.65  Stop: $3.91  DTE: -1d
      ⚠️  Stop was triggered — continuing to track for data
      💭 HIGH TSLA put signal — score 5.62, $1.6M premium, 3 DTE, bearish thesi...
      🌍 SPY +0.00%  QQQ +0.00%  VIX 18.7

  ⏰ CONTRACT EXPIRED — auto-closing #11

  🔴 #13 TSLA260511P00430000  [⏸ TRACKING]
      Entry: $7.33 │ Bid: $0.00  Mid: $0.01  Ask: $0.01
      P&L: $-731.50 (-99.9%) │ Target: $14.65  Stop: $3.66  DTE: -1d
      ⚠️  Stop was triggered — continuing to track for data
      💭 $2.8M premium on TSLA puts with 100% bearish flow and 8.0 score warran...
      🌍 SPY +0.00%  QQQ +0.00%  VIX 18.7

  ⏰ CONTRACT EXPIRED — auto-closing #13

  🔴 #14 TSLA260513P00430000  [⏸ TRACKING]
      Entry: $11.70 │ Bid: $3.50  Mid: $3.55  Ask: $3.60
      P&L: $-815.00 (-69.7%) │ Target: $23.40  Stop: $5.85  DTE: 1d
      ⚠️  Stop was triggered — continuing to track for data
      💭 $1.1M premium on TSLA 430 puts expiring today with 100% bearish flow a...
      🌍 SPY +0.00%  QQQ +0.00%  VIX 18.7

  🔴 #15 AMD260515P00457500  [⏸ TRACKING]
      Entry: $22.60 │ Bid: $16.90  Mid: $17.25  Ask: $17.60
      P&L: $-535.00 (-23.7%) │ Target: $45.20  Stop: $11.30  DTE: 3d
      ⚠️  Stop was triggered — continuing to track for data
      💭 $2.0M premium in AMD puts expiring today with 100% bearish flow and 8....
      🌍 SPY +0.00%  QQQ +0.00%  VIX 18.7

  🔴 #16 QQQ260511P00706000  [⏸ TRACKING]
      Entry: $2.11 │ Bid: $0.01  Mid: $0.02  Ask: $0.03
      P&L: $-209.00 (-99.0%) │ Target: $4.22  Stop: $1.05  DTE: -1d
      ⚠️  Stop was triggered — continuing to track for data
      💭 QQQ put with $1.8M premium and 8.0 score expiring today in 100% bearis...
      🌍 SPY +0.00%  QQQ +0.00%  VIX 18.7

  ⏰ CONTRACT EXPIRED — auto-closing #16

  🔴 #17 TSLA260515P00427500  [⏸ TRACKING]
      Entry: $11.00 │ Bid: $5.40  Mid: $5.45  Ask: $5.50
      P&L: $-555.00 (-50.5%) │ Target: $22.00  Stop: $5.50  DTE: 3d
      ⚠️  Stop was triggered — continuing to track for data
      💭 $6M premium on TSLA puts with 8.8 score and 100% bearish flow concentr...
      🌍 SPY +0.00%  QQQ +0.00%  VIX 18.7

  ⏳ Next check in 3 minutes...

  ─────────────────────────────────────────────────────────────────
  📡 POSITION CHECK — 10:21:24 EDT
  ─────────────────────────────────────────────────────────────────

  🔴 #10 SPY260511P00745000  [⏸ TRACKING]
      Entry: $9.88 │ Bid: $6.03  Mid: $6.17  Ask: $6.31
      P&L: $-370.50 (-37.5%) │ Target: $19.75  Stop: $4.94  DTE: -1d
      ⚠️  Stop was triggered — continuing to track for data
      💭 HIGH SPY put signal — score 8.0, $4.4M premium, 3 DTE, bearish thesis....
      🌍 SPY +0.00%  QQQ +0.00%  VIX 18.7

  ⏰ CONTRACT EXPIRED — auto-closing #10

  🔴 #11 TSLA260511P00425000  [⏸ TRACKING]
      Entry: $7.83 │ Bid: $0.00  Mid: $0.02  Ask: $0.01
      P&L: $-780.50 (-99.7%) │ Target: $15.65  Stop: $3.91  DTE: -1d
      ⚠️  Stop was triggered — continuing to track for data
      💭 HIGH TSLA put signal — score 5.62, $1.6M premium, 3 DTE, bearish thesi...
      🌍 SPY +0.00%  QQQ +0.00%  VIX 18.7

  ⏰ CONTRACT EXPIRED — auto-closing #11

  🔴 #13 TSLA260511P00430000  [⏸ TRACKING]
      Entry: $7.33 │ Bid: $0.00  Mid: $0.01  Ask: $0.01
      P&L: $-731.50 (-99.9%) │ Target: $14.65  Stop: $3.66  DTE: -1d
      ⚠️  Stop was triggered — continuing to track for data
      💭 $2.8M premium on TSLA puts with 100% bearish flow and 8.0 score warran...
      🌍 SPY +0.00%  QQQ +0.00%  VIX 18.7

  ⏰ CONTRACT EXPIRED — auto-closing #13

  🔴 #14 TSLA260513P00430000  [⏸ TRACKING]
      Entry: $11.70 │ Bid: $3.00  Mid: $3.05  Ask: $3.10
      P&L: $-865.00 (-73.9%) │ Target: $23.40  Stop: $5.85  DTE: 1d
      ⚠️  Stop was triggered — continuing to track for data
      💭 $1.1M premium on TSLA 430 puts expiring today with 100% bearish flow a...
      🌍 SPY +0.00%  QQQ +0.00%  VIX 18.7

  🔴 #15 AMD260515P00457500  [⏸ TRACKING]
      Entry: $22.60 │ Bid: $14.75  Mid: $14.97  Ask: $15.20
      P&L: $-762.50 (-33.7%) │ Target: $45.20  Stop: $11.30  DTE: 3d
      ⚠️  Stop was triggered — continuing to track for data
      💭 $2.0M premium in AMD puts expiring today with 100% bearish flow and 8....
      🌍 SPY +0.00%  QQQ +0.00%  VIX 18.7

  🔴 #16 QQQ260511P00706000  [⏸ TRACKING]
      Entry: $2.11 │ Bid: $0.01  Mid: $0.02  Ask: $0.03
      P&L: $-209.00 (-99.0%) │ Target: $4.22  Stop: $1.05  DTE: -1d
      ⚠️  Stop was triggered — continuing to track for data
      💭 QQQ put with $1.8M premium and 8.0 score expiring today in 100% bearis...
      🌍 SPY +0.00%  QQQ +0.00%  VIX 18.7

  ⏰ CONTRACT EXPIRED — auto-closing #16

  🔴 #17 TSLA260515P00427500  [⏸ TRACKING]
      Entry: $11.00 │ Bid: $4.95  Mid: $5.00  Ask: $5.05
      P&L: $-600.00 (-54.5%) │ Target: $22.00  Stop: $5.50  DTE: 3d
      ⚠️  Stop was triggered — continuing to track for data
      💭 $6M premium on TSLA puts with 8.8 score and 100% bearish flow concentr...
      🌍 SPY +0.00%  QQQ +0.00%  VIX 18.7

  ⏳ Next check in 3 minutes...

  ─────────────────────────────────────────────────────────────────
  📡 POSITION CHECK — 10:24:26 EDT
  ─────────────────────────────────────────────────────────────────

  🔴 #10 SPY260511P00745000  [⏸ TRACKING]
      Entry: $9.88 │ Bid: $6.03  Mid: $6.17  Ask: $6.31
      P&L: $-370.50 (-37.5%) │ Target: $19.75  Stop: $4.94  DTE: -1d
      ⚠️  Stop was triggered — continuing to track for data
      💭 HIGH SPY put signal — score 8.0, $4.4M premium, 3 DTE, bearish thesis....
      🌍 SPY +0.00%  QQQ +0.00%  VIX 18.7

  ⏰ CONTRACT EXPIRED — auto-closing #10

  🔴 #11 TSLA260511P00425000  [⏸ TRACKING]
      Entry: $7.83 │ Bid: $0.00  Mid: $0.02  Ask: $0.01
      P&L: $-780.50 (-99.7%) │ Target: $15.65  Stop: $3.91  DTE: -1d
      ⚠️  Stop was triggered — continuing to track for data
      💭 HIGH TSLA put signal — score 5.62, $1.6M premium, 3 DTE, bearish thesi...
      🌍 SPY +0.00%  QQQ +0.00%  VIX 18.7

  ⏰ CONTRACT EXPIRED — auto-closing #11

  🔴 #13 TSLA260511P00430000  [⏸ TRACKING]
      Entry: $7.33 │ Bid: $0.00  Mid: $0.01  Ask: $0.01
      P&L: $-731.50 (-99.9%) │ Target: $14.65  Stop: $3.66  DTE: -1d
      ⚠️  Stop was triggered — continuing to track for data
      💭 $2.8M premium on TSLA puts with 100% bearish flow and 8.0 score warran...
      🌍 SPY +0.00%  QQQ +0.00%  VIX 18.7

  ⏰ CONTRACT EXPIRED — auto-closing #13

  🔴 #14 TSLA260513P00430000  [⏸ TRACKING]
      Entry: $11.70 │ Bid: $3.30  Mid: $3.35  Ask: $3.40
      P&L: $-835.00 (-71.4%) │ Target: $23.40  Stop: $5.85  DTE: 1d
      ⚠️  Stop was triggered — continuing to track for data
      💭 $1.1M premium on TSLA 430 puts expiring today with 100% bearish flow a...
      🌍 SPY +0.00%  QQQ +0.00%  VIX 18.7

  🔴 #15 AMD260515P00457500  [⏸ TRACKING]
      Entry: $22.60 │ Bid: $15.90  Mid: $16.30  Ask: $16.70
      P&L: $-630.00 (-27.9%) │ Target: $45.20  Stop: $11.30  DTE: 3d
      ⚠️  Stop was triggered — continuing to track for data
      💭 $2.0M premium in AMD puts expiring today with 100% bearish flow and 8....
      🌍 SPY +0.00%  QQQ +0.00%  VIX 18.7

  🔴 #16 QQQ260511P00706000  [⏸ TRACKING]
      Entry: $2.11 │ Bid: $0.01  Mid: $0.02  Ask: $0.03
      P&L: $-209.00 (-99.0%) │ Target: $4.22  Stop: $1.05  DTE: -1d
      ⚠️  Stop was triggered — continuing to track for data
      💭 QQQ put with $1.8M premium and 8.0 score expiring today in 100% bearis...
      🌍 SPY +0.00%  QQQ +0.00%  VIX 18.7

  ⏰ CONTRACT EXPIRED — auto-closing #16

  🔴 #17 TSLA260515P00427500  [⏸ TRACKING]
      Entry: $11.00 │ Bid: $5.25  Mid: $5.30  Ask: $5.35
      P&L: $-570.00 (-51.8%) │ Target: $22.00  Stop: $5.50  DTE: 3d
      ⚠️  Stop was triggered — continuing to track for data
      💭 $6M premium on TSLA puts with 8.8 score and 100% bearish flow concentr...
      🌍 SPY +0.00%  QQQ +0.00%  VIX 18.7

  ⏳ Next check in 3 minutes...

  Refreshing auth token...

  ─────────────────────────────────────────────────────────────────
  📡 POSITION CHECK — 10:27:28 EDT
  ─────────────────────────────────────────────────────────────────

  🔴 #10 SPY260511P00745000  [⏸ TRACKING]
      Entry: $9.88 │ Bid: $6.03  Mid: $6.17  Ask: $6.31
      P&L: $-370.50 (-37.5%) │ Target: $19.75  Stop: $4.94  DTE: -1d
      ⚠️  Stop was triggered — continuing to track for data
      💭 HIGH SPY put signal — score 8.0, $4.4M premium, 3 DTE, bearish thesis....
      🌍 SPY +0.00%  QQQ +0.00%  VIX 18.7

  ⏰ CONTRACT EXPIRED — auto-closing #10

  🔴 #11 TSLA260511P00425000  [⏸ TRACKING]
      Entry: $7.83 │ Bid: $0.00  Mid: $0.02  Ask: $0.01
      P&L: $-780.50 (-99.7%) │ Target: $15.65  Stop: $3.91  DTE: -1d
      ⚠️  Stop was triggered — continuing to track for data
      💭 HIGH TSLA put signal — score 5.62, $1.6M premium, 3 DTE, bearish thesi...
      🌍 SPY +0.00%  QQQ +0.00%  VIX 18.7

  ⏰ CONTRACT EXPIRED — auto-closing #11

  🔴 #13 TSLA260511P00430000  [⏸ TRACKING]
      Entry: $7.33 │ Bid: $0.00  Mid: $0.01  Ask: $0.01
      P&L: $-731.50 (-99.9%) │ Target: $14.65  Stop: $3.66  DTE: -1d
      ⚠️  Stop was triggered — continuing to track for data
      💭 $2.8M premium on TSLA puts with 100% bearish flow and 8.0 score warran...
      🌍 SPY +0.00%  QQQ +0.00%  VIX 18.7

  ⏰ CONTRACT EXPIRED — auto-closing #13

  🔴 #14 TSLA260513P00430000  [⏸ TRACKING]
      Entry: $11.70 │ Bid: $3.35  Mid: $3.40  Ask: $3.45
      P&L: $-830.00 (-70.9%) │ Target: $23.40  Stop: $5.85  DTE: 1d
      ⚠️  Stop was triggered — continuing to track for data
      💭 $1.1M premium on TSLA 430 puts expiring today with 100% bearish flow a...
      🌍 SPY +0.00%  QQQ +0.00%  VIX 18.7

  🔴 #15 AMD260515P00457500  [⏸ TRACKING]
      Entry: $22.60 │ Bid: $17.40  Mid: $17.80  Ask: $18.20
      P&L: $-480.00 (-21.2%) │ Target: $45.20  Stop: $11.30  DTE: 3d
      ⚠️  Stop was triggered — continuing to track for data
      💭 $2.0M premium in AMD puts expiring today with 100% bearish flow and 8....
      🌍 SPY +0.00%  QQQ +0.00%  VIX 18.7

  🔴 #16 QQQ260511P00706000  [⏸ TRACKING]
      Entry: $2.11 │ Bid: $0.01  Mid: $0.02  Ask: $0.03
      P&L: $-209.00 (-99.0%) │ Target: $4.22  Stop: $1.05  DTE: -1d
      ⚠️  Stop was triggered — continuing to track for data
      💭 QQQ put with $1.8M premium and 8.0 score expiring today in 100% bearis...
      🌍 SPY +0.00%  QQQ +0.00%  VIX 18.7

  ⏰ CONTRACT EXPIRED — auto-closing #16

  🔴 #17 TSLA260515P00427500  [⏸ TRACKING]
      Entry: $11.00 │ Bid: $5.35  Mid: $5.40  Ask: $5.45
      P&L: $-560.00 (-50.9%) │ Target: $22.00  Stop: $5.50  DTE: 3d
      ⚠️  Stop was triggered — continuing to track for data
      💭 $6M premium on TSLA puts with 8.8 score and 100% bearish flow concentr...
      🌍 SPY +0.00%  QQQ +0.00%  VIX 18.7

  ⏳ Next check in 3 minutes...

  ─────────────────────────────────────────────────────────────────
  📡 POSITION CHECK — 10:30:30 EDT
  ─────────────────────────────────────────────────────────────────

  🔴 #10 SPY260511P00745000  [⏸ TRACKING]
      Entry: $9.88 │ Bid: $6.03  Mid: $6.17  Ask: $6.31
      P&L: $-370.50 (-37.5%) │ Target: $19.75  Stop: $4.94  DTE: -1d
      ⚠️  Stop was triggered — continuing to track for data
      💭 HIGH SPY put signal — score 8.0, $4.4M premium, 3 DTE, bearish thesis....
      🌍 SPY +0.00%  QQQ +0.00%  VIX 18.8

  ⏰ CONTRACT EXPIRED — auto-closing #10

  🔴 #11 TSLA260511P00425000  [⏸ TRACKING]
      Entry: $7.83 │ Bid: $0.00  Mid: $0.02  Ask: $0.01
      P&L: $-780.50 (-99.7%) │ Target: $15.65  Stop: $3.91  DTE: -1d
      ⚠️  Stop was triggered — continuing to track for data
      💭 HIGH TSLA put signal — score 5.62, $1.6M premium, 3 DTE, bearish thesi...
      🌍 SPY +0.00%  QQQ +0.00%  VIX 18.8

  ⏰ CONTRACT EXPIRED — auto-closing #11

  🔴 #13 TSLA260511P00430000  [⏸ TRACKING]
      Entry: $7.33 │ Bid: $0.00  Mid: $0.01  Ask: $0.01
      P&L: $-731.50 (-99.9%) │ Target: $14.65  Stop: $3.66  DTE: -1d
      ⚠️  Stop was triggered — continuing to track for data
      💭 $2.8M premium on TSLA puts with 100% bearish flow and 8.0 score warran...
      🌍 SPY +0.00%  QQQ +0.00%  VIX 18.8

  ⏰ CONTRACT EXPIRED — auto-closing #13

  🔴 #14 TSLA260513P00430000  [⏸ TRACKING]
      Entry: $11.70 │ Bid: $4.75  Mid: $4.78  Ask: $4.80
      P&L: $-692.50 (-59.2%) │ Target: $23.40  Stop: $5.85  DTE: 1d
      ⚠️  Stop was triggered — continuing to track for data
      💭 $1.1M premium on TSLA 430 puts expiring today with 100% bearish flow a...
      🌍 SPY +0.00%  QQQ +0.00%  VIX 18.8

  🔴 #15 AMD260515P00457500  [⏸ TRACKING]
      Entry: $22.60 │ Bid: $19.90  Mid: $20.18  Ask: $20.45
      P&L: $-242.50 (-10.7%) │ Target: $45.20  Stop: $11.30  DTE: 3d
      ⚠️  Stop was triggered — continuing to track for data
      💭 $2.0M premium in AMD puts expiring today with 100% bearish flow and 8....
      🌍 SPY +0.00%  QQQ +0.00%  VIX 18.8

  🔴 #16 QQQ260511P00706000  [⏸ TRACKING]
      Entry: $2.11 │ Bid: $0.01  Mid: $0.02  Ask: $0.03
      P&L: $-209.00 (-99.0%) │ Target: $4.22  Stop: $1.05  DTE: -1d
      ⚠️  Stop was triggered — continuing to track for data
      💭 QQQ put with $1.8M premium and 8.0 score expiring today in 100% bearis...
      🌍 SPY +0.00%  QQQ +0.00%  VIX 18.8

  ⏰ CONTRACT EXPIRED — auto-closing #16

  🔴 #17 TSLA260515P00427500  [⏸ TRACKING]
      Entry: $11.00 │ Bid: $6.65  Mid: $6.70  Ask: $6.75
      P&L: $-430.00 (-39.1%) │ Target: $22.00  Stop: $5.50  DTE: 3d
      ⚠️  Stop was triggered — continuing to track for data
      💭 $6M premium on TSLA puts with 8.8 score and 100% bearish flow concentr...
      🌍 SPY +0.00%  QQQ +0.00%  VIX 18.8

  ⏳ Next check in 3 minutes...

  ─────────────────────────────────────────────────────────────────
  📡 POSITION CHECK — 10:33:31 EDT
  ─────────────────────────────────────────────────────────────────

  🔴 #10 SPY260511P00745000  [⏸ TRACKING]
      Entry: $9.88 │ Bid: $6.03  Mid: $6.17  Ask: $6.31
      P&L: $-370.50 (-37.5%) │ Target: $19.75  Stop: $4.94  DTE: -1d
      ⚠️  Stop was triggered — continuing to track for data
      💭 HIGH SPY put signal — score 8.0, $4.4M premium, 3 DTE, bearish thesis....
      🌍 SPY +0.00%  QQQ +0.00%  VIX 18.9

  ⏰ CONTRACT EXPIRED — auto-closing #10

  🔴 #11 TSLA260511P00425000  [⏸ TRACKING]
      Entry: $7.83 │ Bid: $0.00  Mid: $0.02  Ask: $0.01
      P&L: $-780.50 (-99.7%) │ Target: $15.65  Stop: $3.91  DTE: -1d
      ⚠️  Stop was triggered — continuing to track for data
      💭 HIGH TSLA put signal — score 5.62, $1.6M premium, 3 DTE, bearish thesi...
      🌍 SPY +0.00%  QQQ +0.00%  VIX 18.9

  ⏰ CONTRACT EXPIRED — auto-closing #11

  🔴 #13 TSLA260511P00430000  [⏸ TRACKING]
      Entry: $7.33 │ Bid: $0.00  Mid: $0.01  Ask: $0.01
      P&L: $-731.50 (-99.9%) │ Target: $14.65  Stop: $3.66  DTE: -1d
      ⚠️  Stop was triggered — continuing to track for data
      💭 $2.8M premium on TSLA puts with 100% bearish flow and 8.0 score warran...
      🌍 SPY +0.00%  QQQ +0.00%  VIX 18.9

  ⏰ CONTRACT EXPIRED — auto-closing #13

  🔴 #14 TSLA260513P00430000  [⏸ TRACKING]
      Entry: $11.70 │ Bid: $5.55  Mid: $5.60  Ask: $5.65
      P&L: $-610.00 (-52.1%) │ Target: $23.40  Stop: $5.85  DTE: 1d
      ⚠️  Stop was triggered — continuing to track for data
      💭 $1.1M premium on TSLA 430 puts expiring today with 100% bearish flow a...
      🌍 SPY +0.00%  QQQ +0.00%  VIX 18.9

  🔴 #15 AMD260515P00457500  [⏸ TRACKING]
      Entry: $22.60 │ Bid: $21.35  Mid: $21.65  Ask: $21.95
      P&L: $-95.00 (-4.2%) │ Target: $45.20  Stop: $11.30  DTE: 3d
      ⚠️  Stop was triggered — continuing to track for data
      💭 $2.0M premium in AMD puts expiring today with 100% bearish flow and 8....
      🌍 SPY +0.00%  QQQ +0.00%  VIX 18.9

  🔴 #16 QQQ260511P00706000  [⏸ TRACKING]
      Entry: $2.11 │ Bid: $0.01  Mid: $0.02  Ask: $0.03
      P&L: $-209.00 (-99.0%) │ Target: $4.22  Stop: $1.05  DTE: -1d
      ⚠️  Stop was triggered — continuing to track for data
      💭 QQQ put with $1.8M premium and 8.0 score expiring today in 100% bearis...
      🌍 SPY +0.00%  QQQ +0.00%  VIX 18.9

  ⏰ CONTRACT EXPIRED — auto-closing #16

  🔴 #17 TSLA260515P00427500  [⏸ TRACKING]
      Entry: $11.00 │ Bid: $7.40  Mid: $7.45  Ask: $7.50
      P&L: $-355.00 (-32.3%) │ Target: $22.00  Stop: $5.50  DTE: 3d
      ⚠️  Stop was triggered — continuing to track for data
      💭 $6M premium on TSLA puts with 8.8 score and 100% bearish flow concentr...
      🌍 SPY +0.00%  QQQ +0.00%  VIX 18.9

  ⏳ Next check in 3 minutes...

  ─────────────────────────────────────────────────────────────────
  📡 POSITION CHECK — 10:36:32 EDT
  ─────────────────────────────────────────────────────────────────

  🔴 #10 SPY260511P00745000  [⏸ TRACKING]
      Entry: $9.88 │ Bid: $6.03  Mid: $6.17  Ask: $6.31
      P&L: $-370.50 (-37.5%) │ Target: $19.75  Stop: $4.94  DTE: -1d
      ⚠️  Stop was triggered — continuing to track for data
      💭 HIGH SPY put signal — score 8.0, $4.4M premium, 3 DTE, bearish thesis....
      🌍 SPY +0.00%  QQQ +0.00%  VIX 18.9

  ⏰ CONTRACT EXPIRED — auto-closing #10

  🔴 #11 TSLA260511P00425000  [⏸ TRACKING]
      Entry: $7.83 │ Bid: $0.00  Mid: $0.02  Ask: $0.01
      P&L: $-780.50 (-99.7%) │ Target: $15.65  Stop: $3.91  DTE: -1d
      ⚠️  Stop was triggered — continuing to track for data
      💭 HIGH TSLA put signal — score 5.62, $1.6M premium, 3 DTE, bearish thesi...
      🌍 SPY +0.00%  QQQ +0.00%  VIX 18.9

  ⏰ CONTRACT EXPIRED — auto-closing #11

  🔴 #13 TSLA260511P00430000  [⏸ TRACKING]
      Entry: $7.33 │ Bid: $0.00  Mid: $0.01  Ask: $0.01
      P&L: $-731.50 (-99.9%) │ Target: $14.65  Stop: $3.66  DTE: -1d
      ⚠️  Stop was triggered — continuing to track for data
      💭 $2.8M premium on TSLA puts with 100% bearish flow and 8.0 score warran...
      🌍 SPY +0.00%  QQQ +0.00%  VIX 18.9

  ⏰ CONTRACT EXPIRED — auto-closing #13

  🔴 #14 TSLA260513P00430000  [⏸ TRACKING]
      Entry: $11.70 │ Bid: $5.15  Mid: $5.20  Ask: $5.25
      P&L: $-650.00 (-55.6%) │ Target: $23.40  Stop: $5.85  DTE: 1d
      ⚠️  Stop was triggered — continuing to track for data
      💭 $1.1M premium on TSLA 430 puts expiring today with 100% bearish flow a...
      🌍 SPY +0.00%  QQQ +0.00%  VIX 18.9

  🔴 #15 AMD260515P00457500  [⏸ TRACKING]
      Entry: $22.60 │ Bid: $20.80  Mid: $21.32  Ask: $21.85
      P&L: $-127.50 (-5.6%) │ Target: $45.20  Stop: $11.30  DTE: 3d
      ⚠️  Stop was triggered — continuing to track for data
      💭 $2.0M premium in AMD puts expiring today with 100% bearish flow and 8....
      🌍 SPY +0.00%  QQQ +0.00%  VIX 18.9

  🔴 #16 QQQ260511P00706000  [⏸ TRACKING]
      Entry: $2.11 │ Bid: $0.01  Mid: $0.02  Ask: $0.03
      P&L: $-209.00 (-99.0%) │ Target: $4.22  Stop: $1.05  DTE: -1d
      ⚠️  Stop was triggered — continuing to track for data
      💭 QQQ put with $1.8M premium and 8.0 score expiring today in 100% bearis...
      🌍 SPY +0.00%  QQQ +0.00%  VIX 18.9

  ⏰ CONTRACT EXPIRED — auto-closing #16

  🔴 #17 TSLA260515P00427500  [⏸ TRACKING]
      Entry: $11.00 │ Bid: $7.00  Mid: $7.05  Ask: $7.10
      P&L: $-395.00 (-35.9%) │ Target: $22.00  Stop: $5.50  DTE: 3d
      ⚠️  Stop was triggered — continuing to track for data
      💭 $6M premium on TSLA puts with 8.8 score and 100% bearish flow concentr...
      🌍 SPY +0.00%  QQQ +0.00%  VIX 18.9

  ⏳ Next check in 3 minutes...

  ─────────────────────────────────────────────────────────────────
  📡 POSITION CHECK — 10:39:34 EDT
  ─────────────────────────────────────────────────────────────────

  🔴 #10 SPY260511P00745000  [⏸ TRACKING]
      Entry: $9.88 │ Bid: $6.03  Mid: $6.17  Ask: $6.31
      P&L: $-370.50 (-37.5%) │ Target: $19.75  Stop: $4.94  DTE: -1d
      ⚠️  Stop was triggered — continuing to track for data
      💭 HIGH SPY put signal — score 8.0, $4.4M premium, 3 DTE, bearish thesis....
      🌍 SPY +0.00%  QQQ +0.00%  VIX 18.8

  ⏰ CONTRACT EXPIRED — auto-closing #10

  🔴 #11 TSLA260511P00425000  [⏸ TRACKING]
      Entry: $7.83 │ Bid: $0.00  Mid: $0.02  Ask: $0.01
      P&L: $-780.50 (-99.7%) │ Target: $15.65  Stop: $3.91  DTE: -1d
      ⚠️  Stop was triggered — continuing to track for data
      💭 HIGH TSLA put signal — score 5.62, $1.6M premium, 3 DTE, bearish thesi...
      🌍 SPY +0.00%  QQQ +0.00%  VIX 18.8

  ⏰ CONTRACT EXPIRED — auto-closing #11

  🔴 #13 TSLA260511P00430000  [⏸ TRACKING]
      Entry: $7.33 │ Bid: $0.00  Mid: $0.01  Ask: $0.01
      P&L: $-731.50 (-99.9%) │ Target: $14.65  Stop: $3.66  DTE: -1d
      ⚠️  Stop was triggered — continuing to track for data
      💭 $2.8M premium on TSLA puts with 100% bearish flow and 8.0 score warran...
      🌍 SPY +0.00%  QQQ +0.00%  VIX 18.8

  ⏰ CONTRACT EXPIRED — auto-closing #13

  🔴 #14 TSLA260513P00430000  [⏸ TRACKING]
      Entry: $11.70 │ Bid: $4.25  Mid: $4.28  Ask: $4.30
      P&L: $-742.50 (-63.5%) │ Target: $23.40  Stop: $5.85  DTE: 1d
      ⚠️  Stop was triggered — continuing to track for data
      💭 $1.1M premium on TSLA 430 puts expiring today with 100% bearish flow a...
      🌍 SPY +0.00%  QQQ +0.00%  VIX 18.8

  🔴 #15 AMD260515P00457500  [⏸ TRACKING]
      Entry: $22.60 │ Bid: $17.95  Mid: $18.27  Ask: $18.60
      P&L: $-432.50 (-19.1%) │ Target: $45.20  Stop: $11.30  DTE: 3d
      ⚠️  Stop was triggered — continuing to track for data
      💭 $2.0M premium in AMD puts expiring today with 100% bearish flow and 8....
      🌍 SPY +0.00%  QQQ +0.00%  VIX 18.8

  🔴 #16 QQQ260511P00706000  [⏸ TRACKING]
      Entry: $2.11 │ Bid: $0.01  Mid: $0.02  Ask: $0.03
      P&L: $-209.00 (-99.0%) │ Target: $4.22  Stop: $1.05  DTE: -1d
      ⚠️  Stop was triggered — continuing to track for data
      💭 QQQ put with $1.8M premium and 8.0 score expiring today in 100% bearis...
      🌍 SPY +0.00%  QQQ +0.00%  VIX 18.8

  ⏰ CONTRACT EXPIRED — auto-closing #16

  🔴 #17 TSLA260515P00427500  [⏸ TRACKING]
      Entry: $11.00 │ Bid: $6.15  Mid: $6.20  Ask: $6.25
      P&L: $-480.00 (-43.6%) │ Target: $22.00  Stop: $5.50  DTE: 3d
      ⚠️  Stop was triggered — continuing to track for data
      💭 $6M premium on TSLA puts with 8.8 score and 100% bearish flow concentr...
      🌍 SPY +0.00%  QQQ +0.00%  VIX 18.8

  ⏳ Next check in 3 minutes...

  ─────────────────────────────────────────────────────────────────
  📡 POSITION CHECK — 10:42:35 EDT
  ─────────────────────────────────────────────────────────────────

  🔴 #10 SPY260511P00745000  [⏸ TRACKING]
      Entry: $9.88 │ Bid: $6.03  Mid: $6.17  Ask: $6.31
      P&L: $-370.50 (-37.5%) │ Target: $19.75  Stop: $4.94  DTE: -1d
      ⚠️  Stop was triggered — continuing to track for data
      💭 HIGH SPY put signal — score 8.0, $4.4M premium, 3 DTE, bearish thesis....
      🌍 SPY +0.00%  QQQ +0.00%  VIX 18.8

  ⏰ CONTRACT EXPIRED — auto-closing #10

  🔴 #11 TSLA260511P00425000  [⏸ TRACKING]
      Entry: $7.83 │ Bid: $0.00  Mid: $0.02  Ask: $0.01
      P&L: $-780.50 (-99.7%) │ Target: $15.65  Stop: $3.91  DTE: -1d
      ⚠️  Stop was triggered — continuing to track for data
      💭 HIGH TSLA put signal — score 5.62, $1.6M premium, 3 DTE, bearish thesi...
      🌍 SPY +0.00%  QQQ +0.00%  VIX 18.8

  ⏰ CONTRACT EXPIRED — auto-closing #11

  🔴 #13 TSLA260511P00430000  [⏸ TRACKING]
      Entry: $7.33 │ Bid: $0.00  Mid: $0.01  Ask: $0.01
      P&L: $-731.50 (-99.9%) │ Target: $14.65  Stop: $3.66  DTE: -1d
      ⚠️  Stop was triggered — continuing to track for data
      💭 $2.8M premium on TSLA puts with 100% bearish flow and 8.0 score warran...
      🌍 SPY +0.00%  QQQ +0.00%  VIX 18.8

  ⏰ CONTRACT EXPIRED — auto-closing #13

  🔴 #14 TSLA260513P00430000  [⏸ TRACKING]
      Entry: $11.70 │ Bid: $4.00  Mid: $4.05  Ask: $4.10
      P&L: $-765.00 (-65.4%) │ Target: $23.40  Stop: $5.85  DTE: 1d
      ⚠️  Stop was triggered — continuing to track for data
      💭 $1.1M premium on TSLA 430 puts expiring today with 100% bearish flow a...
      🌍 SPY +0.00%  QQQ +0.00%  VIX 18.8

  🔴 #15 AMD260515P00457500  [⏸ TRACKING]
      Entry: $22.60 │ Bid: $17.85  Mid: $18.15  Ask: $18.45
      P&L: $-445.00 (-19.7%) │ Target: $45.20  Stop: $11.30  DTE: 3d
      ⚠️  Stop was triggered — continuing to track for data
      💭 $2.0M premium in AMD puts expiring today with 100% bearish flow and 8....
      🌍 SPY +0.00%  QQQ +0.00%  VIX 18.8

  🔴 #16 QQQ260511P00706000  [⏸ TRACKING]
      Entry: $2.11 │ Bid: $0.01  Mid: $0.02  Ask: $0.03
      P&L: $-209.00 (-99.0%) │ Target: $4.22  Stop: $1.05  DTE: -1d
      ⚠️  Stop was triggered — continuing to track for data
      💭 QQQ put with $1.8M premium and 8.0 score expiring today in 100% bearis...
      🌍 SPY +0.00%  QQQ +0.00%  VIX 18.8

  ⏰ CONTRACT EXPIRED — auto-closing #16

  🔴 #17 TSLA260515P00427500  [⏸ TRACKING]
      Entry: $11.00 │ Bid: $5.90  Mid: $5.95  Ask: $6.00
      P&L: $-505.00 (-45.9%) │ Target: $22.00  Stop: $5.50  DTE: 3d
      ⚠️  Stop was triggered — continuing to track for data
      💭 $6M premium on TSLA puts with 8.8 score and 100% bearish flow concentr...
      🌍 SPY +0.00%  QQQ +0.00%  VIX 18.8

  ⏳ Next check in 3 minutes...

  ─────────────────────────────────────────────────────────────────
  📡 POSITION CHECK — 10:45:36 EDT
  ─────────────────────────────────────────────────────────────────

  🔴 #10 SPY260511P00745000  [⏸ TRACKING]
      Entry: $9.88 │ Bid: $6.03  Mid: $6.17  Ask: $6.31
      P&L: $-370.50 (-37.5%) │ Target: $19.75  Stop: $4.94  DTE: -1d
      ⚠️  Stop was triggered — continuing to track for data
      💭 HIGH SPY put signal — score 8.0, $4.4M premium, 3 DTE, bearish thesis....
      🌍 SPY +0.00%  QQQ +0.00%  VIX 18.8

  ⏰ CONTRACT EXPIRED — auto-closing #10

  🔴 #11 TSLA260511P00425000  [⏸ TRACKING]
      Entry: $7.83 │ Bid: $0.00  Mid: $0.02  Ask: $0.01
      P&L: $-780.50 (-99.7%) │ Target: $15.65  Stop: $3.91  DTE: -1d
      ⚠️  Stop was triggered — continuing to track for data
      💭 HIGH TSLA put signal — score 5.62, $1.6M premium, 3 DTE, bearish thesi...
      🌍 SPY +0.00%  QQQ +0.00%  VIX 18.8

  ⏰ CONTRACT EXPIRED — auto-closing #11

  🔴 #13 TSLA260511P00430000  [⏸ TRACKING]
      Entry: $7.33 │ Bid: $0.00  Mid: $0.01  Ask: $0.01
      P&L: $-731.50 (-99.9%) │ Target: $14.65  Stop: $3.66  DTE: -1d
      ⚠️  Stop was triggered — continuing to track for data
      💭 $2.8M premium on TSLA puts with 100% bearish flow and 8.0 score warran...
      🌍 SPY +0.00%  QQQ +0.00%  VIX 18.8

  ⏰ CONTRACT EXPIRED — auto-closing #13

  🔴 #14 TSLA260513P00430000  [⏸ TRACKING]
      Entry: $11.70 │ Bid: $4.25  Mid: $4.28  Ask: $4.30
      P&L: $-742.50 (-63.5%) │ Target: $23.40  Stop: $5.85  DTE: 1d
      ⚠️  Stop was triggered — continuing to track for data
      💭 $1.1M premium on TSLA 430 puts expiring today with 100% bearish flow a...
      🌍 SPY +0.00%  QQQ +0.00%  VIX 18.8

  🔴 #15 AMD260515P00457500  [⏸ TRACKING]
      Entry: $22.60 │ Bid: $18.35  Mid: $18.65  Ask: $18.95
      P&L: $-395.00 (-17.5%) │ Target: $45.20  Stop: $11.30  DTE: 3d
      ⚠️  Stop was triggered — continuing to track for data
      💭 $2.0M premium in AMD puts expiring today with 100% bearish flow and 8....
      🌍 SPY +0.00%  QQQ +0.00%  VIX 18.8

  🔴 #16 QQQ260511P00706000  [⏸ TRACKING]
      Entry: $2.11 │ Bid: $0.01  Mid: $0.02  Ask: $0.03
      P&L: $-209.00 (-99.0%) │ Target: $4.22  Stop: $1.05  DTE: -1d
      ⚠️  Stop was triggered — continuing to track for data
      💭 QQQ put with $1.8M premium and 8.0 score expiring today in 100% bearis...
      🌍 SPY +0.00%  QQQ +0.00%  VIX 18.8

  ⏰ CONTRACT EXPIRED — auto-closing #16

  🔴 #17 TSLA260515P00427500  [⏸ TRACKING]
      Entry: $11.00 │ Bid: $6.15  Mid: $6.20  Ask: $6.25
      P&L: $-480.00 (-43.6%) │ Target: $22.00  Stop: $5.50  DTE: 3d
      ⚠️  Stop was triggered — continuing to track for data
      💭 $6M premium on TSLA puts with 8.8 score and 100% bearish flow concentr...
      🌍 SPY +0.00%  QQQ +0.00%  VIX 18.8

  ⏳ Next check in 3 minutes...

  ─────────────────────────────────────────────────────────────────
  📡 POSITION CHECK — 10:48:38 EDT
  ─────────────────────────────────────────────────────────────────

  🔴 #10 SPY260511P00745000  [⏸ TRACKING]
      Entry: $9.88 │ Bid: $6.03  Mid: $6.17  Ask: $6.31
      P&L: $-370.50 (-37.5%) │ Target: $19.75  Stop: $4.94  DTE: -1d
      ⚠️  Stop was triggered — continuing to track for data
      💭 HIGH SPY put signal — score 8.0, $4.4M premium, 3 DTE, bearish thesis....
      🌍 SPY +0.00%  QQQ +0.00%  VIX 18.8

  ⏰ CONTRACT EXPIRED — auto-closing #10

  🔴 #11 TSLA260511P00425000  [⏸ TRACKING]
      Entry: $7.83 │ Bid: $0.00  Mid: $0.02  Ask: $0.01
      P&L: $-780.50 (-99.7%) │ Target: $15.65  Stop: $3.91  DTE: -1d
      ⚠️  Stop was triggered — continuing to track for data
      💭 HIGH TSLA put signal — score 5.62, $1.6M premium, 3 DTE, bearish thesi...
      🌍 SPY +0.00%  QQQ +0.00%  VIX 18.8

  ⏰ CONTRACT EXPIRED — auto-closing #11

  🔴 #13 TSLA260511P00430000  [⏸ TRACKING]
      Entry: $7.33 │ Bid: $0.00  Mid: $0.01  Ask: $0.01
      P&L: $-731.50 (-99.9%) │ Target: $14.65  Stop: $3.66  DTE: -1d
      ⚠️  Stop was triggered — continuing to track for data
      💭 $2.8M premium on TSLA puts with 100% bearish flow and 8.0 score warran...
      🌍 SPY +0.00%  QQQ +0.00%  VIX 18.8

  ⏰ CONTRACT EXPIRED — auto-closing #13

  🔴 #14 TSLA260513P00430000  [⏸ TRACKING]
      Entry: $11.70 │ Bid: $4.90  Mid: $4.95  Ask: $5.00
      P&L: $-675.00 (-57.7%) │ Target: $23.40  Stop: $5.85  DTE: 1d
      ⚠️  Stop was triggered — continuing to track for data
      💭 $1.1M premium on TSLA 430 puts expiring today with 100% bearish flow a...
      🌍 SPY +0.00%  QQQ +0.00%  VIX 18.8

  🔴 #15 AMD260515P00457500  [⏸ TRACKING]
      Entry: $22.60 │ Bid: $19.25  Mid: $19.73  Ask: $20.20
      P&L: $-287.50 (-12.7%) │ Target: $45.20  Stop: $11.30  DTE: 3d
      ⚠️  Stop was triggered — continuing to track for data
      💭 $2.0M premium in AMD puts expiring today with 100% bearish flow and 8....
      🌍 SPY +0.00%  QQQ +0.00%  VIX 18.8

  🔴 #16 QQQ260511P00706000  [⏸ TRACKING]
      Entry: $2.11 │ Bid: $0.01  Mid: $0.02  Ask: $0.03
      P&L: $-209.00 (-99.0%) │ Target: $4.22  Stop: $1.05  DTE: -1d
      ⚠️  Stop was triggered — continuing to track for data
      💭 QQQ put with $1.8M premium and 8.0 score expiring today in 100% bearis...
      🌍 SPY +0.00%  QQQ +0.00%  VIX 18.8

  ⏰ CONTRACT EXPIRED — auto-closing #16

  🔴 #17 TSLA260515P00427500  [⏸ TRACKING]
      Entry: $11.00 │ Bid: $6.75  Mid: $6.80  Ask: $6.85
      P&L: $-420.00 (-38.2%) │ Target: $22.00  Stop: $5.50  DTE: 3d
      ⚠️  Stop was triggered — continuing to track for data
      💭 $6M premium on TSLA puts with 8.8 score and 100% bearish flow concentr...
      🌍 SPY +0.00%  QQQ +0.00%  VIX 18.8

  ⏳ Next check in 3 minutes...

  ─────────────────────────────────────────────────────────────────
  📡 POSITION CHECK — 10:51:39 EDT
  ─────────────────────────────────────────────────────────────────

  🔴 #10 SPY260511P00745000  [⏸ TRACKING]
      Entry: $9.88 │ Bid: $6.03  Mid: $6.17  Ask: $6.31
      P&L: $-370.50 (-37.5%) │ Target: $19.75  Stop: $4.94  DTE: -1d
      ⚠️  Stop was triggered — continuing to track for data
      💭 HIGH SPY put signal — score 8.0, $4.4M premium, 3 DTE, bearish thesis....
      🌍 SPY +0.00%  QQQ +0.00%  VIX 18.9

  ⏰ CONTRACT EXPIRED — auto-closing #10

  🔴 #11 TSLA260511P00425000  [⏸ TRACKING]
      Entry: $7.83 │ Bid: $0.00  Mid: $0.02  Ask: $0.01
      P&L: $-780.50 (-99.7%) │ Target: $15.65  Stop: $3.91  DTE: -1d
      ⚠️  Stop was triggered — continuing to track for data
      💭 HIGH TSLA put signal — score 5.62, $1.6M premium, 3 DTE, bearish thesi...
      🌍 SPY +0.00%  QQQ +0.00%  VIX 18.9

  ⏰ CONTRACT EXPIRED — auto-closing #11

  🔴 #13 TSLA260511P00430000  [⏸ TRACKING]
      Entry: $7.33 │ Bid: $0.00  Mid: $0.01  Ask: $0.01
      P&L: $-731.50 (-99.9%) │ Target: $14.65  Stop: $3.66  DTE: -1d
      ⚠️  Stop was triggered — continuing to track for data
      💭 $2.8M premium on TSLA puts with 100% bearish flow and 8.0 score warran...
      🌍 SPY +0.00%  QQQ +0.00%  VIX 18.9

  ⏰ CONTRACT EXPIRED — auto-closing #13

  🔴 #14 TSLA260513P00430000  [⏸ TRACKING]
      Entry: $11.70 │ Bid: $5.55  Mid: $5.60  Ask: $5.65
      P&L: $-610.00 (-52.1%) │ Target: $23.40  Stop: $5.85  DTE: 1d
      ⚠️  Stop was triggered — continuing to track for data
      💭 $1.1M premium on TSLA 430 puts expiring today with 100% bearish flow a...
      🌍 SPY +0.00%  QQQ +0.00%  VIX 18.9

  🔴 #15 AMD260515P00457500  [⏸ TRACKING]
      Entry: $22.60 │ Bid: $21.45  Mid: $21.70  Ask: $21.95
      P&L: $-90.00 (-4.0%) │ Target: $45.20  Stop: $11.30  DTE: 3d
      ⚠️  Stop was triggered — continuing to track for data
      💭 $2.0M premium in AMD puts expiring today with 100% bearish flow and 8....
      🌍 SPY +0.00%  QQQ +0.00%  VIX 18.9

  🔴 #16 QQQ260511P00706000  [⏸ TRACKING]
      Entry: $2.11 │ Bid: $0.01  Mid: $0.02  Ask: $0.03
      P&L: $-209.00 (-99.0%) │ Target: $4.22  Stop: $1.05  DTE: -1d
      ⚠️  Stop was triggered — continuing to track for data
      💭 QQQ put with $1.8M premium and 8.0 score expiring today in 100% bearis...
      🌍 SPY +0.00%  QQQ +0.00%  VIX 18.9

  ⏰ CONTRACT EXPIRED — auto-closing #16

  🔴 #17 TSLA260515P00427500  [⏸ TRACKING]
      Entry: $11.00 │ Bid: $7.45  Mid: $7.50  Ask: $7.55
      P&L: $-350.00 (-31.8%) │ Target: $22.00  Stop: $5.50  DTE: 3d
      ⚠️  Stop was triggered — continuing to track for data
      💭 $6M premium on TSLA puts with 8.8 score and 100% bearish flow concentr...
      🌍 SPY +0.00%  QQQ +0.00%  VIX 18.9

  ⏳ Next check in 3 minutes...

  ─────────────────────────────────────────────────────────────────
  📡 POSITION CHECK — 10:54:40 EDT
  ─────────────────────────────────────────────────────────────────

  🔴 #10 SPY260511P00745000  [⏸ TRACKING]
      Entry: $9.88 │ Bid: $6.03  Mid: $6.17  Ask: $6.31
      P&L: $-370.50 (-37.5%) │ Target: $19.75  Stop: $4.94  DTE: -1d
      ⚠️  Stop was triggered — continuing to track for data
      💭 HIGH SPY put signal — score 8.0, $4.4M premium, 3 DTE, bearish thesis....
      🌍 SPY +0.00%  QQQ +0.00%  VIX 18.8

  ⏰ CONTRACT EXPIRED — auto-closing #10

  🔴 #11 TSLA260511P00425000  [⏸ TRACKING]
      Entry: $7.83 │ Bid: $0.00  Mid: $0.02  Ask: $0.01
      P&L: $-780.50 (-99.7%) │ Target: $15.65  Stop: $3.91  DTE: -1d
      ⚠️  Stop was triggered — continuing to track for data
      💭 HIGH TSLA put signal — score 5.62, $1.6M premium, 3 DTE, bearish thesi...
      🌍 SPY +0.00%  QQQ +0.00%  VIX 18.8

  ⏰ CONTRACT EXPIRED — auto-closing #11

  🔴 #13 TSLA260511P00430000  [⏸ TRACKING]
      Entry: $7.33 │ Bid: $0.00  Mid: $0.01  Ask: $0.01
      P&L: $-731.50 (-99.9%) │ Target: $14.65  Stop: $3.66  DTE: -1d
      ⚠️  Stop was triggered — continuing to track for data
      💭 $2.8M premium on TSLA puts with 100% bearish flow and 8.0 score warran...
      🌍 SPY +0.00%  QQQ +0.00%  VIX 18.8

  ⏰ CONTRACT EXPIRED — auto-closing #13

  🔴 #14 TSLA260513P00430000  [⏸ TRACKING]
      Entry: $11.70 │ Bid: $5.25  Mid: $5.30  Ask: $5.35
      P&L: $-640.00 (-54.7%) │ Target: $23.40  Stop: $5.85  DTE: 1d
      ⚠️  Stop was triggered — continuing to track for data
      💭 $1.1M premium on TSLA 430 puts expiring today with 100% bearish flow a...
      🌍 SPY +0.00%  QQQ +0.00%  VIX 18.8

  🔴 #15 AMD260515P00457500  [⏸ TRACKING]
      Entry: $22.60 │ Bid: $18.80  Mid: $19.12  Ask: $19.45
      P&L: $-347.50 (-15.4%) │ Target: $45.20  Stop: $11.30  DTE: 3d
      ⚠️  Stop was triggered — continuing to track for data
      💭 $2.0M premium in AMD puts expiring today with 100% bearish flow and 8....
      🌍 SPY +0.00%  QQQ +0.00%  VIX 18.8

  🔴 #16 QQQ260511P00706000  [⏸ TRACKING]
      Entry: $2.11 │ Bid: $0.01  Mid: $0.02  Ask: $0.03
      P&L: $-209.00 (-99.0%) │ Target: $4.22  Stop: $1.05  DTE: -1d
      ⚠️  Stop was triggered — continuing to track for data
      💭 QQQ put with $1.8M premium and 8.0 score expiring today in 100% bearis...
      🌍 SPY +0.00%  QQQ +0.00%  VIX 18.8

  ⏰ CONTRACT EXPIRED — auto-closing #16

  🔴 #17 TSLA260515P00427500  [⏸ TRACKING]
      Entry: $11.00 │ Bid: $7.15  Mid: $7.20  Ask: $7.25
      P&L: $-380.00 (-34.5%) │ Target: $22.00  Stop: $5.50  DTE: 3d
      ⚠️  Stop was triggered — continuing to track for data
      💭 $6M premium on TSLA puts with 8.8 score and 100% bearish flow concentr...
      🌍 SPY +0.00%  QQQ +0.00%  VIX 18.8

  ⏳ Next check in 3 minutes...

  ─────────────────────────────────────────────────────────────────
  📡 POSITION CHECK — 10:57:42 EDT
  ─────────────────────────────────────────────────────────────────

  🔴 #10 SPY260511P00745000  [⏸ TRACKING]
      Entry: $9.88 │ Bid: $6.03  Mid: $6.17  Ask: $6.31
      P&L: $-370.50 (-37.5%) │ Target: $19.75  Stop: $4.94  DTE: -1d
      ⚠️  Stop was triggered — continuing to track for data
      💭 HIGH SPY put signal — score 8.0, $4.4M premium, 3 DTE, bearish thesis....
      🌍 SPY +0.00%  QQQ +0.00%  VIX 18.9

  ⏰ CONTRACT EXPIRED — auto-closing #10

  🔴 #11 TSLA260511P00425000  [⏸ TRACKING]
      Entry: $7.83 │ Bid: $0.00  Mid: $0.02  Ask: $0.01
      P&L: $-780.50 (-99.7%) │ Target: $15.65  Stop: $3.91  DTE: -1d
      ⚠️  Stop was triggered — continuing to track for data
      💭 HIGH TSLA put signal — score 5.62, $1.6M premium, 3 DTE, bearish thesi...
      🌍 SPY +0.00%  QQQ +0.00%  VIX 18.9

  ⏰ CONTRACT EXPIRED — auto-closing #11

  🔴 #13 TSLA260511P00430000  [⏸ TRACKING]
      Entry: $7.33 │ Bid: $0.00  Mid: $0.01  Ask: $0.01
      P&L: $-731.50 (-99.9%) │ Target: $14.65  Stop: $3.66  DTE: -1d
      ⚠️  Stop was triggered — continuing to track for data
      💭 $2.8M premium on TSLA puts with 100% bearish flow and 8.0 score warran...
      🌍 SPY +0.00%  QQQ +0.00%  VIX 18.9

  ⏰ CONTRACT EXPIRED — auto-closing #13

  🔴 #14 TSLA260513P00430000  [⏸ TRACKING]
      Entry: $11.70 │ Bid: $5.85  Mid: $5.90  Ask: $5.95
      P&L: $-580.00 (-49.6%) │ Target: $23.40  Stop: $5.85  DTE: 1d
      ⚠️  Stop was triggered — continuing to track for data
      💭 $1.1M premium on TSLA 430 puts expiring today with 100% bearish flow a...
      🌍 SPY +0.00%  QQQ +0.00%  VIX 18.9

  🔴 #15 AMD260515P00457500  [⏸ TRACKING]
      Entry: $22.60 │ Bid: $20.55  Mid: $20.95  Ask: $21.35
      P&L: $-165.00 (-7.3%) │ Target: $45.20  Stop: $11.30  DTE: 3d
      ⚠️  Stop was triggered — continuing to track for data
      💭 $2.0M premium in AMD puts expiring today with 100% bearish flow and 8....
      🌍 SPY +0.00%  QQQ +0.00%  VIX 18.9

  🔴 #16 QQQ260511P00706000  [⏸ TRACKING]
      Entry: $2.11 │ Bid: $0.01  Mid: $0.02  Ask: $0.03
      P&L: $-209.00 (-99.0%) │ Target: $4.22  Stop: $1.05  DTE: -1d
      ⚠️  Stop was triggered — continuing to track for data
      💭 QQQ put with $1.8M premium and 8.0 score expiring today in 100% bearis...
      🌍 SPY +0.00%  QQQ +0.00%  VIX 18.9

  ⏰ CONTRACT EXPIRED — auto-closing #16

  🔴 #17 TSLA260515P00427500  [⏸ TRACKING]
      Entry: $11.00 │ Bid: $7.70  Mid: $7.75  Ask: $7.80
      P&L: $-325.00 (-29.6%) │ Target: $22.00  Stop: $5.50  DTE: 3d
      ⚠️  Stop was triggered — continuing to track for data
      💭 $6M premium on TSLA puts with 8.8 score and 100% bearish flow concentr...
      🌍 SPY +0.00%  QQQ +0.00%  VIX 18.9

  ⏳ Next check in 3 minutes...

  ─────────────────────────────────────────────────────────────────
  📡 POSITION CHECK — 11:00:43 EDT
  ─────────────────────────────────────────────────────────────────

  🔴 #10 SPY260511P00745000  [⏸ TRACKING]
      Entry: $9.88 │ Bid: $6.03  Mid: $6.17  Ask: $6.31
      P&L: $-370.50 (-37.5%) │ Target: $19.75  Stop: $4.94  DTE: -1d
      ⚠️  Stop was triggered — continuing to track for data
      💭 HIGH SPY put signal — score 8.0, $4.4M premium, 3 DTE, bearish thesis....
      🌍 SPY +0.00%  QQQ +0.00%  VIX 18.9

  ⏰ CONTRACT EXPIRED — auto-closing #10

  🔴 #11 TSLA260511P00425000  [⏸ TRACKING]
      Entry: $7.83 │ Bid: $0.00  Mid: $0.02  Ask: $0.01
      P&L: $-780.50 (-99.7%) │ Target: $15.65  Stop: $3.91  DTE: -1d
      ⚠️  Stop was triggered — continuing to track for data
      💭 HIGH TSLA put signal — score 5.62, $1.6M premium, 3 DTE, bearish thesi...
      🌍 SPY +0.00%  QQQ +0.00%  VIX 18.9

  ⏰ CONTRACT EXPIRED — auto-closing #11

  🔴 #13 TSLA260511P00430000  [⏸ TRACKING]
      Entry: $7.33 │ Bid: $0.00  Mid: $0.01  Ask: $0.01
      P&L: $-731.50 (-99.9%) │ Target: $14.65  Stop: $3.66  DTE: -1d
      ⚠️  Stop was triggered — continuing to track for data
      💭 $2.8M premium on TSLA puts with 100% bearish flow and 8.0 score warran...
      🌍 SPY +0.00%  QQQ +0.00%  VIX 18.9

  ⏰ CONTRACT EXPIRED — auto-closing #13

  🔴 #14 TSLA260513P00430000  [⏸ TRACKING]
      Entry: $11.70 │ Bid: $5.70  Mid: $5.75  Ask: $5.80
      P&L: $-595.00 (-50.9%) │ Target: $23.40  Stop: $5.85  DTE: 1d
      ⚠️  Stop was triggered — continuing to track for data
      💭 $1.1M premium on TSLA 430 puts expiring today with 100% bearish flow a...
      🌍 SPY +0.00%  QQQ +0.00%  VIX 18.9

  🔴 #15 AMD260515P00457500  [⏸ TRACKING]
      Entry: $22.60 │ Bid: $20.40  Mid: $20.68  Ask: $20.95
      P&L: $-192.50 (-8.5%) │ Target: $45.20  Stop: $11.30  DTE: 3d
      ⚠️  Stop was triggered — continuing to track for data
      💭 $2.0M premium in AMD puts expiring today with 100% bearish flow and 8....
      🌍 SPY +0.00%  QQQ +0.00%  VIX 18.9

  🔴 #16 QQQ260511P00706000  [⏸ TRACKING]
      Entry: $2.11 │ Bid: $0.01  Mid: $0.02  Ask: $0.03
      P&L: $-209.00 (-99.0%) │ Target: $4.22  Stop: $1.05  DTE: -1d
      ⚠️  Stop was triggered — continuing to track for data
      💭 QQQ put with $1.8M premium and 8.0 score expiring today in 100% bearis...
      🌍 SPY +0.00%  QQQ +0.00%  VIX 18.9

  ⏰ CONTRACT EXPIRED — auto-closing #16

  🔴 #17 TSLA260515P00427500  [⏸ TRACKING]
      Entry: $11.00 │ Bid: $7.60  Mid: $7.65  Ask: $7.70
      P&L: $-335.00 (-30.4%) │ Target: $22.00  Stop: $5.50  DTE: 3d
      ⚠️  Stop was triggered — continuing to track for data
      💭 $6M premium on TSLA puts with 8.8 score and 100% bearish flow concentr...
      🌍 SPY +0.00%  QQQ +0.00%  VIX 18.9

  ⏳ Next check in 3 minutes...

  ─────────────────────────────────────────────────────────────────
  📡 POSITION CHECK — 11:03:44 EDT
  ─────────────────────────────────────────────────────────────────

  🔴 #10 SPY260511P00745000  [⏸ TRACKING]
      Entry: $9.88 │ Bid: $6.03  Mid: $6.17  Ask: $6.31
      P&L: $-370.50 (-37.5%) │ Target: $19.75  Stop: $4.94  DTE: -1d
      ⚠️  Stop was triggered — continuing to track for data
      💭 HIGH SPY put signal — score 8.0, $4.4M premium, 3 DTE, bearish thesis....
      🌍 SPY +0.00%  QQQ +0.00%  VIX 18.9

  ⏰ CONTRACT EXPIRED — auto-closing #10

  🔴 #11 TSLA260511P00425000  [⏸ TRACKING]
      Entry: $7.83 │ Bid: $0.00  Mid: $0.02  Ask: $0.01
      P&L: $-780.50 (-99.7%) │ Target: $15.65  Stop: $3.91  DTE: -1d
      ⚠️  Stop was triggered — continuing to track for data
      💭 HIGH TSLA put signal — score 5.62, $1.6M premium, 3 DTE, bearish thesi...
      🌍 SPY +0.00%  QQQ +0.00%  VIX 18.9

  ⏰ CONTRACT EXPIRED — auto-closing #11

  🔴 #13 TSLA260511P00430000  [⏸ TRACKING]
      Entry: $7.33 │ Bid: $0.00  Mid: $0.01  Ask: $0.01
      P&L: $-731.50 (-99.9%) │ Target: $14.65  Stop: $3.66  DTE: -1d
      ⚠️  Stop was triggered — continuing to track for data
      💭 $2.8M premium on TSLA puts with 100% bearish flow and 8.0 score warran...
      🌍 SPY +0.00%  QQQ +0.00%  VIX 18.9

  ⏰ CONTRACT EXPIRED — auto-closing #13

  🔴 #14 TSLA260513P00430000  [⏸ TRACKING]
      Entry: $11.70 │ Bid: $5.35  Mid: $5.40  Ask: $5.45
      P&L: $-630.00 (-53.9%) │ Target: $23.40  Stop: $5.85  DTE: 1d
      ⚠️  Stop was triggered — continuing to track for data
      💭 $1.1M premium on TSLA 430 puts expiring today with 100% bearish flow a...
      🌍 SPY +0.00%  QQQ +0.00%  VIX 18.9

  🔴 #15 AMD260515P00457500  [⏸ TRACKING]
      Entry: $22.60 │ Bid: $21.70  Mid: $22.12  Ask: $22.55
      P&L: $-47.50 (-2.1%) │ Target: $45.20  Stop: $11.30  DTE: 3d
      ⚠️  Stop was triggered — continuing to track for data
      💭 $2.0M premium in AMD puts expiring today with 100% bearish flow and 8....
      🌍 SPY +0.00%  QQQ +0.00%  VIX 18.9

  🔴 #16 QQQ260511P00706000  [⏸ TRACKING]
      Entry: $2.11 │ Bid: $0.01  Mid: $0.02  Ask: $0.03
      P&L: $-209.00 (-99.0%) │ Target: $4.22  Stop: $1.05  DTE: -1d
      ⚠️  Stop was triggered — continuing to track for data
      💭 QQQ put with $1.8M premium and 8.0 score expiring today in 100% bearis...
      🌍 SPY +0.00%  QQQ +0.00%  VIX 18.9

  ⏰ CONTRACT EXPIRED — auto-closing #16

  🔴 #17 TSLA260515P00427500  [⏸ TRACKING]
      Entry: $11.00 │ Bid: $7.30  Mid: $7.35  Ask: $7.40
      P&L: $-365.00 (-33.2%) │ Target: $22.00  Stop: $5.50  DTE: 3d
      ⚠️  Stop was triggered — continuing to track for data
      💭 $6M premium on TSLA puts with 8.8 score and 100% bearish flow concentr...
      🌍 SPY +0.00%  QQQ +0.00%  VIX 18.9

  ⏳ Next check in 3 minutes...

  ─────────────────────────────────────────────────────────────────
  📡 POSITION CHECK — 11:06:46 EDT
  ─────────────────────────────────────────────────────────────────

  🔴 #10 SPY260511P00745000  [⏸ TRACKING]
      Entry: $9.88 │ Bid: $6.03  Mid: $6.17  Ask: $6.31
      P&L: $-370.50 (-37.5%) │ Target: $19.75  Stop: $4.94  DTE: -1d
      ⚠️  Stop was triggered — continuing to track for data
      💭 HIGH SPY put signal — score 8.0, $4.4M premium, 3 DTE, bearish thesis....
      🌍 SPY +0.00%  QQQ +0.00%  VIX 18.9

  ⏰ CONTRACT EXPIRED — auto-closing #10

  🔴 #11 TSLA260511P00425000  [⏸ TRACKING]
      Entry: $7.83 │ Bid: $0.00  Mid: $0.02  Ask: $0.01
      P&L: $-780.50 (-99.7%) │ Target: $15.65  Stop: $3.91  DTE: -1d
      ⚠️  Stop was triggered — continuing to track for data
      💭 HIGH TSLA put signal — score 5.62, $1.6M premium, 3 DTE, bearish thesi...
      🌍 SPY +0.00%  QQQ +0.00%  VIX 18.9

  ⏰ CONTRACT EXPIRED — auto-closing #11

  🔴 #13 TSLA260511P00430000  [⏸ TRACKING]
      Entry: $7.33 │ Bid: $0.00  Mid: $0.01  Ask: $0.01
      P&L: $-731.50 (-99.9%) │ Target: $14.65  Stop: $3.66  DTE: -1d
      ⚠️  Stop was triggered — continuing to track for data
      💭 $2.8M premium on TSLA puts with 100% bearish flow and 8.0 score warran...
      🌍 SPY +0.00%  QQQ +0.00%  VIX 18.9

  ⏰ CONTRACT EXPIRED — auto-closing #13

  🔴 #14 TSLA260513P00430000  [⏸ TRACKING]
      Entry: $11.70 │ Bid: $5.50  Mid: $5.55  Ask: $5.60
      P&L: $-615.00 (-52.6%) │ Target: $23.40  Stop: $5.85  DTE: 1d
      ⚠️  Stop was triggered — continuing to track for data
      💭 $1.1M premium on TSLA 430 puts expiring today with 100% bearish flow a...
      🌍 SPY +0.00%  QQQ +0.00%  VIX 18.9

  🔴 #15 AMD260515P00457500  [⏸ TRACKING]
      Entry: $22.60 │ Bid: $21.35  Mid: $21.70  Ask: $22.05
      P&L: $-90.00 (-4.0%) │ Target: $45.20  Stop: $11.30  DTE: 3d
      ⚠️  Stop was triggered — continuing to track for data
      💭 $2.0M premium in AMD puts expiring today with 100% bearish flow and 8....
      🌍 SPY +0.00%  QQQ +0.00%  VIX 18.9

  🔴 #16 QQQ260511P00706000  [⏸ TRACKING]
      Entry: $2.11 │ Bid: $0.01  Mid: $0.02  Ask: $0.03
      P&L: $-209.00 (-99.0%) │ Target: $4.22  Stop: $1.05  DTE: -1d
      ⚠️  Stop was triggered — continuing to track for data
      💭 QQQ put with $1.8M premium and 8.0 score expiring today in 100% bearis...
      🌍 SPY +0.00%  QQQ +0.00%  VIX 18.9

  ⏰ CONTRACT EXPIRED — auto-closing #16

  🔴 #17 TSLA260515P00427500  [⏸ TRACKING]
      Entry: $11.00 │ Bid: $7.40  Mid: $7.45  Ask: $7.50
      P&L: $-355.00 (-32.3%) │ Target: $22.00  Stop: $5.50  DTE: 3d
      ⚠️  Stop was triggered — continuing to track for data
      💭 $6M premium on TSLA puts with 8.8 score and 100% bearish flow concentr...
      🌍 SPY +0.00%  QQQ +0.00%  VIX 18.9

  ⏳ Next check in 3 minutes...

  ─────────────────────────────────────────────────────────────────
  📡 POSITION CHECK — 11:09:47 EDT
  ─────────────────────────────────────────────────────────────────

  🔴 #10 SPY260511P00745000  [⏸ TRACKING]
      Entry: $9.88 │ Bid: $6.03  Mid: $6.17  Ask: $6.31
      P&L: $-370.50 (-37.5%) │ Target: $19.75  Stop: $4.94  DTE: -1d
      ⚠️  Stop was triggered — continuing to track for data
      💭 HIGH SPY put signal — score 8.0, $4.4M premium, 3 DTE, bearish thesis....
      🌍 SPY +0.00%  QQQ +0.00%  VIX 18.8

  ⏰ CONTRACT EXPIRED — auto-closing #10

  🔴 #11 TSLA260511P00425000  [⏸ TRACKING]
      Entry: $7.83 │ Bid: $0.00  Mid: $0.02  Ask: $0.01
      P&L: $-780.50 (-99.7%) │ Target: $15.65  Stop: $3.91  DTE: -1d
      ⚠️  Stop was triggered — continuing to track for data
      💭 HIGH TSLA put signal — score 5.62, $1.6M premium, 3 DTE, bearish thesi...
      🌍 SPY +0.00%  QQQ +0.00%  VIX 18.8

  ⏰ CONTRACT EXPIRED — auto-closing #11

  🔴 #13 TSLA260511P00430000  [⏸ TRACKING]
      Entry: $7.33 │ Bid: $0.00  Mid: $0.01  Ask: $0.01
      P&L: $-731.50 (-99.9%) │ Target: $14.65  Stop: $3.66  DTE: -1d
      ⚠️  Stop was triggered — continuing to track for data
      💭 $2.8M premium on TSLA puts with 100% bearish flow and 8.0 score warran...
      🌍 SPY +0.00%  QQQ +0.00%  VIX 18.8

  ⏰ CONTRACT EXPIRED — auto-closing #13

  🔴 #14 TSLA260513P00430000  [⏸ TRACKING]
      Entry: $11.70 │ Bid: $5.90  Mid: $5.92  Ask: $5.95
      P&L: $-577.50 (-49.4%) │ Target: $23.40  Stop: $5.85  DTE: 1d
      ⚠️  Stop was triggered — continuing to track for data
      💭 $1.1M premium on TSLA 430 puts expiring today with 100% bearish flow a...
      🌍 SPY +0.00%  QQQ +0.00%  VIX 18.8

  🔴 #15 AMD260515P00457500  [⏸ TRACKING]
      Entry: $22.60 │ Bid: $20.60  Mid: $21.00  Ask: $21.40
      P&L: $-160.00 (-7.1%) │ Target: $45.20  Stop: $11.30  DTE: 3d
      ⚠️  Stop was triggered — continuing to track for data
      💭 $2.0M premium in AMD puts expiring today with 100% bearish flow and 8....
      🌍 SPY +0.00%  QQQ +0.00%  VIX 18.8

  🔴 #16 QQQ260511P00706000  [⏸ TRACKING]
      Entry: $2.11 │ Bid: $0.01  Mid: $0.02  Ask: $0.03
      P&L: $-209.00 (-99.0%) │ Target: $4.22  Stop: $1.05  DTE: -1d
      ⚠️  Stop was triggered — continuing to track for data
      💭 QQQ put with $1.8M premium and 8.0 score expiring today in 100% bearis...
      🌍 SPY +0.00%  QQQ +0.00%  VIX 18.8

  ⏰ CONTRACT EXPIRED — auto-closing #16

  🔴 #17 TSLA260515P00427500  [⏸ TRACKING]
      Entry: $11.00 │ Bid: $7.75  Mid: $7.80  Ask: $7.85
      P&L: $-320.00 (-29.1%) │ Target: $22.00  Stop: $5.50  DTE: 3d
      ⚠️  Stop was triggered — continuing to track for data
      💭 $6M premium on TSLA puts with 8.8 score and 100% bearish flow concentr...
      🌍 SPY +0.00%  QQQ +0.00%  VIX 18.8

  ⏳ Next check in 3 minutes...

  ─────────────────────────────────────────────────────────────────
  📡 POSITION CHECK — 11:12:48 EDT
  ─────────────────────────────────────────────────────────────────

  🔴 #10 SPY260511P00745000  [⏸ TRACKING]
      Entry: $9.88 │ Bid: $6.03  Mid: $6.17  Ask: $6.31
      P&L: $-370.50 (-37.5%) │ Target: $19.75  Stop: $4.94  DTE: -1d
      ⚠️  Stop was triggered — continuing to track for data
      💭 HIGH SPY put signal — score 8.0, $4.4M premium, 3 DTE, bearish thesis....
      🌍 SPY +0.00%  QQQ +0.00%  VIX 18.9

  ⏰ CONTRACT EXPIRED — auto-closing #10

  🔴 #11 TSLA260511P00425000  [⏸ TRACKING]
      Entry: $7.83 │ Bid: $0.00  Mid: $0.02  Ask: $0.01
      P&L: $-780.50 (-99.7%) │ Target: $15.65  Stop: $3.91  DTE: -1d
      ⚠️  Stop was triggered — continuing to track for data
      💭 HIGH TSLA put signal — score 5.62, $1.6M premium, 3 DTE, bearish thesi...
      🌍 SPY +0.00%  QQQ +0.00%  VIX 18.9

  ⏰ CONTRACT EXPIRED — auto-closing #11

  🔴 #13 TSLA260511P00430000  [⏸ TRACKING]
      Entry: $7.33 │ Bid: $0.00  Mid: $0.01  Ask: $0.01
      P&L: $-731.50 (-99.9%) │ Target: $14.65  Stop: $3.66  DTE: -1d
      ⚠️  Stop was triggered — continuing to track for data
      💭 $2.8M premium on TSLA puts with 100% bearish flow and 8.0 score warran...
      🌍 SPY +0.00%  QQQ +0.00%  VIX 18.9

  ⏰ CONTRACT EXPIRED — auto-closing #13

  🔴 #14 TSLA260513P00430000  [⏸ TRACKING]
      Entry: $11.70 │ Bid: $6.30  Mid: $6.33  Ask: $6.35
      P&L: $-537.50 (-45.9%) │ Target: $23.40  Stop: $5.85  DTE: 1d
      ⚠️  Stop was triggered — continuing to track for data
      💭 $1.1M premium on TSLA 430 puts expiring today with 100% bearish flow a...
      🌍 SPY +0.00%  QQQ +0.00%  VIX 18.9

  🔴 #15 AMD260515P00457500  [⏸ TRACKING]
      Entry: $22.60 │ Bid: $21.75  Mid: $22.12  Ask: $22.50
      P&L: $-47.50 (-2.1%) │ Target: $45.20  Stop: $11.30  DTE: 3d
      ⚠️  Stop was triggered — continuing to track for data
      💭 $2.0M premium in AMD puts expiring today with 100% bearish flow and 8....
      🌍 SPY +0.00%  QQQ +0.00%  VIX 18.9

  🔴 #16 QQQ260511P00706000  [⏸ TRACKING]
      Entry: $2.11 │ Bid: $0.01  Mid: $0.02  Ask: $0.03
      P&L: $-209.00 (-99.0%) │ Target: $4.22  Stop: $1.05  DTE: -1d
      ⚠️  Stop was triggered — continuing to track for data
      💭 QQQ put with $1.8M premium and 8.0 score expiring today in 100% bearis...
      🌍 SPY +0.00%  QQQ +0.00%  VIX 18.9

  ⏰ CONTRACT EXPIRED — auto-closing #16

  🔴 #17 TSLA260515P00427500  [⏸ TRACKING]
      Entry: $11.00 │ Bid: $8.15  Mid: $8.20  Ask: $8.25
      P&L: $-280.00 (-25.4%) │ Target: $22.00  Stop: $5.50  DTE: 3d
      ⚠️  Stop was triggered — continuing to track for data
      💭 $6M premium on TSLA puts with 8.8 score and 100% bearish flow concentr...
      🌍 SPY +0.00%  QQQ +0.00%  VIX 18.9

  ⏳ Next check in 3 minutes...

  ─────────────────────────────────────────────────────────────────
  📡 POSITION CHECK — 11:15:50 EDT
  ─────────────────────────────────────────────────────────────────

  🔴 #10 SPY260511P00745000  [⏸ TRACKING]
      Entry: $9.88 │ Bid: $6.03  Mid: $6.17  Ask: $6.31
      P&L: $-370.50 (-37.5%) │ Target: $19.75  Stop: $4.94  DTE: -1d
      ⚠️  Stop was triggered — continuing to track for data
      💭 HIGH SPY put signal — score 8.0, $4.4M premium, 3 DTE, bearish thesis....
      🌍 SPY +0.00%  QQQ +0.00%  VIX 18.9

  ⏰ CONTRACT EXPIRED — auto-closing #10

  🔴 #11 TSLA260511P00425000  [⏸ TRACKING]
      Entry: $7.83 │ Bid: $0.00  Mid: $0.02  Ask: $0.01
      P&L: $-780.50 (-99.7%) │ Target: $15.65  Stop: $3.91  DTE: -1d
      ⚠️  Stop was triggered — continuing to track for data
      💭 HIGH TSLA put signal — score 5.62, $1.6M premium, 3 DTE, bearish thesi...
      🌍 SPY +0.00%  QQQ +0.00%  VIX 18.9

  ⏰ CONTRACT EXPIRED — auto-closing #11

  🔴 #13 TSLA260511P00430000  [⏸ TRACKING]
      Entry: $7.33 │ Bid: $0.00  Mid: $0.01  Ask: $0.01
      P&L: $-731.50 (-99.9%) │ Target: $14.65  Stop: $3.66  DTE: -1d
      ⚠️  Stop was triggered — continuing to track for data
      💭 $2.8M premium on TSLA puts with 100% bearish flow and 8.0 score warran...
      🌍 SPY +0.00%  QQQ +0.00%  VIX 18.9

  ⏰ CONTRACT EXPIRED — auto-closing #13

  🔴 #14 TSLA260513P00430000  [⏸ TRACKING]
      Entry: $11.70 │ Bid: $7.05  Mid: $7.10  Ask: $7.15
      P&L: $-460.00 (-39.3%) │ Target: $23.40  Stop: $5.85  DTE: 1d
      ⚠️  Stop was triggered — continuing to track for data
      💭 $1.1M premium on TSLA 430 puts expiring today with 100% bearish flow a...
      🌍 SPY +0.00%  QQQ +0.00%  VIX 18.9

  🟢 #15 AMD260515P00457500  [⏸ TRACKING]
      Entry: $22.60 │ Bid: $23.65  Mid: $24.02  Ask: $24.40
      P&L: +$142.50 (+6.3%) │ Target: $45.20  Stop: $11.30  DTE: 3d
      ⚠️  Stop was triggered — continuing to track for data
      💭 $2.0M premium in AMD puts expiring today with 100% bearish flow and 8....
      🌍 SPY +0.00%  QQQ +0.00%  VIX 18.9

  🔴 #16 QQQ260511P00706000  [⏸ TRACKING]
      Entry: $2.11 │ Bid: $0.01  Mid: $0.02  Ask: $0.03
      P&L: $-209.00 (-99.0%) │ Target: $4.22  Stop: $1.05  DTE: -1d
      ⚠️  Stop was triggered — continuing to track for data
      💭 QQQ put with $1.8M premium and 8.0 score expiring today in 100% bearis...
      🌍 SPY +0.00%  QQQ +0.00%  VIX 18.9

  ⏰ CONTRACT EXPIRED — auto-closing #16

  🔴 #17 TSLA260515P00427500  [⏸ TRACKING]
      Entry: $11.00 │ Bid: $8.85  Mid: $8.93  Ask: $9.00
      P&L: $-207.50 (-18.9%) │ Target: $22.00  Stop: $5.50  DTE: 3d
      ⚠️  Stop was triggered — continuing to track for data
      💭 $6M premium on TSLA puts with 8.8 score and 100% bearish flow concentr...
      🌍 SPY +0.00%  QQQ +0.00%  VIX 18.9

  ⏳ Next check in 3 minutes...

  ─────────────────────────────────────────────────────────────────
  📡 POSITION CHECK — 11:18:51 EDT
  ─────────────────────────────────────────────────────────────────

  🔴 #10 SPY260511P00745000  [⏸ TRACKING]
      Entry: $9.88 │ Bid: $6.03  Mid: $6.17  Ask: $6.31
      P&L: $-370.50 (-37.5%) │ Target: $19.75  Stop: $4.94  DTE: -1d
      ⚠️  Stop was triggered — continuing to track for data
      💭 HIGH SPY put signal — score 8.0, $4.4M premium, 3 DTE, bearish thesis....
      🌍 SPY +0.00%  QQQ +0.00%  VIX 19.0

  ⏰ CONTRACT EXPIRED — auto-closing #10

  🔴 #11 TSLA260511P00425000  [⏸ TRACKING]
      Entry: $7.83 │ Bid: $0.00  Mid: $0.02  Ask: $0.01
      P&L: $-780.50 (-99.7%) │ Target: $15.65  Stop: $3.91  DTE: -1d
      ⚠️  Stop was triggered — continuing to track for data
      💭 HIGH TSLA put signal — score 5.62, $1.6M premium, 3 DTE, bearish thesi...
      🌍 SPY +0.00%  QQQ +0.00%  VIX 19.0

  ⏰ CONTRACT EXPIRED — auto-closing #11

  🔴 #13 TSLA260511P00430000  [⏸ TRACKING]
      Entry: $7.33 │ Bid: $0.00  Mid: $0.01  Ask: $0.01
      P&L: $-731.50 (-99.9%) │ Target: $14.65  Stop: $3.66  DTE: -1d
      ⚠️  Stop was triggered — continuing to track for data
      💭 $2.8M premium on TSLA puts with 100% bearish flow and 8.0 score warran...
      🌍 SPY +0.00%  QQQ +0.00%  VIX 19.0

  ⏰ CONTRACT EXPIRED — auto-closing #13

  🔴 #14 TSLA260513P00430000  [⏸ TRACKING]
      Entry: $11.70 │ Bid: $7.55  Mid: $7.60  Ask: $7.65
      P&L: $-410.00 (-35.0%) │ Target: $23.40  Stop: $5.85  DTE: 1d
      ⚠️  Stop was triggered — continuing to track for data
      💭 $1.1M premium on TSLA 430 puts expiring today with 100% bearish flow a...
      🌍 SPY +0.00%  QQQ +0.00%  VIX 19.0

  🟢 #15 AMD260515P00457500  [⏸ TRACKING]
      Entry: $22.60 │ Bid: $25.80  Mid: $26.25  Ask: $26.70
      P&L: +$365.00 (+16.1%) │ Target: $45.20  Stop: $11.30  DTE: 3d
      ⚠️  Stop was triggered — continuing to track for data
      💭 $2.0M premium in AMD puts expiring today with 100% bearish flow and 8....
      🌍 SPY +0.00%  QQQ +0.00%  VIX 19.0

  🔴 #16 QQQ260511P00706000  [⏸ TRACKING]
      Entry: $2.11 │ Bid: $0.01  Mid: $0.02  Ask: $0.03
      P&L: $-209.00 (-99.0%) │ Target: $4.22  Stop: $1.05  DTE: -1d
      ⚠️  Stop was triggered — continuing to track for data
      💭 QQQ put with $1.8M premium and 8.0 score expiring today in 100% bearis...
      🌍 SPY +0.00%  QQQ +0.00%  VIX 19.0

  ⏰ CONTRACT EXPIRED — auto-closing #16

  🔴 #17 TSLA260515P00427500  [⏸ TRACKING]
      Entry: $11.00 │ Bid: $9.30  Mid: $9.38  Ask: $9.45
      P&L: $-162.50 (-14.8%) │ Target: $22.00  Stop: $5.50  DTE: 3d
      ⚠️  Stop was triggered — continuing to track for data
      💭 $6M premium on TSLA puts with 8.8 score and 100% bearish flow concentr...
      🌍 SPY +0.00%  QQQ +0.00%  VIX 19.0

  ⏳ Next check in 3 minutes...

  ─────────────────────────────────────────────────────────────────
  📡 POSITION CHECK — 11:21:52 EDT
  ─────────────────────────────────────────────────────────────────

  🔴 #10 SPY260511P00745000  [⏸ TRACKING]
      Entry: $9.88 │ Bid: $6.03  Mid: $6.17  Ask: $6.31
      P&L: $-370.50 (-37.5%) │ Target: $19.75  Stop: $4.94  DTE: -1d
      ⚠️  Stop was triggered — continuing to track for data
      💭 HIGH SPY put signal — score 8.0, $4.4M premium, 3 DTE, bearish thesis....
      🌍 SPY +0.00%  QQQ +0.00%  VIX 18.9

  ⏰ CONTRACT EXPIRED — auto-closing #10

  🔴 #11 TSLA260511P00425000  [⏸ TRACKING]
      Entry: $7.83 │ Bid: $0.00  Mid: $0.02  Ask: $0.01
      P&L: $-780.50 (-99.7%) │ Target: $15.65  Stop: $3.91  DTE: -1d
      ⚠️  Stop was triggered — continuing to track for data
      💭 HIGH TSLA put signal — score 5.62, $1.6M premium, 3 DTE, bearish thesi...
      🌍 SPY +0.00%  QQQ +0.00%  VIX 18.9

  ⏰ CONTRACT EXPIRED — auto-closing #11

  🔴 #13 TSLA260511P00430000  [⏸ TRACKING]
      Entry: $7.33 │ Bid: $0.00  Mid: $0.01  Ask: $0.01
      P&L: $-731.50 (-99.9%) │ Target: $14.65  Stop: $3.66  DTE: -1d
      ⚠️  Stop was triggered — continuing to track for data
      💭 $2.8M premium on TSLA puts with 100% bearish flow and 8.0 score warran...
      🌍 SPY +0.00%  QQQ +0.00%  VIX 18.9

  ⏰ CONTRACT EXPIRED — auto-closing #13

  🔴 #14 TSLA260513P00430000  [⏸ TRACKING]
      Entry: $11.70 │ Bid: $7.40  Mid: $7.45  Ask: $7.50
      P&L: $-425.00 (-36.3%) │ Target: $23.40  Stop: $5.85  DTE: 1d
      ⚠️  Stop was triggered — continuing to track for data
      💭 $1.1M premium on TSLA 430 puts expiring today with 100% bearish flow a...
      🌍 SPY +0.00%  QQQ +0.00%  VIX 18.9

  🟢 #15 AMD260515P00457500  [⏸ TRACKING]
      Entry: $22.60 │ Bid: $25.05  Mid: $25.35  Ask: $25.65
      P&L: +$275.00 (+12.2%) │ Target: $45.20  Stop: $11.30  DTE: 3d
      ⚠️  Stop was triggered — continuing to track for data
      💭 $2.0M premium in AMD puts expiring today with 100% bearish flow and 8....
      🌍 SPY +0.00%  QQQ +0.00%  VIX 18.9

  🔴 #16 QQQ260511P00706000  [⏸ TRACKING]
      Entry: $2.11 │ Bid: $0.01  Mid: $0.02  Ask: $0.03
      P&L: $-209.00 (-99.0%) │ Target: $4.22  Stop: $1.05  DTE: -1d
      ⚠️  Stop was triggered — continuing to track for data
      💭 QQQ put with $1.8M premium and 8.0 score expiring today in 100% bearis...
      🌍 SPY +0.00%  QQQ +0.00%  VIX 18.9

  ⏰ CONTRACT EXPIRED — auto-closing #16

  🔴 #17 TSLA260515P00427500  [⏸ TRACKING]
      Entry: $11.00 │ Bid: $9.20  Mid: $9.28  Ask: $9.35
      P&L: $-172.50 (-15.7%) │ Target: $22.00  Stop: $5.50  DTE: 3d
      ⚠️  Stop was triggered — continuing to track for data
      💭 $6M premium on TSLA puts with 8.8 score and 100% bearish flow concentr...
      🌍 SPY +0.00%  QQQ +0.00%  VIX 18.9

  ⏳ Next check in 3 minutes...

  Refreshing auth token...

  ─────────────────────────────────────────────────────────────────
  📡 POSITION CHECK — 11:24:55 EDT
  ─────────────────────────────────────────────────────────────────

  🔴 #10 SPY260511P00745000  [⏸ TRACKING]
      Entry: $9.88 │ Bid: $6.03  Mid: $6.17  Ask: $6.31
      P&L: $-370.50 (-37.5%) │ Target: $19.75  Stop: $4.94  DTE: -1d
      ⚠️  Stop was triggered — continuing to track for data
      💭 HIGH SPY put signal — score 8.0, $4.4M premium, 3 DTE, bearish thesis....
      🌍 SPY +0.00%  QQQ +0.00%  VIX 19.0

  ⏰ CONTRACT EXPIRED — auto-closing #10

  🔴 #11 TSLA260511P00425000  [⏸ TRACKING]
      Entry: $7.83 │ Bid: $0.00  Mid: $0.02  Ask: $0.01
      P&L: $-780.50 (-99.7%) │ Target: $15.65  Stop: $3.91  DTE: -1d
      ⚠️  Stop was triggered — continuing to track for data
      💭 HIGH TSLA put signal — score 5.62, $1.6M premium, 3 DTE, bearish thesi...
      🌍 SPY +0.00%  QQQ +0.00%  VIX 19.0

  ⏰ CONTRACT EXPIRED — auto-closing #11

  🔴 #13 TSLA260511P00430000  [⏸ TRACKING]
      Entry: $7.33 │ Bid: $0.00  Mid: $0.01  Ask: $0.01
      P&L: $-731.50 (-99.9%) │ Target: $14.65  Stop: $3.66  DTE: -1d
      ⚠️  Stop was triggered — continuing to track for data
      💭 $2.8M premium on TSLA puts with 100% bearish flow and 8.0 score warran...
      🌍 SPY +0.00%  QQQ +0.00%  VIX 19.0

  ⏰ CONTRACT EXPIRED — auto-closing #13

  🔴 #14 TSLA260513P00430000  [⏸ TRACKING]
      Entry: $11.70 │ Bid: $8.40  Mid: $8.45  Ask: $8.50
      P&L: $-325.00 (-27.8%) │ Target: $23.40  Stop: $5.85  DTE: 1d
      ⚠️  Stop was triggered — continuing to track for data
      💭 $1.1M premium on TSLA 430 puts expiring today with 100% bearish flow a...
      🌍 SPY +0.00%  QQQ +0.00%  VIX 19.0

  🟢 #15 AMD260515P00457500  [⏸ TRACKING]
      Entry: $22.60 │ Bid: $26.00  Mid: $26.52  Ask: $27.05
      P&L: +$392.50 (+17.4%) │ Target: $45.20  Stop: $11.30  DTE: 3d
      ⚠️  Stop was triggered — continuing to track for data
      💭 $2.0M premium in AMD puts expiring today with 100% bearish flow and 8....
      🌍 SPY +0.00%  QQQ +0.00%  VIX 19.0

  🔴 #16 QQQ260511P00706000  [⏸ TRACKING]
      Entry: $2.11 │ Bid: $0.01  Mid: $0.02  Ask: $0.03
      P&L: $-209.00 (-99.0%) │ Target: $4.22  Stop: $1.05  DTE: -1d
      ⚠️  Stop was triggered — continuing to track for data
      💭 QQQ put with $1.8M premium and 8.0 score expiring today in 100% bearis...
      🌍 SPY +0.00%  QQQ +0.00%  VIX 19.0

  ⏰ CONTRACT EXPIRED — auto-closing #16

  🔴 #17 TSLA260515P00427500  [⏸ TRACKING]
      Entry: $11.00 │ Bid: $10.10  Mid: $10.15  Ask: $10.20
      P&L: $-85.00 (-7.7%) │ Target: $22.00  Stop: $5.50  DTE: 3d
      ⚠️  Stop was triggered — continuing to track for data
      💭 $6M premium on TSLA puts with 8.8 score and 100% bearish flow concentr...
      🌍 SPY +0.00%  QQQ +0.00%  VIX 19.0

  ⏳ Next check in 3 minutes...

  ─────────────────────────────────────────────────────────────────
  📡 POSITION CHECK — 11:27:56 EDT
  ─────────────────────────────────────────────────────────────────

  🔴 #10 SPY260511P00745000  [⏸ TRACKING]
      Entry: $9.88 │ Bid: $6.03  Mid: $6.17  Ask: $6.31
      P&L: $-370.50 (-37.5%) │ Target: $19.75  Stop: $4.94  DTE: -1d
      ⚠️  Stop was triggered — continuing to track for data
      💭 HIGH SPY put signal — score 8.0, $4.4M premium, 3 DTE, bearish thesis....
      🌍 SPY +0.00%  QQQ +0.00%  VIX 19.0

  ⏰ CONTRACT EXPIRED — auto-closing #10

  🔴 #11 TSLA260511P00425000  [⏸ TRACKING]
      Entry: $7.83 │ Bid: $0.00  Mid: $0.02  Ask: $0.01
      P&L: $-780.50 (-99.7%) │ Target: $15.65  Stop: $3.91  DTE: -1d
      ⚠️  Stop was triggered — continuing to track for data
      💭 HIGH TSLA put signal — score 5.62, $1.6M premium, 3 DTE, bearish thesi...
      🌍 SPY +0.00%  QQQ +0.00%  VIX 19.0

  ⏰ CONTRACT EXPIRED — auto-closing #11

  🔴 #13 TSLA260511P00430000  [⏸ TRACKING]
      Entry: $7.33 │ Bid: $0.00  Mid: $0.01  Ask: $0.01
      P&L: $-731.50 (-99.9%) │ Target: $14.65  Stop: $3.66  DTE: -1d
      ⚠️  Stop was triggered — continuing to track for data
      💭 $2.8M premium on TSLA puts with 100% bearish flow and 8.0 score warran...
      🌍 SPY +0.00%  QQQ +0.00%  VIX 19.0

  ⏰ CONTRACT EXPIRED — auto-closing #13

  🔴 #14 TSLA260513P00430000  [⏸ TRACKING]
      Entry: $11.70 │ Bid: $7.90  Mid: $7.97  Ask: $8.05
      P&L: $-372.50 (-31.8%) │ Target: $23.40  Stop: $5.85  DTE: 1d
      ⚠️  Stop was triggered — continuing to track for data
      💭 $1.1M premium on TSLA 430 puts expiring today with 100% bearish flow a...
      🌍 SPY +0.00%  QQQ +0.00%  VIX 19.0

  🟢 #15 AMD260515P00457500  [⏸ TRACKING]
      Entry: $22.60 │ Bid: $25.45  Mid: $25.80  Ask: $26.15
      P&L: +$320.00 (+14.2%) │ Target: $45.20  Stop: $11.30  DTE: 3d
      ⚠️  Stop was triggered — continuing to track for data
      💭 $2.0M premium in AMD puts expiring today with 100% bearish flow and 8....
      🌍 SPY +0.00%  QQQ +0.00%  VIX 19.0

  🔴 #16 QQQ260511P00706000  [⏸ TRACKING]
      Entry: $2.11 │ Bid: $0.01  Mid: $0.02  Ask: $0.03
      P&L: $-209.00 (-99.0%) │ Target: $4.22  Stop: $1.05  DTE: -1d
      ⚠️  Stop was triggered — continuing to track for data
      💭 QQQ put with $1.8M premium and 8.0 score expiring today in 100% bearis...
      🌍 SPY +0.00%  QQQ +0.00%  VIX 19.0

  ⏰ CONTRACT EXPIRED — auto-closing #16

  🔴 #17 TSLA260515P00427500  [⏸ TRACKING]
      Entry: $11.00 │ Bid: $9.70  Mid: $9.75  Ask: $9.80
      P&L: $-125.00 (-11.4%) │ Target: $22.00  Stop: $5.50  DTE: 3d
      ⚠️  Stop was triggered — continuing to track for data
      💭 $6M premium on TSLA puts with 8.8 score and 100% bearish flow concentr...
      🌍 SPY +0.00%  QQQ +0.00%  VIX 19.0

  ⏳ Next check in 3 minutes...

  ─────────────────────────────────────────────────────────────────
  📡 POSITION CHECK — 11:30:57 EDT
  ─────────────────────────────────────────────────────────────────

  🔴 #10 SPY260511P00745000  [⏸ TRACKING]
      Entry: $9.88 │ Bid: $6.03  Mid: $6.17  Ask: $6.31
      P&L: $-370.50 (-37.5%) │ Target: $19.75  Stop: $4.94  DTE: -1d
      ⚠️  Stop was triggered — continuing to track for data
      💭 HIGH SPY put signal — score 8.0, $4.4M premium, 3 DTE, bearish thesis....
      🌍 SPY +0.00%  QQQ +0.00%  VIX 19.1

  ⏰ CONTRACT EXPIRED — auto-closing #10

  🔴 #11 TSLA260511P00425000  [⏸ TRACKING]
      Entry: $7.83 │ Bid: $0.00  Mid: $0.02  Ask: $0.01
      P&L: $-780.50 (-99.7%) │ Target: $15.65  Stop: $3.91  DTE: -1d
      ⚠️  Stop was triggered — continuing to track for data
      💭 HIGH TSLA put signal — score 5.62, $1.6M premium, 3 DTE, bearish thesi...
      🌍 SPY +0.00%  QQQ +0.00%  VIX 19.1

  ⏰ CONTRACT EXPIRED — auto-closing #11

  🔴 #13 TSLA260511P00430000  [⏸ TRACKING]
      Entry: $7.33 │ Bid: $0.00  Mid: $0.01  Ask: $0.01
      P&L: $-731.50 (-99.9%) │ Target: $14.65  Stop: $3.66  DTE: -1d
      ⚠️  Stop was triggered — continuing to track for data
      💭 $2.8M premium on TSLA puts with 100% bearish flow and 8.0 score warran...
      🌍 SPY +0.00%  QQQ +0.00%  VIX 19.1

  ⏰ CONTRACT EXPIRED — auto-closing #13

  🔴 #14 TSLA260513P00430000  [⏸ TRACKING]
      Entry: $11.70 │ Bid: $8.05  Mid: $8.10  Ask: $8.15
      P&L: $-360.00 (-30.8%) │ Target: $23.40  Stop: $5.85  DTE: 1d
      ⚠️  Stop was triggered — continuing to track for data
      💭 $1.1M premium on TSLA 430 puts expiring today with 100% bearish flow a...
      🌍 SPY +0.00%  QQQ +0.00%  VIX 19.1

  🟢 #15 AMD260515P00457500  [⏸ TRACKING]
      Entry: $22.60 │ Bid: $25.50  Mid: $25.85  Ask: $26.20
      P&L: +$325.00 (+14.4%) │ Target: $45.20  Stop: $11.30  DTE: 3d
      ⚠️  Stop was triggered — continuing to track for data
      💭 $2.0M premium in AMD puts expiring today with 100% bearish flow and 8....
      🌍 SPY +0.00%  QQQ +0.00%  VIX 19.1

  🔴 #16 QQQ260511P00706000  [⏸ TRACKING]
      Entry: $2.11 │ Bid: $0.01  Mid: $0.02  Ask: $0.03
      P&L: $-209.00 (-99.0%) │ Target: $4.22  Stop: $1.05  DTE: -1d
      ⚠️  Stop was triggered — continuing to track for data
      💭 QQQ put with $1.8M premium and 8.0 score expiring today in 100% bearis...
      🌍 SPY +0.00%  QQQ +0.00%  VIX 19.1

  ⏰ CONTRACT EXPIRED — auto-closing #16

  🔴 #17 TSLA260515P00427500  [⏸ TRACKING]
      Entry: $11.00 │ Bid: $9.75  Mid: $9.82  Ask: $9.90
      P&L: $-117.50 (-10.7%) │ Target: $22.00  Stop: $5.50  DTE: 3d
      ⚠️  Stop was triggered — continuing to track for data
      💭 $6M premium on TSLA puts with 8.8 score and 100% bearish flow concentr...
      🌍 SPY +0.00%  QQQ +0.00%  VIX 19.1

  ⏳ Next check in 3 minutes...

  ─────────────────────────────────────────────────────────────────
  📡 POSITION CHECK — 11:33:59 EDT
  ─────────────────────────────────────────────────────────────────

  🔴 #10 SPY260511P00745000  [⏸ TRACKING]
      Entry: $9.88 │ Bid: $6.03  Mid: $6.17  Ask: $6.31
      P&L: $-370.50 (-37.5%) │ Target: $19.75  Stop: $4.94  DTE: -1d
      ⚠️  Stop was triggered — continuing to track for data
      💭 HIGH SPY put signal — score 8.0, $4.4M premium, 3 DTE, bearish thesis....
      🌍 SPY +0.00%  QQQ +0.00%  VIX 19.0

  ⏰ CONTRACT EXPIRED — auto-closing #10

  🔴 #11 TSLA260511P00425000  [⏸ TRACKING]
      Entry: $7.83 │ Bid: $0.00  Mid: $0.02  Ask: $0.01
      P&L: $-780.50 (-99.7%) │ Target: $15.65  Stop: $3.91  DTE: -1d
      ⚠️  Stop was triggered — continuing to track for data
      💭 HIGH TSLA put signal — score 5.62, $1.6M premium, 3 DTE, bearish thesi...
      🌍 SPY +0.00%  QQQ +0.00%  VIX 19.0

  ⏰ CONTRACT EXPIRED — auto-closing #11

  🔴 #13 TSLA260511P00430000  [⏸ TRACKING]
      Entry: $7.33 │ Bid: $0.00  Mid: $0.01  Ask: $0.01
      P&L: $-731.50 (-99.9%) │ Target: $14.65  Stop: $3.66  DTE: -1d
      ⚠️  Stop was triggered — continuing to track for data
      💭 $2.8M premium on TSLA puts with 100% bearish flow and 8.0 score warran...
      🌍 SPY +0.00%  QQQ +0.00%  VIX 19.0

  ⏰ CONTRACT EXPIRED — auto-closing #13

  🔴 #14 TSLA260513P00430000  [⏸ TRACKING]
      Entry: $11.70 │ Bid: $7.55  Mid: $7.60  Ask: $7.65
      P&L: $-410.00 (-35.0%) │ Target: $23.40  Stop: $5.85  DTE: 1d
      ⚠️  Stop was triggered — continuing to track for data
      💭 $1.1M premium on TSLA 430 puts expiring today with 100% bearish flow a...
      🌍 SPY +0.00%  QQQ +0.00%  VIX 19.0

  🟢 #15 AMD260515P00457500  [⏸ TRACKING]
      Entry: $22.60 │ Bid: $24.30  Mid: $24.80  Ask: $25.30
      P&L: +$220.00 (+9.7%) │ Target: $45.20  Stop: $11.30  DTE: 3d
      ⚠️  Stop was triggered — continuing to track for data
      💭 $2.0M premium in AMD puts expiring today with 100% bearish flow and 8....
      🌍 SPY +0.00%  QQQ +0.00%  VIX 19.0

  🔴 #16 QQQ260511P00706000  [⏸ TRACKING]
      Entry: $2.11 │ Bid: $0.01  Mid: $0.02  Ask: $0.03
      P&L: $-209.00 (-99.0%) │ Target: $4.22  Stop: $1.05  DTE: -1d
      ⚠️  Stop was triggered — continuing to track for data
      💭 QQQ put with $1.8M premium and 8.0 score expiring today in 100% bearis...
      🌍 SPY +0.00%  QQQ +0.00%  VIX 19.0

  ⏰ CONTRACT EXPIRED — auto-closing #16

  🔴 #17 TSLA260515P00427500  [⏸ TRACKING]
      Entry: $11.00 │ Bid: $9.30  Mid: $9.38  Ask: $9.45
      P&L: $-162.50 (-14.8%) │ Target: $22.00  Stop: $5.50  DTE: 3d
      ⚠️  Stop was triggered — continuing to track for data
      💭 $6M premium on TSLA puts with 8.8 score and 100% bearish flow concentr...
      🌍 SPY +0.00%  QQQ +0.00%  VIX 19.0

  ⏳ Next check in 3 minutes...

  ─────────────────────────────────────────────────────────────────
  📡 POSITION CHECK — 11:37:00 EDT
  ─────────────────────────────────────────────────────────────────

  🔴 #10 SPY260511P00745000  [⏸ TRACKING]
      Entry: $9.88 │ Bid: $6.03  Mid: $6.17  Ask: $6.31
      P&L: $-370.50 (-37.5%) │ Target: $19.75  Stop: $4.94  DTE: -1d
      ⚠️  Stop was triggered — continuing to track for data
      💭 HIGH SPY put signal — score 8.0, $4.4M premium, 3 DTE, bearish thesis....
      🌍 SPY +0.00%  QQQ +0.00%  VIX 19.0

  ⏰ CONTRACT EXPIRED — auto-closing #10

  🔴 #11 TSLA260511P00425000  [⏸ TRACKING]
      Entry: $7.83 │ Bid: $0.00  Mid: $0.02  Ask: $0.01
      P&L: $-780.50 (-99.7%) │ Target: $15.65  Stop: $3.91  DTE: -1d
      ⚠️  Stop was triggered — continuing to track for data
      💭 HIGH TSLA put signal — score 5.62, $1.6M premium, 3 DTE, bearish thesi...
      🌍 SPY +0.00%  QQQ +0.00%  VIX 19.0

  ⏰ CONTRACT EXPIRED — auto-closing #11

  🔴 #13 TSLA260511P00430000  [⏸ TRACKING]
      Entry: $7.33 │ Bid: $0.00  Mid: $0.01  Ask: $0.01
      P&L: $-731.50 (-99.9%) │ Target: $14.65  Stop: $3.66  DTE: -1d
      ⚠️  Stop was triggered — continuing to track for data
      💭 $2.8M premium on TSLA puts with 100% bearish flow and 8.0 score warran...
      🌍 SPY +0.00%  QQQ +0.00%  VIX 19.0

  ⏰ CONTRACT EXPIRED — auto-closing #13

  🔴 #14 TSLA260513P00430000  [⏸ TRACKING]
      Entry: $11.70 │ Bid: $7.40  Mid: $7.47  Ask: $7.55
      P&L: $-422.50 (-36.1%) │ Target: $23.40  Stop: $5.85  DTE: 1d
      ⚠️  Stop was triggered — continuing to track for data
      💭 $1.1M premium on TSLA 430 puts expiring today with 100% bearish flow a...
      🌍 SPY +0.00%  QQQ +0.00%  VIX 19.0

  🟢 #15 AMD260515P00457500  [⏸ TRACKING]
      Entry: $22.60 │ Bid: $23.40  Mid: $23.77  Ask: $24.15
      P&L: +$117.50 (+5.2%) │ Target: $45.20  Stop: $11.30  DTE: 3d
      ⚠️  Stop was triggered — continuing to track for data
      💭 $2.0M premium in AMD puts expiring today with 100% bearish flow and 8....
      🌍 SPY +0.00%  QQQ +0.00%  VIX 19.0

  🔴 #16 QQQ260511P00706000  [⏸ TRACKING]
      Entry: $2.11 │ Bid: $0.01  Mid: $0.02  Ask: $0.03
      P&L: $-209.00 (-99.0%) │ Target: $4.22  Stop: $1.05  DTE: -1d
      ⚠️  Stop was triggered — continuing to track for data
      💭 QQQ put with $1.8M premium and 8.0 score expiring today in 100% bearis...
      🌍 SPY +0.00%  QQQ +0.00%  VIX 19.0

  ⏰ CONTRACT EXPIRED — auto-closing #16

  🔴 #17 TSLA260515P00427500  [⏸ TRACKING]
      Entry: $11.00 │ Bid: $9.15  Mid: $9.22  Ask: $9.30
      P&L: $-177.50 (-16.1%) │ Target: $22.00  Stop: $5.50  DTE: 3d
      ⚠️  Stop was triggered — continuing to track for data
      💭 $6M premium on TSLA puts with 8.8 score and 100% bearish flow concentr...
      🌍 SPY +0.00%  QQQ +0.00%  VIX 19.0

  ⏳ Next check in 3 minutes...

  ─────────────────────────────────────────────────────────────────
  📡 POSITION CHECK — 11:40:01 EDT
  ─────────────────────────────────────────────────────────────────

  🔴 #10 SPY260511P00745000  [⏸ TRACKING]
      Entry: $9.88 │ Bid: $6.03  Mid: $6.17  Ask: $6.31
      P&L: $-370.50 (-37.5%) │ Target: $19.75  Stop: $4.94  DTE: -1d
      ⚠️  Stop was triggered — continuing to track for data
      💭 HIGH SPY put signal — score 8.0, $4.4M premium, 3 DTE, bearish thesis....
      🌍 SPY +0.00%  QQQ +0.00%  VIX 18.9

  ⏰ CONTRACT EXPIRED — auto-closing #10

  🔴 #11 TSLA260511P00425000  [⏸ TRACKING]
      Entry: $7.83 │ Bid: $0.00  Mid: $0.02  Ask: $0.01
      P&L: $-780.50 (-99.7%) │ Target: $15.65  Stop: $3.91  DTE: -1d
      ⚠️  Stop was triggered — continuing to track for data
      💭 HIGH TSLA put signal — score 5.62, $1.6M premium, 3 DTE, bearish thesi...
      🌍 SPY +0.00%  QQQ +0.00%  VIX 18.9

  ⏰ CONTRACT EXPIRED — auto-closing #11

  🔴 #13 TSLA260511P00430000  [⏸ TRACKING]
      Entry: $7.33 │ Bid: $0.00  Mid: $0.01  Ask: $0.01
      P&L: $-731.50 (-99.9%) │ Target: $14.65  Stop: $3.66  DTE: -1d
      ⚠️  Stop was triggered — continuing to track for data
      💭 $2.8M premium on TSLA puts with 100% bearish flow and 8.0 score warran...
      🌍 SPY +0.00%  QQQ +0.00%  VIX 18.9

  ⏰ CONTRACT EXPIRED — auto-closing #13

  🔴 #14 TSLA260513P00430000  [⏸ TRACKING]
      Entry: $11.70 │ Bid: $6.90  Mid: $6.95  Ask: $7.00
      P&L: $-475.00 (-40.6%) │ Target: $23.40  Stop: $5.85  DTE: 1d
      ⚠️  Stop was triggered — continuing to track for data
      💭 $1.1M premium on TSLA 430 puts expiring today with 100% bearish flow a...
      🌍 SPY +0.00%  QQQ +0.00%  VIX 18.9

  🟢 #15 AMD260515P00457500  [⏸ TRACKING]
      Entry: $22.60 │ Bid: $23.00  Mid: $23.27  Ask: $23.55
      P&L: +$67.50 (+3.0%) │ Target: $45.20  Stop: $11.30  DTE: 3d
      ⚠️  Stop was triggered — continuing to track for data
      💭 $2.0M premium in AMD puts expiring today with 100% bearish flow and 8....
      🌍 SPY +0.00%  QQQ +0.00%  VIX 18.9

  🔴 #16 QQQ260511P00706000  [⏸ TRACKING]
      Entry: $2.11 │ Bid: $0.01  Mid: $0.02  Ask: $0.03
      P&L: $-209.00 (-99.0%) │ Target: $4.22  Stop: $1.05  DTE: -1d
      ⚠️  Stop was triggered — continuing to track for data
      💭 QQQ put with $1.8M premium and 8.0 score expiring today in 100% bearis...
      🌍 SPY +0.00%  QQQ +0.00%  VIX 18.9

  ⏰ CONTRACT EXPIRED — auto-closing #16

  🔴 #17 TSLA260515P00427500  [⏸ TRACKING]
      Entry: $11.00 │ Bid: $8.75  Mid: $8.80  Ask: $8.85
      P&L: $-220.00 (-20.0%) │ Target: $22.00  Stop: $5.50  DTE: 3d
      ⚠️  Stop was triggered — continuing to track for data
      💭 $6M premium on TSLA puts with 8.8 score and 100% bearish flow concentr...
      🌍 SPY +0.00%  QQQ +0.00%  VIX 18.9

  ⏳ Next check in 3 minutes...

  ─────────────────────────────────────────────────────────────────
  📡 POSITION CHECK — 11:43:03 EDT
  ─────────────────────────────────────────────────────────────────

  🔴 #10 SPY260511P00745000  [⏸ TRACKING]
      Entry: $9.88 │ Bid: $6.03  Mid: $6.17  Ask: $6.31
      P&L: $-370.50 (-37.5%) │ Target: $19.75  Stop: $4.94  DTE: -1d
      ⚠️  Stop was triggered — continuing to track for data
      💭 HIGH SPY put signal — score 8.0, $4.4M premium, 3 DTE, bearish thesis....
      🌍 SPY +0.00%  QQQ +0.00%  VIX 18.9

  ⏰ CONTRACT EXPIRED — auto-closing #10

  🔴 #11 TSLA260511P00425000  [⏸ TRACKING]
      Entry: $7.83 │ Bid: $0.00  Mid: $0.02  Ask: $0.01
      P&L: $-780.50 (-99.7%) │ Target: $15.65  Stop: $3.91  DTE: -1d
      ⚠️  Stop was triggered — continuing to track for data
      💭 HIGH TSLA put signal — score 5.62, $1.6M premium, 3 DTE, bearish thesi...
      🌍 SPY +0.00%  QQQ +0.00%  VIX 18.9

  ⏰ CONTRACT EXPIRED — auto-closing #11

  🔴 #13 TSLA260511P00430000  [⏸ TRACKING]
      Entry: $7.33 │ Bid: $0.00  Mid: $0.01  Ask: $0.01
      P&L: $-731.50 (-99.9%) │ Target: $14.65  Stop: $3.66  DTE: -1d
      ⚠️  Stop was triggered — continuing to track for data
      💭 $2.8M premium on TSLA puts with 100% bearish flow and 8.0 score warran...
      🌍 SPY +0.00%  QQQ +0.00%  VIX 18.9

  ⏰ CONTRACT EXPIRED — auto-closing #13

  🔴 #14 TSLA260513P00430000  [⏸ TRACKING]
      Entry: $11.70 │ Bid: $7.10  Mid: $7.15  Ask: $7.20
      P&L: $-455.00 (-38.9%) │ Target: $23.40  Stop: $5.85  DTE: 1d
      ⚠️  Stop was triggered — continuing to track for data
      💭 $1.1M premium on TSLA 430 puts expiring today with 100% bearish flow a...
      🌍 SPY +0.00%  QQQ +0.00%  VIX 18.9

  🟢 #15 AMD260515P00457500  [⏸ TRACKING]
      Entry: $22.60 │ Bid: $24.05  Mid: $24.48  Ask: $24.90
      P&L: +$187.50 (+8.3%) │ Target: $45.20  Stop: $11.30  DTE: 3d
      ⚠️  Stop was triggered — continuing to track for data
      💭 $2.0M premium in AMD puts expiring today with 100% bearish flow and 8....
      🌍 SPY +0.00%  QQQ +0.00%  VIX 18.9

  🔴 #16 QQQ260511P00706000  [⏸ TRACKING]
      Entry: $2.11 │ Bid: $0.01  Mid: $0.02  Ask: $0.03
      P&L: $-209.00 (-99.0%) │ Target: $4.22  Stop: $1.05  DTE: -1d
      ⚠️  Stop was triggered — continuing to track for data
      💭 QQQ put with $1.8M premium and 8.0 score expiring today in 100% bearis...
      🌍 SPY +0.00%  QQQ +0.00%  VIX 18.9

  ⏰ CONTRACT EXPIRED — auto-closing #16

  🔴 #17 TSLA260515P00427500  [⏸ TRACKING]
      Entry: $11.00 │ Bid: $8.90  Mid: $8.97  Ask: $9.05
      P&L: $-202.50 (-18.4%) │ Target: $22.00  Stop: $5.50  DTE: 3d
      ⚠️  Stop was triggered — continuing to track for data
      💭 $6M premium on TSLA puts with 8.8 score and 100% bearish flow concentr...
      🌍 SPY +0.00%  QQQ +0.00%  VIX 18.9

  ⏳ Next check in 3 minutes...

  ─────────────────────────────────────────────────────────────────
  📡 POSITION CHECK — 11:46:04 EDT
  ─────────────────────────────────────────────────────────────────

  🔴 #10 SPY260511P00745000  [⏸ TRACKING]
      Entry: $9.88 │ Bid: $6.03  Mid: $6.17  Ask: $6.31
      P&L: $-370.50 (-37.5%) │ Target: $19.75  Stop: $4.94  DTE: -1d
      ⚠️  Stop was triggered — continuing to track for data
      💭 HIGH SPY put signal — score 8.0, $4.4M premium, 3 DTE, bearish thesis....
      🌍 SPY +0.00%  QQQ +0.00%  VIX 18.8

  ⏰ CONTRACT EXPIRED — auto-closing #10

  🔴 #11 TSLA260511P00425000  [⏸ TRACKING]
      Entry: $7.83 │ Bid: $0.00  Mid: $0.02  Ask: $0.01
      P&L: $-780.50 (-99.7%) │ Target: $15.65  Stop: $3.91  DTE: -1d
      ⚠️  Stop was triggered — continuing to track for data
      💭 HIGH TSLA put signal — score 5.62, $1.6M premium, 3 DTE, bearish thesi...
      🌍 SPY +0.00%  QQQ +0.00%  VIX 18.8

  ⏰ CONTRACT EXPIRED — auto-closing #11

  🔴 #13 TSLA260511P00430000  [⏸ TRACKING]
      Entry: $7.33 │ Bid: $0.00  Mid: $0.01  Ask: $0.01
      P&L: $-731.50 (-99.9%) │ Target: $14.65  Stop: $3.66  DTE: -1d
      ⚠️  Stop was triggered — continuing to track for data
      💭 $2.8M premium on TSLA puts with 100% bearish flow and 8.0 score warran...
      🌍 SPY +0.00%  QQQ +0.00%  VIX 18.8

  ⏰ CONTRACT EXPIRED — auto-closing #13

  🔴 #14 TSLA260513P00430000  [⏸ TRACKING]
      Entry: $11.70 │ Bid: $6.75  Mid: $6.80  Ask: $6.85
      P&L: $-490.00 (-41.9%) │ Target: $23.40  Stop: $5.85  DTE: 1d
      ⚠️  Stop was triggered — continuing to track for data
      💭 $1.1M premium on TSLA 430 puts expiring today with 100% bearish flow a...
      🌍 SPY +0.00%  QQQ +0.00%  VIX 18.8

  🟢 #15 AMD260515P00457500  [⏸ TRACKING]
      Entry: $22.60 │ Bid: $24.80  Mid: $25.20  Ask: $25.60
      P&L: +$260.00 (+11.5%) │ Target: $45.20  Stop: $11.30  DTE: 3d
      ⚠️  Stop was triggered — continuing to track for data
      💭 $2.0M premium in AMD puts expiring today with 100% bearish flow and 8....
      🌍 SPY +0.00%  QQQ +0.00%  VIX 18.8

  🔴 #16 QQQ260511P00706000  [⏸ TRACKING]
      Entry: $2.11 │ Bid: $0.01  Mid: $0.02  Ask: $0.03
      P&L: $-209.00 (-99.0%) │ Target: $4.22  Stop: $1.05  DTE: -1d
      ⚠️  Stop was triggered — continuing to track for data
      💭 QQQ put with $1.8M premium and 8.0 score expiring today in 100% bearis...
      🌍 SPY +0.00%  QQQ +0.00%  VIX 18.8

  ⏰ CONTRACT EXPIRED — auto-closing #16

  🔴 #17 TSLA260515P00427500  [⏸ TRACKING]
      Entry: $11.00 │ Bid: $8.60  Mid: $8.65  Ask: $8.70
      P&L: $-235.00 (-21.4%) │ Target: $22.00  Stop: $5.50  DTE: 3d
      ⚠️  Stop was triggered — continuing to track for data
      💭 $6M premium on TSLA puts with 8.8 score and 100% bearish flow concentr...
      🌍 SPY +0.00%  QQQ +0.00%  VIX 18.8

  ⏳ Next check in 3 minutes...

  ─────────────────────────────────────────────────────────────────
  📡 POSITION CHECK — 11:49:05 EDT
  ─────────────────────────────────────────────────────────────────

  🔴 #10 SPY260511P00745000  [⏸ TRACKING]
      Entry: $9.88 │ Bid: $6.03  Mid: $6.17  Ask: $6.31
      P&L: $-370.50 (-37.5%) │ Target: $19.75  Stop: $4.94  DTE: -1d
      ⚠️  Stop was triggered — continuing to track for data
      💭 HIGH SPY put signal — score 8.0, $4.4M premium, 3 DTE, bearish thesis....
      🌍 SPY +0.00%  QQQ +0.00%  VIX 18.9

  ⏰ CONTRACT EXPIRED — auto-closing #10

  🔴 #11 TSLA260511P00425000  [⏸ TRACKING]
      Entry: $7.83 │ Bid: $0.00  Mid: $0.02  Ask: $0.01
      P&L: $-780.50 (-99.7%) │ Target: $15.65  Stop: $3.91  DTE: -1d
      ⚠️  Stop was triggered — continuing to track for data
      💭 HIGH TSLA put signal — score 5.62, $1.6M premium, 3 DTE, bearish thesi...
      🌍 SPY +0.00%  QQQ +0.00%  VIX 18.9

  ⏰ CONTRACT EXPIRED — auto-closing #11

  🔴 #13 TSLA260511P00430000  [⏸ TRACKING]
      Entry: $7.33 │ Bid: $0.00  Mid: $0.01  Ask: $0.01
      P&L: $-731.50 (-99.9%) │ Target: $14.65  Stop: $3.66  DTE: -1d
      ⚠️  Stop was triggered — continuing to track for data
      💭 $2.8M premium on TSLA puts with 100% bearish flow and 8.0 score warran...
      🌍 SPY +0.00%  QQQ +0.00%  VIX 18.9

  ⏰ CONTRACT EXPIRED — auto-closing #13

  🔴 #14 TSLA260513P00430000  [⏸ TRACKING]
      Entry: $11.70 │ Bid: $7.50  Mid: $7.55  Ask: $7.60
      P&L: $-415.00 (-35.5%) │ Target: $23.40  Stop: $5.85  DTE: 1d
      ⚠️  Stop was triggered — continuing to track for data
      💭 $1.1M premium on TSLA 430 puts expiring today with 100% bearish flow a...
      🌍 SPY +0.00%  QQQ +0.00%  VIX 18.9

  🟢 #15 AMD260515P00457500  [⏸ TRACKING]
      Entry: $22.60 │ Bid: $25.60  Mid: $25.90  Ask: $26.20
      P&L: +$330.00 (+14.6%) │ Target: $45.20  Stop: $11.30  DTE: 3d
      ⚠️  Stop was triggered — continuing to track for data
      💭 $2.0M premium in AMD puts expiring today with 100% bearish flow and 8....
      🌍 SPY +0.00%  QQQ +0.00%  VIX 18.9

  🔴 #16 QQQ260511P00706000  [⏸ TRACKING]
      Entry: $2.11 │ Bid: $0.01  Mid: $0.02  Ask: $0.03
      P&L: $-209.00 (-99.0%) │ Target: $4.22  Stop: $1.05  DTE: -1d
      ⚠️  Stop was triggered — continuing to track for data
      💭 QQQ put with $1.8M premium and 8.0 score expiring today in 100% bearis...
      🌍 SPY +0.00%  QQQ +0.00%  VIX 18.9

  ⏰ CONTRACT EXPIRED — auto-closing #16

  🔴 #17 TSLA260515P00427500  [⏸ TRACKING]
      Entry: $11.00 │ Bid: $9.30  Mid: $9.35  Ask: $9.40
      P&L: $-165.00 (-15.0%) │ Target: $22.00  Stop: $5.50  DTE: 3d
      ⚠️  Stop was triggered — continuing to track for data
      💭 $6M premium on TSLA puts with 8.8 score and 100% bearish flow concentr...
      🌍 SPY +0.00%  QQQ +0.00%  VIX 18.9

  ⏳ Next check in 3 minutes...

  ─────────────────────────────────────────────────────────────────
  📡 POSITION CHECK — 11:52:07 EDT
  ─────────────────────────────────────────────────────────────────

  🔴 #10 SPY260511P00745000  [⏸ TRACKING]
      Entry: $9.88 │ Bid: $6.03  Mid: $6.17  Ask: $6.31
      P&L: $-370.50 (-37.5%) │ Target: $19.75  Stop: $4.94  DTE: -1d
      ⚠️  Stop was triggered — continuing to track for data
      💭 HIGH SPY put signal — score 8.0, $4.4M premium, 3 DTE, bearish thesis....
      🌍 SPY +0.00%  QQQ +0.00%  VIX 18.9

  ⏰ CONTRACT EXPIRED — auto-closing #10

  🔴 #11 TSLA260511P00425000  [⏸ TRACKING]
      Entry: $7.83 │ Bid: $0.00  Mid: $0.02  Ask: $0.01
      P&L: $-780.50 (-99.7%) │ Target: $15.65  Stop: $3.91  DTE: -1d
      ⚠️  Stop was triggered — continuing to track for data
      💭 HIGH TSLA put signal — score 5.62, $1.6M premium, 3 DTE, bearish thesi...
      🌍 SPY +0.00%  QQQ +0.00%  VIX 18.9

  ⏰ CONTRACT EXPIRED — auto-closing #11

  🔴 #13 TSLA260511P00430000  [⏸ TRACKING]
      Entry: $7.33 │ Bid: $0.00  Mid: $0.01  Ask: $0.01
      P&L: $-731.50 (-99.9%) │ Target: $14.65  Stop: $3.66  DTE: -1d
      ⚠️  Stop was triggered — continuing to track for data
      💭 $2.8M premium on TSLA puts with 100% bearish flow and 8.0 score warran...
      🌍 SPY +0.00%  QQQ +0.00%  VIX 18.9

  ⏰ CONTRACT EXPIRED — auto-closing #13

  🔴 #14 TSLA260513P00430000  [⏸ TRACKING]
      Entry: $11.70 │ Bid: $7.75  Mid: $7.83  Ask: $7.90
      P&L: $-387.50 (-33.1%) │ Target: $23.40  Stop: $5.85  DTE: 1d
      ⚠️  Stop was triggered — continuing to track for data
      💭 $1.1M premium on TSLA 430 puts expiring today with 100% bearish flow a...
      🌍 SPY +0.00%  QQQ +0.00%  VIX 18.9

  🟢 #15 AMD260515P00457500  [⏸ TRACKING]
      Entry: $22.60 │ Bid: $25.30  Mid: $25.77  Ask: $26.25
      P&L: +$317.50 (+14.1%) │ Target: $45.20  Stop: $11.30  DTE: 3d
      ⚠️  Stop was triggered — continuing to track for data
      💭 $2.0M premium in AMD puts expiring today with 100% bearish flow and 8....
      🌍 SPY +0.00%  QQQ +0.00%  VIX 18.9

  🔴 #16 QQQ260511P00706000  [⏸ TRACKING]
      Entry: $2.11 │ Bid: $0.01  Mid: $0.02  Ask: $0.03
      P&L: $-209.00 (-99.0%) │ Target: $4.22  Stop: $1.05  DTE: -1d
      ⚠️  Stop was triggered — continuing to track for data
      💭 QQQ put with $1.8M premium and 8.0 score expiring today in 100% bearis...
      🌍 SPY +0.00%  QQQ +0.00%  VIX 18.9

  ⏰ CONTRACT EXPIRED — auto-closing #16

  🔴 #17 TSLA260515P00427500  [⏸ TRACKING]
      Entry: $11.00 │ Bid: $9.50  Mid: $9.57  Ask: $9.65
      P&L: $-142.50 (-12.9%) │ Target: $22.00  Stop: $5.50  DTE: 3d
      ⚠️  Stop was triggered — continuing to track for data
      💭 $6M premium on TSLA puts with 8.8 score and 100% bearish flow concentr...
      🌍 SPY +0.00%  QQQ +0.00%  VIX 18.9

  ⏳ Next check in 3 minutes...

  ─────────────────────────────────────────────────────────────────
  📡 POSITION CHECK — 11:55:08 EDT
  ─────────────────────────────────────────────────────────────────

  🔴 #10 SPY260511P00745000  [⏸ TRACKING]
      Entry: $9.88 │ Bid: $6.03  Mid: $6.17  Ask: $6.31
      P&L: $-370.50 (-37.5%) │ Target: $19.75  Stop: $4.94  DTE: -1d
      ⚠️  Stop was triggered — continuing to track for data
      💭 HIGH SPY put signal — score 8.0, $4.4M premium, 3 DTE, bearish thesis....
      🌍 SPY +0.00%  QQQ +0.00%  VIX 18.9

  ⏰ CONTRACT EXPIRED — auto-closing #10

  🔴 #11 TSLA260511P00425000  [⏸ TRACKING]
      Entry: $7.83 │ Bid: $0.00  Mid: $0.02  Ask: $0.01
      P&L: $-780.50 (-99.7%) │ Target: $15.65  Stop: $3.91  DTE: -1d
      ⚠️  Stop was triggered — continuing to track for data
      💭 HIGH TSLA put signal — score 5.62, $1.6M premium, 3 DTE, bearish thesi...
      🌍 SPY +0.00%  QQQ +0.00%  VIX 18.9

  ⏰ CONTRACT EXPIRED — auto-closing #11

  🔴 #13 TSLA260511P00430000  [⏸ TRACKING]
      Entry: $7.33 │ Bid: $0.00  Mid: $0.01  Ask: $0.01
      P&L: $-731.50 (-99.9%) │ Target: $14.65  Stop: $3.66  DTE: -1d
      ⚠️  Stop was triggered — continuing to track for data
      💭 $2.8M premium on TSLA puts with 100% bearish flow and 8.0 score warran...
      🌍 SPY +0.00%  QQQ +0.00%  VIX 18.9

  ⏰ CONTRACT EXPIRED — auto-closing #13

  🔴 #14 TSLA260513P00430000  [⏸ TRACKING]
      Entry: $11.70 │ Bid: $8.85  Mid: $8.90  Ask: $8.95
      P&L: $-280.00 (-23.9%) │ Target: $23.40  Stop: $5.85  DTE: 1d
      ⚠️  Stop was triggered — continuing to track for data
      💭 $1.1M premium on TSLA 430 puts expiring today with 100% bearish flow a...
      🌍 SPY +0.00%  QQQ +0.00%  VIX 18.9

  🟢 #15 AMD260515P00457500  [⏸ TRACKING]
      Entry: $22.60 │ Bid: $27.70  Mid: $28.10  Ask: $28.50
      P&L: +$550.00 (+24.3%) │ Target: $45.20  Stop: $11.30  DTE: 3d
      ⚠️  Stop was triggered — continuing to track for data
      💭 $2.0M premium in AMD puts expiring today with 100% bearish flow and 8....
      🌍 SPY +0.00%  QQQ +0.00%  VIX 18.9

  🔴 #16 QQQ260511P00706000  [⏸ TRACKING]
      Entry: $2.11 │ Bid: $0.01  Mid: $0.02  Ask: $0.03
      P&L: $-209.00 (-99.0%) │ Target: $4.22  Stop: $1.05  DTE: -1d
      ⚠️  Stop was triggered — continuing to track for data
      💭 QQQ put with $1.8M premium and 8.0 score expiring today in 100% bearis...
      🌍 SPY +0.00%  QQQ +0.00%  VIX 18.9

  ⏰ CONTRACT EXPIRED — auto-closing #16

  🔴 #17 TSLA260515P00427500  [⏸ TRACKING]
      Entry: $11.00 │ Bid: $10.45  Mid: $10.53  Ask: $10.60
      P&L: $-47.50 (-4.3%) │ Target: $22.00  Stop: $5.50  DTE: 3d
      ⚠️  Stop was triggered — continuing to track for data
      💭 $6M premium on TSLA puts with 8.8 score and 100% bearish flow concentr...
      🌍 SPY +0.00%  QQQ +0.00%  VIX 18.9

  ⏳ Next check in 3 minutes...

  ─────────────────────────────────────────────────────────────────
  📡 POSITION CHECK — 11:58:10 EDT
  ─────────────────────────────────────────────────────────────────

  🔴 #10 SPY260511P00745000  [⏸ TRACKING]
      Entry: $9.88 │ Bid: $6.03  Mid: $6.17  Ask: $6.31
      P&L: $-370.50 (-37.5%) │ Target: $19.75  Stop: $4.94  DTE: -1d
      ⚠️  Stop was triggered — continuing to track for data
      💭 HIGH SPY put signal — score 8.0, $4.4M premium, 3 DTE, bearish thesis....
      🌍 SPY +0.00%  QQQ +0.00%  VIX 18.9

  ⏰ CONTRACT EXPIRED — auto-closing #10

  🔴 #11 TSLA260511P00425000  [⏸ TRACKING]
      Entry: $7.83 │ Bid: $0.00  Mid: $0.02  Ask: $0.01
      P&L: $-780.50 (-99.7%) │ Target: $15.65  Stop: $3.91  DTE: -1d
      ⚠️  Stop was triggered — continuing to track for data
      💭 HIGH TSLA put signal — score 5.62, $1.6M premium, 3 DTE, bearish thesi...
      🌍 SPY +0.00%  QQQ +0.00%  VIX 18.9

  ⏰ CONTRACT EXPIRED — auto-closing #11

  🔴 #13 TSLA260511P00430000  [⏸ TRACKING]
      Entry: $7.33 │ Bid: $0.00  Mid: $0.01  Ask: $0.01
      P&L: $-731.50 (-99.9%) │ Target: $14.65  Stop: $3.66  DTE: -1d
      ⚠️  Stop was triggered — continuing to track for data
      💭 $2.8M premium on TSLA puts with 100% bearish flow and 8.0 score warran...
      🌍 SPY +0.00%  QQQ +0.00%  VIX 18.9

  ⏰ CONTRACT EXPIRED — auto-closing #13

  🔴 #14 TSLA260513P00430000  [⏸ TRACKING]
      Entry: $11.70 │ Bid: $9.50  Mid: $9.55  Ask: $9.60
      P&L: $-215.00 (-18.4%) │ Target: $23.40  Stop: $5.85  DTE: 1d
      ⚠️  Stop was triggered — continuing to track for data
      💭 $1.1M premium on TSLA 430 puts expiring today with 100% bearish flow a...
      🌍 SPY +0.00%  QQQ +0.00%  VIX 18.9

  🟢 #15 AMD260515P00457500  [⏸ TRACKING]
      Entry: $22.60 │ Bid: $28.35  Mid: $28.68  Ask: $29.00
      P&L: +$607.50 (+26.9%) │ Target: $45.20  Stop: $11.30  DTE: 3d
      ⚠️  Stop was triggered — continuing to track for data
      💭 $2.0M premium in AMD puts expiring today with 100% bearish flow and 8....
      🌍 SPY +0.00%  QQQ +0.00%  VIX 18.9

  🔴 #16 QQQ260511P00706000  [⏸ TRACKING]
      Entry: $2.11 │ Bid: $0.01  Mid: $0.02  Ask: $0.03
      P&L: $-209.00 (-99.0%) │ Target: $4.22  Stop: $1.05  DTE: -1d
      ⚠️  Stop was triggered — continuing to track for data
      💭 QQQ put with $1.8M premium and 8.0 score expiring today in 100% bearis...
      🌍 SPY +0.00%  QQQ +0.00%  VIX 18.9

  ⏰ CONTRACT EXPIRED — auto-closing #16

  🟢 #17 TSLA260515P00427500  [⏸ TRACKING]
      Entry: $11.00 │ Bid: $11.00  Mid: $11.07  Ask: $11.15
      P&L: +$7.50 (+0.7%) │ Target: $22.00  Stop: $5.50  DTE: 3d
      ⚠️  Stop was triggered — continuing to track for data
      💭 $6M premium on TSLA puts with 8.8 score and 100% bearish flow concentr...
      🌍 SPY +0.00%  QQQ +0.00%  VIX 18.9

  ⏳ Next check in 3 minutes...

  ─────────────────────────────────────────────────────────────────
  📡 POSITION CHECK — 12:01:11 EDT
  ─────────────────────────────────────────────────────────────────

  🔴 #10 SPY260511P00745000  [⏸ TRACKING]
      Entry: $9.88 │ Bid: $6.03  Mid: $6.17  Ask: $6.31
      P&L: $-370.50 (-37.5%) │ Target: $19.75  Stop: $4.94  DTE: -1d
      ⚠️  Stop was triggered — continuing to track for data
      💭 HIGH SPY put signal — score 8.0, $4.4M premium, 3 DTE, bearish thesis....
      🌍 SPY +0.00%  QQQ +0.00%  VIX 18.9

  ⏰ CONTRACT EXPIRED — auto-closing #10

  🔴 #11 TSLA260511P00425000  [⏸ TRACKING]
      Entry: $7.83 │ Bid: $0.00  Mid: $0.02  Ask: $0.01
      P&L: $-780.50 (-99.7%) │ Target: $15.65  Stop: $3.91  DTE: -1d
      ⚠️  Stop was triggered — continuing to track for data
      💭 HIGH TSLA put signal — score 5.62, $1.6M premium, 3 DTE, bearish thesi...
      🌍 SPY +0.00%  QQQ +0.00%  VIX 18.9

  ⏰ CONTRACT EXPIRED — auto-closing #11

  🔴 #13 TSLA260511P00430000  [⏸ TRACKING]
      Entry: $7.33 │ Bid: $0.00  Mid: $0.01  Ask: $0.01
      P&L: $-731.50 (-99.9%) │ Target: $14.65  Stop: $3.66  DTE: -1d
      ⚠️  Stop was triggered — continuing to track for data
      💭 $2.8M premium on TSLA puts with 100% bearish flow and 8.0 score warran...
      🌍 SPY +0.00%  QQQ +0.00%  VIX 18.9

  ⏰ CONTRACT EXPIRED — auto-closing #13

  🔴 #14 TSLA260513P00430000  [⏸ TRACKING]
      Entry: $11.70 │ Bid: $9.15  Mid: $9.22  Ask: $9.30
      P&L: $-247.50 (-21.1%) │ Target: $23.40  Stop: $5.85  DTE: 1d
      ⚠️  Stop was triggered — continuing to track for data
      💭 $1.1M premium on TSLA 430 puts expiring today with 100% bearish flow a...
      🌍 SPY +0.00%  QQQ +0.00%  VIX 18.9

  🟢 #15 AMD260515P00457500  [⏸ TRACKING]
      Entry: $22.60 │ Bid: $28.30  Mid: $28.70  Ask: $29.10
      P&L: +$610.00 (+27.0%) │ Target: $45.20  Stop: $11.30  DTE: 3d
      ⚠️  Stop was triggered — continuing to track for data
      💭 $2.0M premium in AMD puts expiring today with 100% bearish flow and 8....
      🌍 SPY +0.00%  QQQ +0.00%  VIX 18.9

  🔴 #16 QQQ260511P00706000  [⏸ TRACKING]
      Entry: $2.11 │ Bid: $0.01  Mid: $0.02  Ask: $0.03
      P&L: $-209.00 (-99.0%) │ Target: $4.22  Stop: $1.05  DTE: -1d
      ⚠️  Stop was triggered — continuing to track for data
      💭 QQQ put with $1.8M premium and 8.0 score expiring today in 100% bearis...
      🌍 SPY +0.00%  QQQ +0.00%  VIX 18.9

  ⏰ CONTRACT EXPIRED — auto-closing #16

  🔴 #17 TSLA260515P00427500  [⏸ TRACKING]
      Entry: $11.00 │ Bid: $10.70  Mid: $10.78  Ask: $10.85
      P&L: $-22.50 (-2.0%) │ Target: $22.00  Stop: $5.50  DTE: 3d
      ⚠️  Stop was triggered — continuing to track for data
      💭 $6M premium on TSLA puts with 8.8 score and 100% bearish flow concentr...
      🌍 SPY +0.00%  QQQ +0.00%  VIX 18.9

  ⏳ Next check in 3 minutes...

  ─────────────────────────────────────────────────────────────────
  📡 POSITION CHECK — 12:04:12 EDT
  ─────────────────────────────────────────────────────────────────

  🔴 #10 SPY260511P00745000  [⏸ TRACKING]
      Entry: $9.88 │ Bid: $6.03  Mid: $6.17  Ask: $6.31
      P&L: $-370.50 (-37.5%) │ Target: $19.75  Stop: $4.94  DTE: -1d
      ⚠️  Stop was triggered — continuing to track for data
      💭 HIGH SPY put signal — score 8.0, $4.4M premium, 3 DTE, bearish thesis....
      🌍 SPY +0.00%  QQQ +0.00%  VIX 18.8

  ⏰ CONTRACT EXPIRED — auto-closing #10

  🔴 #11 TSLA260511P00425000  [⏸ TRACKING]
      Entry: $7.83 │ Bid: $0.00  Mid: $0.02  Ask: $0.01
      P&L: $-780.50 (-99.7%) │ Target: $15.65  Stop: $3.91  DTE: -1d
      ⚠️  Stop was triggered — continuing to track for data
      💭 HIGH TSLA put signal — score 5.62, $1.6M premium, 3 DTE, bearish thesi...
      🌍 SPY +0.00%  QQQ +0.00%  VIX 18.8

  ⏰ CONTRACT EXPIRED — auto-closing #11

  🔴 #13 TSLA260511P00430000  [⏸ TRACKING]
      Entry: $7.33 │ Bid: $0.00  Mid: $0.01  Ask: $0.01
      P&L: $-731.50 (-99.9%) │ Target: $14.65  Stop: $3.66  DTE: -1d
      ⚠️  Stop was triggered — continuing to track for data
      💭 $2.8M premium on TSLA puts with 100% bearish flow and 8.0 score warran...
      🌍 SPY +0.00%  QQQ +0.00%  VIX 18.8

  ⏰ CONTRACT EXPIRED — auto-closing #13

  🔴 #14 TSLA260513P00430000  [⏸ TRACKING]
      Entry: $11.70 │ Bid: $8.00  Mid: $8.07  Ask: $8.15
      P&L: $-362.50 (-31.0%) │ Target: $23.40  Stop: $5.85  DTE: 1d
      ⚠️  Stop was triggered — continuing to track for data
      💭 $1.1M premium on TSLA 430 puts expiring today with 100% bearish flow a...
      🌍 SPY +0.00%  QQQ +0.00%  VIX 18.8

  🟢 #15 AMD260515P00457500  [⏸ TRACKING]
      Entry: $22.60 │ Bid: $26.75  Mid: $27.25  Ask: $27.75
      P&L: +$465.00 (+20.6%) │ Target: $45.20  Stop: $11.30  DTE: 3d
      ⚠️  Stop was triggered — continuing to track for data
      💭 $2.0M premium in AMD puts expiring today with 100% bearish flow and 8....
      🌍 SPY +0.00%  QQQ +0.00%  VIX 18.8

  🔴 #16 QQQ260511P00706000  [⏸ TRACKING]
      Entry: $2.11 │ Bid: $0.01  Mid: $0.02  Ask: $0.03
      P&L: $-209.00 (-99.0%) │ Target: $4.22  Stop: $1.05  DTE: -1d
      ⚠️  Stop was triggered — continuing to track for data
      💭 QQQ put with $1.8M premium and 8.0 score expiring today in 100% bearis...
      🌍 SPY +0.00%  QQQ +0.00%  VIX 18.8

  ⏰ CONTRACT EXPIRED — auto-closing #16

  🔴 #17 TSLA260515P00427500  [⏸ TRACKING]
      Entry: $11.00 │ Bid: $9.65  Mid: $9.72  Ask: $9.80
      P&L: $-127.50 (-11.6%) │ Target: $22.00  Stop: $5.50  DTE: 3d
      ⚠️  Stop was triggered — continuing to track for data
      💭 $6M premium on TSLA puts with 8.8 score and 100% bearish flow concentr...
      🌍 SPY +0.00%  QQQ +0.00%  VIX 18.8

  ⏳ Next check in 3 minutes...

  ─────────────────────────────────────────────────────────────────
  📡 POSITION CHECK — 12:07:14 EDT
  ─────────────────────────────────────────────────────────────────

  🔴 #10 SPY260511P00745000  [⏸ TRACKING]
      Entry: $9.88 │ Bid: $6.03  Mid: $6.17  Ask: $6.31
      P&L: $-370.50 (-37.5%) │ Target: $19.75  Stop: $4.94  DTE: -1d
      ⚠️  Stop was triggered — continuing to track for data
      💭 HIGH SPY put signal — score 8.0, $4.4M premium, 3 DTE, bearish thesis....
      🌍 SPY +0.00%  QQQ +0.00%  VIX 18.8

  ⏰ CONTRACT EXPIRED — auto-closing #10

  🔴 #11 TSLA260511P00425000  [⏸ TRACKING]
      Entry: $7.83 │ Bid: $0.00  Mid: $0.02  Ask: $0.01
      P&L: $-780.50 (-99.7%) │ Target: $15.65  Stop: $3.91  DTE: -1d
      ⚠️  Stop was triggered — continuing to track for data
      💭 HIGH TSLA put signal — score 5.62, $1.6M premium, 3 DTE, bearish thesi...
      🌍 SPY +0.00%  QQQ +0.00%  VIX 18.8

  ⏰ CONTRACT EXPIRED — auto-closing #11

  🔴 #13 TSLA260511P00430000  [⏸ TRACKING]
      Entry: $7.33 │ Bid: $0.00  Mid: $0.01  Ask: $0.01
      P&L: $-731.50 (-99.9%) │ Target: $14.65  Stop: $3.66  DTE: -1d
      ⚠️  Stop was triggered — continuing to track for data
      💭 $2.8M premium on TSLA puts with 100% bearish flow and 8.0 score warran...
      🌍 SPY +0.00%  QQQ +0.00%  VIX 18.8

  ⏰ CONTRACT EXPIRED — auto-closing #13

  🔴 #14 TSLA260513P00430000  [⏸ TRACKING]
      Entry: $11.70 │ Bid: $8.05  Mid: $8.10  Ask: $8.15
      P&L: $-360.00 (-30.8%) │ Target: $23.40  Stop: $5.85  DTE: 1d
      ⚠️  Stop was triggered — continuing to track for data
      💭 $1.1M premium on TSLA 430 puts expiring today with 100% bearish flow a...
      🌍 SPY +0.00%  QQQ +0.00%  VIX 18.8

  🟢 #15 AMD260515P00457500  [⏸ TRACKING]
      Entry: $22.60 │ Bid: $26.65  Mid: $27.05  Ask: $27.45
      P&L: +$445.00 (+19.7%) │ Target: $45.20  Stop: $11.30  DTE: 3d
      ⚠️  Stop was triggered — continuing to track for data
      💭 $2.0M premium in AMD puts expiring today with 100% bearish flow and 8....
      🌍 SPY +0.00%  QQQ +0.00%  VIX 18.8

  🔴 #16 QQQ260511P00706000  [⏸ TRACKING]
      Entry: $2.11 │ Bid: $0.01  Mid: $0.02  Ask: $0.03
      P&L: $-209.00 (-99.0%) │ Target: $4.22  Stop: $1.05  DTE: -1d
      ⚠️  Stop was triggered — continuing to track for data
      💭 QQQ put with $1.8M premium and 8.0 score expiring today in 100% bearis...
      🌍 SPY +0.00%  QQQ +0.00%  VIX 18.8

  ⏰ CONTRACT EXPIRED — auto-closing #16

  🔴 #17 TSLA260515P00427500  [⏸ TRACKING]
      Entry: $11.00 │ Bid: $9.70  Mid: $9.78  Ask: $9.85
      P&L: $-122.50 (-11.1%) │ Target: $22.00  Stop: $5.50  DTE: 3d
      ⚠️  Stop was triggered — continuing to track for data
      💭 $6M premium on TSLA puts with 8.8 score and 100% bearish flow concentr...
      🌍 SPY +0.00%  QQQ +0.00%  VIX 18.8

  ⏳ Next check in 3 minutes...

  ─────────────────────────────────────────────────────────────────
  📡 POSITION CHECK — 12:10:16 EDT
  ─────────────────────────────────────────────────────────────────

  🔴 #10 SPY260511P00745000  [⏸ TRACKING]
      Entry: $9.88 │ Bid: $6.03  Mid: $6.17  Ask: $6.31
      P&L: $-370.50 (-37.5%) │ Target: $19.75  Stop: $4.94  DTE: -1d
      ⚠️  Stop was triggered — continuing to track for data
      💭 HIGH SPY put signal — score 8.0, $4.4M premium, 3 DTE, bearish thesis....
      🌍 SPY +0.00%  QQQ +0.00%  VIX 18.8

  ⏰ CONTRACT EXPIRED — auto-closing #10

  🔴 #11 TSLA260511P00425000  [⏸ TRACKING]
      Entry: $7.83 │ Bid: $0.00  Mid: $0.02  Ask: $0.01
      P&L: $-780.50 (-99.7%) │ Target: $15.65  Stop: $3.91  DTE: -1d
      ⚠️  Stop was triggered — continuing to track for data
      💭 HIGH TSLA put signal — score 5.62, $1.6M premium, 3 DTE, bearish thesi...
      🌍 SPY +0.00%  QQQ +0.00%  VIX 18.8

  ⏰ CONTRACT EXPIRED — auto-closing #11

  🔴 #13 TSLA260511P00430000  [⏸ TRACKING]
      Entry: $7.33 │ Bid: $0.00  Mid: $0.01  Ask: $0.01
      P&L: $-731.50 (-99.9%) │ Target: $14.65  Stop: $3.66  DTE: -1d
      ⚠️  Stop was triggered — continuing to track for data
      💭 $2.8M premium on TSLA puts with 100% bearish flow and 8.0 score warran...
      🌍 SPY +0.00%  QQQ +0.00%  VIX 18.8

  ⏰ CONTRACT EXPIRED — auto-closing #13

  🔴 #14 TSLA260513P00430000  [⏸ TRACKING]
      Entry: $11.70 │ Bid: $8.10  Mid: $8.15  Ask: $8.20
      P&L: $-355.00 (-30.3%) │ Target: $23.40  Stop: $5.85  DTE: 1d
      ⚠️  Stop was triggered — continuing to track for data
      💭 $1.1M premium on TSLA 430 puts expiring today with 100% bearish flow a...
      🌍 SPY +0.00%  QQQ +0.00%  VIX 18.8

  🟢 #15 AMD260515P00457500  [⏸ TRACKING]
      Entry: $22.60 │ Bid: $27.20  Mid: $27.55  Ask: $27.90
      P&L: +$495.00 (+21.9%) │ Target: $45.20  Stop: $11.30  DTE: 3d
      ⚠️  Stop was triggered — continuing to track for data
      💭 $2.0M premium in AMD puts expiring today with 100% bearish flow and 8....
      🌍 SPY +0.00%  QQQ +0.00%  VIX 18.8

  🔴 #16 QQQ260511P00706000  [⏸ TRACKING]
      Entry: $2.11 │ Bid: $0.01  Mid: $0.02  Ask: $0.03
      P&L: $-209.00 (-99.0%) │ Target: $4.22  Stop: $1.05  DTE: -1d
      ⚠️  Stop was triggered — continuing to track for data
      💭 QQQ put with $1.8M premium and 8.0 score expiring today in 100% bearis...
      🌍 SPY +0.00%  QQQ +0.00%  VIX 18.8

  ⏰ CONTRACT EXPIRED — auto-closing #16

  🔴 #17 TSLA260515P00427500  [⏸ TRACKING]
      Entry: $11.00 │ Bid: $9.75  Mid: $9.82  Ask: $9.90
      P&L: $-117.50 (-10.7%) │ Target: $22.00  Stop: $5.50  DTE: 3d
      ⚠️  Stop was triggered — continuing to track for data
      💭 $6M premium on TSLA puts with 8.8 score and 100% bearish flow concentr...
      🌍 SPY +0.00%  QQQ +0.00%  VIX 18.8

  ⏳ Next check in 3 minutes...

  ─────────────────────────────────────────────────────────────────
  📡 POSITION CHECK — 12:13:17 EDT
  ─────────────────────────────────────────────────────────────────

  🔴 #10 SPY260511P00745000  [⏸ TRACKING]
      Entry: $9.88 │ Bid: $6.03  Mid: $6.17  Ask: $6.31
      P&L: $-370.50 (-37.5%) │ Target: $19.75  Stop: $4.94  DTE: -1d
      ⚠️  Stop was triggered — continuing to track for data
      💭 HIGH SPY put signal — score 8.0, $4.4M premium, 3 DTE, bearish thesis....
      🌍 SPY +0.00%  QQQ +0.00%  VIX 18.8

  ⏰ CONTRACT EXPIRED — auto-closing #10

  🔴 #11 TSLA260511P00425000  [⏸ TRACKING]
      Entry: $7.83 │ Bid: $0.00  Mid: $0.02  Ask: $0.01
      P&L: $-780.50 (-99.7%) │ Target: $15.65  Stop: $3.91  DTE: -1d
      ⚠️  Stop was triggered — continuing to track for data
      💭 HIGH TSLA put signal — score 5.62, $1.6M premium, 3 DTE, bearish thesi...
      🌍 SPY +0.00%  QQQ +0.00%  VIX 18.8

  ⏰ CONTRACT EXPIRED — auto-closing #11

  🔴 #13 TSLA260511P00430000  [⏸ TRACKING]
      Entry: $7.33 │ Bid: $0.00  Mid: $0.01  Ask: $0.01
      P&L: $-731.50 (-99.9%) │ Target: $14.65  Stop: $3.66  DTE: -1d
      ⚠️  Stop was triggered — continuing to track for data
      💭 $2.8M premium on TSLA puts with 100% bearish flow and 8.0 score warran...
      🌍 SPY +0.00%  QQQ +0.00%  VIX 18.8

  ⏰ CONTRACT EXPIRED — auto-closing #13

  🔴 #14 TSLA260513P00430000  [⏸ TRACKING]
      Entry: $11.70 │ Bid: $7.55  Mid: $7.62  Ask: $7.70
      P&L: $-407.50 (-34.8%) │ Target: $23.40  Stop: $5.85  DTE: 1d
      ⚠️  Stop was triggered — continuing to track for data
      💭 $1.1M premium on TSLA 430 puts expiring today with 100% bearish flow a...
      🌍 SPY +0.00%  QQQ +0.00%  VIX 18.8

  🟢 #15 AMD260515P00457500  [⏸ TRACKING]
      Entry: $22.60 │ Bid: $26.30  Mid: $26.75  Ask: $27.20
      P&L: +$415.00 (+18.4%) │ Target: $45.20  Stop: $11.30  DTE: 3d
      ⚠️  Stop was triggered — continuing to track for data
      💭 $2.0M premium in AMD puts expiring today with 100% bearish flow and 8....
      🌍 SPY +0.00%  QQQ +0.00%  VIX 18.8

  🔴 #16 QQQ260511P00706000  [⏸ TRACKING]
      Entry: $2.11 │ Bid: $0.01  Mid: $0.02  Ask: $0.03
      P&L: $-209.00 (-99.0%) │ Target: $4.22  Stop: $1.05  DTE: -1d
      ⚠️  Stop was triggered — continuing to track for data
      💭 QQQ put with $1.8M premium and 8.0 score expiring today in 100% bearis...
      🌍 SPY +0.00%  QQQ +0.00%  VIX 18.8

  ⏰ CONTRACT EXPIRED — auto-closing #16

  🔴 #17 TSLA260515P00427500  [⏸ TRACKING]
      Entry: $11.00 │ Bid: $9.30  Mid: $9.40  Ask: $9.50
      P&L: $-160.00 (-14.6%) │ Target: $22.00  Stop: $5.50  DTE: 3d
      ⚠️  Stop was triggered — continuing to track for data
      💭 $6M premium on TSLA puts with 8.8 score and 100% bearish flow concentr...
      🌍 SPY +0.00%  QQQ +0.00%  VIX 18.8

  ⏳ Next check in 3 minutes...

  ─────────────────────────────────────────────────────────────────
  📡 POSITION CHECK — 12:16:18 EDT
  ─────────────────────────────────────────────────────────────────

  🔴 #10 SPY260511P00745000  [⏸ TRACKING]
      Entry: $9.88 │ Bid: $6.03  Mid: $6.17  Ask: $6.31
      P&L: $-370.50 (-37.5%) │ Target: $19.75  Stop: $4.94  DTE: -1d
      ⚠️  Stop was triggered — continuing to track for data
      💭 HIGH SPY put signal — score 8.0, $4.4M premium, 3 DTE, bearish thesis....
      🌍 SPY +0.00%  QQQ +0.00%  VIX 18.7

  ⏰ CONTRACT EXPIRED — auto-closing #10

  🔴 #11 TSLA260511P00425000  [⏸ TRACKING]
      Entry: $7.83 │ Bid: $0.00  Mid: $0.02  Ask: $0.01
      P&L: $-780.50 (-99.7%) │ Target: $15.65  Stop: $3.91  DTE: -1d
      ⚠️  Stop was triggered — continuing to track for data
      💭 HIGH TSLA put signal — score 5.62, $1.6M premium, 3 DTE, bearish thesi...
      🌍 SPY +0.00%  QQQ +0.00%  VIX 18.7

  ⏰ CONTRACT EXPIRED — auto-closing #11

  🔴 #13 TSLA260511P00430000  [⏸ TRACKING]
      Entry: $7.33 │ Bid: $0.00  Mid: $0.01  Ask: $0.01
      P&L: $-731.50 (-99.9%) │ Target: $14.65  Stop: $3.66  DTE: -1d
      ⚠️  Stop was triggered — continuing to track for data
      💭 $2.8M premium on TSLA puts with 100% bearish flow and 8.0 score warran...
      🌍 SPY +0.00%  QQQ +0.00%  VIX 18.7

  ⏰ CONTRACT EXPIRED — auto-closing #13

  🔴 #14 TSLA260513P00430000  [⏸ TRACKING]
      Entry: $11.70 │ Bid: $7.80  Mid: $7.88  Ask: $7.95
      P&L: $-382.50 (-32.7%) │ Target: $23.40  Stop: $5.85  DTE: 1d
      ⚠️  Stop was triggered — continuing to track for data
      💭 $1.1M premium on TSLA 430 puts expiring today with 100% bearish flow a...
      🌍 SPY +0.00%  QQQ +0.00%  VIX 18.7

  🟢 #15 AMD260515P00457500  [⏸ TRACKING]
      Entry: $22.60 │ Bid: $26.20  Mid: $26.85  Ask: $27.50
      P&L: +$425.00 (+18.8%) │ Target: $45.20  Stop: $11.30  DTE: 3d
      ⚠️  Stop was triggered — continuing to track for data
      💭 $2.0M premium in AMD puts expiring today with 100% bearish flow and 8....
      🌍 SPY +0.00%  QQQ +0.00%  VIX 18.7

  🔴 #16 QQQ260511P00706000  [⏸ TRACKING]
      Entry: $2.11 │ Bid: $0.01  Mid: $0.02  Ask: $0.03
      P&L: $-209.00 (-99.0%) │ Target: $4.22  Stop: $1.05  DTE: -1d
      ⚠️  Stop was triggered — continuing to track for data
      💭 QQQ put with $1.8M premium and 8.0 score expiring today in 100% bearis...
      🌍 SPY +0.00%  QQQ +0.00%  VIX 18.7

  ⏰ CONTRACT EXPIRED — auto-closing #16

  🔴 #17 TSLA260515P00427500  [⏸ TRACKING]
      Entry: $11.00 │ Bid: $9.50  Mid: $9.57  Ask: $9.65
      P&L: $-142.50 (-12.9%) │ Target: $22.00  Stop: $5.50  DTE: 3d
      ⚠️  Stop was triggered — continuing to track for data
      💭 $6M premium on TSLA puts with 8.8 score and 100% bearish flow concentr...
      🌍 SPY +0.00%  QQQ +0.00%  VIX 18.7

  ⏳ Next check in 3 minutes...

  ─────────────────────────────────────────────────────────────────
  📡 POSITION CHECK — 12:19:20 EDT
  ─────────────────────────────────────────────────────────────────

  🔴 #10 SPY260511P00745000  [⏸ TRACKING]
      Entry: $9.88 │ Bid: $6.03  Mid: $6.17  Ask: $6.31
      P&L: $-370.50 (-37.5%) │ Target: $19.75  Stop: $4.94  DTE: -1d
      ⚠️  Stop was triggered — continuing to track for data
      💭 HIGH SPY put signal — score 8.0, $4.4M premium, 3 DTE, bearish thesis....
      🌍 SPY +0.00%  QQQ +0.00%  VIX 18.7

  ⏰ CONTRACT EXPIRED — auto-closing #10

  🔴 #11 TSLA260511P00425000  [⏸ TRACKING]
      Entry: $7.83 │ Bid: $0.00  Mid: $0.02  Ask: $0.01
      P&L: $-780.50 (-99.7%) │ Target: $15.65  Stop: $3.91  DTE: -1d
      ⚠️  Stop was triggered — continuing to track for data
      💭 HIGH TSLA put signal — score 5.62, $1.6M premium, 3 DTE, bearish thesi...
      🌍 SPY +0.00%  QQQ +0.00%  VIX 18.7

  ⏰ CONTRACT EXPIRED — auto-closing #11

  🔴 #13 TSLA260511P00430000  [⏸ TRACKING]
      Entry: $7.33 │ Bid: $0.00  Mid: $0.01  Ask: $0.01
      P&L: $-731.50 (-99.9%) │ Target: $14.65  Stop: $3.66  DTE: -1d
      ⚠️  Stop was triggered — continuing to track for data
      💭 $2.8M premium on TSLA puts with 100% bearish flow and 8.0 score warran...
      🌍 SPY +0.00%  QQQ +0.00%  VIX 18.7

  ⏰ CONTRACT EXPIRED — auto-closing #13

  🔴 #14 TSLA260513P00430000  [⏸ TRACKING]
      Entry: $11.70 │ Bid: $7.80  Mid: $7.85  Ask: $7.90
      P&L: $-385.00 (-32.9%) │ Target: $23.40  Stop: $5.85  DTE: 1d
      ⚠️  Stop was triggered — continuing to track for data
      💭 $1.1M premium on TSLA 430 puts expiring today with 100% bearish flow a...
      🌍 SPY +0.00%  QQQ +0.00%  VIX 18.7

  🟢 #15 AMD260515P00457500  [⏸ TRACKING]
      Entry: $22.60 │ Bid: $26.75  Mid: $27.02  Ask: $27.30
      P&L: +$442.50 (+19.6%) │ Target: $45.20  Stop: $11.30  DTE: 3d
      ⚠️  Stop was triggered — continuing to track for data
      💭 $2.0M premium in AMD puts expiring today with 100% bearish flow and 8....
      🌍 SPY +0.00%  QQQ +0.00%  VIX 18.7

  🔴 #16 QQQ260511P00706000  [⏸ TRACKING]
      Entry: $2.11 │ Bid: $0.01  Mid: $0.02  Ask: $0.03
      P&L: $-209.00 (-99.0%) │ Target: $4.22  Stop: $1.05  DTE: -1d
      ⚠️  Stop was triggered — continuing to track for data
      💭 QQQ put with $1.8M premium and 8.0 score expiring today in 100% bearis...
      🌍 SPY +0.00%  QQQ +0.00%  VIX 18.7

  ⏰ CONTRACT EXPIRED — auto-closing #16

  🔴 #17 TSLA260515P00427500  [⏸ TRACKING]
      Entry: $11.00 │ Bid: $9.50  Mid: $9.57  Ask: $9.65
      P&L: $-142.50 (-12.9%) │ Target: $22.00  Stop: $5.50  DTE: 3d
      ⚠️  Stop was triggered — continuing to track for data
      💭 $6M premium on TSLA puts with 8.8 score and 100% bearish flow concentr...
      🌍 SPY +0.00%  QQQ +0.00%  VIX 18.7

  ⏳ Next check in 3 minutes...

  Refreshing auth token...

  ─────────────────────────────────────────────────────────────────
  📡 POSITION CHECK — 12:22:22 EDT
  ─────────────────────────────────────────────────────────────────

  🔴 #10 SPY260511P00745000  [⏸ TRACKING]
      Entry: $9.88 │ Bid: $6.03  Mid: $6.17  Ask: $6.31
      P&L: $-370.50 (-37.5%) │ Target: $19.75  Stop: $4.94  DTE: -1d
      ⚠️  Stop was triggered — continuing to track for data
      💭 HIGH SPY put signal — score 8.0, $4.4M premium, 3 DTE, bearish thesis....
      🌍 SPY +0.00%  QQQ +0.00%  VIX 18.7

  ⏰ CONTRACT EXPIRED — auto-closing #10

  🔴 #11 TSLA260511P00425000  [⏸ TRACKING]
      Entry: $7.83 │ Bid: $0.00  Mid: $0.02  Ask: $0.01
      P&L: $-780.50 (-99.7%) │ Target: $15.65  Stop: $3.91  DTE: -1d
      ⚠️  Stop was triggered — continuing to track for data
      💭 HIGH TSLA put signal — score 5.62, $1.6M premium, 3 DTE, bearish thesi...
      🌍 SPY +0.00%  QQQ +0.00%  VIX 18.7

  ⏰ CONTRACT EXPIRED — auto-closing #11

  🔴 #13 TSLA260511P00430000  [⏸ TRACKING]
      Entry: $7.33 │ Bid: $0.00  Mid: $0.01  Ask: $0.01
      P&L: $-731.50 (-99.9%) │ Target: $14.65  Stop: $3.66  DTE: -1d
      ⚠️  Stop was triggered — continuing to track for data
      💭 $2.8M premium on TSLA puts with 100% bearish flow and 8.0 score warran...
      🌍 SPY +0.00%  QQQ +0.00%  VIX 18.7

  ⏰ CONTRACT EXPIRED — auto-closing #13

  🔴 #14 TSLA260513P00430000  [⏸ TRACKING]
      Entry: $11.70 │ Bid: $8.50  Mid: $8.57  Ask: $8.65
      P&L: $-312.50 (-26.7%) │ Target: $23.40  Stop: $5.85  DTE: 1d
      ⚠️  Stop was triggered — continuing to track for data
      💭 $1.1M premium on TSLA 430 puts expiring today with 100% bearish flow a...
      🌍 SPY +0.00%  QQQ +0.00%  VIX 18.7

  🟢 #15 AMD260515P00457500  [⏸ TRACKING]
      Entry: $22.60 │ Bid: $27.15  Mid: $27.32  Ask: $27.50
      P&L: +$472.50 (+20.9%) │ Target: $45.20  Stop: $11.30  DTE: 3d
      ⚠️  Stop was triggered — continuing to track for data
      💭 $2.0M premium in AMD puts expiring today with 100% bearish flow and 8....
      🌍 SPY +0.00%  QQQ +0.00%  VIX 18.7

  🔴 #16 QQQ260511P00706000  [⏸ TRACKING]
      Entry: $2.11 │ Bid: $0.01  Mid: $0.02  Ask: $0.03
      P&L: $-209.00 (-99.0%) │ Target: $4.22  Stop: $1.05  DTE: -1d
      ⚠️  Stop was triggered — continuing to track for data
      💭 QQQ put with $1.8M premium and 8.0 score expiring today in 100% bearis...
      🌍 SPY +0.00%  QQQ +0.00%  VIX 18.7

  ⏰ CONTRACT EXPIRED — auto-closing #16

  🔴 #17 TSLA260515P00427500  [⏸ TRACKING]
      Entry: $11.00 │ Bid: $10.15  Mid: $10.22  Ask: $10.30
      P&L: $-77.50 (-7.0%) │ Target: $22.00  Stop: $5.50  DTE: 3d
      ⚠️  Stop was triggered — continuing to track for data
      💭 $6M premium on TSLA puts with 8.8 score and 100% bearish flow concentr...
      🌍 SPY +0.00%  QQQ +0.00%  VIX 18.7

  ⏳ Next check in 3 minutes...

  ─────────────────────────────────────────────────────────────────
  📡 POSITION CHECK — 12:25:23 EDT
  ─────────────────────────────────────────────────────────────────

  🔴 #10 SPY260511P00745000  [⏸ TRACKING]
      Entry: $9.88 │ Bid: $6.03  Mid: $6.17  Ask: $6.31
      P&L: $-370.50 (-37.5%) │ Target: $19.75  Stop: $4.94  DTE: -1d
      ⚠️  Stop was triggered — continuing to track for data
      💭 HIGH SPY put signal — score 8.0, $4.4M premium, 3 DTE, bearish thesis....
      🌍 SPY +0.00%  QQQ +0.00%  VIX 18.7

  ⏰ CONTRACT EXPIRED — auto-closing #10

  🔴 #11 TSLA260511P00425000  [⏸ TRACKING]
      Entry: $7.83 │ Bid: $0.00  Mid: $0.02  Ask: $0.01
      P&L: $-780.50 (-99.7%) │ Target: $15.65  Stop: $3.91  DTE: -1d
      ⚠️  Stop was triggered — continuing to track for data
      💭 HIGH TSLA put signal — score 5.62, $1.6M premium, 3 DTE, bearish thesi...
      🌍 SPY +0.00%  QQQ +0.00%  VIX 18.7

  ⏰ CONTRACT EXPIRED — auto-closing #11

  🔴 #13 TSLA260511P00430000  [⏸ TRACKING]
      Entry: $7.33 │ Bid: $0.00  Mid: $0.01  Ask: $0.01
      P&L: $-731.50 (-99.9%) │ Target: $14.65  Stop: $3.66  DTE: -1d
      ⚠️  Stop was triggered — continuing to track for data
      💭 $2.8M premium on TSLA puts with 100% bearish flow and 8.0 score warran...
      🌍 SPY +0.00%  QQQ +0.00%  VIX 18.7

  ⏰ CONTRACT EXPIRED — auto-closing #13

  🔴 #14 TSLA260513P00430000  [⏸ TRACKING]
      Entry: $11.70 │ Bid: $8.15  Mid: $8.22  Ask: $8.30
      P&L: $-347.50 (-29.7%) │ Target: $23.40  Stop: $5.85  DTE: 1d
      ⚠️  Stop was triggered — continuing to track for data
      💭 $1.1M premium on TSLA 430 puts expiring today with 100% bearish flow a...
      🌍 SPY +0.00%  QQQ +0.00%  VIX 18.7

  🟢 #15 AMD260515P00457500  [⏸ TRACKING]
      Entry: $22.60 │ Bid: $27.85  Mid: $28.23  Ask: $28.60
      P&L: +$562.50 (+24.9%) │ Target: $45.20  Stop: $11.30  DTE: 3d
      ⚠️  Stop was triggered — continuing to track for data
      💭 $2.0M premium in AMD puts expiring today with 100% bearish flow and 8....
      🌍 SPY +0.00%  QQQ +0.00%  VIX 18.7

  🔴 #16 QQQ260511P00706000  [⏸ TRACKING]
      Entry: $2.11 │ Bid: $0.01  Mid: $0.02  Ask: $0.03
      P&L: $-209.00 (-99.0%) │ Target: $4.22  Stop: $1.05  DTE: -1d
      ⚠️  Stop was triggered — continuing to track for data
      💭 QQQ put with $1.8M premium and 8.0 score expiring today in 100% bearis...
      🌍 SPY +0.00%  QQQ +0.00%  VIX 18.7

  ⏰ CONTRACT EXPIRED — auto-closing #16

  🔴 #17 TSLA260515P00427500  [⏸ TRACKING]
      Entry: $11.00 │ Bid: $9.85  Mid: $9.90  Ask: $9.95
      P&L: $-110.00 (-10.0%) │ Target: $22.00  Stop: $5.50  DTE: 3d
      ⚠️  Stop was triggered — continuing to track for data
      💭 $6M premium on TSLA puts with 8.8 score and 100% bearish flow concentr...
      🌍 SPY +0.00%  QQQ +0.00%  VIX 18.7

  ⏳ Next check in 3 minutes...

  ─────────────────────────────────────────────────────────────────
  📡 POSITION CHECK — 12:28:24 EDT
  ─────────────────────────────────────────────────────────────────

  🔴 #10 SPY260511P00745000  [⏸ TRACKING]
      Entry: $9.88 │ Bid: $6.03  Mid: $6.17  Ask: $6.31
      P&L: $-370.50 (-37.5%) │ Target: $19.75  Stop: $4.94  DTE: -1d
      ⚠️  Stop was triggered — continuing to track for data
      💭 HIGH SPY put signal — score 8.0, $4.4M premium, 3 DTE, bearish thesis....
      🌍 SPY +0.00%  QQQ +0.00%  VIX 18.7

  ⏰ CONTRACT EXPIRED — auto-closing #10

  🔴 #11 TSLA260511P00425000  [⏸ TRACKING]
      Entry: $7.83 │ Bid: $0.00  Mid: $0.02  Ask: $0.01
      P&L: $-780.50 (-99.7%) │ Target: $15.65  Stop: $3.91  DTE: -1d
      ⚠️  Stop was triggered — continuing to track for data
      💭 HIGH TSLA put signal — score 5.62, $1.6M premium, 3 DTE, bearish thesi...
      🌍 SPY +0.00%  QQQ +0.00%  VIX 18.7

  ⏰ CONTRACT EXPIRED — auto-closing #11

  🔴 #13 TSLA260511P00430000  [⏸ TRACKING]
      Entry: $7.33 │ Bid: $0.00  Mid: $0.01  Ask: $0.01
      P&L: $-731.50 (-99.9%) │ Target: $14.65  Stop: $3.66  DTE: -1d
      ⚠️  Stop was triggered — continuing to track for data
      💭 $2.8M premium on TSLA puts with 100% bearish flow and 8.0 score warran...
      🌍 SPY +0.00%  QQQ +0.00%  VIX 18.7

  ⏰ CONTRACT EXPIRED — auto-closing #13

  🔴 #14 TSLA260513P00430000  [⏸ TRACKING]
      Entry: $11.70 │ Bid: $8.20  Mid: $8.28  Ask: $8.35
      P&L: $-342.50 (-29.3%) │ Target: $23.40  Stop: $5.85  DTE: 1d
      ⚠️  Stop was triggered — continuing to track for data
      💭 $1.1M premium on TSLA 430 puts expiring today with 100% bearish flow a...
      🌍 SPY +0.00%  QQQ +0.00%  VIX 18.7

  🟢 #15 AMD260515P00457500  [⏸ TRACKING]
      Entry: $22.60 │ Bid: $28.35  Mid: $28.65  Ask: $28.95
      P&L: +$605.00 (+26.8%) │ Target: $45.20  Stop: $11.30  DTE: 3d
      ⚠️  Stop was triggered — continuing to track for data
      💭 $2.0M premium in AMD puts expiring today with 100% bearish flow and 8....
      🌍 SPY +0.00%  QQQ +0.00%  VIX 18.7

  🔴 #16 QQQ260511P00706000  [⏸ TRACKING]
      Entry: $2.11 │ Bid: $0.01  Mid: $0.02  Ask: $0.03
      P&L: $-209.00 (-99.0%) │ Target: $4.22  Stop: $1.05  DTE: -1d
      ⚠️  Stop was triggered — continuing to track for data
      💭 QQQ put with $1.8M premium and 8.0 score expiring today in 100% bearis...
      🌍 SPY +0.00%  QQQ +0.00%  VIX 18.7

  ⏰ CONTRACT EXPIRED — auto-closing #16

  🔴 #17 TSLA260515P00427500  [⏸ TRACKING]
      Entry: $11.00 │ Bid: $9.90  Mid: $9.95  Ask: $10.00
      P&L: $-105.00 (-9.6%) │ Target: $22.00  Stop: $5.50  DTE: 3d
      ⚠️  Stop was triggered — continuing to track for data
      💭 $6M premium on TSLA puts with 8.8 score and 100% bearish flow concentr...
      🌍 SPY +0.00%  QQQ +0.00%  VIX 18.7

  🟢 #18 NFLX260515P00106000  [▶ OPEN]
      Entry: $17.38 │ Bid: $16.95  Mid: $17.38  Ask: $17.80
      P&L: +$0.00 (+0.0%) │ Target: $34.75  Stop: $8.69  DTE: 3d
      💭 NFLX $106 puts expiring today generated $7.9M premium with 8.2 score i...
      🌍 SPY +0.00%  QQQ +0.00%  VIX 18.7

  ⏳ Next check in 3 minutes...

  ─────────────────────────────────────────────────────────────────
  📡 POSITION CHECK — 12:31:26 EDT
  ─────────────────────────────────────────────────────────────────

  🔴 #10 SPY260511P00745000  [⏸ TRACKING]
      Entry: $9.88 │ Bid: $6.03  Mid: $6.17  Ask: $6.31
      P&L: $-370.50 (-37.5%) │ Target: $19.75  Stop: $4.94  DTE: -1d
      ⚠️  Stop was triggered — continuing to track for data
      💭 HIGH SPY put signal — score 8.0, $4.4M premium, 3 DTE, bearish thesis....
      🌍 SPY +0.00%  QQQ +0.00%  VIX 18.7

  ⏰ CONTRACT EXPIRED — auto-closing #10

  🔴 #11 TSLA260511P00425000  [⏸ TRACKING]
      Entry: $7.83 │ Bid: $0.00  Mid: $0.02  Ask: $0.01
      P&L: $-780.50 (-99.7%) │ Target: $15.65  Stop: $3.91  DTE: -1d
      ⚠️  Stop was triggered — continuing to track for data
      💭 HIGH TSLA put signal — score 5.62, $1.6M premium, 3 DTE, bearish thesi...
      🌍 SPY +0.00%  QQQ +0.00%  VIX 18.7

  ⏰ CONTRACT EXPIRED — auto-closing #11

  🔴 #13 TSLA260511P00430000  [⏸ TRACKING]
      Entry: $7.33 │ Bid: $0.00  Mid: $0.01  Ask: $0.01
      P&L: $-731.50 (-99.9%) │ Target: $14.65  Stop: $3.66  DTE: -1d
      ⚠️  Stop was triggered — continuing to track for data
      💭 $2.8M premium on TSLA puts with 100% bearish flow and 8.0 score warran...
      🌍 SPY +0.00%  QQQ +0.00%  VIX 18.7

  ⏰ CONTRACT EXPIRED — auto-closing #13

  🔴 #14 TSLA260513P00430000  [⏸ TRACKING]
      Entry: $11.70 │ Bid: $8.80  Mid: $8.88  Ask: $8.95
      P&L: $-282.50 (-24.1%) │ Target: $23.40  Stop: $5.85  DTE: 1d
      ⚠️  Stop was triggered — continuing to track for data
      💭 $1.1M premium on TSLA 430 puts expiring today with 100% bearish flow a...
      🌍 SPY +0.00%  QQQ +0.00%  VIX 18.7

  🟢 #15 AMD260515P00457500  [⏸ TRACKING]
      Entry: $22.60 │ Bid: $29.05  Mid: $29.52  Ask: $30.00
      P&L: +$692.50 (+30.6%) │ Target: $45.20  Stop: $11.30  DTE: 3d
      ⚠️  Stop was triggered — continuing to track for data
      💭 $2.0M premium in AMD puts expiring today with 100% bearish flow and 8....
      🌍 SPY +0.00%  QQQ +0.00%  VIX 18.7

  🔴 #16 QQQ260511P00706000  [⏸ TRACKING]
      Entry: $2.11 │ Bid: $0.01  Mid: $0.02  Ask: $0.03
      P&L: $-209.00 (-99.0%) │ Target: $4.22  Stop: $1.05  DTE: -1d
      ⚠️  Stop was triggered — continuing to track for data
      💭 QQQ put with $1.8M premium and 8.0 score expiring today in 100% bearis...
      🌍 SPY +0.00%  QQQ +0.00%  VIX 18.7

  ⏰ CONTRACT EXPIRED — auto-closing #16

  🔴 #17 TSLA260515P00427500  [⏸ TRACKING]
      Entry: $11.00 │ Bid: $10.45  Mid: $10.50  Ask: $10.55
      P&L: $-50.00 (-4.5%) │ Target: $22.00  Stop: $5.50  DTE: 3d
      ⚠️  Stop was triggered — continuing to track for data
      💭 $6M premium on TSLA puts with 8.8 score and 100% bearish flow concentr...
      🌍 SPY +0.00%  QQQ +0.00%  VIX 18.7

  🟢 #18 NFLX260515P00106000  [▶ OPEN]
      Entry: $17.38 │ Bid: $16.95  Mid: $17.38  Ask: $17.80
      P&L: +$0.00 (+0.0%) │ Target: $34.75  Stop: $8.69  DTE: 3d
      💭 NFLX $106 puts expiring today generated $7.9M premium with 8.2 score i...
      🌍 SPY +0.00%  QQQ +0.00%  VIX 18.7

  ⏳ Next check in 3 minutes...

  ─────────────────────────────────────────────────────────────────
  📡 POSITION CHECK — 12:34:27 EDT
  ─────────────────────────────────────────────────────────────────

  🔴 #10 SPY260511P00745000  [⏸ TRACKING]
      Entry: $9.88 │ Bid: $6.03  Mid: $6.17  Ask: $6.31
      P&L: $-370.50 (-37.5%) │ Target: $19.75  Stop: $4.94  DTE: -1d
      ⚠️  Stop was triggered — continuing to track for data
      💭 HIGH SPY put signal — score 8.0, $4.4M premium, 3 DTE, bearish thesis....
      🌍 SPY +0.00%  QQQ +0.00%  VIX 18.7

  ⏰ CONTRACT EXPIRED — auto-closing #10

  🔴 #11 TSLA260511P00425000  [⏸ TRACKING]
      Entry: $7.83 │ Bid: $0.00  Mid: $0.02  Ask: $0.01
      P&L: $-780.50 (-99.7%) │ Target: $15.65  Stop: $3.91  DTE: -1d
      ⚠️  Stop was triggered — continuing to track for data
      💭 HIGH TSLA put signal — score 5.62, $1.6M premium, 3 DTE, bearish thesi...
      🌍 SPY +0.00%  QQQ +0.00%  VIX 18.7

  ⏰ CONTRACT EXPIRED — auto-closing #11

  🔴 #13 TSLA260511P00430000  [⏸ TRACKING]
      Entry: $7.33 │ Bid: $0.00  Mid: $0.01  Ask: $0.01
      P&L: $-731.50 (-99.9%) │ Target: $14.65  Stop: $3.66  DTE: -1d
      ⚠️  Stop was triggered — continuing to track for data
      💭 $2.8M premium on TSLA puts with 100% bearish flow and 8.0 score warran...
      🌍 SPY +0.00%  QQQ +0.00%  VIX 18.7

  ⏰ CONTRACT EXPIRED — auto-closing #13

  🔴 #14 TSLA260513P00430000  [⏸ TRACKING]
      Entry: $11.70 │ Bid: $9.75  Mid: $9.82  Ask: $9.90
      P&L: $-187.50 (-16.0%) │ Target: $23.40  Stop: $5.85  DTE: 1d
      ⚠️  Stop was triggered — continuing to track for data
      💭 $1.1M premium on TSLA 430 puts expiring today with 100% bearish flow a...
      🌍 SPY +0.00%  QQQ +0.00%  VIX 18.7

  🟢 #15 AMD260515P00457500  [⏸ TRACKING]
      Entry: $22.60 │ Bid: $29.60  Mid: $29.95  Ask: $30.30
      P&L: +$735.00 (+32.5%) │ Target: $45.20  Stop: $11.30  DTE: 3d
      ⚠️  Stop was triggered — continuing to track for data
      💭 $2.0M premium in AMD puts expiring today with 100% bearish flow and 8....
      🌍 SPY +0.00%  QQQ +0.00%  VIX 18.7

  🔴 #16 QQQ260511P00706000  [⏸ TRACKING]
      Entry: $2.11 │ Bid: $0.01  Mid: $0.02  Ask: $0.03
      P&L: $-209.00 (-99.0%) │ Target: $4.22  Stop: $1.05  DTE: -1d
      ⚠️  Stop was triggered — continuing to track for data
      💭 QQQ put with $1.8M premium and 8.0 score expiring today in 100% bearis...
      🌍 SPY +0.00%  QQQ +0.00%  VIX 18.7

  ⏰ CONTRACT EXPIRED — auto-closing #16

  🟢 #17 TSLA260515P00427500  [⏸ TRACKING]
      Entry: $11.00 │ Bid: $11.30  Mid: $11.35  Ask: $11.40
      P&L: +$35.00 (+3.2%) │ Target: $22.00  Stop: $5.50  DTE: 3d
      ⚠️  Stop was triggered — continuing to track for data
      💭 $6M premium on TSLA puts with 8.8 score and 100% bearish flow concentr...
      🌍 SPY +0.00%  QQQ +0.00%  VIX 18.7

  🟢 #18 NFLX260515P00106000  [▶ OPEN]
      Entry: $17.38 │ Bid: $16.95  Mid: $17.38  Ask: $17.80
      P&L: +$0.00 (+0.0%) │ Target: $34.75  Stop: $8.69  DTE: 3d
      💭 NFLX $106 puts expiring today generated $7.9M premium with 8.2 score i...
      🌍 SPY +0.00%  QQQ +0.00%  VIX 18.7

  🔴 #19 SPY260515P00755000  [▶ OPEN]
      Entry: $22.60 │ Bid: $22.36  Mid: $22.43  Ask: $22.50
      P&L: $-17.00 (-0.8%) │ Target: $45.20  Stop: $11.30  DTE: 3d
      💭 $1.5M premium accumulated in deep OTM SPY 755 puts expiring today with...
      🌍 SPY +0.00%  QQQ +0.00%  VIX 18.7

  ⏳ Next check in 3 minutes...

  ─────────────────────────────────────────────────────────────────
  📡 POSITION CHECK — 12:37:28 EDT
  ─────────────────────────────────────────────────────────────────

  🔴 #10 SPY260511P00745000  [⏸ TRACKING]
      Entry: $9.88 │ Bid: $6.03  Mid: $6.17  Ask: $6.31
      P&L: $-370.50 (-37.5%) │ Target: $19.75  Stop: $4.94  DTE: -1d
      ⚠️  Stop was triggered — continuing to track for data
      💭 HIGH SPY put signal — score 8.0, $4.4M premium, 3 DTE, bearish thesis....
      🌍 SPY +0.00%  QQQ +0.00%  VIX 18.6

  ⏰ CONTRACT EXPIRED — auto-closing #10

  🔴 #11 TSLA260511P00425000  [⏸ TRACKING]
      Entry: $7.83 │ Bid: $0.00  Mid: $0.02  Ask: $0.01
      P&L: $-780.50 (-99.7%) │ Target: $15.65  Stop: $3.91  DTE: -1d
      ⚠️  Stop was triggered — continuing to track for data
      💭 HIGH TSLA put signal — score 5.62, $1.6M premium, 3 DTE, bearish thesi...
      🌍 SPY +0.00%  QQQ +0.00%  VIX 18.6

  ⏰ CONTRACT EXPIRED — auto-closing #11

  🔴 #13 TSLA260511P00430000  [⏸ TRACKING]
      Entry: $7.33 │ Bid: $0.00  Mid: $0.01  Ask: $0.01
      P&L: $-731.50 (-99.9%) │ Target: $14.65  Stop: $3.66  DTE: -1d
      ⚠️  Stop was triggered — continuing to track for data
      💭 $2.8M premium on TSLA puts with 100% bearish flow and 8.0 score warran...
      🌍 SPY +0.00%  QQQ +0.00%  VIX 18.6

  ⏰ CONTRACT EXPIRED — auto-closing #13

  🔴 #14 TSLA260513P00430000  [⏸ TRACKING]
      Entry: $11.70 │ Bid: $9.00  Mid: $9.05  Ask: $9.10
      P&L: $-265.00 (-22.6%) │ Target: $23.40  Stop: $5.85  DTE: 1d
      ⚠️  Stop was triggered — continuing to track for data
      💭 $1.1M premium on TSLA 430 puts expiring today with 100% bearish flow a...
      🌍 SPY +0.00%  QQQ +0.00%  VIX 18.6

  🟢 #15 AMD260515P00457500  [⏸ TRACKING]
      Entry: $22.60 │ Bid: $29.05  Mid: $29.38  Ask: $29.70
      P&L: +$677.50 (+30.0%) │ Target: $45.20  Stop: $11.30  DTE: 3d
      ⚠️  Stop was triggered — continuing to track for data
      💭 $2.0M premium in AMD puts expiring today with 100% bearish flow and 8....
      🌍 SPY +0.00%  QQQ +0.00%  VIX 18.6

  🔴 #16 QQQ260511P00706000  [⏸ TRACKING]
      Entry: $2.11 │ Bid: $0.01  Mid: $0.02  Ask: $0.03
      P&L: $-209.00 (-99.0%) │ Target: $4.22  Stop: $1.05  DTE: -1d
      ⚠️  Stop was triggered — continuing to track for data
      💭 QQQ put with $1.8M premium and 8.0 score expiring today in 100% bearis...
      🌍 SPY +0.00%  QQQ +0.00%  VIX 18.6

  ⏰ CONTRACT EXPIRED — auto-closing #16

  🔴 #17 TSLA260515P00427500  [⏸ TRACKING]
      Entry: $11.00 │ Bid: $10.60  Mid: $10.65  Ask: $10.70
      P&L: $-35.00 (-3.2%) │ Target: $22.00  Stop: $5.50  DTE: 3d
      ⚠️  Stop was triggered — continuing to track for data
      💭 $6M premium on TSLA puts with 8.8 score and 100% bearish flow concentr...
      🌍 SPY +0.00%  QQQ +0.00%  VIX 18.6

  🔴 #18 NFLX260515P00106000  [▶ OPEN]
      Entry: $17.38 │ Bid: $17.00  Mid: $17.20  Ask: $17.40
      P&L: $-17.50 (-1.0%) │ Target: $34.75  Stop: $8.69  DTE: 3d
      💭 NFLX $106 puts expiring today generated $7.9M premium with 8.2 score i...
      🌍 SPY +0.00%  QQQ +0.00%  VIX 18.6

  🔴 #19 SPY260515P00755000  [▶ OPEN]
      Entry: $22.60 │ Bid: $21.94  Mid: $22.00  Ask: $22.07
      P&L: $-59.50 (-2.6%) │ Target: $45.20  Stop: $11.30  DTE: 3d
      💭 $1.5M premium accumulated in deep OTM SPY 755 puts expiring today with...
      🌍 SPY +0.00%  QQQ +0.00%  VIX 18.6

  ⏳ Next check in 3 minutes...

  ─────────────────────────────────────────────────────────────────
  📡 POSITION CHECK — 12:40:29 EDT
  ─────────────────────────────────────────────────────────────────

  🔴 #10 SPY260511P00745000  [⏸ TRACKING]
      Entry: $9.88 │ Bid: $6.03  Mid: $6.17  Ask: $6.31
      P&L: $-370.50 (-37.5%) │ Target: $19.75  Stop: $4.94  DTE: -1d
      ⚠️  Stop was triggered — continuing to track for data
      💭 HIGH SPY put signal — score 8.0, $4.4M premium, 3 DTE, bearish thesis....
      🌍 SPY +0.00%  QQQ +0.00%  VIX 18.6

  ⏰ CONTRACT EXPIRED — auto-closing #10

  🔴 #11 TSLA260511P00425000  [⏸ TRACKING]
      Entry: $7.83 │ Bid: $0.00  Mid: $0.02  Ask: $0.01
      P&L: $-780.50 (-99.7%) │ Target: $15.65  Stop: $3.91  DTE: -1d
      ⚠️  Stop was triggered — continuing to track for data
      💭 HIGH TSLA put signal — score 5.62, $1.6M premium, 3 DTE, bearish thesi...
      🌍 SPY +0.00%  QQQ +0.00%  VIX 18.6

  ⏰ CONTRACT EXPIRED — auto-closing #11

  🔴 #13 TSLA260511P00430000  [⏸ TRACKING]
      Entry: $7.33 │ Bid: $0.00  Mid: $0.01  Ask: $0.01
      P&L: $-731.50 (-99.9%) │ Target: $14.65  Stop: $3.66  DTE: -1d
      ⚠️  Stop was triggered — continuing to track for data
      💭 $2.8M premium on TSLA puts with 100% bearish flow and 8.0 score warran...
      🌍 SPY +0.00%  QQQ +0.00%  VIX 18.6

  ⏰ CONTRACT EXPIRED — auto-closing #13

  🔴 #14 TSLA260513P00430000  [⏸ TRACKING]
      Entry: $11.70 │ Bid: $9.50  Mid: $9.57  Ask: $9.65
      P&L: $-212.50 (-18.2%) │ Target: $23.40  Stop: $5.85  DTE: 1d
      ⚠️  Stop was triggered — continuing to track for data
      💭 $1.1M premium on TSLA 430 puts expiring today with 100% bearish flow a...
      🌍 SPY +0.00%  QQQ +0.00%  VIX 18.6

  🟢 #15 AMD260515P00457500  [⏸ TRACKING]
      Entry: $22.60 │ Bid: $31.55  Mid: $31.90  Ask: $32.25
      P&L: +$930.00 (+41.1%) │ Target: $45.20  Stop: $11.30  DTE: 3d
      ⚠️  Stop was triggered — continuing to track for data
      💭 $2.0M premium in AMD puts expiring today with 100% bearish flow and 8....
      🌍 SPY +0.00%  QQQ +0.00%  VIX 18.6

  🔴 #16 QQQ260511P00706000  [⏸ TRACKING]
      Entry: $2.11 │ Bid: $0.01  Mid: $0.02  Ask: $0.03
      P&L: $-209.00 (-99.0%) │ Target: $4.22  Stop: $1.05  DTE: -1d
      ⚠️  Stop was triggered — continuing to track for data
      💭 QQQ put with $1.8M premium and 8.0 score expiring today in 100% bearis...
      🌍 SPY +0.00%  QQQ +0.00%  VIX 18.6

  ⏰ CONTRACT EXPIRED — auto-closing #16

  🟢 #17 TSLA260515P00427500  [⏸ TRACKING]
      Entry: $11.00 │ Bid: $11.05  Mid: $11.10  Ask: $11.15
      P&L: +$10.00 (+0.9%) │ Target: $22.00  Stop: $5.50  DTE: 3d
      ⚠️  Stop was triggered — continuing to track for data
      💭 $6M premium on TSLA puts with 8.8 score and 100% bearish flow concentr...
      🌍 SPY +0.00%  QQQ +0.00%  VIX 18.6

  🔴 #18 NFLX260515P00106000  [▶ OPEN]
      Entry: $17.38 │ Bid: $16.65  Mid: $17.02  Ask: $17.40
      P&L: $-35.00 (-2.0%) │ Target: $34.75  Stop: $8.69  DTE: 3d
      💭 NFLX $106 puts expiring today generated $7.9M premium with 8.2 score i...
      🌍 SPY +0.00%  QQQ +0.00%  VIX 18.6

  🔴 #19 SPY260515P00755000  [▶ OPEN]
      Entry: $22.60 │ Bid: $22.12  Mid: $22.18  Ask: $22.25
      P&L: $-41.50 (-1.8%) │ Target: $45.20  Stop: $11.30  DTE: 3d
      💭 $1.5M premium accumulated in deep OTM SPY 755 puts expiring today with...
      🌍 SPY +0.00%  QQQ +0.00%  VIX 18.6

  ⏳ Next check in 3 minutes...

  ─────────────────────────────────────────────────────────────────
  📡 POSITION CHECK — 12:43:31 EDT
  ─────────────────────────────────────────────────────────────────

  🔴 #10 SPY260511P00745000  [⏸ TRACKING]
      Entry: $9.88 │ Bid: $6.03  Mid: $6.17  Ask: $6.31
      P&L: $-370.50 (-37.5%) │ Target: $19.75  Stop: $4.94  DTE: -1d
      ⚠️  Stop was triggered — continuing to track for data
      💭 HIGH SPY put signal — score 8.0, $4.4M premium, 3 DTE, bearish thesis....
      🌍 SPY +0.00%  QQQ +0.00%  VIX 18.6

  ⏰ CONTRACT EXPIRED — auto-closing #10

  🔴 #11 TSLA260511P00425000  [⏸ TRACKING]
      Entry: $7.83 │ Bid: $0.00  Mid: $0.02  Ask: $0.01
      P&L: $-780.50 (-99.7%) │ Target: $15.65  Stop: $3.91  DTE: -1d
      ⚠️  Stop was triggered — continuing to track for data
      💭 HIGH TSLA put signal — score 5.62, $1.6M premium, 3 DTE, bearish thesi...
      🌍 SPY +0.00%  QQQ +0.00%  VIX 18.6

  ⏰ CONTRACT EXPIRED — auto-closing #11

  🔴 #13 TSLA260511P00430000  [⏸ TRACKING]
      Entry: $7.33 │ Bid: $0.00  Mid: $0.01  Ask: $0.01
      P&L: $-731.50 (-99.9%) │ Target: $14.65  Stop: $3.66  DTE: -1d
      ⚠️  Stop was triggered — continuing to track for data
      💭 $2.8M premium on TSLA puts with 100% bearish flow and 8.0 score warran...
      🌍 SPY +0.00%  QQQ +0.00%  VIX 18.6

  ⏰ CONTRACT EXPIRED — auto-closing #13

  🔴 #14 TSLA260513P00430000  [⏸ TRACKING]
      Entry: $11.70 │ Bid: $10.50  Mid: $10.55  Ask: $10.60
      P&L: $-115.00 (-9.8%) │ Target: $23.40  Stop: $5.85  DTE: 1d
      ⚠️  Stop was triggered — continuing to track for data
      💭 $1.1M premium on TSLA 430 puts expiring today with 100% bearish flow a...
      🌍 SPY +0.00%  QQQ +0.00%  VIX 18.6

  🟢 #15 AMD260515P00457500  [⏸ TRACKING]
      Entry: $22.60 │ Bid: $33.40  Mid: $33.83  Ask: $34.25
      P&L: +$1,122.50 (+49.7%) │ Target: $45.20  Stop: $11.30  DTE: 3d
      ⚠️  Stop was triggered — continuing to track for data
      💭 $2.0M premium in AMD puts expiring today with 100% bearish flow and 8....
      🌍 SPY +0.00%  QQQ +0.00%  VIX 18.6

  🔴 #16 QQQ260511P00706000  [⏸ TRACKING]
      Entry: $2.11 │ Bid: $0.01  Mid: $0.02  Ask: $0.03
      P&L: $-209.00 (-99.0%) │ Target: $4.22  Stop: $1.05  DTE: -1d
      ⚠️  Stop was triggered — continuing to track for data
      💭 QQQ put with $1.8M premium and 8.0 score expiring today in 100% bearis...
      🌍 SPY +0.00%  QQQ +0.00%  VIX 18.6

  ⏰ CONTRACT EXPIRED — auto-closing #16

  🟢 #17 TSLA260515P00427500  [⏸ TRACKING]
      Entry: $11.00 │ Bid: $11.95  Mid: $12.00  Ask: $12.05
      P&L: +$100.00 (+9.1%) │ Target: $22.00  Stop: $5.50  DTE: 3d
      ⚠️  Stop was triggered — continuing to track for data
      💭 $6M premium on TSLA puts with 8.8 score and 100% bearish flow concentr...
      🌍 SPY +0.00%  QQQ +0.00%  VIX 18.6

  🔴 #18 NFLX260515P00106000  [▶ OPEN]
      Entry: $17.38 │ Bid: $16.65  Mid: $17.02  Ask: $17.40
      P&L: $-35.00 (-2.0%) │ Target: $34.75  Stop: $8.69  DTE: 3d
      💭 NFLX $106 puts expiring today generated $7.9M premium with 8.2 score i...
      🌍 SPY +0.00%  QQQ +0.00%  VIX 18.6

  🟢 #19 SPY260515P00755000  [▶ OPEN]
      Entry: $22.60 │ Bid: $22.60  Mid: $22.66  Ask: $22.73
      P&L: +$6.50 (+0.3%) │ Target: $45.20  Stop: $11.30  DTE: 3d
      💭 $1.5M premium accumulated in deep OTM SPY 755 puts expiring today with...
      🌍 SPY +0.00%  QQQ +0.00%  VIX 18.6

  ⏳ Next check in 3 minutes...

  ─────────────────────────────────────────────────────────────────
  📡 POSITION CHECK — 12:46:32 EDT
  ─────────────────────────────────────────────────────────────────

  🔴 #10 SPY260511P00745000  [⏸ TRACKING]
      Entry: $9.88 │ Bid: $6.03  Mid: $6.17  Ask: $6.31
      P&L: $-370.50 (-37.5%) │ Target: $19.75  Stop: $4.94  DTE: -1d
      ⚠️  Stop was triggered — continuing to track for data
      💭 HIGH SPY put signal — score 8.0, $4.4M premium, 3 DTE, bearish thesis....
      🌍 SPY +0.00%  QQQ +0.00%  VIX 18.7

  ⏰ CONTRACT EXPIRED — auto-closing #10

  🔴 #11 TSLA260511P00425000  [⏸ TRACKING]
      Entry: $7.83 │ Bid: $0.00  Mid: $0.02  Ask: $0.01
      P&L: $-780.50 (-99.7%) │ Target: $15.65  Stop: $3.91  DTE: -1d
      ⚠️  Stop was triggered — continuing to track for data
      💭 HIGH TSLA put signal — score 5.62, $1.6M premium, 3 DTE, bearish thesi...
      🌍 SPY +0.00%  QQQ +0.00%  VIX 18.7

  ⏰ CONTRACT EXPIRED — auto-closing #11

  🔴 #13 TSLA260511P00430000  [⏸ TRACKING]
      Entry: $7.33 │ Bid: $0.00  Mid: $0.01  Ask: $0.01
      P&L: $-731.50 (-99.9%) │ Target: $14.65  Stop: $3.66  DTE: -1d
      ⚠️  Stop was triggered — continuing to track for data
      💭 $2.8M premium on TSLA puts with 100% bearish flow and 8.0 score warran...
      🌍 SPY +0.00%  QQQ +0.00%  VIX 18.7

  ⏰ CONTRACT EXPIRED — auto-closing #13

  🔴 #14 TSLA260513P00430000  [⏸ TRACKING]
      Entry: $11.70 │ Bid: $10.35  Mid: $10.40  Ask: $10.45
      P&L: $-130.00 (-11.1%) │ Target: $23.40  Stop: $5.85  DTE: 1d
      ⚠️  Stop was triggered — continuing to track for data
      💭 $1.1M premium on TSLA 430 puts expiring today with 100% bearish flow a...
      🌍 SPY +0.00%  QQQ +0.00%  VIX 18.7

  🟢 #15 AMD260515P00457500  [⏸ TRACKING]
      Entry: $22.60 │ Bid: $31.75  Mid: $32.08  Ask: $32.40
      P&L: +$947.50 (+41.9%) │ Target: $45.20  Stop: $11.30  DTE: 3d
      ⚠️  Stop was triggered — continuing to track for data
      💭 $2.0M premium in AMD puts expiring today with 100% bearish flow and 8....
      🌍 SPY +0.00%  QQQ +0.00%  VIX 18.7

  🔴 #16 QQQ260511P00706000  [⏸ TRACKING]
      Entry: $2.11 │ Bid: $0.01  Mid: $0.02  Ask: $0.03
      P&L: $-209.00 (-99.0%) │ Target: $4.22  Stop: $1.05  DTE: -1d
      ⚠️  Stop was triggered — continuing to track for data
      💭 QQQ put with $1.8M premium and 8.0 score expiring today in 100% bearis...
      🌍 SPY +0.00%  QQQ +0.00%  VIX 18.7

  ⏰ CONTRACT EXPIRED — auto-closing #16

  🟢 #17 TSLA260515P00427500  [⏸ TRACKING]
      Entry: $11.00 │ Bid: $11.80  Mid: $11.85  Ask: $11.90
      P&L: +$85.00 (+7.7%) │ Target: $22.00  Stop: $5.50  DTE: 3d
      ⚠️  Stop was triggered — continuing to track for data
      💭 $6M premium on TSLA puts with 8.8 score and 100% bearish flow concentr...
      🌍 SPY +0.00%  QQQ +0.00%  VIX 18.7

  🔴 #18 NFLX260515P00106000  [▶ OPEN]
      Entry: $17.38 │ Bid: $16.65  Mid: $17.05  Ask: $17.45
      P&L: $-32.50 (-1.9%) │ Target: $34.75  Stop: $8.69  DTE: 3d
      💭 NFLX $106 puts expiring today generated $7.9M premium with 8.2 score i...
      🌍 SPY +0.00%  QQQ +0.00%  VIX 18.7

  🟢 #19 SPY260515P00755000  [▶ OPEN]
      Entry: $22.60 │ Bid: $22.74  Mid: $22.81  Ask: $22.88
      P&L: +$21.00 (+0.9%) │ Target: $45.20  Stop: $11.30  DTE: 3d
      💭 $1.5M premium accumulated in deep OTM SPY 755 puts expiring today with...
      🌍 SPY +0.00%  QQQ +0.00%  VIX 18.7

  ⏳ Next check in 3 minutes...

  ─────────────────────────────────────────────────────────────────
  📡 POSITION CHECK — 12:49:34 EDT
  ─────────────────────────────────────────────────────────────────

  🔴 #10 SPY260511P00745000  [⏸ TRACKING]
      Entry: $9.88 │ Bid: $6.03  Mid: $6.17  Ask: $6.31
      P&L: $-370.50 (-37.5%) │ Target: $19.75  Stop: $4.94  DTE: -1d
      ⚠️  Stop was triggered — continuing to track for data
      💭 HIGH SPY put signal — score 8.0, $4.4M premium, 3 DTE, bearish thesis....
      🌍 SPY +0.00%  QQQ +0.00%  VIX 18.6

  ⏰ CONTRACT EXPIRED — auto-closing #10

  🔴 #11 TSLA260511P00425000  [⏸ TRACKING]
      Entry: $7.83 │ Bid: $0.00  Mid: $0.02  Ask: $0.01
      P&L: $-780.50 (-99.7%) │ Target: $15.65  Stop: $3.91  DTE: -1d
      ⚠️  Stop was triggered — continuing to track for data
      💭 HIGH TSLA put signal — score 5.62, $1.6M premium, 3 DTE, bearish thesi...
      🌍 SPY +0.00%  QQQ +0.00%  VIX 18.6

  ⏰ CONTRACT EXPIRED — auto-closing #11

  🔴 #13 TSLA260511P00430000  [⏸ TRACKING]
      Entry: $7.33 │ Bid: $0.00  Mid: $0.01  Ask: $0.01
      P&L: $-731.50 (-99.9%) │ Target: $14.65  Stop: $3.66  DTE: -1d
      ⚠️  Stop was triggered — continuing to track for data
      💭 $2.8M premium on TSLA puts with 100% bearish flow and 8.0 score warran...
      🌍 SPY +0.00%  QQQ +0.00%  VIX 18.6

  ⏰ CONTRACT EXPIRED — auto-closing #13

  🔴 #14 TSLA260513P00430000  [⏸ TRACKING]
      Entry: $11.70 │ Bid: $10.15  Mid: $10.22  Ask: $10.30
      P&L: $-147.50 (-12.6%) │ Target: $23.40  Stop: $5.85  DTE: 1d
      ⚠️  Stop was triggered — continuing to track for data
      💭 $1.1M premium on TSLA 430 puts expiring today with 100% bearish flow a...
      🌍 SPY +0.00%  QQQ +0.00%  VIX 18.6

  🟢 #15 AMD260515P00457500  [⏸ TRACKING]
      Entry: $22.60 │ Bid: $32.15  Mid: $32.60  Ask: $33.05
      P&L: +$1,000.00 (+44.2%) │ Target: $45.20  Stop: $11.30  DTE: 3d
      ⚠️  Stop was triggered — continuing to track for data
      💭 $2.0M premium in AMD puts expiring today with 100% bearish flow and 8....
      🌍 SPY +0.00%  QQQ +0.00%  VIX 18.6

  🔴 #16 QQQ260511P00706000  [⏸ TRACKING]
      Entry: $2.11 │ Bid: $0.01  Mid: $0.02  Ask: $0.03
      P&L: $-209.00 (-99.0%) │ Target: $4.22  Stop: $1.05  DTE: -1d
      ⚠️  Stop was triggered — continuing to track for data
      💭 QQQ put with $1.8M premium and 8.0 score expiring today in 100% bearis...
      🌍 SPY +0.00%  QQQ +0.00%  VIX 18.6

  ⏰ CONTRACT EXPIRED — auto-closing #16

  🟢 #17 TSLA260515P00427500  [⏸ TRACKING]
      Entry: $11.00 │ Bid: $11.60  Mid: $11.68  Ask: $11.75
      P&L: +$67.50 (+6.1%) │ Target: $22.00  Stop: $5.50  DTE: 3d
      ⚠️  Stop was triggered — continuing to track for data
      💭 $6M premium on TSLA puts with 8.8 score and 100% bearish flow concentr...
      🌍 SPY +0.00%  QQQ +0.00%  VIX 18.6

  🔴 #18 NFLX260515P00106000  [▶ OPEN]
      Entry: $17.38 │ Bid: $16.65  Mid: $17.05  Ask: $17.45
      P&L: $-32.50 (-1.9%) │ Target: $34.75  Stop: $8.69  DTE: 3d
      💭 NFLX $106 puts expiring today generated $7.9M premium with 8.2 score i...
      🌍 SPY +0.00%  QQQ +0.00%  VIX 18.6

  🟢 #19 SPY260515P00755000  [▶ OPEN]
      Entry: $22.60 │ Bid: $22.78  Mid: $22.86  Ask: $22.93
      P&L: +$25.50 (+1.1%) │ Target: $45.20  Stop: $11.30  DTE: 3d
      💭 $1.5M premium accumulated in deep OTM SPY 755 puts expiring today with...
      🌍 SPY +0.00%  QQQ +0.00%  VIX 18.6

  ⏳ Next check in 3 minutes...

  ─────────────────────────────────────────────────────────────────
  📡 POSITION CHECK — 12:52:35 EDT
  ─────────────────────────────────────────────────────────────────

  🔴 #10 SPY260511P00745000  [⏸ TRACKING]
      Entry: $9.88 │ Bid: $6.03  Mid: $6.17  Ask: $6.31
      P&L: $-370.50 (-37.5%) │ Target: $19.75  Stop: $4.94  DTE: -1d
      ⚠️  Stop was triggered — continuing to track for data
      💭 HIGH SPY put signal — score 8.0, $4.4M premium, 3 DTE, bearish thesis....
      🌍 SPY +0.00%  QQQ +0.00%  VIX 18.7

  ⏰ CONTRACT EXPIRED — auto-closing #10

  🔴 #11 TSLA260511P00425000  [⏸ TRACKING]
      Entry: $7.83 │ Bid: $0.00  Mid: $0.02  Ask: $0.01
      P&L: $-780.50 (-99.7%) │ Target: $15.65  Stop: $3.91  DTE: -1d
      ⚠️  Stop was triggered — continuing to track for data
      💭 HIGH TSLA put signal — score 5.62, $1.6M premium, 3 DTE, bearish thesi...
      🌍 SPY +0.00%  QQQ +0.00%  VIX 18.7

  ⏰ CONTRACT EXPIRED — auto-closing #11

  🔴 #13 TSLA260511P00430000  [⏸ TRACKING]
      Entry: $7.33 │ Bid: $0.00  Mid: $0.01  Ask: $0.01
      P&L: $-731.50 (-99.9%) │ Target: $14.65  Stop: $3.66  DTE: -1d
      ⚠️  Stop was triggered — continuing to track for data
      💭 $2.8M premium on TSLA puts with 100% bearish flow and 8.0 score warran...
      🌍 SPY +0.00%  QQQ +0.00%  VIX 18.7

  ⏰ CONTRACT EXPIRED — auto-closing #13

  🔴 #14 TSLA260513P00430000  [⏸ TRACKING]
      Entry: $11.70 │ Bid: $10.50  Mid: $10.57  Ask: $10.65
      P&L: $-112.50 (-9.6%) │ Target: $23.40  Stop: $5.85  DTE: 1d
      ⚠️  Stop was triggered — continuing to track for data
      💭 $1.1M premium on TSLA 430 puts expiring today with 100% bearish flow a...
      🌍 SPY +0.00%  QQQ +0.00%  VIX 18.7

  🟢 #15 AMD260515P00457500  [⏸ TRACKING]
      Entry: $22.60 │ Bid: $32.80  Mid: $33.17  Ask: $33.55
      P&L: +$1,057.50 (+46.8%) │ Target: $45.20  Stop: $11.30  DTE: 3d
      ⚠️  Stop was triggered — continuing to track for data
      💭 $2.0M premium in AMD puts expiring today with 100% bearish flow and 8....
      🌍 SPY +0.00%  QQQ +0.00%  VIX 18.7

  🔴 #16 QQQ260511P00706000  [⏸ TRACKING]
      Entry: $2.11 │ Bid: $0.01  Mid: $0.02  Ask: $0.03
      P&L: $-209.00 (-99.0%) │ Target: $4.22  Stop: $1.05  DTE: -1d
      ⚠️  Stop was triggered — continuing to track for data
      💭 QQQ put with $1.8M premium and 8.0 score expiring today in 100% bearis...
      🌍 SPY +0.00%  QQQ +0.00%  VIX 18.7

  ⏰ CONTRACT EXPIRED — auto-closing #16

  🟢 #17 TSLA260515P00427500  [⏸ TRACKING]
      Entry: $11.00 │ Bid: $11.90  Mid: $11.97  Ask: $12.05
      P&L: +$97.50 (+8.9%) │ Target: $22.00  Stop: $5.50  DTE: 3d
      ⚠️  Stop was triggered — continuing to track for data
      💭 $6M premium on TSLA puts with 8.8 score and 100% bearish flow concentr...
      🌍 SPY +0.00%  QQQ +0.00%  VIX 18.7

  🔴 #18 NFLX260515P00106000  [▶ OPEN]
      Entry: $17.38 │ Bid: $16.65  Mid: $17.05  Ask: $17.45
      P&L: $-32.50 (-1.9%) │ Target: $34.75  Stop: $8.69  DTE: 3d
      💭 NFLX $106 puts expiring today generated $7.9M premium with 8.2 score i...
      🌍 SPY +0.00%  QQQ +0.00%  VIX 18.7

  🟢 #19 SPY260515P00755000  [▶ OPEN]
      Entry: $22.60 │ Bid: $22.92  Mid: $22.98  Ask: $23.05
      P&L: +$38.50 (+1.7%) │ Target: $45.20  Stop: $11.30  DTE: 3d
      💭 $1.5M premium accumulated in deep OTM SPY 755 puts expiring today with...
      🌍 SPY +0.00%  QQQ +0.00%  VIX 18.7

  ⏳ Next check in 3 minutes...

  ─────────────────────────────────────────────────────────────────
  📡 POSITION CHECK — 12:55:36 EDT
  ─────────────────────────────────────────────────────────────────

  🔴 #10 SPY260511P00745000  [⏸ TRACKING]
      Entry: $9.88 │ Bid: $6.03  Mid: $6.17  Ask: $6.31
      P&L: $-370.50 (-37.5%) │ Target: $19.75  Stop: $4.94  DTE: -1d
      ⚠️  Stop was triggered — continuing to track for data
      💭 HIGH SPY put signal — score 8.0, $4.4M premium, 3 DTE, bearish thesis....
      🌍 SPY +0.00%  QQQ +0.00%  VIX 18.7

  ⏰ CONTRACT EXPIRED — auto-closing #10

  🔴 #11 TSLA260511P00425000  [⏸ TRACKING]
      Entry: $7.83 │ Bid: $0.00  Mid: $0.02  Ask: $0.01
      P&L: $-780.50 (-99.7%) │ Target: $15.65  Stop: $3.91  DTE: -1d
      ⚠️  Stop was triggered — continuing to track for data
      💭 HIGH TSLA put signal — score 5.62, $1.6M premium, 3 DTE, bearish thesi...
      🌍 SPY +0.00%  QQQ +0.00%  VIX 18.7

  ⏰ CONTRACT EXPIRED — auto-closing #11

  🔴 #13 TSLA260511P00430000  [⏸ TRACKING]
      Entry: $7.33 │ Bid: $0.00  Mid: $0.01  Ask: $0.01
      P&L: $-731.50 (-99.9%) │ Target: $14.65  Stop: $3.66  DTE: -1d
      ⚠️  Stop was triggered — continuing to track for data
      💭 $2.8M premium on TSLA puts with 100% bearish flow and 8.0 score warran...
      🌍 SPY +0.00%  QQQ +0.00%  VIX 18.7

  ⏰ CONTRACT EXPIRED — auto-closing #13

  🔴 #14 TSLA260513P00430000  [⏸ TRACKING]
      Entry: $11.70 │ Bid: $10.50  Mid: $10.55  Ask: $10.60
      P&L: $-115.00 (-9.8%) │ Target: $23.40  Stop: $5.85  DTE: 1d
      ⚠️  Stop was triggered — continuing to track for data
      💭 $1.1M premium on TSLA 430 puts expiring today with 100% bearish flow a...
      🌍 SPY +0.00%  QQQ +0.00%  VIX 18.7

  🟢 #15 AMD260515P00457500  [⏸ TRACKING]
      Entry: $22.60 │ Bid: $33.00  Mid: $33.33  Ask: $33.65
      P&L: +$1,072.50 (+47.5%) │ Target: $45.20  Stop: $11.30  DTE: 3d
      ⚠️  Stop was triggered — continuing to track for data
      💭 $2.0M premium in AMD puts expiring today with 100% bearish flow and 8....
      🌍 SPY +0.00%  QQQ +0.00%  VIX 18.7

  🔴 #16 QQQ260511P00706000  [⏸ TRACKING]
      Entry: $2.11 │ Bid: $0.01  Mid: $0.02  Ask: $0.03
      P&L: $-209.00 (-99.0%) │ Target: $4.22  Stop: $1.05  DTE: -1d
      ⚠️  Stop was triggered — continuing to track for data
      💭 QQQ put with $1.8M premium and 8.0 score expiring today in 100% bearis...
      🌍 SPY +0.00%  QQQ +0.00%  VIX 18.7

  ⏰ CONTRACT EXPIRED — auto-closing #16

  🟢 #17 TSLA260515P00427500  [⏸ TRACKING]
      Entry: $11.00 │ Bid: $11.90  Mid: $11.95  Ask: $12.00
      P&L: +$95.00 (+8.6%) │ Target: $22.00  Stop: $5.50  DTE: 3d
      ⚠️  Stop was triggered — continuing to track for data
      💭 $6M premium on TSLA puts with 8.8 score and 100% bearish flow concentr...
      🌍 SPY +0.00%  QQQ +0.00%  VIX 18.7

  🔴 #18 NFLX260515P00106000  [▶ OPEN]
      Entry: $17.38 │ Bid: $16.65  Mid: $17.05  Ask: $17.45
      P&L: $-32.50 (-1.9%) │ Target: $34.75  Stop: $8.69  DTE: 3d
      💭 NFLX $106 puts expiring today generated $7.9M premium with 8.2 score i...
      🌍 SPY +0.00%  QQQ +0.00%  VIX 18.7

  🟢 #19 SPY260515P00755000  [▶ OPEN]
      Entry: $22.60 │ Bid: $22.98  Mid: $23.05  Ask: $23.12
      P&L: +$45.00 (+2.0%) │ Target: $45.20  Stop: $11.30  DTE: 3d
      💭 $1.5M premium accumulated in deep OTM SPY 755 puts expiring today with...
      🌍 SPY +0.00%  QQQ +0.00%  VIX 18.7

  ⏳ Next check in 3 minutes...

  ─────────────────────────────────────────────────────────────────
  📡 POSITION CHECK — 12:58:38 EDT
  ─────────────────────────────────────────────────────────────────

  🔴 #10 SPY260511P00745000  [⏸ TRACKING]
      Entry: $9.88 │ Bid: $6.03  Mid: $6.17  Ask: $6.31
      P&L: $-370.50 (-37.5%) │ Target: $19.75  Stop: $4.94  DTE: -1d
      ⚠️  Stop was triggered — continuing to track for data
      💭 HIGH SPY put signal — score 8.0, $4.4M premium, 3 DTE, bearish thesis....
      🌍 SPY +0.00%  QQQ +0.00%  VIX 18.6

  ⏰ CONTRACT EXPIRED — auto-closing #10

  🔴 #11 TSLA260511P00425000  [⏸ TRACKING]
      Entry: $7.83 │ Bid: $0.00  Mid: $0.02  Ask: $0.01
      P&L: $-780.50 (-99.7%) │ Target: $15.65  Stop: $3.91  DTE: -1d
      ⚠️  Stop was triggered — continuing to track for data
      💭 HIGH TSLA put signal — score 5.62, $1.6M premium, 3 DTE, bearish thesi...
      🌍 SPY +0.00%  QQQ +0.00%  VIX 18.6

  ⏰ CONTRACT EXPIRED — auto-closing #11

  🔴 #13 TSLA260511P00430000  [⏸ TRACKING]
      Entry: $7.33 │ Bid: $0.00  Mid: $0.01  Ask: $0.01
      P&L: $-731.50 (-99.9%) │ Target: $14.65  Stop: $3.66  DTE: -1d
      ⚠️  Stop was triggered — continuing to track for data
      💭 $2.8M premium on TSLA puts with 100% bearish flow and 8.0 score warran...
      🌍 SPY +0.00%  QQQ +0.00%  VIX 18.6

  ⏰ CONTRACT EXPIRED — auto-closing #13

  🔴 #14 TSLA260513P00430000  [⏸ TRACKING]
      Entry: $11.70 │ Bid: $10.35  Mid: $10.40  Ask: $10.45
      P&L: $-130.00 (-11.1%) │ Target: $23.40  Stop: $5.85  DTE: 1d
      ⚠️  Stop was triggered — continuing to track for data
      💭 $1.1M premium on TSLA 430 puts expiring today with 100% bearish flow a...
      🌍 SPY +0.00%  QQQ +0.00%  VIX 18.6

  🟢 #15 AMD260515P00457500  [⏸ TRACKING]
      Entry: $22.60 │ Bid: $33.50  Mid: $33.95  Ask: $34.40
      P&L: +$1,135.00 (+50.2%) │ Target: $45.20  Stop: $11.30  DTE: 3d
      ⚠️  Stop was triggered — continuing to track for data
      💭 $2.0M premium in AMD puts expiring today with 100% bearish flow and 8....
      🌍 SPY +0.00%  QQQ +0.00%  VIX 18.6

  🔴 #16 QQQ260511P00706000  [⏸ TRACKING]
      Entry: $2.11 │ Bid: $0.01  Mid: $0.02  Ask: $0.03
      P&L: $-209.00 (-99.0%) │ Target: $4.22  Stop: $1.05  DTE: -1d
      ⚠️  Stop was triggered — continuing to track for data
      💭 QQQ put with $1.8M premium and 8.0 score expiring today in 100% bearis...
      🌍 SPY +0.00%  QQQ +0.00%  VIX 18.6

  ⏰ CONTRACT EXPIRED — auto-closing #16

  🟢 #17 TSLA260515P00427500  [⏸ TRACKING]
      Entry: $11.00 │ Bid: $11.80  Mid: $11.85  Ask: $11.90
      P&L: +$85.00 (+7.7%) │ Target: $22.00  Stop: $5.50  DTE: 3d
      ⚠️  Stop was triggered — continuing to track for data
      💭 $6M premium on TSLA puts with 8.8 score and 100% bearish flow concentr...
      🌍 SPY +0.00%  QQQ +0.00%  VIX 18.6

  🔴 #18 NFLX260515P00106000  [▶ OPEN]
      Entry: $17.38 │ Bid: $16.65  Mid: $17.05  Ask: $17.45
      P&L: $-32.50 (-1.9%) │ Target: $34.75  Stop: $8.69  DTE: 3d
      💭 NFLX $106 puts expiring today generated $7.9M premium with 8.2 score i...
      🌍 SPY +0.00%  QQQ +0.00%  VIX 18.6

  🟢 #19 SPY260515P00755000  [▶ OPEN]
      Entry: $22.60 │ Bid: $22.85  Mid: $22.92  Ask: $22.99
      P&L: +$32.00 (+1.4%) │ Target: $45.20  Stop: $11.30  DTE: 3d
      💭 $1.5M premium accumulated in deep OTM SPY 755 puts expiring today with...
      🌍 SPY +0.00%  QQQ +0.00%  VIX 18.6

  ⏳ Next check in 3 minutes...
  ✗ Price fetch failed: 504

  ─────────────────────────────────────────────────────────────────
  📡 POSITION CHECK — 13:01:58 EDT
  ─────────────────────────────────────────────────────────────────

  ⚠️  #10 SPY260511P00745000
      Price unavailable — skipping this cycle

  ⚠️  #11 TSLA260511P00425000
      Price unavailable — skipping this cycle

  ⚠️  #13 TSLA260511P00430000
      Price unavailable — skipping this cycle

  ⚠️  #14 TSLA260513P00430000
      Price unavailable — skipping this cycle

  ⚠️  #15 AMD260515P00457500
      Price unavailable — skipping this cycle

  ⚠️  #16 QQQ260511P00706000
      Price unavailable — skipping this cycle

  ⚠️  #17 TSLA260515P00427500
      Price unavailable — skipping this cycle

  ⚠️  #18 NFLX260515P00106000
      Price unavailable — skipping this cycle

  ⚠️  #19 SPY260515P00755000
      Price unavailable — skipping this cycle

  ⏳ Next check in 3 minutes...
  ✗ Price fetch failed: 504

  ─────────────────────────────────────────────────────────────────
  📡 POSITION CHECK — 13:05:19 EDT
  ─────────────────────────────────────────────────────────────────

  ⚠️  #10 SPY260511P00745000
      Price unavailable — skipping this cycle

  ⚠️  #11 TSLA260511P00425000
      Price unavailable — skipping this cycle

  ⚠️  #13 TSLA260511P00430000
      Price unavailable — skipping this cycle

  ⚠️  #14 TSLA260513P00430000
      Price unavailable — skipping this cycle

  ⚠️  #15 AMD260515P00457500
      Price unavailable — skipping this cycle

  ⚠️  #16 QQQ260511P00706000
      Price unavailable — skipping this cycle

  ⚠️  #17 TSLA260515P00427500
      Price unavailable — skipping this cycle

  ⚠️  #18 NFLX260515P00106000
      Price unavailable — skipping this cycle

  ⚠️  #19 SPY260515P00755000
      Price unavailable — skipping this cycle

  ⏳ Next check in 3 minutes...
  ✗ Price fetch failed: 504

  ─────────────────────────────────────────────────────────────────
  📡 POSITION CHECK — 13:08:40 EDT
  ─────────────────────────────────────────────────────────────────

  ⚠️  #10 SPY260511P00745000
      Price unavailable — skipping this cycle

  ⚠️  #11 TSLA260511P00425000
      Price unavailable — skipping this cycle

  ⚠️  #13 TSLA260511P00430000
      Price unavailable — skipping this cycle

  ⚠️  #14 TSLA260513P00430000
      Price unavailable — skipping this cycle

  ⚠️  #15 AMD260515P00457500
      Price unavailable — skipping this cycle

  ⚠️  #16 QQQ260511P00706000
      Price unavailable — skipping this cycle

  ⚠️  #17 TSLA260515P00427500
      Price unavailable — skipping this cycle

  ⚠️  #18 NFLX260515P00106000
      Price unavailable — skipping this cycle

  ⚠️  #19 SPY260515P00755000
      Price unavailable — skipping this cycle

  ⏳ Next check in 3 minutes...
  ✗ Price fetch failed: 504

  ─────────────────────────────────────────────────────────────────
  📡 POSITION CHECK — 13:12:00 EDT
  ─────────────────────────────────────────────────────────────────

  ⚠️  #10 SPY260511P00745000
      Price unavailable — skipping this cycle

  ⚠️  #11 TSLA260511P00425000
      Price unavailable — skipping this cycle

  ⚠️  #13 TSLA260511P00430000
      Price unavailable — skipping this cycle

  ⚠️  #14 TSLA260513P00430000
      Price unavailable — skipping this cycle

  ⚠️  #15 AMD260515P00457500
      Price unavailable — skipping this cycle

  ⚠️  #16 QQQ260511P00706000
      Price unavailable — skipping this cycle

  ⚠️  #17 TSLA260515P00427500
      Price unavailable — skipping this cycle

  ⚠️  #18 NFLX260515P00106000
      Price unavailable — skipping this cycle

  ⚠️  #19 SPY260515P00755000
      Price unavailable — skipping this cycle

  ⏳ Next check in 3 minutes...

  ─────────────────────────────────────────────────────────────────
  📡 POSITION CHECK — 13:15:11 EDT
  ─────────────────────────────────────────────────────────────────

  🔴 #10 SPY260511P00745000  [⏸ TRACKING]
      Entry: $9.88 │ Bid: $6.03  Mid: $6.17  Ask: $6.31
      P&L: $-370.50 (-37.5%) │ Target: $19.75  Stop: $4.94  DTE: -1d
      ⚠️  Stop was triggered — continuing to track for data
      💭 HIGH SPY put signal — score 8.0, $4.4M premium, 3 DTE, bearish thesis....

  ⏰ CONTRACT EXPIRED — auto-closing #10

  🔴 #11 TSLA260511P00425000  [⏸ TRACKING]
      Entry: $7.83 │ Bid: $0.00  Mid: $0.02  Ask: $0.01
      P&L: $-780.50 (-99.7%) │ Target: $15.65  Stop: $3.91  DTE: -1d
      ⚠️  Stop was triggered — continuing to track for data
      💭 HIGH TSLA put signal — score 5.62, $1.6M premium, 3 DTE, bearish thesi...

  ⏰ CONTRACT EXPIRED — auto-closing #11

  🔴 #13 TSLA260511P00430000  [⏸ TRACKING]
      Entry: $7.33 │ Bid: $0.00  Mid: $0.01  Ask: $0.01
      P&L: $-731.50 (-99.9%) │ Target: $14.65  Stop: $3.66  DTE: -1d
      ⚠️  Stop was triggered — continuing to track for data
      💭 $2.8M premium on TSLA puts with 100% bearish flow and 8.0 score warran...

  ⏰ CONTRACT EXPIRED — auto-closing #13

  🔴 #14 TSLA260513P00430000  [⏸ TRACKING]
      Entry: $11.70 │ Bid: $8.05  Mid: $8.12  Ask: $8.20
      P&L: $-357.50 (-30.6%) │ Target: $23.40  Stop: $5.85  DTE: 1d
      ⚠️  Stop was triggered — continuing to track for data
      💭 $1.1M premium on TSLA 430 puts expiring today with 100% bearish flow a...

  🟢 #15 AMD260515P00457500  [⏸ TRACKING]
      Entry: $22.60 │ Bid: $27.05  Mid: $27.38  Ask: $27.70
      P&L: +$477.50 (+21.1%) │ Target: $45.20  Stop: $11.30  DTE: 3d
      ⚠️  Stop was triggered — continuing to track for data
      💭 $2.0M premium in AMD puts expiring today with 100% bearish flow and 8....

  🔴 #16 QQQ260511P00706000  [⏸ TRACKING]
      Entry: $2.11 │ Bid: $0.01  Mid: $0.02  Ask: $0.03
      P&L: $-209.00 (-99.0%) │ Target: $4.22  Stop: $1.05  DTE: -1d
      ⚠️  Stop was triggered — continuing to track for data
      💭 QQQ put with $1.8M premium and 8.0 score expiring today in 100% bearis...

  ⏰ CONTRACT EXPIRED — auto-closing #16

  🔴 #17 TSLA260515P00427500  [⏸ TRACKING]
      Entry: $11.00 │ Bid: $9.95  Mid: $10.03  Ask: $10.10
      P&L: $-97.50 (-8.9%) │ Target: $22.00  Stop: $5.50  DTE: 3d
      ⚠️  Stop was triggered — continuing to track for data
      💭 $6M premium on TSLA puts with 8.8 score and 100% bearish flow concentr...

  🔴 #18 NFLX260515P00106000  [▶ OPEN]
      Entry: $17.38 │ Bid: $16.65  Mid: $17.30  Ask: $17.95
      P&L: $-7.50 (-0.4%) │ Target: $34.75  Stop: $8.69  DTE: 3d
      💭 NFLX $106 puts expiring today generated $7.9M premium with 8.2 score i...

  🔴 #19 SPY260515P00755000  [▶ OPEN]
      Entry: $22.60 │ Bid: $21.63  Mid: $21.70  Ask: $21.76
      P&L: $-90.50 (-4.0%) │ Target: $45.20  Stop: $11.30  DTE: 3d
      💭 $1.5M premium accumulated in deep OTM SPY 755 puts expiring today with...

  ⏳ Next check in 3 minutes...

  Refreshing auth token...

  ─────────────────────────────────────────────────────────────────
  📡 POSITION CHECK — 13:18:13 EDT
  ─────────────────────────────────────────────────────────────────

  🔴 #10 SPY260511P00745000  [⏸ TRACKING]
      Entry: $9.88 │ Bid: $6.03  Mid: $6.17  Ask: $6.31
      P&L: $-370.50 (-37.5%) │ Target: $19.75  Stop: $4.94  DTE: -1d
      ⚠️  Stop was triggered — continuing to track for data
      💭 HIGH SPY put signal — score 8.0, $4.4M premium, 3 DTE, bearish thesis....
      🌍 SPY +0.00%  QQQ +0.00%  VIX 18.4

  ⏰ CONTRACT EXPIRED — auto-closing #10

  🔴 #11 TSLA260511P00425000  [⏸ TRACKING]
      Entry: $7.83 │ Bid: $0.00  Mid: $0.02  Ask: $0.01
      P&L: $-780.50 (-99.7%) │ Target: $15.65  Stop: $3.91  DTE: -1d
      ⚠️  Stop was triggered — continuing to track for data
      💭 HIGH TSLA put signal — score 5.62, $1.6M premium, 3 DTE, bearish thesi...
      🌍 SPY +0.00%  QQQ +0.00%  VIX 18.4

  ⏰ CONTRACT EXPIRED — auto-closing #11

  🔴 #13 TSLA260511P00430000  [⏸ TRACKING]
      Entry: $7.33 │ Bid: $0.00  Mid: $0.01  Ask: $0.01
      P&L: $-731.50 (-99.9%) │ Target: $14.65  Stop: $3.66  DTE: -1d
      ⚠️  Stop was triggered — continuing to track for data
      💭 $2.8M premium on TSLA puts with 100% bearish flow and 8.0 score warran...
      🌍 SPY +0.00%  QQQ +0.00%  VIX 18.4

  ⏰ CONTRACT EXPIRED — auto-closing #13

  🔴 #14 TSLA260513P00430000  [⏸ TRACKING]
      Entry: $11.70 │ Bid: $7.70  Mid: $7.78  Ask: $7.85
      P&L: $-392.50 (-33.5%) │ Target: $23.40  Stop: $5.85  DTE: 1d
      ⚠️  Stop was triggered — continuing to track for data
      💭 $1.1M premium on TSLA 430 puts expiring today with 100% bearish flow a...
      🌍 SPY +0.00%  QQQ +0.00%  VIX 18.4

  🟢 #15 AMD260515P00457500  [⏸ TRACKING]
      Entry: $22.60 │ Bid: $26.15  Mid: $26.60  Ask: $27.05
      P&L: +$400.00 (+17.7%) │ Target: $45.20  Stop: $11.30  DTE: 3d
      ⚠️  Stop was triggered — continuing to track for data
      💭 $2.0M premium in AMD puts expiring today with 100% bearish flow and 8....
      🌍 SPY +0.00%  QQQ +0.00%  VIX 18.4

  🔴 #16 QQQ260511P00706000  [⏸ TRACKING]
      Entry: $2.11 │ Bid: $0.01  Mid: $0.02  Ask: $0.03
      P&L: $-209.00 (-99.0%) │ Target: $4.22  Stop: $1.05  DTE: -1d
      ⚠️  Stop was triggered — continuing to track for data
      💭 QQQ put with $1.8M premium and 8.0 score expiring today in 100% bearis...
      🌍 SPY +0.00%  QQQ +0.00%  VIX 18.4

  ⏰ CONTRACT EXPIRED — auto-closing #16

  🔴 #17 TSLA260515P00427500  [⏸ TRACKING]
      Entry: $11.00 │ Bid: $9.70  Mid: $9.78  Ask: $9.85
      P&L: $-122.50 (-11.1%) │ Target: $22.00  Stop: $5.50  DTE: 3d
      ⚠️  Stop was triggered — continuing to track for data
      💭 $6M premium on TSLA puts with 8.8 score and 100% bearish flow concentr...
      🌍 SPY +0.00%  QQQ +0.00%  VIX 18.4

  🔴 #18 NFLX260515P00106000  [▶ OPEN]
      Entry: $17.38 │ Bid: $16.65  Mid: $17.35  Ask: $18.05
      P&L: $-2.50 (-0.1%) │ Target: $34.75  Stop: $8.69  DTE: 3d
      💭 NFLX $106 puts expiring today generated $7.9M premium with 8.2 score i...
      🌍 SPY +0.00%  QQQ +0.00%  VIX 18.4

  🔴 #19 SPY260515P00755000  [▶ OPEN]
      Entry: $22.60 │ Bid: $21.23  Mid: $21.30  Ask: $21.36
      P&L: $-130.50 (-5.8%) │ Target: $45.20  Stop: $11.30  DTE: 3d
      💭 $1.5M premium accumulated in deep OTM SPY 755 puts expiring today with...
      🌍 SPY +0.00%  QQQ +0.00%  VIX 18.4

  ⏳ Next check in 3 minutes...

  ─────────────────────────────────────────────────────────────────
  📡 POSITION CHECK — 13:21:15 EDT
  ─────────────────────────────────────────────────────────────────

  🔴 #10 SPY260511P00745000  [⏸ TRACKING]
      Entry: $9.88 │ Bid: $6.03  Mid: $6.17  Ask: $6.31
      P&L: $-370.50 (-37.5%) │ Target: $19.75  Stop: $4.94  DTE: -1d
      ⚠️  Stop was triggered — continuing to track for data
      💭 HIGH SPY put signal — score 8.0, $4.4M premium, 3 DTE, bearish thesis....
      🌍 SPY +0.00%  QQQ +0.00%  VIX 18.3

  ⏰ CONTRACT EXPIRED — auto-closing #10

  🔴 #11 TSLA260511P00425000  [⏸ TRACKING]
      Entry: $7.83 │ Bid: $0.00  Mid: $0.02  Ask: $0.01
      P&L: $-780.50 (-99.7%) │ Target: $15.65  Stop: $3.91  DTE: -1d
      ⚠️  Stop was triggered — continuing to track for data
      💭 HIGH TSLA put signal — score 5.62, $1.6M premium, 3 DTE, bearish thesi...
      🌍 SPY +0.00%  QQQ +0.00%  VIX 18.3

  ⏰ CONTRACT EXPIRED — auto-closing #11

  🔴 #13 TSLA260511P00430000  [⏸ TRACKING]
      Entry: $7.33 │ Bid: $0.00  Mid: $0.01  Ask: $0.01
      P&L: $-731.50 (-99.9%) │ Target: $14.65  Stop: $3.66  DTE: -1d
      ⚠️  Stop was triggered — continuing to track for data
      💭 $2.8M premium on TSLA puts with 100% bearish flow and 8.0 score warran...
      🌍 SPY +0.00%  QQQ +0.00%  VIX 18.3

  ⏰ CONTRACT EXPIRED — auto-closing #13

  🔴 #14 TSLA260513P00430000  [⏸ TRACKING]
      Entry: $11.70 │ Bid: $7.20  Mid: $7.25  Ask: $7.30
      P&L: $-445.00 (-38.0%) │ Target: $23.40  Stop: $5.85  DTE: 1d
      ⚠️  Stop was triggered — continuing to track for data
      💭 $1.1M premium on TSLA 430 puts expiring today with 100% bearish flow a...
      🌍 SPY +0.00%  QQQ +0.00%  VIX 18.3

  🟢 #15 AMD260515P00457500  [⏸ TRACKING]
      Entry: $22.60 │ Bid: $25.65  Mid: $26.27  Ask: $26.90
      P&L: +$367.50 (+16.3%) │ Target: $45.20  Stop: $11.30  DTE: 3d
      ⚠️  Stop was triggered — continuing to track for data
      💭 $2.0M premium in AMD puts expiring today with 100% bearish flow and 8....
      🌍 SPY +0.00%  QQQ +0.00%  VIX 18.3

  🔴 #16 QQQ260511P00706000  [⏸ TRACKING]
      Entry: $2.11 │ Bid: $0.01  Mid: $0.02  Ask: $0.03
      P&L: $-209.00 (-99.0%) │ Target: $4.22  Stop: $1.05  DTE: -1d
      ⚠️  Stop was triggered — continuing to track for data
      💭 QQQ put with $1.8M premium and 8.0 score expiring today in 100% bearis...
      🌍 SPY +0.00%  QQQ +0.00%  VIX 18.3

  ⏰ CONTRACT EXPIRED — auto-closing #16

  🔴 #17 TSLA260515P00427500  [⏸ TRACKING]
      Entry: $11.00 │ Bid: $9.25  Mid: $9.30  Ask: $9.35
      P&L: $-170.00 (-15.4%) │ Target: $22.00  Stop: $5.50  DTE: 3d
      ⚠️  Stop was triggered — continuing to track for data
      💭 $6M premium on TSLA puts with 8.8 score and 100% bearish flow concentr...
      🌍 SPY +0.00%  QQQ +0.00%  VIX 18.3

  🔴 #18 NFLX260515P00106000  [▶ OPEN]
      Entry: $17.38 │ Bid: $16.65  Mid: $17.35  Ask: $18.05
      P&L: $-2.50 (-0.1%) │ Target: $34.75  Stop: $8.69  DTE: 3d
      💭 NFLX $106 puts expiring today generated $7.9M premium with 8.2 score i...
      🌍 SPY +0.00%  QQQ +0.00%  VIX 18.3

  🔴 #19 SPY260515P00755000  [▶ OPEN]
      Entry: $22.60 │ Bid: $20.59  Mid: $20.66  Ask: $20.72
      P&L: $-194.50 (-8.6%) │ Target: $45.20  Stop: $11.30  DTE: 3d
      💭 $1.5M premium accumulated in deep OTM SPY 755 puts expiring today with...
      🌍 SPY +0.00%  QQQ +0.00%  VIX 18.3

  🔴 #20 TSLA260513P00455000  [▶ OPEN]
      Entry: $28.93 │ Bid: $27.80  Mid: $28.10  Ask: $28.40
      P&L: $-82.50 (-2.9%) │ Target: $57.85  Stop: $14.46  DTE: 1d
      💭 $18.8M in put premium with 100% bearish flow bias into a zero-DTE TSLA...
      🌍 SPY +0.00%  QQQ +0.00%  VIX 18.3
  ⏰ EXPIRING SOON — 1 day(s) remaining

  ⏳ Next check in 3 minutes...

  ─────────────────────────────────────────────────────────────────
  📡 POSITION CHECK — 13:24:16 EDT
  ─────────────────────────────────────────────────────────────────

  🔴 #10 SPY260511P00745000  [⏸ TRACKING]
      Entry: $9.88 │ Bid: $6.03  Mid: $6.17  Ask: $6.31
      P&L: $-370.50 (-37.5%) │ Target: $19.75  Stop: $4.94  DTE: -1d
      ⚠️  Stop was triggered — continuing to track for data
      💭 HIGH SPY put signal — score 8.0, $4.4M premium, 3 DTE, bearish thesis....
      🌍 SPY +0.00%  QQQ +0.00%  VIX 18.3

  ⏰ CONTRACT EXPIRED — auto-closing #10

  🔴 #11 TSLA260511P00425000  [⏸ TRACKING]
      Entry: $7.83 │ Bid: $0.00  Mid: $0.02  Ask: $0.01
      P&L: $-780.50 (-99.7%) │ Target: $15.65  Stop: $3.91  DTE: -1d
      ⚠️  Stop was triggered — continuing to track for data
      💭 HIGH TSLA put signal — score 5.62, $1.6M premium, 3 DTE, bearish thesi...
      🌍 SPY +0.00%  QQQ +0.00%  VIX 18.3

  ⏰ CONTRACT EXPIRED — auto-closing #11

  🔴 #13 TSLA260511P00430000  [⏸ TRACKING]
      Entry: $7.33 │ Bid: $0.00  Mid: $0.01  Ask: $0.01
      P&L: $-731.50 (-99.9%) │ Target: $14.65  Stop: $3.66  DTE: -1d
      ⚠️  Stop was triggered — continuing to track for data
      💭 $2.8M premium on TSLA puts with 100% bearish flow and 8.0 score warran...
      🌍 SPY +0.00%  QQQ +0.00%  VIX 18.3

  ⏰ CONTRACT EXPIRED — auto-closing #13

  🔴 #14 TSLA260513P00430000  [⏸ TRACKING]
      Entry: $11.70 │ Bid: $6.80  Mid: $6.88  Ask: $6.95
      P&L: $-482.50 (-41.2%) │ Target: $23.40  Stop: $5.85  DTE: 1d
      ⚠️  Stop was triggered — continuing to track for data
      💭 $1.1M premium on TSLA 430 puts expiring today with 100% bearish flow a...
      🌍 SPY +0.00%  QQQ +0.00%  VIX 18.3

  🟢 #15 AMD260515P00457500  [⏸ TRACKING]
      Entry: $22.60 │ Bid: $25.20  Mid: $25.52  Ask: $25.85
      P&L: +$292.50 (+12.9%) │ Target: $45.20  Stop: $11.30  DTE: 3d
      ⚠️  Stop was triggered — continuing to track for data
      💭 $2.0M premium in AMD puts expiring today with 100% bearish flow and 8....
      🌍 SPY +0.00%  QQQ +0.00%  VIX 18.3

  🔴 #16 QQQ260511P00706000  [⏸ TRACKING]
      Entry: $2.11 │ Bid: $0.01  Mid: $0.02  Ask: $0.03
      P&L: $-209.00 (-99.0%) │ Target: $4.22  Stop: $1.05  DTE: -1d
      ⚠️  Stop was triggered — continuing to track for data
      💭 QQQ put with $1.8M premium and 8.0 score expiring today in 100% bearis...
      🌍 SPY +0.00%  QQQ +0.00%  VIX 18.3

  ⏰ CONTRACT EXPIRED — auto-closing #16

  🔴 #17 TSLA260515P00427500  [⏸ TRACKING]
      Entry: $11.00 │ Bid: $8.95  Mid: $9.00  Ask: $9.05
      P&L: $-200.00 (-18.2%) │ Target: $22.00  Stop: $5.50  DTE: 3d
      ⚠️  Stop was triggered — continuing to track for data
      💭 $6M premium on TSLA puts with 8.8 score and 100% bearish flow concentr...
      🌍 SPY +0.00%  QQQ +0.00%  VIX 18.3

  🔴 #18 NFLX260515P00106000  [▶ OPEN]
      Entry: $17.38 │ Bid: $16.65  Mid: $17.35  Ask: $18.05
      P&L: $-2.50 (-0.1%) │ Target: $34.75  Stop: $8.69  DTE: 3d
      💭 NFLX $106 puts expiring today generated $7.9M premium with 8.2 score i...
      🌍 SPY +0.00%  QQQ +0.00%  VIX 18.3

  🔴 #19 SPY260515P00755000  [▶ OPEN]
      Entry: $22.60 │ Bid: $20.06  Mid: $20.14  Ask: $20.21
      P&L: $-246.50 (-10.9%) │ Target: $45.20  Stop: $11.30  DTE: 3d
      💭 $1.5M premium accumulated in deep OTM SPY 755 puts expiring today with...
      🌍 SPY +0.00%  QQQ +0.00%  VIX 18.3

  🔴 #20 TSLA260513P00455000  [▶ OPEN]
      Entry: $28.93 │ Bid: $27.15  Mid: $27.48  Ask: $27.80
      P&L: $-145.00 (-5.0%) │ Target: $57.85  Stop: $14.46  DTE: 1d
      💭 $18.8M in put premium with 100% bearish flow bias into a zero-DTE TSLA...
      🌍 SPY +0.00%  QQQ +0.00%  VIX 18.3
  ⏰ EXPIRING SOON — 1 day(s) remaining

  🟢 #21 QQQ260513C00707000  [▶ OPEN]
      Entry: $1.25 │ Bid: $1.31  Mid: $1.32  Ask: $1.33
      P&L: +$6.50 (+5.2%) │ Target: $2.51  Stop: $0.63  DTE: 1d
      💭 $1.2M premium on QQQ calls with 100% bullish flow bias and 7.68 score ...
      🌍 SPY +0.00%  QQQ +0.00%  VIX 18.3
  ⏰ EXPIRING SOON — 1 day(s) remaining

  ⏳ Next check in 3 minutes...

  ─────────────────────────────────────────────────────────────────
  📡 POSITION CHECK — 13:27:18 EDT
  ─────────────────────────────────────────────────────────────────

  🔴 #10 SPY260511P00745000  [⏸ TRACKING]
      Entry: $9.88 │ Bid: $6.03  Mid: $6.17  Ask: $6.31
      P&L: $-370.50 (-37.5%) │ Target: $19.75  Stop: $4.94  DTE: -1d
      ⚠️  Stop was triggered — continuing to track for data
      💭 HIGH SPY put signal — score 8.0, $4.4M premium, 3 DTE, bearish thesis....
      🌍 SPY +0.00%  QQQ +0.00%  VIX 18.3

  ⏰ CONTRACT EXPIRED — auto-closing #10

  🔴 #11 TSLA260511P00425000  [⏸ TRACKING]
      Entry: $7.83 │ Bid: $0.00  Mid: $0.02  Ask: $0.01
      P&L: $-780.50 (-99.7%) │ Target: $15.65  Stop: $3.91  DTE: -1d
      ⚠️  Stop was triggered — continuing to track for data
      💭 HIGH TSLA put signal — score 5.62, $1.6M premium, 3 DTE, bearish thesi...
      🌍 SPY +0.00%  QQQ +0.00%  VIX 18.3

  ⏰ CONTRACT EXPIRED — auto-closing #11

  🔴 #13 TSLA260511P00430000  [⏸ TRACKING]
      Entry: $7.33 │ Bid: $0.00  Mid: $0.01  Ask: $0.01
      P&L: $-731.50 (-99.9%) │ Target: $14.65  Stop: $3.66  DTE: -1d
      ⚠️  Stop was triggered — continuing to track for data
      💭 $2.8M premium on TSLA puts with 100% bearish flow and 8.0 score warran...
      🌍 SPY +0.00%  QQQ +0.00%  VIX 18.3

  ⏰ CONTRACT EXPIRED — auto-closing #13

  🔴 #14 TSLA260513P00430000  [⏸ TRACKING]
      Entry: $11.70 │ Bid: $7.85  Mid: $7.90  Ask: $7.95
      P&L: $-380.00 (-32.5%) │ Target: $23.40  Stop: $5.85  DTE: 1d
      ⚠️  Stop was triggered — continuing to track for data
      💭 $1.1M premium on TSLA 430 puts expiring today with 100% bearish flow a...
      🌍 SPY +0.00%  QQQ +0.00%  VIX 18.3

  🟢 #15 AMD260515P00457500  [⏸ TRACKING]
      Entry: $22.60 │ Bid: $26.85  Mid: $27.23  Ask: $27.60
      P&L: +$462.50 (+20.5%) │ Target: $45.20  Stop: $11.30  DTE: 3d
      ⚠️  Stop was triggered — continuing to track for data
      💭 $2.0M premium in AMD puts expiring today with 100% bearish flow and 8....
      🌍 SPY +0.00%  QQQ +0.00%  VIX 18.3

  🔴 #16 QQQ260511P00706000  [⏸ TRACKING]
      Entry: $2.11 │ Bid: $0.01  Mid: $0.02  Ask: $0.03
      P&L: $-209.00 (-99.0%) │ Target: $4.22  Stop: $1.05  DTE: -1d
      ⚠️  Stop was triggered — continuing to track for data
      💭 QQQ put with $1.8M premium and 8.0 score expiring today in 100% bearis...
      🌍 SPY +0.00%  QQQ +0.00%  VIX 18.3

  ⏰ CONTRACT EXPIRED — auto-closing #16

  🔴 #17 TSLA260515P00427500  [⏸ TRACKING]
      Entry: $11.00 │ Bid: $9.80  Mid: $9.85  Ask: $9.90
      P&L: $-115.00 (-10.4%) │ Target: $22.00  Stop: $5.50  DTE: 3d
      ⚠️  Stop was triggered — continuing to track for data
      💭 $6M premium on TSLA puts with 8.8 score and 100% bearish flow concentr...
      🌍 SPY +0.00%  QQQ +0.00%  VIX 18.3

  🔴 #18 NFLX260515P00106000  [▶ OPEN]
      Entry: $17.38 │ Bid: $16.65  Mid: $17.35  Ask: $18.05
      P&L: $-2.50 (-0.1%) │ Target: $34.75  Stop: $8.69  DTE: 3d
      💭 NFLX $106 puts expiring today generated $7.9M premium with 8.2 score i...
      🌍 SPY +0.00%  QQQ +0.00%  VIX 18.3

  🔴 #19 SPY260515P00755000  [▶ OPEN]
      Entry: $22.60 │ Bid: $20.43  Mid: $20.50  Ask: $20.56
      P&L: $-210.50 (-9.3%) │ Target: $45.20  Stop: $11.30  DTE: 3d
      💭 $1.5M premium accumulated in deep OTM SPY 755 puts expiring today with...
      🌍 SPY +0.00%  QQQ +0.00%  VIX 18.3

  🟢 #20 TSLA260513P00455000  [▶ OPEN]
      Entry: $28.93 │ Bid: $28.80  Mid: $29.10  Ask: $29.40
      P&L: +$17.50 (+0.6%) │ Target: $57.85  Stop: $14.46  DTE: 1d
      💭 $18.8M in put premium with 100% bearish flow bias into a zero-DTE TSLA...
      🌍 SPY +0.00%  QQQ +0.00%  VIX 18.3
  ⏰ EXPIRING SOON — 1 day(s) remaining

  🔴 #21 QQQ260513C00707000  [▶ OPEN]
      Entry: $1.25 │ Bid: $1.12  Mid: $1.12  Ask: $1.13
      P&L: $-13.00 (-10.4%) │ Target: $2.51  Stop: $0.63  DTE: 1d
      💭 $1.2M premium on QQQ calls with 100% bullish flow bias and 7.68 score ...
      🌍 SPY +0.00%  QQQ +0.00%  VIX 18.3
  ⏰ EXPIRING SOON — 1 day(s) remaining

  ⏳ Next check in 3 minutes...

  ─────────────────────────────────────────────────────────────────
  📡 POSITION CHECK — 13:30:20 EDT
  ─────────────────────────────────────────────────────────────────

  🔴 #10 SPY260511P00745000  [⏸ TRACKING]
      Entry: $9.88 │ Bid: $6.03  Mid: $6.17  Ask: $6.31
      P&L: $-370.50 (-37.5%) │ Target: $19.75  Stop: $4.94  DTE: -1d
      ⚠️  Stop was triggered — continuing to track for data
      💭 HIGH SPY put signal — score 8.0, $4.4M premium, 3 DTE, bearish thesis....
      🌍 SPY +0.00%  QQQ +0.00%  VIX 18.4

  ⏰ CONTRACT EXPIRED — auto-closing #10

  🔴 #11 TSLA260511P00425000  [⏸ TRACKING]
      Entry: $7.83 │ Bid: $0.00  Mid: $0.02  Ask: $0.01
      P&L: $-780.50 (-99.7%) │ Target: $15.65  Stop: $3.91  DTE: -1d
      ⚠️  Stop was triggered — continuing to track for data
      💭 HIGH TSLA put signal — score 5.62, $1.6M premium, 3 DTE, bearish thesi...
      🌍 SPY +0.00%  QQQ +0.00%  VIX 18.4

  ⏰ CONTRACT EXPIRED — auto-closing #11

  🔴 #13 TSLA260511P00430000  [⏸ TRACKING]
      Entry: $7.33 │ Bid: $0.00  Mid: $0.01  Ask: $0.01
      P&L: $-731.50 (-99.9%) │ Target: $14.65  Stop: $3.66  DTE: -1d
      ⚠️  Stop was triggered — continuing to track for data
      💭 $2.8M premium on TSLA puts with 100% bearish flow and 8.0 score warran...
      🌍 SPY +0.00%  QQQ +0.00%  VIX 18.4

  ⏰ CONTRACT EXPIRED — auto-closing #13

  🔴 #14 TSLA260513P00430000  [⏸ TRACKING]
      Entry: $11.70 │ Bid: $7.45  Mid: $7.50  Ask: $7.55
      P&L: $-420.00 (-35.9%) │ Target: $23.40  Stop: $5.85  DTE: 1d
      ⚠️  Stop was triggered — continuing to track for data
      💭 $1.1M premium on TSLA 430 puts expiring today with 100% bearish flow a...
      🌍 SPY +0.00%  QQQ +0.00%  VIX 18.4

  🟢 #15 AMD260515P00457500  [⏸ TRACKING]
      Entry: $22.60 │ Bid: $25.65  Mid: $26.00  Ask: $26.35
      P&L: +$340.00 (+15.0%) │ Target: $45.20  Stop: $11.30  DTE: 3d
      ⚠️  Stop was triggered — continuing to track for data
      💭 $2.0M premium in AMD puts expiring today with 100% bearish flow and 8....
      🌍 SPY +0.00%  QQQ +0.00%  VIX 18.4

  🔴 #16 QQQ260511P00706000  [⏸ TRACKING]
      Entry: $2.11 │ Bid: $0.01  Mid: $0.02  Ask: $0.03
      P&L: $-209.00 (-99.0%) │ Target: $4.22  Stop: $1.05  DTE: -1d
      ⚠️  Stop was triggered — continuing to track for data
      💭 QQQ put with $1.8M premium and 8.0 score expiring today in 100% bearis...
      🌍 SPY +0.00%  QQQ +0.00%  VIX 18.4

  ⏰ CONTRACT EXPIRED — auto-closing #16

  🔴 #17 TSLA260515P00427500  [⏸ TRACKING]
      Entry: $11.00 │ Bid: $9.50  Mid: $9.55  Ask: $9.60
      P&L: $-145.00 (-13.2%) │ Target: $22.00  Stop: $5.50  DTE: 3d
      ⚠️  Stop was triggered — continuing to track for data
      💭 $6M premium on TSLA puts with 8.8 score and 100% bearish flow concentr...
      🌍 SPY +0.00%  QQQ +0.00%  VIX 18.4

  🔴 #18 NFLX260515P00106000  [▶ OPEN]
      Entry: $17.38 │ Bid: $16.65  Mid: $17.35  Ask: $18.05
      P&L: $-2.50 (-0.1%) │ Target: $34.75  Stop: $8.69  DTE: 3d
      💭 NFLX $106 puts expiring today generated $7.9M premium with 8.2 score i...
      🌍 SPY +0.00%  QQQ +0.00%  VIX 18.4

  🔴 #19 SPY260515P00755000  [▶ OPEN]
      Entry: $22.60 │ Bid: $20.73  Mid: $20.80  Ask: $20.87
      P&L: $-180.00 (-8.0%) │ Target: $45.20  Stop: $11.30  DTE: 3d
      💭 $1.5M premium accumulated in deep OTM SPY 755 puts expiring today with...
      🌍 SPY +0.00%  QQQ +0.00%  VIX 18.4

  🔴 #20 TSLA260513P00455000  [▶ OPEN]
      Entry: $28.93 │ Bid: $28.00  Mid: $28.45  Ask: $28.90
      P&L: $-47.50 (-1.6%) │ Target: $57.85  Stop: $14.46  DTE: 1d
      💭 $18.8M in put premium with 100% bearish flow bias into a zero-DTE TSLA...
      🌍 SPY +0.00%  QQQ +0.00%  VIX 18.4
  ⏰ EXPIRING SOON — 1 day(s) remaining

  🔴 #21 QQQ260513C00707000  [▶ OPEN]
      Entry: $1.25 │ Bid: $1.07  Mid: $1.07  Ask: $1.08
      P&L: $-18.00 (-14.3%) │ Target: $2.51  Stop: $0.63  DTE: 1d
      💭 $1.2M premium on QQQ calls with 100% bullish flow bias and 7.68 score ...
      🌍 SPY +0.00%  QQQ +0.00%  VIX 18.4
  ⏰ EXPIRING SOON — 1 day(s) remaining

  🟢 #22 CRM260605C00100000  [▶ OPEN]
      Entry: $72.58 │ Bid: $71.35  Mid: $72.58  Ask: $73.80
      P&L: +$0.00 (+0.0%) │ Target: $145.15  Stop: $14.52  DTE: 24d
      💭 CRM $100 calls expiring today show $1.0M premium with 7.53 score in 10...
      🌍 SPY +0.00%  QQQ +0.00%  VIX 18.4

  ⏳ Next check in 3 minutes...

  ─────────────────────────────────────────────────────────────────
  📡 POSITION CHECK — 13:33:21 EDT
  ─────────────────────────────────────────────────────────────────

  🔴 #10 SPY260511P00745000  [⏸ TRACKING]
      Entry: $9.88 │ Bid: $6.03  Mid: $6.17  Ask: $6.31
      P&L: $-370.50 (-37.5%) │ Target: $19.75  Stop: $4.94  DTE: -1d
      ⚠️  Stop was triggered — continuing to track for data
      💭 HIGH SPY put signal — score 8.0, $4.4M premium, 3 DTE, bearish thesis....
      🌍 SPY +0.00%  QQQ +0.00%  VIX 18.3

  ⏰ CONTRACT EXPIRED — auto-closing #10

  🔴 #11 TSLA260511P00425000  [⏸ TRACKING]
      Entry: $7.83 │ Bid: $0.00  Mid: $0.02  Ask: $0.01
      P&L: $-780.50 (-99.7%) │ Target: $15.65  Stop: $3.91  DTE: -1d
      ⚠️  Stop was triggered — continuing to track for data
      💭 HIGH TSLA put signal — score 5.62, $1.6M premium, 3 DTE, bearish thesi...
      🌍 SPY +0.00%  QQQ +0.00%  VIX 18.3

  ⏰ CONTRACT EXPIRED — auto-closing #11

  🔴 #13 TSLA260511P00430000  [⏸ TRACKING]
      Entry: $7.33 │ Bid: $0.00  Mid: $0.01  Ask: $0.01
      P&L: $-731.50 (-99.9%) │ Target: $14.65  Stop: $3.66  DTE: -1d
      ⚠️  Stop was triggered — continuing to track for data
      💭 $2.8M premium on TSLA puts with 100% bearish flow and 8.0 score warran...
      🌍 SPY +0.00%  QQQ +0.00%  VIX 18.3

  ⏰ CONTRACT EXPIRED — auto-closing #13

  🔴 #14 TSLA260513P00430000  [⏸ TRACKING]
      Entry: $11.70 │ Bid: $7.45  Mid: $7.50  Ask: $7.55
      P&L: $-420.00 (-35.9%) │ Target: $23.40  Stop: $5.85  DTE: 1d
      ⚠️  Stop was triggered — continuing to track for data
      💭 $1.1M premium on TSLA 430 puts expiring today with 100% bearish flow a...
      🌍 SPY +0.00%  QQQ +0.00%  VIX 18.3

  🟢 #15 AMD260515P00457500  [⏸ TRACKING]
      Entry: $22.60 │ Bid: $25.90  Mid: $26.18  Ask: $26.45
      P&L: +$357.50 (+15.8%) │ Target: $45.20  Stop: $11.30  DTE: 3d
      ⚠️  Stop was triggered — continuing to track for data
      💭 $2.0M premium in AMD puts expiring today with 100% bearish flow and 8....
      🌍 SPY +0.00%  QQQ +0.00%  VIX 18.3

  🔴 #16 QQQ260511P00706000  [⏸ TRACKING]
      Entry: $2.11 │ Bid: $0.01  Mid: $0.02  Ask: $0.03
      P&L: $-209.00 (-99.0%) │ Target: $4.22  Stop: $1.05  DTE: -1d
      ⚠️  Stop was triggered — continuing to track for data
      💭 QQQ put with $1.8M premium and 8.0 score expiring today in 100% bearis...
      🌍 SPY +0.00%  QQQ +0.00%  VIX 18.3

  ⏰ CONTRACT EXPIRED — auto-closing #16

  🔴 #17 TSLA260515P00427500  [⏸ TRACKING]
      Entry: $11.00 │ Bid: $9.45  Mid: $9.50  Ask: $9.55
      P&L: $-150.00 (-13.6%) │ Target: $22.00  Stop: $5.50  DTE: 3d
      ⚠️  Stop was triggered — continuing to track for data
      💭 $6M premium on TSLA puts with 8.8 score and 100% bearish flow concentr...
      🌍 SPY +0.00%  QQQ +0.00%  VIX 18.3

  🔴 #18 NFLX260515P00106000  [▶ OPEN]
      Entry: $17.38 │ Bid: $16.65  Mid: $17.35  Ask: $18.05
      P&L: $-2.50 (-0.1%) │ Target: $34.75  Stop: $8.69  DTE: 3d
      💭 NFLX $106 puts expiring today generated $7.9M premium with 8.2 score i...
      🌍 SPY +0.00%  QQQ +0.00%  VIX 18.3

  🔴 #19 SPY260515P00755000  [▶ OPEN]
      Entry: $22.60 │ Bid: $20.23  Mid: $20.30  Ask: $20.36
      P&L: $-230.50 (-10.2%) │ Target: $45.20  Stop: $11.30  DTE: 3d
      💭 $1.5M premium accumulated in deep OTM SPY 755 puts expiring today with...
      🌍 SPY +0.00%  QQQ +0.00%  VIX 18.3

  🔴 #20 TSLA260513P00455000  [▶ OPEN]
      Entry: $28.93 │ Bid: $28.10  Mid: $28.35  Ask: $28.60
      P&L: $-57.50 (-2.0%) │ Target: $57.85  Stop: $14.46  DTE: 1d
      💭 $18.8M in put premium with 100% bearish flow bias into a zero-DTE TSLA...
      🌍 SPY +0.00%  QQQ +0.00%  VIX 18.3
  ⏰ EXPIRING SOON — 1 day(s) remaining

  🔴 #21 QQQ260513C00707000  [▶ OPEN]
      Entry: $1.25 │ Bid: $1.16  Mid: $1.17  Ask: $1.17
      P&L: $-9.00 (-7.2%) │ Target: $2.51  Stop: $0.63  DTE: 1d
      💭 $1.2M premium on QQQ calls with 100% bullish flow bias and 7.68 score ...
      🌍 SPY +0.00%  QQQ +0.00%  VIX 18.3
  ⏰ EXPIRING SOON — 1 day(s) remaining

  🔴 #22 CRM260605C00100000  [▶ OPEN]
      Entry: $72.58 │ Bid: $71.40  Mid: $72.12  Ask: $72.85
      P&L: $-45.00 (-0.6%) │ Target: $145.15  Stop: $14.52  DTE: 24d
      💭 CRM $100 calls expiring today show $1.0M premium with 7.53 score in 10...
      🌍 SPY +0.00%  QQQ +0.00%  VIX 18.3

  ⏳ Next check in 3 minutes...

  ─────────────────────────────────────────────────────────────────
  📡 POSITION CHECK — 13:36:22 EDT
  ─────────────────────────────────────────────────────────────────

  🔴 #10 SPY260511P00745000  [⏸ TRACKING]
      Entry: $9.88 │ Bid: $6.03  Mid: $6.17  Ask: $6.31
      P&L: $-370.50 (-37.5%) │ Target: $19.75  Stop: $4.94  DTE: -1d
      ⚠️  Stop was triggered — continuing to track for data
      💭 HIGH SPY put signal — score 8.0, $4.4M premium, 3 DTE, bearish thesis....
      🌍 SPY +0.00%  QQQ +0.00%  VIX 18.3

  ⏰ CONTRACT EXPIRED — auto-closing #10

  🔴 #11 TSLA260511P00425000  [⏸ TRACKING]
      Entry: $7.83 │ Bid: $0.00  Mid: $0.02  Ask: $0.01
      P&L: $-780.50 (-99.7%) │ Target: $15.65  Stop: $3.91  DTE: -1d
      ⚠️  Stop was triggered — continuing to track for data
      💭 HIGH TSLA put signal — score 5.62, $1.6M premium, 3 DTE, bearish thesi...
      🌍 SPY +0.00%  QQQ +0.00%  VIX 18.3

  ⏰ CONTRACT EXPIRED — auto-closing #11

  🔴 #13 TSLA260511P00430000  [⏸ TRACKING]
      Entry: $7.33 │ Bid: $0.00  Mid: $0.01  Ask: $0.01
      P&L: $-731.50 (-99.9%) │ Target: $14.65  Stop: $3.66  DTE: -1d
      ⚠️  Stop was triggered — continuing to track for data
      💭 $2.8M premium on TSLA puts with 100% bearish flow and 8.0 score warran...
      🌍 SPY +0.00%  QQQ +0.00%  VIX 18.3

  ⏰ CONTRACT EXPIRED — auto-closing #13

  🔴 #14 TSLA260513P00430000  [⏸ TRACKING]
      Entry: $11.70 │ Bid: $7.10  Mid: $7.15  Ask: $7.20
      P&L: $-455.00 (-38.9%) │ Target: $23.40  Stop: $5.85  DTE: 1d
      ⚠️  Stop was triggered — continuing to track for data
      💭 $1.1M premium on TSLA 430 puts expiring today with 100% bearish flow a...
      🌍 SPY +0.00%  QQQ +0.00%  VIX 18.3

  🟢 #15 AMD260515P00457500  [⏸ TRACKING]
      Entry: $22.60 │ Bid: $25.90  Mid: $26.25  Ask: $26.60
      P&L: +$365.00 (+16.1%) │ Target: $45.20  Stop: $11.30  DTE: 3d
      ⚠️  Stop was triggered — continuing to track for data
      💭 $2.0M premium in AMD puts expiring today with 100% bearish flow and 8....
      🌍 SPY +0.00%  QQQ +0.00%  VIX 18.3

  🔴 #16 QQQ260511P00706000  [⏸ TRACKING]
      Entry: $2.11 │ Bid: $0.01  Mid: $0.02  Ask: $0.03
      P&L: $-209.00 (-99.0%) │ Target: $4.22  Stop: $1.05  DTE: -1d
      ⚠️  Stop was triggered — continuing to track for data
      💭 QQQ put with $1.8M premium and 8.0 score expiring today in 100% bearis...
      🌍 SPY +0.00%  QQQ +0.00%  VIX 18.3

  ⏰ CONTRACT EXPIRED — auto-closing #16

  🔴 #17 TSLA260515P00427500  [⏸ TRACKING]
      Entry: $11.00 │ Bid: $9.15  Mid: $9.22  Ask: $9.30
      P&L: $-177.50 (-16.1%) │ Target: $22.00  Stop: $5.50  DTE: 3d
      ⚠️  Stop was triggered — continuing to track for data
      💭 $6M premium on TSLA puts with 8.8 score and 100% bearish flow concentr...
      🌍 SPY +0.00%  QQQ +0.00%  VIX 18.3

  🔴 #18 NFLX260515P00106000  [▶ OPEN]
      Entry: $17.38 │ Bid: $16.65  Mid: $17.35  Ask: $18.05
      P&L: $-2.50 (-0.1%) │ Target: $34.75  Stop: $8.69  DTE: 3d
      💭 NFLX $106 puts expiring today generated $7.9M premium with 8.2 score i...
      🌍 SPY +0.00%  QQQ +0.00%  VIX 18.3

  🔴 #19 SPY260515P00755000  [▶ OPEN]
      Entry: $22.60 │ Bid: $20.31  Mid: $20.38  Ask: $20.44
      P&L: $-222.50 (-9.8%) │ Target: $45.20  Stop: $11.30  DTE: 3d
      💭 $1.5M premium accumulated in deep OTM SPY 755 puts expiring today with...
      🌍 SPY +0.00%  QQQ +0.00%  VIX 18.3

  🔴 #20 TSLA260513P00455000  [▶ OPEN]
      Entry: $28.93 │ Bid: $27.65  Mid: $27.95  Ask: $28.25
      P&L: $-97.50 (-3.4%) │ Target: $57.85  Stop: $14.46  DTE: 1d
      💭 $18.8M in put premium with 100% bearish flow bias into a zero-DTE TSLA...
      🌍 SPY +0.00%  QQQ +0.00%  VIX 18.3
  ⏰ EXPIRING SOON — 1 day(s) remaining

  🔴 #21 QQQ260513C00707000  [▶ OPEN]
      Entry: $1.25 │ Bid: $1.18  Mid: $1.19  Ask: $1.19
      P&L: $-7.00 (-5.6%) │ Target: $2.51  Stop: $0.63  DTE: 1d
      💭 $1.2M premium on QQQ calls with 100% bullish flow bias and 7.68 score ...
      🌍 SPY +0.00%  QQQ +0.00%  VIX 18.3
  ⏰ EXPIRING SOON — 1 day(s) remaining

  🔴 #22 CRM260605C00100000  [▶ OPEN]
      Entry: $72.58 │ Bid: $71.40  Mid: $72.35  Ask: $73.30
      P&L: $-22.50 (-0.3%) │ Target: $145.15  Stop: $14.52  DTE: 24d
      💭 CRM $100 calls expiring today show $1.0M premium with 7.53 score in 10...
      🌍 SPY +0.00%  QQQ +0.00%  VIX 18.3

  🔴 #23 QQQ260513C00709000  [▶ OPEN]
      Entry: $0.80 │ Bid: $0.77  Mid: $0.78  Ask: $0.78
      P&L: $-2.00 (-2.5%) │ Target: $1.59  Stop: $0.40  DTE: 1d
      💭 $1.2M bullish call premium on QQQ expiration with 100% call-to-put flo...
      🌍 SPY +0.00%  QQQ +0.00%  VIX 18.3
  ⏰ EXPIRING SOON — 1 day(s) remaining

  ⏳ Next check in 3 minutes...

  ─────────────────────────────────────────────────────────────────
  📡 POSITION CHECK — 13:39:24 EDT
  ─────────────────────────────────────────────────────────────────

  🔴 #10 SPY260511P00745000  [⏸ TRACKING]
      Entry: $9.88 │ Bid: $6.03  Mid: $6.17  Ask: $6.31
      P&L: $-370.50 (-37.5%) │ Target: $19.75  Stop: $4.94  DTE: -1d
      ⚠️  Stop was triggered — continuing to track for data
      💭 HIGH SPY put signal — score 8.0, $4.4M premium, 3 DTE, bearish thesis....
      🌍 SPY +0.00%  QQQ +0.00%  VIX 18.4

  ⏰ CONTRACT EXPIRED — auto-closing #10

  🔴 #11 TSLA260511P00425000  [⏸ TRACKING]
      Entry: $7.83 │ Bid: $0.00  Mid: $0.02  Ask: $0.01
      P&L: $-780.50 (-99.7%) │ Target: $15.65  Stop: $3.91  DTE: -1d
      ⚠️  Stop was triggered — continuing to track for data
      💭 HIGH TSLA put signal — score 5.62, $1.6M premium, 3 DTE, bearish thesi...
      🌍 SPY +0.00%  QQQ +0.00%  VIX 18.4

  ⏰ CONTRACT EXPIRED — auto-closing #11

  🔴 #13 TSLA260511P00430000  [⏸ TRACKING]
      Entry: $7.33 │ Bid: $0.00  Mid: $0.01  Ask: $0.01
      P&L: $-731.50 (-99.9%) │ Target: $14.65  Stop: $3.66  DTE: -1d
      ⚠️  Stop was triggered — continuing to track for data
      💭 $2.8M premium on TSLA puts with 100% bearish flow and 8.0 score warran...
      🌍 SPY +0.00%  QQQ +0.00%  VIX 18.4

  ⏰ CONTRACT EXPIRED — auto-closing #13

  🔴 #14 TSLA260513P00430000  [⏸ TRACKING]
      Entry: $11.70 │ Bid: $7.20  Mid: $7.28  Ask: $7.35
      P&L: $-442.50 (-37.8%) │ Target: $23.40  Stop: $5.85  DTE: 1d
      ⚠️  Stop was triggered — continuing to track for data
      💭 $1.1M premium on TSLA 430 puts expiring today with 100% bearish flow a...
      🌍 SPY +0.00%  QQQ +0.00%  VIX 18.4

  🟢 #15 AMD260515P00457500  [⏸ TRACKING]
      Entry: $22.60 │ Bid: $26.50  Mid: $26.75  Ask: $27.00
      P&L: +$415.00 (+18.4%) │ Target: $45.20  Stop: $11.30  DTE: 3d
      ⚠️  Stop was triggered — continuing to track for data
      💭 $2.0M premium in AMD puts expiring today with 100% bearish flow and 8....
      🌍 SPY +0.00%  QQQ +0.00%  VIX 18.4

  🔴 #16 QQQ260511P00706000  [⏸ TRACKING]
      Entry: $2.11 │ Bid: $0.01  Mid: $0.02  Ask: $0.03
      P&L: $-209.00 (-99.0%) │ Target: $4.22  Stop: $1.05  DTE: -1d
      ⚠️  Stop was triggered — continuing to track for data
      💭 QQQ put with $1.8M premium and 8.0 score expiring today in 100% bearis...
      🌍 SPY +0.00%  QQQ +0.00%  VIX 18.4

  ⏰ CONTRACT EXPIRED — auto-closing #16

  🔴 #17 TSLA260515P00427500  [⏸ TRACKING]
      Entry: $11.00 │ Bid: $9.25  Mid: $9.32  Ask: $9.40
      P&L: $-167.50 (-15.2%) │ Target: $22.00  Stop: $5.50  DTE: 3d
      ⚠️  Stop was triggered — continuing to track for data
      💭 $6M premium on TSLA puts with 8.8 score and 100% bearish flow concentr...
      🌍 SPY +0.00%  QQQ +0.00%  VIX 18.4

  🔴 #18 NFLX260515P00106000  [▶ OPEN]
      Entry: $17.38 │ Bid: $16.65  Mid: $17.35  Ask: $18.05
      P&L: $-2.50 (-0.1%) │ Target: $34.75  Stop: $8.69  DTE: 3d
      💭 NFLX $106 puts expiring today generated $7.9M premium with 8.2 score i...
      🌍 SPY +0.00%  QQQ +0.00%  VIX 18.4

  🔴 #19 SPY260515P00755000  [▶ OPEN]
      Entry: $22.60 │ Bid: $20.39  Mid: $20.46  Ask: $20.53
      P&L: $-214.00 (-9.5%) │ Target: $45.20  Stop: $11.30  DTE: 3d
      💭 $1.5M premium accumulated in deep OTM SPY 755 puts expiring today with...
      🌍 SPY +0.00%  QQQ +0.00%  VIX 18.4

  🔴 #20 TSLA260513P00455000  [▶ OPEN]
      Entry: $28.93 │ Bid: $27.90  Mid: $28.20  Ask: $28.50
      P&L: $-72.50 (-2.5%) │ Target: $57.85  Stop: $14.46  DTE: 1d
      💭 $18.8M in put premium with 100% bearish flow bias into a zero-DTE TSLA...
      🌍 SPY +0.00%  QQQ +0.00%  VIX 18.4
  ⏰ EXPIRING SOON — 1 day(s) remaining

  🔴 #21 QQQ260513C00707000  [▶ OPEN]
      Entry: $1.25 │ Bid: $1.09  Mid: $1.09  Ask: $1.10
      P&L: $-16.00 (-12.8%) │ Target: $2.51  Stop: $0.63  DTE: 1d
      💭 $1.2M premium on QQQ calls with 100% bullish flow bias and 7.68 score ...
      🌍 SPY +0.00%  QQQ +0.00%  VIX 18.4
  ⏰ EXPIRING SOON — 1 day(s) remaining

  🔴 #22 CRM260605C00100000  [▶ OPEN]
      Entry: $72.58 │ Bid: $71.40  Mid: $72.35  Ask: $73.30
      P&L: $-22.50 (-0.3%) │ Target: $145.15  Stop: $14.52  DTE: 24d
      💭 CRM $100 calls expiring today show $1.0M premium with 7.53 score in 10...
      🌍 SPY +0.00%  QQQ +0.00%  VIX 18.4

  🔴 #23 QQQ260513C00709000  [▶ OPEN]
      Entry: $0.80 │ Bid: $0.71  Mid: $0.71  Ask: $0.72
      P&L: $-8.00 (-10.1%) │ Target: $1.59  Stop: $0.40  DTE: 1d
      💭 $1.2M bullish call premium on QQQ expiration with 100% call-to-put flo...
      🌍 SPY +0.00%  QQQ +0.00%  VIX 18.4
  ⏰ EXPIRING SOON — 1 day(s) remaining

  🔴 #24 NVDA260513C00145000  [▶ OPEN]
      Entry: $72.97 │ Bid: $70.75  Mid: $72.95  Ask: $75.15
      P&L: $-2.50 (-0.0%) │ Target: $145.95  Stop: $36.49  DTE: 1d
      💭 NVDA $145 calls expiring today with $954K premium and 100% bullish flo...
      🌍 SPY +0.00%  QQQ +0.00%  VIX 18.4
  ⏰ EXPIRING SOON — 1 day(s) remaining

  ⏳ Next check in 3 minutes...

  ─────────────────────────────────────────────────────────────────
  📡 POSITION CHECK — 13:42:25 EDT
  ─────────────────────────────────────────────────────────────────

  🔴 #10 SPY260511P00745000  [⏸ TRACKING]
      Entry: $9.88 │ Bid: $6.03  Mid: $6.17  Ask: $6.31
      P&L: $-370.50 (-37.5%) │ Target: $19.75  Stop: $4.94  DTE: -1d
      ⚠️  Stop was triggered — continuing to track for data
      💭 HIGH SPY put signal — score 8.0, $4.4M premium, 3 DTE, bearish thesis....
      🌍 SPY +0.00%  QQQ +0.00%  VIX 18.3

  ⏰ CONTRACT EXPIRED — auto-closing #10

  🔴 #11 TSLA260511P00425000  [⏸ TRACKING]
      Entry: $7.83 │ Bid: $0.00  Mid: $0.02  Ask: $0.01
      P&L: $-780.50 (-99.7%) │ Target: $15.65  Stop: $3.91  DTE: -1d
      ⚠️  Stop was triggered — continuing to track for data
      💭 HIGH TSLA put signal — score 5.62, $1.6M premium, 3 DTE, bearish thesi...
      🌍 SPY +0.00%  QQQ +0.00%  VIX 18.3

  ⏰ CONTRACT EXPIRED — auto-closing #11

  🔴 #13 TSLA260511P00430000  [⏸ TRACKING]
      Entry: $7.33 │ Bid: $0.00  Mid: $0.01  Ask: $0.01
      P&L: $-731.50 (-99.9%) │ Target: $14.65  Stop: $3.66  DTE: -1d
      ⚠️  Stop was triggered — continuing to track for data
      💭 $2.8M premium on TSLA puts with 100% bearish flow and 8.0 score warran...
      🌍 SPY +0.00%  QQQ +0.00%  VIX 18.3

  ⏰ CONTRACT EXPIRED — auto-closing #13

  🔴 #14 TSLA260513P00430000  [⏸ TRACKING]
      Entry: $11.70 │ Bid: $7.10  Mid: $7.15  Ask: $7.20
      P&L: $-455.00 (-38.9%) │ Target: $23.40  Stop: $5.85  DTE: 1d
      ⚠️  Stop was triggered — continuing to track for data
      💭 $1.1M premium on TSLA 430 puts expiring today with 100% bearish flow a...
      🌍 SPY +0.00%  QQQ +0.00%  VIX 18.3

  🟢 #15 AMD260515P00457500  [⏸ TRACKING]
      Entry: $22.60 │ Bid: $26.25  Mid: $26.60  Ask: $26.95
      P&L: +$400.00 (+17.7%) │ Target: $45.20  Stop: $11.30  DTE: 3d
      ⚠️  Stop was triggered — continuing to track for data
      💭 $2.0M premium in AMD puts expiring today with 100% bearish flow and 8....
      🌍 SPY +0.00%  QQQ +0.00%  VIX 18.3

  🔴 #16 QQQ260511P00706000  [⏸ TRACKING]
      Entry: $2.11 │ Bid: $0.01  Mid: $0.02  Ask: $0.03
      P&L: $-209.00 (-99.0%) │ Target: $4.22  Stop: $1.05  DTE: -1d
      ⚠️  Stop was triggered — continuing to track for data
      💭 QQQ put with $1.8M premium and 8.0 score expiring today in 100% bearis...
      🌍 SPY +0.00%  QQQ +0.00%  VIX 18.3

  ⏰ CONTRACT EXPIRED — auto-closing #16

  🔴 #17 TSLA260515P00427500  [⏸ TRACKING]
      Entry: $11.00 │ Bid: $9.15  Mid: $9.22  Ask: $9.30
      P&L: $-177.50 (-16.1%) │ Target: $22.00  Stop: $5.50  DTE: 3d
      ⚠️  Stop was triggered — continuing to track for data
      💭 $6M premium on TSLA puts with 8.8 score and 100% bearish flow concentr...
      🌍 SPY +0.00%  QQQ +0.00%  VIX 18.3

  🔴 #18 NFLX260515P00106000  [▶ OPEN]
      Entry: $17.38 │ Bid: $16.65  Mid: $17.35  Ask: $18.05
      P&L: $-2.50 (-0.1%) │ Target: $34.75  Stop: $8.69  DTE: 3d
      💭 NFLX $106 puts expiring today generated $7.9M premium with 8.2 score i...
      🌍 SPY +0.00%  QQQ +0.00%  VIX 18.3

  🔴 #19 SPY260515P00755000  [▶ OPEN]
      Entry: $22.60 │ Bid: $20.24  Mid: $20.30  Ask: $20.37
      P&L: $-229.50 (-10.2%) │ Target: $45.20  Stop: $11.30  DTE: 3d
      💭 $1.5M premium accumulated in deep OTM SPY 755 puts expiring today with...
      🌍 SPY +0.00%  QQQ +0.00%  VIX 18.3

  🔴 #20 TSLA260513P00455000  [▶ OPEN]
      Entry: $28.93 │ Bid: $27.50  Mid: $27.82  Ask: $28.15
      P&L: $-110.00 (-3.8%) │ Target: $57.85  Stop: $14.46  DTE: 1d
      💭 $18.8M in put premium with 100% bearish flow bias into a zero-DTE TSLA...
      🌍 SPY +0.00%  QQQ +0.00%  VIX 18.3
  ⏰ EXPIRING SOON — 1 day(s) remaining

  🔴 #21 QQQ260513C00707000  [▶ OPEN]
      Entry: $1.25 │ Bid: $1.15  Mid: $1.16  Ask: $1.16
      P&L: $-10.00 (-8.0%) │ Target: $2.51  Stop: $0.63  DTE: 1d
      💭 $1.2M premium on QQQ calls with 100% bullish flow bias and 7.68 score ...
      🌍 SPY +0.00%  QQQ +0.00%  VIX 18.3
  ⏰ EXPIRING SOON — 1 day(s) remaining

  🔴 #22 CRM260605C00100000  [▶ OPEN]
      Entry: $72.58 │ Bid: $71.40  Mid: $72.35  Ask: $73.30
      P&L: $-22.50 (-0.3%) │ Target: $145.15  Stop: $14.52  DTE: 24d
      💭 CRM $100 calls expiring today show $1.0M premium with 7.53 score in 10...
      🌍 SPY +0.00%  QQQ +0.00%  VIX 18.3

  🔴 #23 QQQ260513C00709000  [▶ OPEN]
      Entry: $0.80 │ Bid: $0.75  Mid: $0.76  Ask: $0.77
      P&L: $-3.50 (-4.4%) │ Target: $1.59  Stop: $0.40  DTE: 1d
      💭 $1.2M bullish call premium on QQQ expiration with 100% call-to-put flo...
      🌍 SPY +0.00%  QQQ +0.00%  VIX 18.3
  ⏰ EXPIRING SOON — 1 day(s) remaining

  🟢 #24 NVDA260513C00145000  [▶ OPEN]
      Entry: $72.97 │ Bid: $70.80  Mid: $73.12  Ask: $75.45
      P&L: +$15.00 (+0.2%) │ Target: $145.95  Stop: $36.49  DTE: 1d
      💭 NVDA $145 calls expiring today with $954K premium and 100% bullish flo...
      🌍 SPY +0.00%  QQQ +0.00%  VIX 18.3
  ⏰ EXPIRING SOON — 1 day(s) remaining

  ⏳ Next check in 3 minutes...

  ─────────────────────────────────────────────────────────────────
  📡 POSITION CHECK — 13:45:27 EDT
  ─────────────────────────────────────────────────────────────────

  🔴 #10 SPY260511P00745000  [⏸ TRACKING]
      Entry: $9.88 │ Bid: $6.03  Mid: $6.17  Ask: $6.31
      P&L: $-370.50 (-37.5%) │ Target: $19.75  Stop: $4.94  DTE: -1d
      ⚠️  Stop was triggered — continuing to track for data
      💭 HIGH SPY put signal — score 8.0, $4.4M premium, 3 DTE, bearish thesis....
      🌍 SPY +0.00%  QQQ +0.00%  VIX 18.3

  ⏰ CONTRACT EXPIRED — auto-closing #10

  🔴 #11 TSLA260511P00425000  [⏸ TRACKING]
      Entry: $7.83 │ Bid: $0.00  Mid: $0.02  Ask: $0.01
      P&L: $-780.50 (-99.7%) │ Target: $15.65  Stop: $3.91  DTE: -1d
      ⚠️  Stop was triggered — continuing to track for data
      💭 HIGH TSLA put signal — score 5.62, $1.6M premium, 3 DTE, bearish thesi...
      🌍 SPY +0.00%  QQQ +0.00%  VIX 18.3

  ⏰ CONTRACT EXPIRED — auto-closing #11

  🔴 #13 TSLA260511P00430000  [⏸ TRACKING]
      Entry: $7.33 │ Bid: $0.00  Mid: $0.01  Ask: $0.01
      P&L: $-731.50 (-99.9%) │ Target: $14.65  Stop: $3.66  DTE: -1d
      ⚠️  Stop was triggered — continuing to track for data
      💭 $2.8M premium on TSLA puts with 100% bearish flow and 8.0 score warran...
      🌍 SPY +0.00%  QQQ +0.00%  VIX 18.3

  ⏰ CONTRACT EXPIRED — auto-closing #13

  🔴 #14 TSLA260513P00430000  [⏸ TRACKING]
      Entry: $11.70 │ Bid: $7.40  Mid: $7.47  Ask: $7.55
      P&L: $-422.50 (-36.1%) │ Target: $23.40  Stop: $5.85  DTE: 1d
      ⚠️  Stop was triggered — continuing to track for data
      💭 $1.1M premium on TSLA 430 puts expiring today with 100% bearish flow a...
      🌍 SPY +0.00%  QQQ +0.00%  VIX 18.3

  🟢 #15 AMD260515P00457500  [⏸ TRACKING]
      Entry: $22.60 │ Bid: $26.65  Mid: $26.95  Ask: $27.25
      P&L: +$435.00 (+19.2%) │ Target: $45.20  Stop: $11.30  DTE: 3d
      ⚠️  Stop was triggered — continuing to track for data
      💭 $2.0M premium in AMD puts expiring today with 100% bearish flow and 8....
      🌍 SPY +0.00%  QQQ +0.00%  VIX 18.3

  🔴 #16 QQQ260511P00706000  [⏸ TRACKING]
      Entry: $2.11 │ Bid: $0.01  Mid: $0.02  Ask: $0.03
      P&L: $-209.00 (-99.0%) │ Target: $4.22  Stop: $1.05  DTE: -1d
      ⚠️  Stop was triggered — continuing to track for data
      💭 QQQ put with $1.8M premium and 8.0 score expiring today in 100% bearis...
      🌍 SPY +0.00%  QQQ +0.00%  VIX 18.3

  ⏰ CONTRACT EXPIRED — auto-closing #16

  🔴 #17 TSLA260515P00427500  [⏸ TRACKING]
      Entry: $11.00 │ Bid: $9.45  Mid: $9.50  Ask: $9.55
      P&L: $-150.00 (-13.6%) │ Target: $22.00  Stop: $5.50  DTE: 3d
      ⚠️  Stop was triggered — continuing to track for data
      💭 $6M premium on TSLA puts with 8.8 score and 100% bearish flow concentr...
      🌍 SPY +0.00%  QQQ +0.00%  VIX 18.3

  🔴 #18 NFLX260515P00106000  [▶ OPEN]
      Entry: $17.38 │ Bid: $16.65  Mid: $17.35  Ask: $18.05
      P&L: $-2.50 (-0.1%) │ Target: $34.75  Stop: $8.69  DTE: 3d
      💭 NFLX $106 puts expiring today generated $7.9M premium with 8.2 score i...
      🌍 SPY +0.00%  QQQ +0.00%  VIX 18.3

  🔴 #19 SPY260515P00755000  [▶ OPEN]
      Entry: $22.60 │ Bid: $20.09  Mid: $20.16  Ask: $20.23
      P&L: $-244.00 (-10.8%) │ Target: $45.20  Stop: $11.30  DTE: 3d
      💭 $1.5M premium accumulated in deep OTM SPY 755 puts expiring today with...
      🌍 SPY +0.00%  QQQ +0.00%  VIX 18.3

  🔴 #20 TSLA260513P00455000  [▶ OPEN]
      Entry: $28.93 │ Bid: $28.10  Mid: $28.45  Ask: $28.80
      P&L: $-47.50 (-1.6%) │ Target: $57.85  Stop: $14.46  DTE: 1d
      💭 $18.8M in put premium with 100% bearish flow bias into a zero-DTE TSLA...
      🌍 SPY +0.00%  QQQ +0.00%  VIX 18.3
  ⏰ EXPIRING SOON — 1 day(s) remaining

  🔴 #21 QQQ260513C00707000  [▶ OPEN]
      Entry: $1.25 │ Bid: $1.15  Mid: $1.16  Ask: $1.16
      P&L: $-10.00 (-8.0%) │ Target: $2.51  Stop: $0.63  DTE: 1d
      💭 $1.2M premium on QQQ calls with 100% bullish flow bias and 7.68 score ...
      🌍 SPY +0.00%  QQQ +0.00%  VIX 18.3
  ⏰ EXPIRING SOON — 1 day(s) remaining

  🟢 #22 CRM260605C00100000  [▶ OPEN]
      Entry: $72.58 │ Bid: $71.40  Mid: $72.72  Ask: $74.05
      P&L: +$15.00 (+0.2%) │ Target: $145.15  Stop: $14.52  DTE: 24d
      💭 CRM $100 calls expiring today show $1.0M premium with 7.53 score in 10...
      🌍 SPY +0.00%  QQQ +0.00%  VIX 18.3

  🔴 #23 QQQ260513C00709000  [▶ OPEN]
      Entry: $0.80 │ Bid: $0.75  Mid: $0.76  Ask: $0.76
      P&L: $-4.00 (-5.0%) │ Target: $1.59  Stop: $0.40  DTE: 1d
      💭 $1.2M bullish call premium on QQQ expiration with 100% call-to-put flo...
      🌍 SPY +0.00%  QQQ +0.00%  VIX 18.3
  ⏰ EXPIRING SOON — 1 day(s) remaining

  🟢 #24 NVDA260513C00145000  [▶ OPEN]
      Entry: $72.97 │ Bid: $70.90  Mid: $73.22  Ask: $75.55
      P&L: +$25.00 (+0.3%) │ Target: $145.95  Stop: $36.49  DTE: 1d
      💭 NVDA $145 calls expiring today with $954K premium and 100% bullish flo...
      🌍 SPY +0.00%  QQQ +0.00%  VIX 18.3
  ⏰ EXPIRING SOON — 1 day(s) remaining

  🔴 #25 QQQ260513C00708000  [▶ OPEN]
      Entry: $0.96 │ Bid: $0.93  Mid: $0.94  Ask: $0.94
      P&L: $-2.50 (-2.6%) │ Target: $1.92  Stop: $0.48  DTE: 1d
      💭 $1.9M premium concentration in a single QQQ call with 100% bullish flo...
      🌍 SPY +0.00%  QQQ +0.00%  VIX 18.3
  ⏰ EXPIRING SOON — 1 day(s) remaining

  ⏳ Next check in 3 minutes...

  ─────────────────────────────────────────────────────────────────
  📡 POSITION CHECK — 13:48:29 EDT
  ─────────────────────────────────────────────────────────────────

  🔴 #10 SPY260511P00745000  [⏸ TRACKING]
      Entry: $9.88 │ Bid: $6.03  Mid: $6.17  Ask: $6.31
      P&L: $-370.50 (-37.5%) │ Target: $19.75  Stop: $4.94  DTE: -1d
      ⚠️  Stop was triggered — continuing to track for data
      💭 HIGH SPY put signal — score 8.0, $4.4M premium, 3 DTE, bearish thesis....
      🌍 SPY +0.00%  QQQ +0.00%  VIX 18.3

  ⏰ CONTRACT EXPIRED — auto-closing #10

  🔴 #11 TSLA260511P00425000  [⏸ TRACKING]
      Entry: $7.83 │ Bid: $0.00  Mid: $0.02  Ask: $0.01
      P&L: $-780.50 (-99.7%) │ Target: $15.65  Stop: $3.91  DTE: -1d
      ⚠️  Stop was triggered — continuing to track for data
      💭 HIGH TSLA put signal — score 5.62, $1.6M premium, 3 DTE, bearish thesi...
      🌍 SPY +0.00%  QQQ +0.00%  VIX 18.3

  ⏰ CONTRACT EXPIRED — auto-closing #11

  🔴 #13 TSLA260511P00430000  [⏸ TRACKING]
      Entry: $7.33 │ Bid: $0.00  Mid: $0.01  Ask: $0.01
      P&L: $-731.50 (-99.9%) │ Target: $14.65  Stop: $3.66  DTE: -1d
      ⚠️  Stop was triggered — continuing to track for data
      💭 $2.8M premium on TSLA puts with 100% bearish flow and 8.0 score warran...
      🌍 SPY +0.00%  QQQ +0.00%  VIX 18.3

  ⏰ CONTRACT EXPIRED — auto-closing #13

  🔴 #14 TSLA260513P00430000  [⏸ TRACKING]
      Entry: $11.70 │ Bid: $7.45  Mid: $7.53  Ask: $7.60
      P&L: $-417.50 (-35.7%) │ Target: $23.40  Stop: $5.85  DTE: 1d
      ⚠️  Stop was triggered — continuing to track for data
      💭 $1.1M premium on TSLA 430 puts expiring today with 100% bearish flow a...
      🌍 SPY +0.00%  QQQ +0.00%  VIX 18.3

  🟢 #15 AMD260515P00457500  [⏸ TRACKING]
      Entry: $22.60 │ Bid: $26.35  Mid: $26.82  Ask: $27.30
      P&L: +$422.50 (+18.7%) │ Target: $45.20  Stop: $11.30  DTE: 3d
      ⚠️  Stop was triggered — continuing to track for data
      💭 $2.0M premium in AMD puts expiring today with 100% bearish flow and 8....
      🌍 SPY +0.00%  QQQ +0.00%  VIX 18.3

  🔴 #16 QQQ260511P00706000  [⏸ TRACKING]
      Entry: $2.11 │ Bid: $0.01  Mid: $0.02  Ask: $0.03
      P&L: $-209.00 (-99.0%) │ Target: $4.22  Stop: $1.05  DTE: -1d
      ⚠️  Stop was triggered — continuing to track for data
      💭 QQQ put with $1.8M premium and 8.0 score expiring today in 100% bearis...
      🌍 SPY +0.00%  QQQ +0.00%  VIX 18.3

  ⏰ CONTRACT EXPIRED — auto-closing #16

  🔴 #17 TSLA260515P00427500  [⏸ TRACKING]
      Entry: $11.00 │ Bid: $9.55  Mid: $9.60  Ask: $9.65
      P&L: $-140.00 (-12.7%) │ Target: $22.00  Stop: $5.50  DTE: 3d
      ⚠️  Stop was triggered — continuing to track for data
      💭 $6M premium on TSLA puts with 8.8 score and 100% bearish flow concentr...
      🌍 SPY +0.00%  QQQ +0.00%  VIX 18.3

  🔴 #18 NFLX260515P00106000  [▶ OPEN]
      Entry: $17.38 │ Bid: $16.65  Mid: $17.35  Ask: $18.05
      P&L: $-2.50 (-0.1%) │ Target: $34.75  Stop: $8.69  DTE: 3d
      💭 NFLX $106 puts expiring today generated $7.9M premium with 8.2 score i...
      🌍 SPY +0.00%  QQQ +0.00%  VIX 18.3

  🔴 #19 SPY260515P00755000  [▶ OPEN]
      Entry: $22.60 │ Bid: $20.36  Mid: $20.43  Ask: $20.50
      P&L: $-217.00 (-9.6%) │ Target: $45.20  Stop: $11.30  DTE: 3d
      💭 $1.5M premium accumulated in deep OTM SPY 755 puts expiring today with...
      🌍 SPY +0.00%  QQQ +0.00%  VIX 18.3

  🔴 #20 TSLA260513P00455000  [▶ OPEN]
      Entry: $28.93 │ Bid: $28.20  Mid: $28.52  Ask: $28.85
      P&L: $-40.00 (-1.4%) │ Target: $57.85  Stop: $14.46  DTE: 1d
      💭 $18.8M in put premium with 100% bearish flow bias into a zero-DTE TSLA...
      🌍 SPY +0.00%  QQQ +0.00%  VIX 18.3
  ⏰ EXPIRING SOON — 1 day(s) remaining

  🔴 #21 QQQ260513C00707000  [▶ OPEN]
      Entry: $1.25 │ Bid: $1.02  Mid: $1.02  Ask: $1.03
      P&L: $-23.00 (-18.3%) │ Target: $2.51  Stop: $0.63  DTE: 1d
      💭 $1.2M premium on QQQ calls with 100% bullish flow bias and 7.68 score ...
      🌍 SPY +0.00%  QQQ +0.00%  VIX 18.3
  ⏰ EXPIRING SOON — 1 day(s) remaining

  🟢 #22 CRM260605C00100000  [▶ OPEN]
      Entry: $72.58 │ Bid: $71.40  Mid: $72.72  Ask: $74.05
      P&L: +$15.00 (+0.2%) │ Target: $145.15  Stop: $14.52  DTE: 24d
      💭 CRM $100 calls expiring today show $1.0M premium with 7.53 score in 10...
      🌍 SPY +0.00%  QQQ +0.00%  VIX 18.3

  🔴 #23 QQQ260513C00709000  [▶ OPEN]
      Entry: $0.80 │ Bid: $0.66  Mid: $0.67  Ask: $0.67
      P&L: $-13.00 (-16.4%) │ Target: $1.59  Stop: $0.40  DTE: 1d
      💭 $1.2M bullish call premium on QQQ expiration with 100% call-to-put flo...
      🌍 SPY +0.00%  QQQ +0.00%  VIX 18.3
  ⏰ EXPIRING SOON — 1 day(s) remaining

  🟢 #24 NVDA260513C00145000  [▶ OPEN]
      Entry: $72.97 │ Bid: $70.80  Mid: $73.17  Ask: $75.55
      P&L: +$20.00 (+0.3%) │ Target: $145.95  Stop: $36.49  DTE: 1d
      💭 NVDA $145 calls expiring today with $954K premium and 100% bullish flo...
      🌍 SPY +0.00%  QQQ +0.00%  VIX 18.3
  ⏰ EXPIRING SOON — 1 day(s) remaining

  🔴 #25 QQQ260513C00708000  [▶ OPEN]
      Entry: $0.96 │ Bid: $0.82  Mid: $0.82  Ask: $0.83
      P&L: $-13.50 (-14.1%) │ Target: $1.92  Stop: $0.48  DTE: 1d
      💭 $1.9M premium concentration in a single QQQ call with 100% bullish flo...
      🌍 SPY +0.00%  QQQ +0.00%  VIX 18.3
  ⏰ EXPIRING SOON — 1 day(s) remaining

  ⏳ Next check in 3 minutes...

  ─────────────────────────────────────────────────────────────────
  📡 POSITION CHECK — 13:51:30 EDT
  ─────────────────────────────────────────────────────────────────

  🔴 #10 SPY260511P00745000  [⏸ TRACKING]
      Entry: $9.88 │ Bid: $6.03  Mid: $6.17  Ask: $6.31
      P&L: $-370.50 (-37.5%) │ Target: $19.75  Stop: $4.94  DTE: -1d
      ⚠️  Stop was triggered — continuing to track for data
      💭 HIGH SPY put signal — score 8.0, $4.4M premium, 3 DTE, bearish thesis....
      🌍 SPY +0.00%  QQQ +0.00%  VIX 18.3

  ⏰ CONTRACT EXPIRED — auto-closing #10

  🔴 #11 TSLA260511P00425000  [⏸ TRACKING]
      Entry: $7.83 │ Bid: $0.00  Mid: $0.02  Ask: $0.01
      P&L: $-780.50 (-99.7%) │ Target: $15.65  Stop: $3.91  DTE: -1d
      ⚠️  Stop was triggered — continuing to track for data
      💭 HIGH TSLA put signal — score 5.62, $1.6M premium, 3 DTE, bearish thesi...
      🌍 SPY +0.00%  QQQ +0.00%  VIX 18.3

  ⏰ CONTRACT EXPIRED — auto-closing #11

  🔴 #13 TSLA260511P00430000  [⏸ TRACKING]
      Entry: $7.33 │ Bid: $0.00  Mid: $0.01  Ask: $0.01
      P&L: $-731.50 (-99.9%) │ Target: $14.65  Stop: $3.66  DTE: -1d
      ⚠️  Stop was triggered — continuing to track for data
      💭 $2.8M premium on TSLA puts with 100% bearish flow and 8.0 score warran...
      🌍 SPY +0.00%  QQQ +0.00%  VIX 18.3

  ⏰ CONTRACT EXPIRED — auto-closing #13

  🔴 #14 TSLA260513P00430000  [⏸ TRACKING]
      Entry: $11.70 │ Bid: $7.00  Mid: $7.08  Ask: $7.15
      P&L: $-462.50 (-39.5%) │ Target: $23.40  Stop: $5.85  DTE: 1d
      ⚠️  Stop was triggered — continuing to track for data
      💭 $1.1M premium on TSLA 430 puts expiring today with 100% bearish flow a...
      🌍 SPY +0.00%  QQQ +0.00%  VIX 18.3

  🟢 #15 AMD260515P00457500  [⏸ TRACKING]
      Entry: $22.60 │ Bid: $26.85  Mid: $27.18  Ask: $27.50
      P&L: +$457.50 (+20.2%) │ Target: $45.20  Stop: $11.30  DTE: 3d
      ⚠️  Stop was triggered — continuing to track for data
      💭 $2.0M premium in AMD puts expiring today with 100% bearish flow and 8....
      🌍 SPY +0.00%  QQQ +0.00%  VIX 18.3

  🔴 #16 QQQ260511P00706000  [⏸ TRACKING]
      Entry: $2.11 │ Bid: $0.01  Mid: $0.02  Ask: $0.03
      P&L: $-209.00 (-99.0%) │ Target: $4.22  Stop: $1.05  DTE: -1d
      ⚠️  Stop was triggered — continuing to track for data
      💭 QQQ put with $1.8M premium and 8.0 score expiring today in 100% bearis...
      🌍 SPY +0.00%  QQQ +0.00%  VIX 18.3

  ⏰ CONTRACT EXPIRED — auto-closing #16

  🔴 #17 TSLA260515P00427500  [⏸ TRACKING]
      Entry: $11.00 │ Bid: $9.15  Mid: $9.20  Ask: $9.25
      P&L: $-180.00 (-16.4%) │ Target: $22.00  Stop: $5.50  DTE: 3d
      ⚠️  Stop was triggered — continuing to track for data
      💭 $6M premium on TSLA puts with 8.8 score and 100% bearish flow concentr...
      🌍 SPY +0.00%  QQQ +0.00%  VIX 18.3

  🟢 #18 NFLX260515P00106000  [▶ OPEN]
      Entry: $17.38 │ Bid: $16.70  Mid: $17.40  Ask: $18.10
      P&L: +$2.50 (+0.1%) │ Target: $34.75  Stop: $8.69  DTE: 3d
      💭 NFLX $106 puts expiring today generated $7.9M premium with 8.2 score i...
      🌍 SPY +0.00%  QQQ +0.00%  VIX 18.3

  🔴 #19 SPY260515P00755000  [▶ OPEN]
      Entry: $22.60 │ Bid: $20.32  Mid: $20.39  Ask: $20.45
      P&L: $-221.50 (-9.8%) │ Target: $45.20  Stop: $11.30  DTE: 3d
      💭 $1.5M premium accumulated in deep OTM SPY 755 puts expiring today with...
      🌍 SPY +0.00%  QQQ +0.00%  VIX 18.3

  🔴 #20 TSLA260513P00455000  [▶ OPEN]
      Entry: $28.93 │ Bid: $27.65  Mid: $27.98  Ask: $28.30
      P&L: $-95.00 (-3.3%) │ Target: $57.85  Stop: $14.46  DTE: 1d
      💭 $18.8M in put premium with 100% bearish flow bias into a zero-DTE TSLA...
      🌍 SPY +0.00%  QQQ +0.00%  VIX 18.3
  ⏰ EXPIRING SOON — 1 day(s) remaining

  🔴 #21 QQQ260513C00707000  [▶ OPEN]
      Entry: $1.25 │ Bid: $1.02  Mid: $1.03  Ask: $1.04
      P&L: $-22.50 (-17.9%) │ Target: $2.51  Stop: $0.63  DTE: 1d
      💭 $1.2M premium on QQQ calls with 100% bullish flow bias and 7.68 score ...
      🌍 SPY +0.00%  QQQ +0.00%  VIX 18.3
  ⏰ EXPIRING SOON — 1 day(s) remaining

  🟢 #22 CRM260605C00100000  [▶ OPEN]
      Entry: $72.58 │ Bid: $71.40  Mid: $72.72  Ask: $74.05
      P&L: +$15.00 (+0.2%) │ Target: $145.15  Stop: $14.52  DTE: 24d
      💭 CRM $100 calls expiring today show $1.0M premium with 7.53 score in 10...
      🌍 SPY +0.00%  QQQ +0.00%  VIX 18.3

  🔴 #23 QQQ260513C00709000  [▶ OPEN]
      Entry: $0.80 │ Bid: $0.66  Mid: $0.67  Ask: $0.67
      P&L: $-13.00 (-16.4%) │ Target: $1.59  Stop: $0.40  DTE: 1d
      💭 $1.2M bullish call premium on QQQ expiration with 100% call-to-put flo...
      🌍 SPY +0.00%  QQQ +0.00%  VIX 18.3
  ⏰ EXPIRING SOON — 1 day(s) remaining

  🟢 #24 NVDA260513C00145000  [▶ OPEN]
      Entry: $72.97 │ Bid: $70.65  Mid: $73.20  Ask: $75.75
      P&L: +$22.50 (+0.3%) │ Target: $145.95  Stop: $36.49  DTE: 1d
      💭 NVDA $145 calls expiring today with $954K premium and 100% bullish flo...
      🌍 SPY +0.00%  QQQ +0.00%  VIX 18.3
  ⏰ EXPIRING SOON — 1 day(s) remaining

  🔴 #25 QQQ260513C00708000  [▶ OPEN]
      Entry: $0.96 │ Bid: $0.82  Mid: $0.83  Ask: $0.84
      P&L: $-13.00 (-13.5%) │ Target: $1.92  Stop: $0.48  DTE: 1d
      💭 $1.9M premium concentration in a single QQQ call with 100% bullish flo...
      🌍 SPY +0.00%  QQQ +0.00%  VIX 18.3
  ⏰ EXPIRING SOON — 1 day(s) remaining

  🟢 #26 NFLX260515P00107000  [▶ OPEN]
      Entry: $18.35 │ Bid: $17.65  Mid: $18.38  Ask: $19.10
      P&L: +$2.50 (+0.1%) │ Target: $36.70  Stop: $9.18  DTE: 3d
      💭 $9.9M in put premium flowing into $107 OTM puts expiring today signals...
      🌍 SPY +0.00%  QQQ +0.00%  VIX 18.3

  ⏳ Next check in 3 minutes...

  ─────────────────────────────────────────────────────────────────
  📡 POSITION CHECK — 13:54:32 EDT
  ─────────────────────────────────────────────────────────────────

  🔴 #10 SPY260511P00745000  [⏸ TRACKING]
      Entry: $9.88 │ Bid: $6.03  Mid: $6.17  Ask: $6.31
      P&L: $-370.50 (-37.5%) │ Target: $19.75  Stop: $4.94  DTE: -1d
      ⚠️  Stop was triggered — continuing to track for data
      💭 HIGH SPY put signal — score 8.0, $4.4M premium, 3 DTE, bearish thesis....
      🌍 SPY +0.00%  QQQ +0.00%  VIX 18.2

  ⏰ CONTRACT EXPIRED — auto-closing #10

  🔴 #11 TSLA260511P00425000  [⏸ TRACKING]
      Entry: $7.83 │ Bid: $0.00  Mid: $0.02  Ask: $0.01
      P&L: $-780.50 (-99.7%) │ Target: $15.65  Stop: $3.91  DTE: -1d
      ⚠️  Stop was triggered — continuing to track for data
      💭 HIGH TSLA put signal — score 5.62, $1.6M premium, 3 DTE, bearish thesi...
      🌍 SPY +0.00%  QQQ +0.00%  VIX 18.2

  ⏰ CONTRACT EXPIRED — auto-closing #11

  🔴 #13 TSLA260511P00430000  [⏸ TRACKING]
      Entry: $7.33 │ Bid: $0.00  Mid: $0.01  Ask: $0.01
      P&L: $-731.50 (-99.9%) │ Target: $14.65  Stop: $3.66  DTE: -1d
      ⚠️  Stop was triggered — continuing to track for data
      💭 $2.8M premium on TSLA puts with 100% bearish flow and 8.0 score warran...
      🌍 SPY +0.00%  QQQ +0.00%  VIX 18.2

  ⏰ CONTRACT EXPIRED — auto-closing #13

  🔴 #14 TSLA260513P00430000  [⏸ TRACKING]
      Entry: $11.70 │ Bid: $6.65  Mid: $6.70  Ask: $6.75
      P&L: $-500.00 (-42.7%) │ Target: $23.40  Stop: $5.85  DTE: 1d
      ⚠️  Stop was triggered — continuing to track for data
      💭 $1.1M premium on TSLA 430 puts expiring today with 100% bearish flow a...
      🌍 SPY +0.00%  QQQ +0.00%  VIX 18.2

  🟢 #15 AMD260515P00457500  [⏸ TRACKING]
      Entry: $22.60 │ Bid: $26.30  Mid: $26.60  Ask: $26.90
      P&L: +$400.00 (+17.7%) │ Target: $45.20  Stop: $11.30  DTE: 3d
      ⚠️  Stop was triggered — continuing to track for data
      💭 $2.0M premium in AMD puts expiring today with 100% bearish flow and 8....
      🌍 SPY +0.00%  QQQ +0.00%  VIX 18.2

  🔴 #16 QQQ260511P00706000  [⏸ TRACKING]
      Entry: $2.11 │ Bid: $0.01  Mid: $0.02  Ask: $0.03
      P&L: $-209.00 (-99.0%) │ Target: $4.22  Stop: $1.05  DTE: -1d
      ⚠️  Stop was triggered — continuing to track for data
      💭 QQQ put with $1.8M premium and 8.0 score expiring today in 100% bearis...
      🌍 SPY +0.00%  QQQ +0.00%  VIX 18.2

  ⏰ CONTRACT EXPIRED — auto-closing #16

  🔴 #17 TSLA260515P00427500  [⏸ TRACKING]
      Entry: $11.00 │ Bid: $8.85  Mid: $8.90  Ask: $8.95
      P&L: $-210.00 (-19.1%) │ Target: $22.00  Stop: $5.50  DTE: 3d
      ⚠️  Stop was triggered — continuing to track for data
      💭 $6M premium on TSLA puts with 8.8 score and 100% bearish flow concentr...
      🌍 SPY +0.00%  QQQ +0.00%  VIX 18.2

  🟢 #18 NFLX260515P00106000  [▶ OPEN]
      Entry: $17.38 │ Bid: $16.70  Mid: $17.45  Ask: $18.20
      P&L: +$7.50 (+0.4%) │ Target: $34.75  Stop: $8.69  DTE: 3d
      💭 NFLX $106 puts expiring today generated $7.9M premium with 8.2 score i...
      🌍 SPY +0.00%  QQQ +0.00%  VIX 18.2

  🔴 #19 SPY260515P00755000  [▶ OPEN]
      Entry: $22.60 │ Bid: $19.94  Mid: $20.00  Ask: $20.07
      P&L: $-259.50 (-11.5%) │ Target: $45.20  Stop: $11.30  DTE: 3d
      💭 $1.5M premium accumulated in deep OTM SPY 755 puts expiring today with...
      🌍 SPY +0.00%  QQQ +0.00%  VIX 18.2

  🔴 #20 TSLA260513P00455000  [▶ OPEN]
      Entry: $28.93 │ Bid: $26.80  Mid: $27.18  Ask: $27.55
      P&L: $-175.00 (-6.0%) │ Target: $57.85  Stop: $14.46  DTE: 1d
      💭 $18.8M in put premium with 100% bearish flow bias into a zero-DTE TSLA...
      🌍 SPY +0.00%  QQQ +0.00%  VIX 18.2
  ⏰ EXPIRING SOON — 1 day(s) remaining

  🔴 #21 QQQ260513C00707000  [▶ OPEN]
      Entry: $1.25 │ Bid: $1.12  Mid: $1.13  Ask: $1.14
      P&L: $-12.50 (-10.0%) │ Target: $2.51  Stop: $0.63  DTE: 1d
      💭 $1.2M premium on QQQ calls with 100% bullish flow bias and 7.68 score ...
      🌍 SPY +0.00%  QQQ +0.00%  VIX 18.2
  ⏰ EXPIRING SOON — 1 day(s) remaining

  🟢 #22 CRM260605C00100000  [▶ OPEN]
      Entry: $72.58 │ Bid: $71.40  Mid: $72.72  Ask: $74.05
      P&L: +$15.00 (+0.2%) │ Target: $145.15  Stop: $14.52  DTE: 24d
      💭 CRM $100 calls expiring today show $1.0M premium with 7.53 score in 10...
      🌍 SPY +0.00%  QQQ +0.00%  VIX 18.2

  🔴 #23 QQQ260513C00709000  [▶ OPEN]
      Entry: $0.80 │ Bid: $0.73  Mid: $0.73  Ask: $0.74
      P&L: $-6.00 (-7.5%) │ Target: $1.59  Stop: $0.40  DTE: 1d
      💭 $1.2M bullish call premium on QQQ expiration with 100% call-to-put flo...
      🌍 SPY +0.00%  QQQ +0.00%  VIX 18.2
  ⏰ EXPIRING SOON — 1 day(s) remaining

  🟢 #24 NVDA260513C00145000  [▶ OPEN]
      Entry: $72.97 │ Bid: $70.95  Mid: $73.45  Ask: $75.95
      P&L: +$47.50 (+0.7%) │ Target: $145.95  Stop: $36.49  DTE: 1d
      💭 NVDA $145 calls expiring today with $954K premium and 100% bullish flo...
      🌍 SPY +0.00%  QQQ +0.00%  VIX 18.2
  ⏰ EXPIRING SOON — 1 day(s) remaining

  🔴 #25 QQQ260513C00708000  [▶ OPEN]
      Entry: $0.96 │ Bid: $0.90  Mid: $0.91  Ask: $0.92
      P&L: $-5.00 (-5.2%) │ Target: $1.92  Stop: $0.48  DTE: 1d
      💭 $1.9M premium concentration in a single QQQ call with 100% bullish flo...
      🌍 SPY +0.00%  QQQ +0.00%  VIX 18.2
  ⏰ EXPIRING SOON — 1 day(s) remaining

  🟢 #26 NFLX260515P00107000  [▶ OPEN]
      Entry: $18.35 │ Bid: $17.65  Mid: $18.43  Ask: $19.20
      P&L: +$7.50 (+0.4%) │ Target: $36.70  Stop: $9.18  DTE: 3d
      💭 $9.9M in put premium flowing into $107 OTM puts expiring today signals...
      🌍 SPY +0.00%  QQQ +0.00%  VIX 18.2

  🟢 #27 IWM260513C00283000  [▶ OPEN]
      Entry: $0.51 │ Bid: $0.50  Mid: $0.51  Ask: $0.51
      P&L: +$0.00 (+0.0%) │ Target: $1.01  Stop: $0.25  DTE: 1d
      💭 $1.4M premium concentrated in OTM calls with 100% bullish flow bias wa...
      🌍 SPY +0.00%  QQQ +0.00%  VIX 18.2
  ⏰ EXPIRING SOON — 1 day(s) remaining

  ⏳ Next check in 3 minutes...

  ─────────────────────────────────────────────────────────────────
  📡 POSITION CHECK — 13:57:33 EDT
  ─────────────────────────────────────────────────────────────────

  🔴 #10 SPY260511P00745000  [⏸ TRACKING]
      Entry: $9.88 │ Bid: $6.03  Mid: $6.17  Ask: $6.31
      P&L: $-370.50 (-37.5%) │ Target: $19.75  Stop: $4.94  DTE: -1d
      ⚠️  Stop was triggered — continuing to track for data
      💭 HIGH SPY put signal — score 8.0, $4.4M premium, 3 DTE, bearish thesis....
      🌍 SPY +0.00%  QQQ +0.00%  VIX 18.2

  ⏰ CONTRACT EXPIRED — auto-closing #10

  🔴 #11 TSLA260511P00425000  [⏸ TRACKING]
      Entry: $7.83 │ Bid: $0.00  Mid: $0.02  Ask: $0.01
      P&L: $-780.50 (-99.7%) │ Target: $15.65  Stop: $3.91  DTE: -1d
      ⚠️  Stop was triggered — continuing to track for data
      💭 HIGH TSLA put signal — score 5.62, $1.6M premium, 3 DTE, bearish thesi...
      🌍 SPY +0.00%  QQQ +0.00%  VIX 18.2

  ⏰ CONTRACT EXPIRED — auto-closing #11

  🔴 #13 TSLA260511P00430000  [⏸ TRACKING]
      Entry: $7.33 │ Bid: $0.00  Mid: $0.01  Ask: $0.01
      P&L: $-731.50 (-99.9%) │ Target: $14.65  Stop: $3.66  DTE: -1d
      ⚠️  Stop was triggered — continuing to track for data
      💭 $2.8M premium on TSLA puts with 100% bearish flow and 8.0 score warran...
      🌍 SPY +0.00%  QQQ +0.00%  VIX 18.2

  ⏰ CONTRACT EXPIRED — auto-closing #13

  🔴 #14 TSLA260513P00430000  [⏸ TRACKING]
      Entry: $11.70 │ Bid: $7.00  Mid: $7.05  Ask: $7.10
      P&L: $-465.00 (-39.7%) │ Target: $23.40  Stop: $5.85  DTE: 1d
      ⚠️  Stop was triggered — continuing to track for data
      💭 $1.1M premium on TSLA 430 puts expiring today with 100% bearish flow a...
      🌍 SPY +0.00%  QQQ +0.00%  VIX 18.2

  🟢 #15 AMD260515P00457500  [⏸ TRACKING]
      Entry: $22.60 │ Bid: $26.05  Mid: $26.38  Ask: $26.70
      P&L: +$377.50 (+16.7%) │ Target: $45.20  Stop: $11.30  DTE: 3d
      ⚠️  Stop was triggered — continuing to track for data
      💭 $2.0M premium in AMD puts expiring today with 100% bearish flow and 8....
      🌍 SPY +0.00%  QQQ +0.00%  VIX 18.2

  🔴 #16 QQQ260511P00706000  [⏸ TRACKING]
      Entry: $2.11 │ Bid: $0.01  Mid: $0.02  Ask: $0.03
      P&L: $-209.00 (-99.0%) │ Target: $4.22  Stop: $1.05  DTE: -1d
      ⚠️  Stop was triggered — continuing to track for data
      💭 QQQ put with $1.8M premium and 8.0 score expiring today in 100% bearis...
      🌍 SPY +0.00%  QQQ +0.00%  VIX 18.2

  ⏰ CONTRACT EXPIRED — auto-closing #16

  🔴 #17 TSLA260515P00427500  [⏸ TRACKING]
      Entry: $11.00 │ Bid: $9.10  Mid: $9.15  Ask: $9.20
      P&L: $-185.00 (-16.8%) │ Target: $22.00  Stop: $5.50  DTE: 3d
      ⚠️  Stop was triggered — continuing to track for data
      💭 $6M premium on TSLA puts with 8.8 score and 100% bearish flow concentr...
      🌍 SPY +0.00%  QQQ +0.00%  VIX 18.2

  🟢 #18 NFLX260515P00106000  [▶ OPEN]
      Entry: $17.38 │ Bid: $16.70  Mid: $17.48  Ask: $18.25
      P&L: +$10.00 (+0.6%) │ Target: $34.75  Stop: $8.69  DTE: 3d
      💭 NFLX $106 puts expiring today generated $7.9M premium with 8.2 score i...
      🌍 SPY +0.00%  QQQ +0.00%  VIX 18.2

  🔴 #19 SPY260515P00755000  [▶ OPEN]
      Entry: $22.60 │ Bid: $20.13  Mid: $20.20  Ask: $20.27
      P&L: $-240.00 (-10.6%) │ Target: $45.20  Stop: $11.30  DTE: 3d
      💭 $1.5M premium accumulated in deep OTM SPY 755 puts expiring today with...
      🌍 SPY +0.00%  QQQ +0.00%  VIX 18.2

  🔴 #20 TSLA260513P00455000  [▶ OPEN]
      Entry: $28.93 │ Bid: $27.75  Mid: $28.02  Ask: $28.30
      P&L: $-90.00 (-3.1%) │ Target: $57.85  Stop: $14.46  DTE: 1d
      💭 $18.8M in put premium with 100% bearish flow bias into a zero-DTE TSLA...
      🌍 SPY +0.00%  QQQ +0.00%  VIX 18.2
  ⏰ EXPIRING SOON — 1 day(s) remaining

  🔴 #21 QQQ260513C00707000  [▶ OPEN]
      Entry: $1.25 │ Bid: $1.10  Mid: $1.10  Ask: $1.11
      P&L: $-15.00 (-11.9%) │ Target: $2.51  Stop: $0.63  DTE: 1d
      💭 $1.2M premium on QQQ calls with 100% bullish flow bias and 7.68 score ...
      🌍 SPY +0.00%  QQQ +0.00%  VIX 18.2
  ⏰ EXPIRING SOON — 1 day(s) remaining

  🟢 #22 CRM260605C00100000  [▶ OPEN]
      Entry: $72.58 │ Bid: $71.40  Mid: $72.72  Ask: $74.05
      P&L: +$15.00 (+0.2%) │ Target: $145.15  Stop: $14.52  DTE: 24d
      💭 CRM $100 calls expiring today show $1.0M premium with 7.53 score in 10...
      🌍 SPY +0.00%  QQQ +0.00%  VIX 18.2

  🔴 #23 QQQ260513C00709000  [▶ OPEN]
      Entry: $0.80 │ Bid: $0.71  Mid: $0.71  Ask: $0.72
      P&L: $-8.00 (-10.1%) │ Target: $1.59  Stop: $0.40  DTE: 1d
      💭 $1.2M bullish call premium on QQQ expiration with 100% call-to-put flo...
      🌍 SPY +0.00%  QQQ +0.00%  VIX 18.2
  ⏰ EXPIRING SOON — 1 day(s) remaining

  🟢 #24 NVDA260513C00145000  [▶ OPEN]
      Entry: $72.97 │ Bid: $70.85  Mid: $73.40  Ask: $75.95
      P&L: +$42.50 (+0.6%) │ Target: $145.95  Stop: $36.49  DTE: 1d
      💭 NVDA $145 calls expiring today with $954K premium and 100% bullish flo...
      🌍 SPY +0.00%  QQQ +0.00%  VIX 18.2
  ⏰ EXPIRING SOON — 1 day(s) remaining

  🔴 #25 QQQ260513C00708000  [▶ OPEN]
      Entry: $0.96 │ Bid: $0.89  Mid: $0.90  Ask: $0.90
      P&L: $-6.50 (-6.8%) │ Target: $1.92  Stop: $0.48  DTE: 1d
      💭 $1.9M premium concentration in a single QQQ call with 100% bullish flo...
      🌍 SPY +0.00%  QQQ +0.00%  VIX 18.2
  ⏰ EXPIRING SOON — 1 day(s) remaining

  🟢 #26 NFLX260515P00107000  [▶ OPEN]
      Entry: $18.35 │ Bid: $17.65  Mid: $18.45  Ask: $19.25
      P&L: +$10.00 (+0.5%) │ Target: $36.70  Stop: $9.18  DTE: 3d
      💭 $9.9M in put premium flowing into $107 OTM puts expiring today signals...
      🌍 SPY +0.00%  QQQ +0.00%  VIX 18.2

  🟢 #27 IWM260513C00283000  [▶ OPEN]
      Entry: $0.51 │ Bid: $0.50  Mid: $0.51  Ask: $0.51
      P&L: +$0.00 (+0.0%) │ Target: $1.01  Stop: $0.25  DTE: 1d
      💭 $1.4M premium concentrated in OTM calls with 100% bullish flow bias wa...
      🌍 SPY +0.00%  QQQ +0.00%  VIX 18.2
  ⏰ EXPIRING SOON — 1 day(s) remaining

  ⏳ Next check in 3 minutes...

  ─────────────────────────────────────────────────────────────────
  📡 POSITION CHECK — 14:00:35 EDT
  ─────────────────────────────────────────────────────────────────

  🔴 #10 SPY260511P00745000  [⏸ TRACKING]
      Entry: $9.88 │ Bid: $6.03  Mid: $6.17  Ask: $6.31
      P&L: $-370.50 (-37.5%) │ Target: $19.75  Stop: $4.94  DTE: -1d
      ⚠️  Stop was triggered — continuing to track for data
      💭 HIGH SPY put signal — score 8.0, $4.4M premium, 3 DTE, bearish thesis....
      🌍 SPY +0.00%  QQQ +0.00%  VIX 18.2

  ⏰ CONTRACT EXPIRED — auto-closing #10

  🔴 #11 TSLA260511P00425000  [⏸ TRACKING]
      Entry: $7.83 │ Bid: $0.00  Mid: $0.02  Ask: $0.01
      P&L: $-780.50 (-99.7%) │ Target: $15.65  Stop: $3.91  DTE: -1d
      ⚠️  Stop was triggered — continuing to track for data
      💭 HIGH TSLA put signal — score 5.62, $1.6M premium, 3 DTE, bearish thesi...
      🌍 SPY +0.00%  QQQ +0.00%  VIX 18.2

  ⏰ CONTRACT EXPIRED — auto-closing #11

  🔴 #13 TSLA260511P00430000  [⏸ TRACKING]
      Entry: $7.33 │ Bid: $0.00  Mid: $0.01  Ask: $0.01
      P&L: $-731.50 (-99.9%) │ Target: $14.65  Stop: $3.66  DTE: -1d
      ⚠️  Stop was triggered — continuing to track for data
      💭 $2.8M premium on TSLA puts with 100% bearish flow and 8.0 score warran...
      🌍 SPY +0.00%  QQQ +0.00%  VIX 18.2

  ⏰ CONTRACT EXPIRED — auto-closing #13

  🔴 #14 TSLA260513P00430000  [⏸ TRACKING]
      Entry: $11.70 │ Bid: $6.85  Mid: $6.90  Ask: $6.95
      P&L: $-480.00 (-41.0%) │ Target: $23.40  Stop: $5.85  DTE: 1d
      ⚠️  Stop was triggered — continuing to track for data
      💭 $1.1M premium on TSLA 430 puts expiring today with 100% bearish flow a...
      🌍 SPY +0.00%  QQQ +0.00%  VIX 18.2

  🟢 #15 AMD260515P00457500  [⏸ TRACKING]
      Entry: $22.60 │ Bid: $26.40  Mid: $26.82  Ask: $27.25
      P&L: +$422.50 (+18.7%) │ Target: $45.20  Stop: $11.30  DTE: 3d
      ⚠️  Stop was triggered — continuing to track for data
      💭 $2.0M premium in AMD puts expiring today with 100% bearish flow and 8....
      🌍 SPY +0.00%  QQQ +0.00%  VIX 18.2

  🔴 #16 QQQ260511P00706000  [⏸ TRACKING]
      Entry: $2.11 │ Bid: $0.01  Mid: $0.02  Ask: $0.03
      P&L: $-209.00 (-99.0%) │ Target: $4.22  Stop: $1.05  DTE: -1d
      ⚠️  Stop was triggered — continuing to track for data
      💭 QQQ put with $1.8M premium and 8.0 score expiring today in 100% bearis...
      🌍 SPY +0.00%  QQQ +0.00%  VIX 18.2

  ⏰ CONTRACT EXPIRED — auto-closing #16

  🔴 #17 TSLA260515P00427500  [⏸ TRACKING]
      Entry: $11.00 │ Bid: $9.00  Mid: $9.05  Ask: $9.10
      P&L: $-195.00 (-17.7%) │ Target: $22.00  Stop: $5.50  DTE: 3d
      ⚠️  Stop was triggered — continuing to track for data
      💭 $6M premium on TSLA puts with 8.8 score and 100% bearish flow concentr...
      🌍 SPY +0.00%  QQQ +0.00%  VIX 18.2

  🟢 #18 NFLX260515P00106000  [▶ OPEN]
      Entry: $17.38 │ Bid: $16.70  Mid: $17.55  Ask: $18.40
      P&L: +$17.50 (+1.0%) │ Target: $34.75  Stop: $8.69  DTE: 3d
      💭 NFLX $106 puts expiring today generated $7.9M premium with 8.2 score i...
      🌍 SPY +0.00%  QQQ +0.00%  VIX 18.2

  🔴 #19 SPY260515P00755000  [▶ OPEN]
      Entry: $22.60 │ Bid: $19.77  Mid: $19.84  Ask: $19.90
      P&L: $-276.50 (-12.2%) │ Target: $45.20  Stop: $11.30  DTE: 3d
      💭 $1.5M premium accumulated in deep OTM SPY 755 puts expiring today with...
      🌍 SPY +0.00%  QQQ +0.00%  VIX 18.2

  🔴 #20 TSLA260513P00455000  [▶ OPEN]
      Entry: $28.93 │ Bid: $27.20  Mid: $27.62  Ask: $28.05
      P&L: $-130.00 (-4.5%) │ Target: $57.85  Stop: $14.46  DTE: 1d
      💭 $18.8M in put premium with 100% bearish flow bias into a zero-DTE TSLA...
      🌍 SPY +0.00%  QQQ +0.00%  VIX 18.2
  ⏰ EXPIRING SOON — 1 day(s) remaining

  🔴 #21 QQQ260513C00707000  [▶ OPEN]
      Entry: $1.25 │ Bid: $1.22  Mid: $1.23  Ask: $1.23
      P&L: $-3.00 (-2.4%) │ Target: $2.51  Stop: $0.63  DTE: 1d
      💭 $1.2M premium on QQQ calls with 100% bullish flow bias and 7.68 score ...
      🌍 SPY +0.00%  QQQ +0.00%  VIX 18.2
  ⏰ EXPIRING SOON — 1 day(s) remaining

  🟢 #22 CRM260605C00100000  [▶ OPEN]
      Entry: $72.58 │ Bid: $71.40  Mid: $72.72  Ask: $74.05
      P&L: +$15.00 (+0.2%) │ Target: $145.15  Stop: $14.52  DTE: 24d
      💭 CRM $100 calls expiring today show $1.0M premium with 7.53 score in 10...
      🌍 SPY +0.00%  QQQ +0.00%  VIX 18.2

  🟢 #23 QQQ260513C00709000  [▶ OPEN]
      Entry: $0.80 │ Bid: $0.79  Mid: $0.80  Ask: $0.81
      P&L: +$0.50 (+0.6%) │ Target: $1.59  Stop: $0.40  DTE: 1d
      💭 $1.2M bullish call premium on QQQ expiration with 100% call-to-put flo...
      🌍 SPY +0.00%  QQQ +0.00%  VIX 18.2
  ⏰ EXPIRING SOON — 1 day(s) remaining

  🟢 #24 NVDA260513C00145000  [▶ OPEN]
      Entry: $72.97 │ Bid: $71.20  Mid: $73.58  Ask: $75.95
      P&L: +$60.00 (+0.8%) │ Target: $145.95  Stop: $36.49  DTE: 1d
      💭 NVDA $145 calls expiring today with $954K premium and 100% bullish flo...
      🌍 SPY +0.00%  QQQ +0.00%  VIX 18.2
  ⏰ EXPIRING SOON — 1 day(s) remaining

  🟢 #25 QQQ260513C00708000  [▶ OPEN]
      Entry: $0.96 │ Bid: $0.98  Mid: $0.99  Ask: $1.00
      P&L: +$3.00 (+3.1%) │ Target: $1.92  Stop: $0.48  DTE: 1d
      💭 $1.9M premium concentration in a single QQQ call with 100% bullish flo...
      🌍 SPY +0.00%  QQQ +0.00%  VIX 18.2
  ⏰ EXPIRING SOON — 1 day(s) remaining

  🟢 #26 NFLX260515P00107000  [▶ OPEN]
      Entry: $18.35 │ Bid: $17.65  Mid: $18.50  Ask: $19.35
      P&L: +$15.00 (+0.8%) │ Target: $36.70  Stop: $9.18  DTE: 3d
      💭 $9.9M in put premium flowing into $107 OTM puts expiring today signals...
      🌍 SPY +0.00%  QQQ +0.00%  VIX 18.2

  🟢 #27 IWM260513C00283000  [▶ OPEN]
      Entry: $0.51 │ Bid: $0.56  Mid: $0.56  Ask: $0.57
      P&L: +$6.00 (+11.9%) │ Target: $1.01  Stop: $0.25  DTE: 1d
      💭 $1.4M premium concentrated in OTM calls with 100% bullish flow bias wa...
      🌍 SPY +0.00%  QQQ +0.00%  VIX 18.2
  ⏰ EXPIRING SOON — 1 day(s) remaining

  🟢 #28 TSLA260513C00425000  [▶ OPEN]
      Entry: $6.95 │ Bid: $7.30  Mid: $7.35  Ask: $7.40
      P&L: +$40.00 (+5.8%) │ Target: $13.90  Stop: $3.48  DTE: 1d
      💭 TSLA 425 calls expiring today show $25.9M premium with 100% bullish fl...
      🌍 SPY +0.00%  QQQ +0.00%  VIX 18.2
  ⏰ EXPIRING SOON — 1 day(s) remaining

  ⏳ Next check in 3 minutes...

  ─────────────────────────────────────────────────────────────────
  📡 POSITION CHECK — 14:03:36 EDT
  ─────────────────────────────────────────────────────────────────

  🔴 #10 SPY260511P00745000  [⏸ TRACKING]
      Entry: $9.88 │ Bid: $6.03  Mid: $6.17  Ask: $6.31
      P&L: $-370.50 (-37.5%) │ Target: $19.75  Stop: $4.94  DTE: -1d
      ⚠️  Stop was triggered — continuing to track for data
      💭 HIGH SPY put signal — score 8.0, $4.4M premium, 3 DTE, bearish thesis....
      🌍 SPY +0.00%  QQQ +0.00%  VIX 18.2

  ⏰ CONTRACT EXPIRED — auto-closing #10

  🔴 #11 TSLA260511P00425000  [⏸ TRACKING]
      Entry: $7.83 │ Bid: $0.00  Mid: $0.02  Ask: $0.01
      P&L: $-780.50 (-99.7%) │ Target: $15.65  Stop: $3.91  DTE: -1d
      ⚠️  Stop was triggered — continuing to track for data
      💭 HIGH TSLA put signal — score 5.62, $1.6M premium, 3 DTE, bearish thesi...
      🌍 SPY +0.00%  QQQ +0.00%  VIX 18.2

  ⏰ CONTRACT EXPIRED — auto-closing #11

  🔴 #13 TSLA260511P00430000  [⏸ TRACKING]
      Entry: $7.33 │ Bid: $0.00  Mid: $0.01  Ask: $0.01
      P&L: $-731.50 (-99.9%) │ Target: $14.65  Stop: $3.66  DTE: -1d
      ⚠️  Stop was triggered — continuing to track for data
      💭 $2.8M premium on TSLA puts with 100% bearish flow and 8.0 score warran...
      🌍 SPY +0.00%  QQQ +0.00%  VIX 18.2

  ⏰ CONTRACT EXPIRED — auto-closing #13

  🔴 #14 TSLA260513P00430000  [⏸ TRACKING]
      Entry: $11.70 │ Bid: $6.60  Mid: $6.67  Ask: $6.75
      P&L: $-502.50 (-43.0%) │ Target: $23.40  Stop: $5.85  DTE: 1d
      ⚠️  Stop was triggered — continuing to track for data
      💭 $1.1M premium on TSLA 430 puts expiring today with 100% bearish flow a...
      🌍 SPY +0.00%  QQQ +0.00%  VIX 18.2

  🟢 #15 AMD260515P00457500  [⏸ TRACKING]
      Entry: $22.60 │ Bid: $25.55  Mid: $26.00  Ask: $26.45
      P&L: +$340.00 (+15.0%) │ Target: $45.20  Stop: $11.30  DTE: 3d
      ⚠️  Stop was triggered — continuing to track for data
      💭 $2.0M premium in AMD puts expiring today with 100% bearish flow and 8....
      🌍 SPY +0.00%  QQQ +0.00%  VIX 18.2

  🔴 #16 QQQ260511P00706000  [⏸ TRACKING]
      Entry: $2.11 │ Bid: $0.01  Mid: $0.02  Ask: $0.03
      P&L: $-209.00 (-99.0%) │ Target: $4.22  Stop: $1.05  DTE: -1d
      ⚠️  Stop was triggered — continuing to track for data
      💭 QQQ put with $1.8M premium and 8.0 score expiring today in 100% bearis...
      🌍 SPY +0.00%  QQQ +0.00%  VIX 18.2

  ⏰ CONTRACT EXPIRED — auto-closing #16

  🔴 #17 TSLA260515P00427500  [⏸ TRACKING]
      Entry: $11.00 │ Bid: $8.80  Mid: $8.85  Ask: $8.90
      P&L: $-215.00 (-19.6%) │ Target: $22.00  Stop: $5.50  DTE: 3d
      ⚠️  Stop was triggered — continuing to track for data
      💭 $6M premium on TSLA puts with 8.8 score and 100% bearish flow concentr...
      🌍 SPY +0.00%  QQQ +0.00%  VIX 18.2

  🟢 #18 NFLX260515P00106000  [▶ OPEN]
      Entry: $17.38 │ Bid: $16.70  Mid: $17.55  Ask: $18.40
      P&L: +$17.50 (+1.0%) │ Target: $34.75  Stop: $8.69  DTE: 3d
      💭 NFLX $106 puts expiring today generated $7.9M premium with 8.2 score i...
      🌍 SPY +0.00%  QQQ +0.00%  VIX 18.2

  🔴 #19 SPY260515P00755000  [▶ OPEN]
      Entry: $22.60 │ Bid: $19.72  Mid: $19.82  Ask: $19.91
      P&L: $-278.50 (-12.3%) │ Target: $45.20  Stop: $11.30  DTE: 3d
      💭 $1.5M premium accumulated in deep OTM SPY 755 puts expiring today with...
      🌍 SPY +0.00%  QQQ +0.00%  VIX 18.2

  🔴 #20 TSLA260513P00455000  [▶ OPEN]
      Entry: $28.93 │ Bid: $27.05  Mid: $27.38  Ask: $27.70
      P&L: $-155.00 (-5.4%) │ Target: $57.85  Stop: $14.46  DTE: 1d
      💭 $18.8M in put premium with 100% bearish flow bias into a zero-DTE TSLA...
      🌍 SPY +0.00%  QQQ +0.00%  VIX 18.2
  ⏰ EXPIRING SOON — 1 day(s) remaining

  🟢 #21 QQQ260513C00707000  [▶ OPEN]
      Entry: $1.25 │ Bid: $1.33  Mid: $1.33  Ask: $1.34
      P&L: +$8.00 (+6.4%) │ Target: $2.51  Stop: $0.63  DTE: 1d
      💭 $1.2M premium on QQQ calls with 100% bullish flow bias and 7.68 score ...
      🌍 SPY +0.00%  QQQ +0.00%  VIX 18.2
  ⏰ EXPIRING SOON — 1 day(s) remaining

  🟢 #22 CRM260605C00100000  [▶ OPEN]
      Entry: $72.58 │ Bid: $71.40  Mid: $72.72  Ask: $74.05
      P&L: +$15.00 (+0.2%) │ Target: $145.15  Stop: $14.52  DTE: 24d
      💭 CRM $100 calls expiring today show $1.0M premium with 7.53 score in 10...
      🌍 SPY +0.00%  QQQ +0.00%  VIX 18.2

  🟢 #23 QQQ260513C00709000  [▶ OPEN]
      Entry: $0.80 │ Bid: $0.87  Mid: $0.88  Ask: $0.89
      P&L: +$8.50 (+10.7%) │ Target: $1.59  Stop: $0.40  DTE: 1d
      💭 $1.2M bullish call premium on QQQ expiration with 100% call-to-put flo...
      🌍 SPY +0.00%  QQQ +0.00%  VIX 18.2
  ⏰ EXPIRING SOON — 1 day(s) remaining

  🟢 #24 NVDA260513C00145000  [▶ OPEN]
      Entry: $72.97 │ Bid: $70.60  Mid: $73.17  Ask: $75.75
      P&L: +$20.00 (+0.3%) │ Target: $145.95  Stop: $36.49  DTE: 1d
      💭 NVDA $145 calls expiring today with $954K premium and 100% bullish flo...
      🌍 SPY +0.00%  QQQ +0.00%  VIX 18.2
  ⏰ EXPIRING SOON — 1 day(s) remaining

  🟢 #25 QQQ260513C00708000  [▶ OPEN]
      Entry: $0.96 │ Bid: $1.08  Mid: $1.09  Ask: $1.10
      P&L: +$13.00 (+13.5%) │ Target: $1.92  Stop: $0.48  DTE: 1d
      💭 $1.9M premium concentration in a single QQQ call with 100% bullish flo...
      🌍 SPY +0.00%  QQQ +0.00%  VIX 18.2
  ⏰ EXPIRING SOON — 1 day(s) remaining

  🟢 #26 NFLX260515P00107000  [▶ OPEN]
      Entry: $18.35 │ Bid: $17.65  Mid: $18.50  Ask: $19.35
      P&L: +$15.00 (+0.8%) │ Target: $36.70  Stop: $9.18  DTE: 3d
      💭 $9.9M in put premium flowing into $107 OTM puts expiring today signals...
      🌍 SPY +0.00%  QQQ +0.00%  VIX 18.2

  🟢 #27 IWM260513C00283000  [▶ OPEN]
      Entry: $0.51 │ Bid: $0.57  Mid: $0.58  Ask: $0.59
      P&L: +$7.50 (+14.8%) │ Target: $1.01  Stop: $0.25  DTE: 1d
      💭 $1.4M premium concentrated in OTM calls with 100% bullish flow bias wa...
      🌍 SPY +0.00%  QQQ +0.00%  VIX 18.2
  ⏰ EXPIRING SOON — 1 day(s) remaining

  🟢 #28 TSLA260513C00425000  [▶ OPEN]
      Entry: $6.95 │ Bid: $7.55  Mid: $7.62  Ask: $7.70
      P&L: +$67.50 (+9.7%) │ Target: $13.90  Stop: $3.48  DTE: 1d
      💭 TSLA 425 calls expiring today show $25.9M premium with 100% bullish fl...
      🌍 SPY +0.00%  QQQ +0.00%  VIX 18.2
  ⏰ EXPIRING SOON — 1 day(s) remaining

  ⏳ Next check in 3 minutes...
  ✗ Price fetch error: HTTPSConnectionPool(host='api.public.com', port=443): Max retries exceeded with url: /userapigateway/marketdata/5LT39200/quotes (Caused by NameResolutionError("HTTPSConnection(host='api.public.com', port=443): Failed to resolve 'api.public.com' ([Errno 11001] getaddrinfo failed)"))
  ✗ Market context fetch error: HTTPSConnectionPool(host='api.public.com', port=443): Max retries exceeded with url: /userapigateway/marketdata/5LT39200/quotes (Caused by NameResolutionError("HTTPSConnection(host='api.public.com', port=443): Failed to resolve 'api.public.com' ([Errno 11001] getaddrinfo failed)"))

  ─────────────────────────────────────────────────────────────────
  📡 POSITION CHECK — 14:06:59 EDT
  ─────────────────────────────────────────────────────────────────

  ⚠️  #10 SPY260511P00745000
      Price unavailable — skipping this cycle

  ⚠️  #11 TSLA260511P00425000
      Price unavailable — skipping this cycle

  ⚠️  #13 TSLA260511P00430000
      Price unavailable — skipping this cycle

  ⚠️  #14 TSLA260513P00430000
      Price unavailable — skipping this cycle

  ⚠️  #15 AMD260515P00457500
      Price unavailable — skipping this cycle

  ⚠️  #16 QQQ260511P00706000
      Price unavailable — skipping this cycle

  ⚠️  #17 TSLA260515P00427500
      Price unavailable — skipping this cycle

  ⚠️  #18 NFLX260515P00106000
      Price unavailable — skipping this cycle

  ⚠️  #19 SPY260515P00755000
      Price unavailable — skipping this cycle

  ⚠️  #20 TSLA260513P00455000
      Price unavailable — skipping this cycle

  ⚠️  #21 QQQ260513C00707000
      Price unavailable — skipping this cycle

  ⚠️  #22 CRM260605C00100000
      Price unavailable — skipping this cycle

  ⚠️  #23 QQQ260513C00709000
      Price unavailable — skipping this cycle

  ⚠️  #24 NVDA260513C00145000
      Price unavailable — skipping this cycle

  ⚠️  #25 QQQ260513C00708000
      Price unavailable — skipping this cycle

  ⚠️  #26 NFLX260515P00107000
      Price unavailable — skipping this cycle

  ⚠️  #27 IWM260513C00283000
      Price unavailable — skipping this cycle

  ⚠️  #28 TSLA260513C00425000
      Price unavailable — skipping this cycle

  ⏳ Next check in 3 minutes...
  ✗ Price fetch error: HTTPSConnectionPool(host='api.public.com', port=443): Max retries exceeded with url: /userapigateway/marketdata/5LT39200/quotes (Caused by NameResolutionError("HTTPSConnection(host='api.public.com', port=443): Failed to resolve 'api.public.com' ([Errno 11001] getaddrinfo failed)"))
  ✗ Market context fetch error: HTTPSConnectionPool(host='api.public.com', port=443): Max retries exceeded with url: /userapigateway/marketdata/5LT39200/quotes (Caused by NameResolutionError("HTTPSConnection(host='api.public.com', port=443): Failed to resolve 'api.public.com' ([Errno 11001] getaddrinfo failed)"))

  ─────────────────────────────────────────────────────────────────
  📡 POSITION CHECK — 14:10:10 EDT
  ─────────────────────────────────────────────────────────────────

  ⚠️  #10 SPY260511P00745000
      Price unavailable — skipping this cycle

  ⚠️  #11 TSLA260511P00425000
      Price unavailable — skipping this cycle

  ⚠️  #13 TSLA260511P00430000
      Price unavailable — skipping this cycle

  ⚠️  #14 TSLA260513P00430000
      Price unavailable — skipping this cycle

  ⚠️  #15 AMD260515P00457500
      Price unavailable — skipping this cycle

  ⚠️  #16 QQQ260511P00706000
      Price unavailable — skipping this cycle

  ⚠️  #17 TSLA260515P00427500
      Price unavailable — skipping this cycle

  ⚠️  #18 NFLX260515P00106000
      Price unavailable — skipping this cycle

  ⚠️  #19 SPY260515P00755000
      Price unavailable — skipping this cycle

  ⚠️  #20 TSLA260513P00455000
      Price unavailable — skipping this cycle

  ⚠️  #21 QQQ260513C00707000
      Price unavailable — skipping this cycle

  ⚠️  #22 CRM260605C00100000
      Price unavailable — skipping this cycle

  ⚠️  #23 QQQ260513C00709000
      Price unavailable — skipping this cycle

  ⚠️  #24 NVDA260513C00145000
      Price unavailable — skipping this cycle

  ⚠️  #25 QQQ260513C00708000
      Price unavailable — skipping this cycle

  ⚠️  #26 NFLX260515P00107000
      Price unavailable — skipping this cycle

  ⚠️  #27 IWM260513C00283000
      Price unavailable — skipping this cycle

  ⚠️  #28 TSLA260513C00425000
      Price unavailable — skipping this cycle

  ⏳ Next check in 3 minutes...
  ✗ Price fetch error: HTTPSConnectionPool(host='api.public.com', port=443): Max retries exceeded with url: /userapigateway/marketdata/5LT39200/quotes (Caused by NameResolutionError("HTTPSConnection(host='api.public.com', port=443): Failed to resolve 'api.public.com' ([Errno 11001] getaddrinfo failed)"))
  ✗ Market context fetch error: HTTPSConnectionPool(host='api.public.com', port=443): Max retries exceeded with url: /userapigateway/marketdata/5LT39200/quotes (Caused by NameResolutionError("HTTPSConnection(host='api.public.com', port=443): Failed to resolve 'api.public.com' ([Errno 11001] getaddrinfo failed)"))

  ─────────────────────────────────────────────────────────────────
  📡 POSITION CHECK — 14:13:10 EDT
  ─────────────────────────────────────────────────────────────────

  ⚠️  #10 SPY260511P00745000
      Price unavailable — skipping this cycle

  ⚠️  #11 TSLA260511P00425000
      Price unavailable — skipping this cycle

  ⚠️  #13 TSLA260511P00430000
      Price unavailable — skipping this cycle

  ⚠️  #14 TSLA260513P00430000
      Price unavailable — skipping this cycle

  ⚠️  #15 AMD260515P00457500
      Price unavailable — skipping this cycle

  ⚠️  #16 QQQ260511P00706000
      Price unavailable — skipping this cycle

  ⚠️  #17 TSLA260515P00427500
      Price unavailable — skipping this cycle

  ⚠️  #18 NFLX260515P00106000
      Price unavailable — skipping this cycle

  ⚠️  #19 SPY260515P00755000
      Price unavailable — skipping this cycle

  ⚠️  #20 TSLA260513P00455000
      Price unavailable — skipping this cycle

  ⚠️  #21 QQQ260513C00707000
      Price unavailable — skipping this cycle

  ⚠️  #22 CRM260605C00100000
      Price unavailable — skipping this cycle

  ⚠️  #23 QQQ260513C00709000
      Price unavailable — skipping this cycle

  ⚠️  #24 NVDA260513C00145000
      Price unavailable — skipping this cycle

  ⚠️  #25 QQQ260513C00708000
      Price unavailable — skipping this cycle

  ⚠️  #26 NFLX260515P00107000
      Price unavailable — skipping this cycle

  ⚠️  #27 IWM260513C00283000
      Price unavailable — skipping this cycle

  ⚠️  #28 TSLA260513C00425000
      Price unavailable — skipping this cycle

  ⏳ Next check in 3 minutes...

  Refreshing auth token...
  ✗ Auth error: HTTPSConnectionPool(host='api.public.com', port=443): Max retries exceeded with url: /userapiauthservice/personal/access-tokens (Caused by NameResolutionError("HTTPSConnection(host='api.public.com', port=443): Failed to resolve 'api.public.com' ([Errno 11001] getaddrinfo failed)"))
  ✗ Auth failed — will retry next cycle

  Refreshing auth token...

  ─────────────────────────────────────────────────────────────────
  📡 POSITION CHECK — 14:19:13 EDT
  ─────────────────────────────────────────────────────────────────

  🔴 #10 SPY260511P00745000  [⏸ TRACKING]
      Entry: $9.88 │ Bid: $6.03  Mid: $6.17  Ask: $6.31
      P&L: $-370.50 (-37.5%) │ Target: $19.75  Stop: $4.94  DTE: -1d
      ⚠️  Stop was triggered — continuing to track for data
      💭 HIGH SPY put signal — score 8.0, $4.4M premium, 3 DTE, bearish thesis....
      🌍 SPY +0.00%  QQQ +0.00%  VIX 18.2

  ⏰ CONTRACT EXPIRED — auto-closing #10

  🔴 #11 TSLA260511P00425000  [⏸ TRACKING]
      Entry: $7.83 │ Bid: $0.00  Mid: $0.02  Ask: $0.01
      P&L: $-780.50 (-99.7%) │ Target: $15.65  Stop: $3.91  DTE: -1d
      ⚠️  Stop was triggered — continuing to track for data
      💭 HIGH TSLA put signal — score 5.62, $1.6M premium, 3 DTE, bearish thesi...
      🌍 SPY +0.00%  QQQ +0.00%  VIX 18.2

  ⏰ CONTRACT EXPIRED — auto-closing #11

  🔴 #13 TSLA260511P00430000  [⏸ TRACKING]
      Entry: $7.33 │ Bid: $0.00  Mid: $0.01  Ask: $0.01
      P&L: $-731.50 (-99.9%) │ Target: $14.65  Stop: $3.66  DTE: -1d
      ⚠️  Stop was triggered — continuing to track for data
      💭 $2.8M premium on TSLA puts with 100% bearish flow and 8.0 score warran...
      🌍 SPY +0.00%  QQQ +0.00%  VIX 18.2

  ⏰ CONTRACT EXPIRED — auto-closing #13

  🔴 #14 TSLA260513P00430000  [⏸ TRACKING]
      Entry: $11.70 │ Bid: $6.25  Mid: $6.30  Ask: $6.35
      P&L: $-540.00 (-46.1%) │ Target: $23.40  Stop: $5.85  DTE: 1d
      ⚠️  Stop was triggered — continuing to track for data
      💭 $1.1M premium on TSLA 430 puts expiring today with 100% bearish flow a...
      🌍 SPY +0.00%  QQQ +0.00%  VIX 18.2

  🟢 #15 AMD260515P00457500  [⏸ TRACKING]
      Entry: $22.60 │ Bid: $25.05  Mid: $25.52  Ask: $26.00
      P&L: +$292.50 (+12.9%) │ Target: $45.20  Stop: $11.30  DTE: 3d
      ⚠️  Stop was triggered — continuing to track for data
      💭 $2.0M premium in AMD puts expiring today with 100% bearish flow and 8....
      🌍 SPY +0.00%  QQQ +0.00%  VIX 18.2

  🔴 #16 QQQ260511P00706000  [⏸ TRACKING]
      Entry: $2.11 │ Bid: $0.01  Mid: $0.02  Ask: $0.03
      P&L: $-209.00 (-99.0%) │ Target: $4.22  Stop: $1.05  DTE: -1d
      ⚠️  Stop was triggered — continuing to track for data
      💭 QQQ put with $1.8M premium and 8.0 score expiring today in 100% bearis...
      🌍 SPY +0.00%  QQQ +0.00%  VIX 18.2

  ⏰ CONTRACT EXPIRED — auto-closing #16

  🔴 #17 TSLA260515P00427500  [⏸ TRACKING]
      Entry: $11.00 │ Bid: $8.40  Mid: $8.45  Ask: $8.50
      P&L: $-255.00 (-23.2%) │ Target: $22.00  Stop: $5.50  DTE: 3d
      ⚠️  Stop was triggered — continuing to track for data
      💭 $6M premium on TSLA puts with 8.8 score and 100% bearish flow concentr...
      🌍 SPY +0.00%  QQQ +0.00%  VIX 18.2

  🟢 #18 NFLX260515P00106000  [▶ OPEN]
      Entry: $17.38 │ Bid: $16.70  Mid: $17.73  Ask: $18.75
      P&L: +$35.00 (+2.0%) │ Target: $34.75  Stop: $8.69  DTE: 3d
      💭 NFLX $106 puts expiring today generated $7.9M premium with 8.2 score i...
      🌍 SPY +0.00%  QQQ +0.00%  VIX 18.2

  🔴 #19 SPY260515P00755000  [▶ OPEN]
      Entry: $22.60 │ Bid: $19.87  Mid: $19.93  Ask: $19.99
      P&L: $-267.00 (-11.8%) │ Target: $45.20  Stop: $11.30  DTE: 3d
      💭 $1.5M premium accumulated in deep OTM SPY 755 puts expiring today with...
      🌍 SPY +0.00%  QQQ +0.00%  VIX 18.2

  🔴 #20 TSLA260513P00455000  [▶ OPEN]
      Entry: $28.93 │ Bid: $26.50  Mid: $26.82  Ask: $27.15
      P&L: $-210.00 (-7.3%) │ Target: $57.85  Stop: $14.46  DTE: 1d
      💭 $18.8M in put premium with 100% bearish flow bias into a zero-DTE TSLA...
      🌍 SPY +0.00%  QQQ +0.00%  VIX 18.2
  ⏰ EXPIRING SOON — 1 day(s) remaining

  🔴 #21 QQQ260513C00707000  [▶ OPEN]
      Entry: $1.25 │ Bid: $1.21  Mid: $1.22  Ask: $1.23
      P&L: $-3.50 (-2.8%) │ Target: $2.51  Stop: $0.63  DTE: 1d
      💭 $1.2M premium on QQQ calls with 100% bullish flow bias and 7.68 score ...
      🌍 SPY +0.00%  QQQ +0.00%  VIX 18.2
  ⏰ EXPIRING SOON — 1 day(s) remaining

  🔴 #22 CRM260605C00100000  [▶ OPEN]
      Entry: $72.58 │ Bid: $71.45  Mid: $72.50  Ask: $73.55
      P&L: $-7.50 (-0.1%) │ Target: $145.15  Stop: $14.52  DTE: 24d
      💭 CRM $100 calls expiring today show $1.0M premium with 7.53 score in 10...
      🌍 SPY +0.00%  QQQ +0.00%  VIX 18.2

  🔴 #23 QQQ260513C00709000  [▶ OPEN]
      Entry: $0.80 │ Bid: $0.78  Mid: $0.79  Ask: $0.79
      P&L: $-1.00 (-1.3%) │ Target: $1.59  Stop: $0.40  DTE: 1d
      💭 $1.2M bullish call premium on QQQ expiration with 100% call-to-put flo...
      🌍 SPY +0.00%  QQQ +0.00%  VIX 18.2
  ⏰ EXPIRING SOON — 1 day(s) remaining

  🟢 #24 NVDA260513C00145000  [▶ OPEN]
      Entry: $72.97 │ Bid: $70.85  Mid: $73.08  Ask: $75.30
      P&L: +$10.00 (+0.1%) │ Target: $145.95  Stop: $36.49  DTE: 1d
      💭 NVDA $145 calls expiring today with $954K premium and 100% bullish flo...
      🌍 SPY +0.00%  QQQ +0.00%  VIX 18.2
  ⏰ EXPIRING SOON — 1 day(s) remaining

  🟢 #25 QQQ260513C00708000  [▶ OPEN]
      Entry: $0.96 │ Bid: $0.98  Mid: $0.98  Ask: $0.99
      P&L: +$2.50 (+2.6%) │ Target: $1.92  Stop: $0.48  DTE: 1d
      💭 $1.9M premium concentration in a single QQQ call with 100% bullish flo...
      🌍 SPY +0.00%  QQQ +0.00%  VIX 18.2
  ⏰ EXPIRING SOON — 1 day(s) remaining

  🟢 #26 NFLX260515P00107000  [▶ OPEN]
      Entry: $18.35 │ Bid: $17.65  Mid: $18.68  Ask: $19.70
      P&L: +$32.50 (+1.8%) │ Target: $36.70  Stop: $9.18  DTE: 3d
      💭 $9.9M in put premium flowing into $107 OTM puts expiring today signals...
      🌍 SPY +0.00%  QQQ +0.00%  VIX 18.2

  🟢 #27 IWM260513C00283000  [▶ OPEN]
      Entry: $0.51 │ Bid: $0.60  Mid: $0.60  Ask: $0.61
      P&L: +$10.00 (+19.8%) │ Target: $1.01  Stop: $0.25  DTE: 1d
      💭 $1.4M premium concentrated in OTM calls with 100% bullish flow bias wa...
      🌍 SPY +0.00%  QQQ +0.00%  VIX 18.2
  ⏰ EXPIRING SOON — 1 day(s) remaining

  🟢 #28 TSLA260513C00425000  [▶ OPEN]
      Entry: $6.95 │ Bid: $7.75  Mid: $7.80  Ask: $7.85
      P&L: +$85.00 (+12.2%) │ Target: $13.90  Stop: $3.48  DTE: 1d
      💭 TSLA 425 calls expiring today show $25.9M premium with 100% bullish fl...
      🌍 SPY +0.00%  QQQ +0.00%  VIX 18.2
  ⏰ EXPIRING SOON — 1 day(s) remaining

  ⏳ Next check in 3 minutes...

  ─────────────────────────────────────────────────────────────────
  📡 POSITION CHECK — 14:22:14 EDT
  ─────────────────────────────────────────────────────────────────

  🔴 #10 SPY260511P00745000  [⏸ TRACKING]
      Entry: $9.88 │ Bid: $6.03  Mid: $6.17  Ask: $6.31
      P&L: $-370.50 (-37.5%) │ Target: $19.75  Stop: $4.94  DTE: -1d
      ⚠️  Stop was triggered — continuing to track for data
      💭 HIGH SPY put signal — score 8.0, $4.4M premium, 3 DTE, bearish thesis....
      🌍 SPY +0.00%  QQQ +0.00%  VIX 18.1

  ⏰ CONTRACT EXPIRED — auto-closing #10

  🔴 #11 TSLA260511P00425000  [⏸ TRACKING]
      Entry: $7.83 │ Bid: $0.00  Mid: $0.02  Ask: $0.01
      P&L: $-780.50 (-99.7%) │ Target: $15.65  Stop: $3.91  DTE: -1d
      ⚠️  Stop was triggered — continuing to track for data
      💭 HIGH TSLA put signal — score 5.62, $1.6M premium, 3 DTE, bearish thesi...
      🌍 SPY +0.00%  QQQ +0.00%  VIX 18.1

  ⏰ CONTRACT EXPIRED — auto-closing #11

  🔴 #13 TSLA260511P00430000  [⏸ TRACKING]
      Entry: $7.33 │ Bid: $0.00  Mid: $0.01  Ask: $0.01
      P&L: $-731.50 (-99.9%) │ Target: $14.65  Stop: $3.66  DTE: -1d
      ⚠️  Stop was triggered — continuing to track for data
      💭 $2.8M premium on TSLA puts with 100% bearish flow and 8.0 score warran...
      🌍 SPY +0.00%  QQQ +0.00%  VIX 18.1

  ⏰ CONTRACT EXPIRED — auto-closing #13

  🔴 #14 TSLA260513P00430000  [⏸ TRACKING]
      Entry: $11.70 │ Bid: $5.85  Mid: $5.90  Ask: $5.95
      P&L: $-580.00 (-49.6%) │ Target: $23.40  Stop: $5.85  DTE: 1d
      ⚠️  Stop was triggered — continuing to track for data
      💭 $1.1M premium on TSLA 430 puts expiring today with 100% bearish flow a...
      🌍 SPY +0.00%  QQQ +0.00%  VIX 18.1

  🟢 #15 AMD260515P00457500  [⏸ TRACKING]
      Entry: $22.60 │ Bid: $24.70  Mid: $25.20  Ask: $25.70
      P&L: +$260.00 (+11.5%) │ Target: $45.20  Stop: $11.30  DTE: 3d
      ⚠️  Stop was triggered — continuing to track for data
      💭 $2.0M premium in AMD puts expiring today with 100% bearish flow and 8....
      🌍 SPY +0.00%  QQQ +0.00%  VIX 18.1

  🔴 #16 QQQ260511P00706000  [⏸ TRACKING]
      Entry: $2.11 │ Bid: $0.01  Mid: $0.02  Ask: $0.03
      P&L: $-209.00 (-99.0%) │ Target: $4.22  Stop: $1.05  DTE: -1d
      ⚠️  Stop was triggered — continuing to track for data
      💭 QQQ put with $1.8M premium and 8.0 score expiring today in 100% bearis...
      🌍 SPY +0.00%  QQQ +0.00%  VIX 18.1

  ⏰ CONTRACT EXPIRED — auto-closing #16

  🔴 #17 TSLA260515P00427500  [⏸ TRACKING]
      Entry: $11.00 │ Bid: $8.10  Mid: $8.15  Ask: $8.20
      P&L: $-285.00 (-25.9%) │ Target: $22.00  Stop: $5.50  DTE: 3d
      ⚠️  Stop was triggered — continuing to track for data
      💭 $6M premium on TSLA puts with 8.8 score and 100% bearish flow concentr...
      🌍 SPY +0.00%  QQQ +0.00%  VIX 18.1

  🟢 #18 NFLX260515P00106000  [▶ OPEN]
      Entry: $17.38 │ Bid: $16.70  Mid: $17.73  Ask: $18.75
      P&L: +$35.00 (+2.0%) │ Target: $34.75  Stop: $8.69  DTE: 3d
      💭 NFLX $106 puts expiring today generated $7.9M premium with 8.2 score i...
      🌍 SPY +0.00%  QQQ +0.00%  VIX 18.1

  🔴 #19 SPY260515P00755000  [▶ OPEN]
      Entry: $22.60 │ Bid: $19.45  Mid: $19.52  Ask: $19.58
      P&L: $-308.50 (-13.7%) │ Target: $45.20  Stop: $11.30  DTE: 3d
      💭 $1.5M premium accumulated in deep OTM SPY 755 puts expiring today with...
      🌍 SPY +0.00%  QQQ +0.00%  VIX 18.1

  🔴 #20 TSLA260513P00455000  [▶ OPEN]
      Entry: $28.93 │ Bid: $25.65  Mid: $26.00  Ask: $26.35
      P&L: $-292.50 (-10.1%) │ Target: $57.85  Stop: $14.46  DTE: 1d
      💭 $18.8M in put premium with 100% bearish flow bias into a zero-DTE TSLA...
      🌍 SPY +0.00%  QQQ +0.00%  VIX 18.1
  ⏰ EXPIRING SOON — 1 day(s) remaining

  🟢 #21 QQQ260513C00707000  [▶ OPEN]
      Entry: $1.25 │ Bid: $1.27  Mid: $1.27  Ask: $1.28
      P&L: +$2.00 (+1.6%) │ Target: $2.51  Stop: $0.63  DTE: 1d
      💭 $1.2M premium on QQQ calls with 100% bullish flow bias and 7.68 score ...
      🌍 SPY +0.00%  QQQ +0.00%  VIX 18.1
  ⏰ EXPIRING SOON — 1 day(s) remaining

  🟢 #22 CRM260605C00100000  [▶ OPEN]
      Entry: $72.58 │ Bid: $71.45  Mid: $72.92  Ask: $74.40
      P&L: +$35.00 (+0.5%) │ Target: $145.15  Stop: $14.52  DTE: 24d
      💭 CRM $100 calls expiring today show $1.0M premium with 7.53 score in 10...
      🌍 SPY +0.00%  QQQ +0.00%  VIX 18.1

  🟢 #23 QQQ260513C00709000  [▶ OPEN]
      Entry: $0.80 │ Bid: $0.82  Mid: $0.82  Ask: $0.83
      P&L: +$3.00 (+3.8%) │ Target: $1.59  Stop: $0.40  DTE: 1d
      💭 $1.2M bullish call premium on QQQ expiration with 100% call-to-put flo...
      🌍 SPY +0.00%  QQQ +0.00%  VIX 18.1
  ⏰ EXPIRING SOON — 1 day(s) remaining

  🟢 #24 NVDA260513C00145000  [▶ OPEN]
      Entry: $72.97 │ Bid: $70.65  Mid: $73.12  Ask: $75.60
      P&L: +$15.00 (+0.2%) │ Target: $145.95  Stop: $36.49  DTE: 1d
      💭 NVDA $145 calls expiring today with $954K premium and 100% bullish flo...
      🌍 SPY +0.00%  QQQ +0.00%  VIX 18.1
  ⏰ EXPIRING SOON — 1 day(s) remaining

  🟢 #25 QQQ260513C00708000  [▶ OPEN]
      Entry: $0.96 │ Bid: $1.02  Mid: $1.02  Ask: $1.03
      P&L: +$6.50 (+6.8%) │ Target: $1.92  Stop: $0.48  DTE: 1d
      💭 $1.9M premium concentration in a single QQQ call with 100% bullish flo...
      🌍 SPY +0.00%  QQQ +0.00%  VIX 18.1
  ⏰ EXPIRING SOON — 1 day(s) remaining

  🟢 #26 NFLX260515P00107000  [▶ OPEN]
      Entry: $18.35 │ Bid: $17.65  Mid: $18.68  Ask: $19.70
      P&L: +$32.50 (+1.8%) │ Target: $36.70  Stop: $9.18  DTE: 3d
      💭 $9.9M in put premium flowing into $107 OTM puts expiring today signals...
      🌍 SPY +0.00%  QQQ +0.00%  VIX 18.1

  🟢 #27 IWM260513C00283000  [▶ OPEN]
      Entry: $0.51 │ Bid: $0.65  Mid: $0.66  Ask: $0.67
      P&L: +$15.50 (+30.7%) │ Target: $1.01  Stop: $0.25  DTE: 1d
      💭 $1.4M premium concentrated in OTM calls with 100% bullish flow bias wa...
      🌍 SPY +0.00%  QQQ +0.00%  VIX 18.1
  ⏰ EXPIRING SOON — 1 day(s) remaining

  🟢 #28 TSLA260513C00425000  [▶ OPEN]
      Entry: $6.95 │ Bid: $8.20  Mid: $8.28  Ask: $8.35
      P&L: +$132.50 (+19.1%) │ Target: $13.90  Stop: $3.48  DTE: 1d
      💭 TSLA 425 calls expiring today show $25.9M premium with 100% bullish fl...
      🌍 SPY +0.00%  QQQ +0.00%  VIX 18.1
  ⏰ EXPIRING SOON — 1 day(s) remaining

  🔴 #29 NVDA260513P00222500  [▶ OPEN]
      Entry: $5.03 │ Bid: $4.85  Mid: $4.92  Ask: $5.00
      P&L: $-10.00 (-2.0%) │ Target: $10.05  Stop: $2.51  DTE: 1d
      💭 $8.0M premium concentrated in zero-DTE NVDA puts at 100% bearish flow ...
      🌍 SPY +0.00%  QQQ +0.00%  VIX 18.1
  ⏰ EXPIRING SOON — 1 day(s) remaining

  ⏳ Next check in 3 minutes...

  ─────────────────────────────────────────────────────────────────
  📡 POSITION CHECK — 14:25:16 EDT
  ─────────────────────────────────────────────────────────────────

  🔴 #10 SPY260511P00745000  [⏸ TRACKING]
      Entry: $9.88 │ Bid: $6.03  Mid: $6.17  Ask: $6.31
      P&L: $-370.50 (-37.5%) │ Target: $19.75  Stop: $4.94  DTE: -1d
      ⚠️  Stop was triggered — continuing to track for data
      💭 HIGH SPY put signal — score 8.0, $4.4M premium, 3 DTE, bearish thesis....
      🌍 SPY +0.00%  QQQ +0.00%  VIX 18.1

  ⏰ CONTRACT EXPIRED — auto-closing #10

  🔴 #11 TSLA260511P00425000  [⏸ TRACKING]
      Entry: $7.83 │ Bid: $0.00  Mid: $0.02  Ask: $0.01
      P&L: $-780.50 (-99.7%) │ Target: $15.65  Stop: $3.91  DTE: -1d
      ⚠️  Stop was triggered — continuing to track for data
      💭 HIGH TSLA put signal — score 5.62, $1.6M premium, 3 DTE, bearish thesi...
      🌍 SPY +0.00%  QQQ +0.00%  VIX 18.1

  ⏰ CONTRACT EXPIRED — auto-closing #11

  🔴 #13 TSLA260511P00430000  [⏸ TRACKING]
      Entry: $7.33 │ Bid: $0.00  Mid: $0.01  Ask: $0.01
      P&L: $-731.50 (-99.9%) │ Target: $14.65  Stop: $3.66  DTE: -1d
      ⚠️  Stop was triggered — continuing to track for data
      💭 $2.8M premium on TSLA puts with 100% bearish flow and 8.0 score warran...
      🌍 SPY +0.00%  QQQ +0.00%  VIX 18.1

  ⏰ CONTRACT EXPIRED — auto-closing #13

  🔴 #14 TSLA260513P00430000  [⏸ TRACKING]
      Entry: $11.70 │ Bid: $5.75  Mid: $5.80  Ask: $5.85
      P&L: $-590.00 (-50.4%) │ Target: $23.40  Stop: $5.85  DTE: 1d
      ⚠️  Stop was triggered — continuing to track for data
      💭 $1.1M premium on TSLA 430 puts expiring today with 100% bearish flow a...
      🌍 SPY +0.00%  QQQ +0.00%  VIX 18.1

  🟢 #15 AMD260515P00457500  [⏸ TRACKING]
      Entry: $22.60 │ Bid: $24.05  Mid: $24.45  Ask: $24.85
      P&L: +$185.00 (+8.2%) │ Target: $45.20  Stop: $11.30  DTE: 3d
      ⚠️  Stop was triggered — continuing to track for data
      💭 $2.0M premium in AMD puts expiring today with 100% bearish flow and 8....
      🌍 SPY +0.00%  QQQ +0.00%  VIX 18.1

  🔴 #16 QQQ260511P00706000  [⏸ TRACKING]
      Entry: $2.11 │ Bid: $0.01  Mid: $0.02  Ask: $0.03
      P&L: $-209.00 (-99.0%) │ Target: $4.22  Stop: $1.05  DTE: -1d
      ⚠️  Stop was triggered — continuing to track for data
      💭 QQQ put with $1.8M premium and 8.0 score expiring today in 100% bearis...
      🌍 SPY +0.00%  QQQ +0.00%  VIX 18.1

  ⏰ CONTRACT EXPIRED — auto-closing #16

  🔴 #17 TSLA260515P00427500  [⏸ TRACKING]
      Entry: $11.00 │ Bid: $7.95  Mid: $8.00  Ask: $8.05
      P&L: $-300.00 (-27.3%) │ Target: $22.00  Stop: $5.50  DTE: 3d
      ⚠️  Stop was triggered — continuing to track for data
      💭 $6M premium on TSLA puts with 8.8 score and 100% bearish flow concentr...
      🌍 SPY +0.00%  QQQ +0.00%  VIX 18.1

  🟢 #18 NFLX260515P00106000  [▶ OPEN]
      Entry: $17.38 │ Bid: $16.70  Mid: $17.73  Ask: $18.75
      P&L: +$35.00 (+2.0%) │ Target: $34.75  Stop: $8.69  DTE: 3d
      💭 NFLX $106 puts expiring today generated $7.9M premium with 8.2 score i...
      🌍 SPY +0.00%  QQQ +0.00%  VIX 18.1

  🔴 #19 SPY260515P00755000  [▶ OPEN]
      Entry: $22.60 │ Bid: $18.83  Mid: $18.90  Ask: $18.97
      P&L: $-370.00 (-16.4%) │ Target: $45.20  Stop: $11.30  DTE: 3d
      💭 $1.5M premium accumulated in deep OTM SPY 755 puts expiring today with...
      🌍 SPY +0.00%  QQQ +0.00%  VIX 18.1

  🔴 #20 TSLA260513P00455000  [▶ OPEN]
      Entry: $28.93 │ Bid: $25.70  Mid: $25.98  Ask: $26.25
      P&L: $-295.00 (-10.2%) │ Target: $57.85  Stop: $14.46  DTE: 1d
      💭 $18.8M in put premium with 100% bearish flow bias into a zero-DTE TSLA...
      🌍 SPY +0.00%  QQQ +0.00%  VIX 18.1
  ⏰ EXPIRING SOON — 1 day(s) remaining

  🟢 #21 QQQ260513C00707000  [▶ OPEN]
      Entry: $1.25 │ Bid: $1.42  Mid: $1.43  Ask: $1.44
      P&L: +$17.50 (+13.9%) │ Target: $2.51  Stop: $0.63  DTE: 1d
      💭 $1.2M premium on QQQ calls with 100% bullish flow bias and 7.68 score ...
      🌍 SPY +0.00%  QQQ +0.00%  VIX 18.1
  ⏰ EXPIRING SOON — 1 day(s) remaining

  🟢 #22 CRM260605C00100000  [▶ OPEN]
      Entry: $72.58 │ Bid: $71.45  Mid: $72.92  Ask: $74.40
      P&L: +$35.00 (+0.5%) │ Target: $145.15  Stop: $14.52  DTE: 24d
      💭 CRM $100 calls expiring today show $1.0M premium with 7.53 score in 10...
      🌍 SPY +0.00%  QQQ +0.00%  VIX 18.1

  🟢 #23 QQQ260513C00709000  [▶ OPEN]
      Entry: $0.80 │ Bid: $0.92  Mid: $0.93  Ask: $0.93
      P&L: +$13.00 (+16.4%) │ Target: $1.59  Stop: $0.40  DTE: 1d
      💭 $1.2M bullish call premium on QQQ expiration with 100% call-to-put flo...
      🌍 SPY +0.00%  QQQ +0.00%  VIX 18.1
  ⏰ EXPIRING SOON — 1 day(s) remaining

  🟢 #24 NVDA260513C00145000  [▶ OPEN]
      Entry: $72.97 │ Bid: $70.75  Mid: $73.22  Ask: $75.70
      P&L: +$25.00 (+0.3%) │ Target: $145.95  Stop: $36.49  DTE: 1d
      💭 NVDA $145 calls expiring today with $954K premium and 100% bullish flo...
      🌍 SPY +0.00%  QQQ +0.00%  VIX 18.1
  ⏰ EXPIRING SOON — 1 day(s) remaining

  🟢 #25 QQQ260513C00708000  [▶ OPEN]
      Entry: $0.96 │ Bid: $1.14  Mid: $1.15  Ask: $1.16
      P&L: +$19.00 (+19.8%) │ Target: $1.92  Stop: $0.48  DTE: 1d
      💭 $1.9M premium concentration in a single QQQ call with 100% bullish flo...
      🌍 SPY +0.00%  QQQ +0.00%  VIX 18.1
  ⏰ EXPIRING SOON — 1 day(s) remaining

  🟢 #26 NFLX260515P00107000  [▶ OPEN]
      Entry: $18.35 │ Bid: $17.65  Mid: $18.68  Ask: $19.70
      P&L: +$32.50 (+1.8%) │ Target: $36.70  Stop: $9.18  DTE: 3d
      💭 $9.9M in put premium flowing into $107 OTM puts expiring today signals...
      🌍 SPY +0.00%  QQQ +0.00%  VIX 18.1

  🟢 #27 IWM260513C00283000  [▶ OPEN]
      Entry: $0.51 │ Bid: $0.71  Mid: $0.71  Ask: $0.72
      P&L: +$21.00 (+41.6%) │ Target: $1.01  Stop: $0.25  DTE: 1d
      💭 $1.4M premium concentrated in OTM calls with 100% bullish flow bias wa...
      🌍 SPY +0.00%  QQQ +0.00%  VIX 18.1
  ⏰ EXPIRING SOON — 1 day(s) remaining

  🟢 #28 TSLA260513C00425000  [▶ OPEN]
      Entry: $6.95 │ Bid: $8.30  Mid: $8.38  Ask: $8.45
      P&L: +$142.50 (+20.5%) │ Target: $13.90  Stop: $3.48  DTE: 1d
      💭 TSLA 425 calls expiring today show $25.9M premium with 100% bullish fl...
      🌍 SPY +0.00%  QQQ +0.00%  VIX 18.1
  ⏰ EXPIRING SOON — 1 day(s) remaining

  🔴 #29 NVDA260513P00222500  [▶ OPEN]
      Entry: $5.03 │ Bid: $4.75  Mid: $4.80  Ask: $4.85
      P&L: $-22.50 (-4.5%) │ Target: $10.05  Stop: $2.51  DTE: 1d
      💭 $8.0M premium concentrated in zero-DTE NVDA puts at 100% bearish flow ...
      🌍 SPY +0.00%  QQQ +0.00%  VIX 18.1
  ⏰ EXPIRING SOON — 1 day(s) remaining

  ⏳ Next check in 3 minutes...

  ─────────────────────────────────────────────────────────────────
  📡 POSITION CHECK — 14:28:18 EDT
  ─────────────────────────────────────────────────────────────────

  🔴 #10 SPY260511P00745000  [⏸ TRACKING]
      Entry: $9.88 │ Bid: $6.03  Mid: $6.17  Ask: $6.31
      P&L: $-370.50 (-37.5%) │ Target: $19.75  Stop: $4.94  DTE: -1d
      ⚠️  Stop was triggered — continuing to track for data
      💭 HIGH SPY put signal — score 8.0, $4.4M premium, 3 DTE, bearish thesis....
      🌍 SPY +0.00%  QQQ +0.00%  VIX 18.1

  ⏰ CONTRACT EXPIRED — auto-closing #10

  🔴 #11 TSLA260511P00425000  [⏸ TRACKING]
      Entry: $7.83 │ Bid: $0.00  Mid: $0.02  Ask: $0.01
      P&L: $-780.50 (-99.7%) │ Target: $15.65  Stop: $3.91  DTE: -1d
      ⚠️  Stop was triggered — continuing to track for data
      💭 HIGH TSLA put signal — score 5.62, $1.6M premium, 3 DTE, bearish thesi...
      🌍 SPY +0.00%  QQQ +0.00%  VIX 18.1

  ⏰ CONTRACT EXPIRED — auto-closing #11

  🔴 #13 TSLA260511P00430000  [⏸ TRACKING]
      Entry: $7.33 │ Bid: $0.00  Mid: $0.01  Ask: $0.01
      P&L: $-731.50 (-99.9%) │ Target: $14.65  Stop: $3.66  DTE: -1d
      ⚠️  Stop was triggered — continuing to track for data
      💭 $2.8M premium on TSLA puts with 100% bearish flow and 8.0 score warran...
      🌍 SPY +0.00%  QQQ +0.00%  VIX 18.1

  ⏰ CONTRACT EXPIRED — auto-closing #13

  🔴 #14 TSLA260513P00430000  [⏸ TRACKING]
      Entry: $11.70 │ Bid: $5.55  Mid: $5.60  Ask: $5.65
      P&L: $-610.00 (-52.1%) │ Target: $23.40  Stop: $5.85  DTE: 1d
      ⚠️  Stop was triggered — continuing to track for data
      💭 $1.1M premium on TSLA 430 puts expiring today with 100% bearish flow a...
      🌍 SPY +0.00%  QQQ +0.00%  VIX 18.1

  🟢 #15 AMD260515P00457500  [⏸ TRACKING]
      Entry: $22.60 │ Bid: $24.30  Mid: $24.57  Ask: $24.85
      P&L: +$197.50 (+8.7%) │ Target: $45.20  Stop: $11.30  DTE: 3d
      ⚠️  Stop was triggered — continuing to track for data
      💭 $2.0M premium in AMD puts expiring today with 100% bearish flow and 8....
      🌍 SPY +0.00%  QQQ +0.00%  VIX 18.1

  🔴 #16 QQQ260511P00706000  [⏸ TRACKING]
      Entry: $2.11 │ Bid: $0.01  Mid: $0.02  Ask: $0.03
      P&L: $-209.00 (-99.0%) │ Target: $4.22  Stop: $1.05  DTE: -1d
      ⚠️  Stop was triggered — continuing to track for data
      💭 QQQ put with $1.8M premium and 8.0 score expiring today in 100% bearis...
      🌍 SPY +0.00%  QQQ +0.00%  VIX 18.1

  ⏰ CONTRACT EXPIRED — auto-closing #16

  🔴 #17 TSLA260515P00427500  [⏸ TRACKING]
      Entry: $11.00 │ Bid: $7.80  Mid: $7.85  Ask: $7.90
      P&L: $-315.00 (-28.6%) │ Target: $22.00  Stop: $5.50  DTE: 3d
      ⚠️  Stop was triggered — continuing to track for data
      💭 $6M premium on TSLA puts with 8.8 score and 100% bearish flow concentr...
      🌍 SPY +0.00%  QQQ +0.00%  VIX 18.1

  🟢 #18 NFLX260515P00106000  [▶ OPEN]
      Entry: $17.38 │ Bid: $16.70  Mid: $17.73  Ask: $18.75
      P&L: +$35.00 (+2.0%) │ Target: $34.75  Stop: $8.69  DTE: 3d
      💭 NFLX $106 puts expiring today generated $7.9M premium with 8.2 score i...
      🌍 SPY +0.00%  QQQ +0.00%  VIX 18.1

  🔴 #19 SPY260515P00755000  [▶ OPEN]
      Entry: $22.60 │ Bid: $18.56  Mid: $18.62  Ask: $18.69
      P&L: $-397.50 (-17.6%) │ Target: $45.20  Stop: $11.30  DTE: 3d
      💭 $1.5M premium accumulated in deep OTM SPY 755 puts expiring today with...
      🌍 SPY +0.00%  QQQ +0.00%  VIX 18.1

  🔴 #20 TSLA260513P00455000  [▶ OPEN]
      Entry: $28.93 │ Bid: $25.35  Mid: $25.60  Ask: $25.85
      P&L: $-332.50 (-11.5%) │ Target: $57.85  Stop: $14.46  DTE: 1d
      💭 $18.8M in put premium with 100% bearish flow bias into a zero-DTE TSLA...
      🌍 SPY +0.00%  QQQ +0.00%  VIX 18.1
  ⏰ EXPIRING SOON — 1 day(s) remaining

  🟢 #21 QQQ260513C00707000  [▶ OPEN]
      Entry: $1.25 │ Bid: $1.59  Mid: $1.60  Ask: $1.61
      P&L: +$34.50 (+27.5%) │ Target: $2.51  Stop: $0.63  DTE: 1d
      💭 $1.2M premium on QQQ calls with 100% bullish flow bias and 7.68 score ...
      🌍 SPY +0.00%  QQQ +0.00%  VIX 18.1
  ⏰ EXPIRING SOON — 1 day(s) remaining

  🔴 #22 CRM260605C00100000  [▶ OPEN]
      Entry: $72.58 │ Bid: $71.45  Mid: $72.53  Ask: $73.60
      P&L: $-5.00 (-0.1%) │ Target: $145.15  Stop: $14.52  DTE: 24d
      💭 CRM $100 calls expiring today show $1.0M premium with 7.53 score in 10...
      🌍 SPY +0.00%  QQQ +0.00%  VIX 18.1

  🟢 #23 QQQ260513C00709000  [▶ OPEN]
      Entry: $0.80 │ Bid: $1.04  Mid: $1.04  Ask: $1.05
      P&L: +$25.00 (+31.4%) │ Target: $1.59  Stop: $0.40  DTE: 1d
      💭 $1.2M bullish call premium on QQQ expiration with 100% call-to-put flo...
      🌍 SPY +0.00%  QQQ +0.00%  VIX 18.1
  ⏰ EXPIRING SOON — 1 day(s) remaining

  🟢 #24 NVDA260513C00145000  [▶ OPEN]
      Entry: $72.97 │ Bid: $71.40  Mid: $73.40  Ask: $75.40
      P&L: +$42.50 (+0.6%) │ Target: $145.95  Stop: $36.49  DTE: 1d
      💭 NVDA $145 calls expiring today with $954K premium and 100% bullish flo...
      🌍 SPY +0.00%  QQQ +0.00%  VIX 18.1
  ⏰ EXPIRING SOON — 1 day(s) remaining

  🟢 #25 QQQ260513C00708000  [▶ OPEN]
      Entry: $0.96 │ Bid: $1.29  Mid: $1.30  Ask: $1.31
      P&L: +$34.00 (+35.4%) │ Target: $1.92  Stop: $0.48  DTE: 1d
      💭 $1.9M premium concentration in a single QQQ call with 100% bullish flo...
      🌍 SPY +0.00%  QQQ +0.00%  VIX 18.1
  ⏰ EXPIRING SOON — 1 day(s) remaining

  🟢 #26 NFLX260515P00107000  [▶ OPEN]
      Entry: $18.35 │ Bid: $17.65  Mid: $18.68  Ask: $19.70
      P&L: +$32.50 (+1.8%) │ Target: $36.70  Stop: $9.18  DTE: 3d
      💭 $9.9M in put premium flowing into $107 OTM puts expiring today signals...
      🌍 SPY +0.00%  QQQ +0.00%  VIX 18.1

  🟢 #27 IWM260513C00283000  [▶ OPEN]
      Entry: $0.51 │ Bid: $0.70  Mid: $0.71  Ask: $0.72
      P&L: +$20.50 (+40.6%) │ Target: $1.01  Stop: $0.25  DTE: 1d
      💭 $1.4M premium concentrated in OTM calls with 100% bullish flow bias wa...
      🌍 SPY +0.00%  QQQ +0.00%  VIX 18.1
  ⏰ EXPIRING SOON — 1 day(s) remaining

  🟢 #28 TSLA260513C00425000  [▶ OPEN]
      Entry: $6.95 │ Bid: $8.50  Mid: $8.57  Ask: $8.65
      P&L: +$162.50 (+23.4%) │ Target: $13.90  Stop: $3.48  DTE: 1d
      💭 TSLA 425 calls expiring today show $25.9M premium with 100% bullish fl...
      🌍 SPY +0.00%  QQQ +0.00%  VIX 18.1
  ⏰ EXPIRING SOON — 1 day(s) remaining

  🔴 #29 NVDA260513P00222500  [▶ OPEN]
      Entry: $5.03 │ Bid: $4.35  Mid: $4.40  Ask: $4.45
      P&L: $-62.50 (-12.4%) │ Target: $10.05  Stop: $2.51  DTE: 1d
      💭 $8.0M premium concentrated in zero-DTE NVDA puts at 100% bearish flow ...
      🌍 SPY +0.00%  QQQ +0.00%  VIX 18.1
  ⏰ EXPIRING SOON — 1 day(s) remaining

  🔴 #30 TSLA260513P00435000  [▶ OPEN]
      Entry: $8.90 │ Bid: $8.50  Mid: $8.57  Ask: $8.65
      P&L: $-32.50 (-3.6%) │ Target: $17.80  Stop: $4.45  DTE: 1d
      💭 $21.2M in put premium with 100% bearish flow and 0 DTE expiration crea...
      🌍 SPY +0.00%  QQQ +0.00%  VIX 18.1
  ⏰ EXPIRING SOON — 1 day(s) remaining

  ⏳ Next check in 3 minutes...

  ─────────────────────────────────────────────────────────────────
  📡 POSITION CHECK — 14:31:19 EDT
  ─────────────────────────────────────────────────────────────────

  🔴 #10 SPY260511P00745000  [⏸ TRACKING]
      Entry: $9.88 │ Bid: $6.03  Mid: $6.17  Ask: $6.31
      P&L: $-370.50 (-37.5%) │ Target: $19.75  Stop: $4.94  DTE: -1d
      ⚠️  Stop was triggered — continuing to track for data
      💭 HIGH SPY put signal — score 8.0, $4.4M premium, 3 DTE, bearish thesis....
      🌍 SPY +0.00%  QQQ +0.00%  VIX 18.1

  ⏰ CONTRACT EXPIRED — auto-closing #10

  🔴 #11 TSLA260511P00425000  [⏸ TRACKING]
      Entry: $7.83 │ Bid: $0.00  Mid: $0.02  Ask: $0.01
      P&L: $-780.50 (-99.7%) │ Target: $15.65  Stop: $3.91  DTE: -1d
      ⚠️  Stop was triggered — continuing to track for data
      💭 HIGH TSLA put signal — score 5.62, $1.6M premium, 3 DTE, bearish thesi...
      🌍 SPY +0.00%  QQQ +0.00%  VIX 18.1

  ⏰ CONTRACT EXPIRED — auto-closing #11

  🔴 #13 TSLA260511P00430000  [⏸ TRACKING]
      Entry: $7.33 │ Bid: $0.00  Mid: $0.01  Ask: $0.01
      P&L: $-731.50 (-99.9%) │ Target: $14.65  Stop: $3.66  DTE: -1d
      ⚠️  Stop was triggered — continuing to track for data
      💭 $2.8M premium on TSLA puts with 100% bearish flow and 8.0 score warran...
      🌍 SPY +0.00%  QQQ +0.00%  VIX 18.1

  ⏰ CONTRACT EXPIRED — auto-closing #13

  🔴 #14 TSLA260513P00430000  [⏸ TRACKING]
      Entry: $11.70 │ Bid: $5.55  Mid: $5.60  Ask: $5.65
      P&L: $-610.00 (-52.1%) │ Target: $23.40  Stop: $5.85  DTE: 1d
      ⚠️  Stop was triggered — continuing to track for data
      💭 $1.1M premium on TSLA 430 puts expiring today with 100% bearish flow a...
      🌍 SPY +0.00%  QQQ +0.00%  VIX 18.1

  🟢 #15 AMD260515P00457500  [⏸ TRACKING]
      Entry: $22.60 │ Bid: $22.90  Mid: $23.27  Ask: $23.65
      P&L: +$67.50 (+3.0%) │ Target: $45.20  Stop: $11.30  DTE: 3d
      ⚠️  Stop was triggered — continuing to track for data
      💭 $2.0M premium in AMD puts expiring today with 100% bearish flow and 8....
      🌍 SPY +0.00%  QQQ +0.00%  VIX 18.1

  🔴 #16 QQQ260511P00706000  [⏸ TRACKING]
      Entry: $2.11 │ Bid: $0.01  Mid: $0.02  Ask: $0.03
      P&L: $-209.00 (-99.0%) │ Target: $4.22  Stop: $1.05  DTE: -1d
      ⚠️  Stop was triggered — continuing to track for data
      💭 QQQ put with $1.8M premium and 8.0 score expiring today in 100% bearis...
      🌍 SPY +0.00%  QQQ +0.00%  VIX 18.1

  ⏰ CONTRACT EXPIRED — auto-closing #16

  🔴 #17 TSLA260515P00427500  [⏸ TRACKING]
      Entry: $11.00 │ Bid: $7.75  Mid: $7.80  Ask: $7.85
      P&L: $-320.00 (-29.1%) │ Target: $22.00  Stop: $5.50  DTE: 3d
      ⚠️  Stop was triggered — continuing to track for data
      💭 $6M premium on TSLA puts with 8.8 score and 100% bearish flow concentr...
      🌍 SPY +0.00%  QQQ +0.00%  VIX 18.1

  🟢 #18 NFLX260515P00106000  [▶ OPEN]
      Entry: $17.38 │ Bid: $16.70  Mid: $17.73  Ask: $18.75
      P&L: +$35.00 (+2.0%) │ Target: $34.75  Stop: $8.69  DTE: 3d
      💭 NFLX $106 puts expiring today generated $7.9M premium with 8.2 score i...
      🌍 SPY +0.00%  QQQ +0.00%  VIX 18.1

  🔴 #19 SPY260515P00755000  [▶ OPEN]
      Entry: $22.60 │ Bid: $18.51  Mid: $18.58  Ask: $18.65
      P&L: $-402.00 (-17.8%) │ Target: $45.20  Stop: $11.30  DTE: 3d
      💭 $1.5M premium accumulated in deep OTM SPY 755 puts expiring today with...
      🌍 SPY +0.00%  QQQ +0.00%  VIX 18.1

  🔴 #20 TSLA260513P00455000  [▶ OPEN]
      Entry: $28.93 │ Bid: $25.25  Mid: $25.52  Ask: $25.80
      P&L: $-340.00 (-11.8%) │ Target: $57.85  Stop: $14.46  DTE: 1d
      💭 $18.8M in put premium with 100% bearish flow bias into a zero-DTE TSLA...
      🌍 SPY +0.00%  QQQ +0.00%  VIX 18.1
  ⏰ EXPIRING SOON — 1 day(s) remaining

  🟢 #21 QQQ260513C00707000  [▶ OPEN]
      Entry: $1.25 │ Bid: $1.68  Mid: $1.69  Ask: $1.70
      P&L: +$43.50 (+34.7%) │ Target: $2.51  Stop: $0.63  DTE: 1d
      💭 $1.2M premium on QQQ calls with 100% bullish flow bias and 7.68 score ...
      🌍 SPY +0.00%  QQQ +0.00%  VIX 18.1
  ⏰ EXPIRING SOON — 1 day(s) remaining

  🔴 #22 CRM260605C00100000  [▶ OPEN]
      Entry: $72.58 │ Bid: $71.45  Mid: $72.53  Ask: $73.60
      P&L: $-5.00 (-0.1%) │ Target: $145.15  Stop: $14.52  DTE: 24d
      💭 CRM $100 calls expiring today show $1.0M premium with 7.53 score in 10...
      🌍 SPY +0.00%  QQQ +0.00%  VIX 18.1

  🟢 #23 QQQ260513C00709000  [▶ OPEN]
      Entry: $0.80 │ Bid: $1.10  Mid: $1.10  Ask: $1.11
      P&L: +$31.00 (+39.0%) │ Target: $1.59  Stop: $0.40  DTE: 1d
      💭 $1.2M bullish call premium on QQQ expiration with 100% call-to-put flo...
      🌍 SPY +0.00%  QQQ +0.00%  VIX 18.1
  ⏰ EXPIRING SOON — 1 day(s) remaining

  🟢 #24 NVDA260513C00145000  [▶ OPEN]
      Entry: $72.97 │ Bid: $71.55  Mid: $73.70  Ask: $75.85
      P&L: +$72.50 (+1.0%) │ Target: $145.95  Stop: $36.49  DTE: 1d
      💭 NVDA $145 calls expiring today with $954K premium and 100% bullish flo...
      🌍 SPY +0.00%  QQQ +0.00%  VIX 18.1
  ⏰ EXPIRING SOON — 1 day(s) remaining

  🟢 #25 QQQ260513C00708000  [▶ OPEN]
      Entry: $0.96 │ Bid: $1.36  Mid: $1.37  Ask: $1.38
      P&L: +$41.00 (+42.7%) │ Target: $1.92  Stop: $0.48  DTE: 1d
      💭 $1.9M premium concentration in a single QQQ call with 100% bullish flo...
      🌍 SPY +0.00%  QQQ +0.00%  VIX 18.1
  ⏰ EXPIRING SOON — 1 day(s) remaining

  🟢 #26 NFLX260515P00107000  [▶ OPEN]
      Entry: $18.35 │ Bid: $17.65  Mid: $18.70  Ask: $19.75
      P&L: +$35.00 (+1.9%) │ Target: $36.70  Stop: $9.18  DTE: 3d
      💭 $9.9M in put premium flowing into $107 OTM puts expiring today signals...
      🌍 SPY +0.00%  QQQ +0.00%  VIX 18.1

  🟢 #27 IWM260513C00283000  [▶ OPEN]
      Entry: $0.51 │ Bid: $0.70  Mid: $0.71  Ask: $0.72
      P&L: +$20.50 (+40.6%) │ Target: $1.01  Stop: $0.25  DTE: 1d
      💭 $1.4M premium concentrated in OTM calls with 100% bullish flow bias wa...
      🌍 SPY +0.00%  QQQ +0.00%  VIX 18.1
  ⏰ EXPIRING SOON — 1 day(s) remaining

  🟢 #28 TSLA260513C00425000  [▶ OPEN]
      Entry: $6.95 │ Bid: $8.55  Mid: $8.62  Ask: $8.70
      P&L: +$167.50 (+24.1%) │ Target: $13.90  Stop: $3.48  DTE: 1d
      💭 TSLA 425 calls expiring today show $25.9M premium with 100% bullish fl...
      🌍 SPY +0.00%  QQQ +0.00%  VIX 18.1
  ⏰ EXPIRING SOON — 1 day(s) remaining

  🔴 #29 NVDA260513P00222500  [▶ OPEN]
      Entry: $5.03 │ Bid: $4.00  Mid: $4.05  Ask: $4.10
      P&L: $-97.50 (-19.4%) │ Target: $10.05  Stop: $2.51  DTE: 1d
      💭 $8.0M premium concentrated in zero-DTE NVDA puts at 100% bearish flow ...
      🌍 SPY +0.00%  QQQ +0.00%  VIX 18.1
  ⏰ EXPIRING SOON — 1 day(s) remaining

  🔴 #30 TSLA260513P00435000  [▶ OPEN]
      Entry: $8.90 │ Bid: $8.50  Mid: $8.55  Ask: $8.60
      P&L: $-35.00 (-3.9%) │ Target: $17.80  Stop: $4.45  DTE: 1d
      💭 $21.2M in put premium with 100% bearish flow and 0 DTE expiration crea...
      🌍 SPY +0.00%  QQQ +0.00%  VIX 18.1
  ⏰ EXPIRING SOON — 1 day(s) remaining

  🔴 #31 TSLA260513C00450000  [▶ OPEN]
      Entry: $1.04 │ Bid: $1.02  Mid: $1.03  Ask: $1.04
      P&L: $-1.00 (-1.0%) │ Target: $2.08  Stop: $0.52  DTE: 1d
      💭 $9.2M premium in TSLA calls expiring today with 100% bullish flow sign...
      🌍 SPY +0.00%  QQQ +0.00%  VIX 18.1
  ⏰ EXPIRING SOON — 1 day(s) remaining

  ⏳ Next check in 3 minutes...

  ─────────────────────────────────────────────────────────────────
  📡 POSITION CHECK — 14:34:21 EDT
  ─────────────────────────────────────────────────────────────────

  🔴 #10 SPY260511P00745000  [⏸ TRACKING]
      Entry: $9.88 │ Bid: $6.03  Mid: $6.17  Ask: $6.31
      P&L: $-370.50 (-37.5%) │ Target: $19.75  Stop: $4.94  DTE: -1d
      ⚠️  Stop was triggered — continuing to track for data
      💭 HIGH SPY put signal — score 8.0, $4.4M premium, 3 DTE, bearish thesis....
      🌍 SPY +0.00%  QQQ +0.00%  VIX 18.1

  ⏰ CONTRACT EXPIRED — auto-closing #10

  🔴 #11 TSLA260511P00425000  [⏸ TRACKING]
      Entry: $7.83 │ Bid: $0.00  Mid: $0.02  Ask: $0.01
      P&L: $-780.50 (-99.7%) │ Target: $15.65  Stop: $3.91  DTE: -1d
      ⚠️  Stop was triggered — continuing to track for data
      💭 HIGH TSLA put signal — score 5.62, $1.6M premium, 3 DTE, bearish thesi...
      🌍 SPY +0.00%  QQQ +0.00%  VIX 18.1

  ⏰ CONTRACT EXPIRED — auto-closing #11

  🔴 #13 TSLA260511P00430000  [⏸ TRACKING]
      Entry: $7.33 │ Bid: $0.00  Mid: $0.01  Ask: $0.01
      P&L: $-731.50 (-99.9%) │ Target: $14.65  Stop: $3.66  DTE: -1d
      ⚠️  Stop was triggered — continuing to track for data
      💭 $2.8M premium on TSLA puts with 100% bearish flow and 8.0 score warran...
      🌍 SPY +0.00%  QQQ +0.00%  VIX 18.1

  ⏰ CONTRACT EXPIRED — auto-closing #13

  🔴 #14 TSLA260513P00430000  [⏸ TRACKING]
      Entry: $11.70 │ Bid: $5.70  Mid: $5.72  Ask: $5.75
      P&L: $-597.50 (-51.1%) │ Target: $23.40  Stop: $5.85  DTE: 1d
      ⚠️  Stop was triggered — continuing to track for data
      💭 $1.1M premium on TSLA 430 puts expiring today with 100% bearish flow a...
      🌍 SPY +0.00%  QQQ +0.00%  VIX 18.1

  🟢 #15 AMD260515P00457500  [⏸ TRACKING]
      Entry: $22.60 │ Bid: $23.45  Mid: $23.75  Ask: $24.05
      P&L: +$115.00 (+5.1%) │ Target: $45.20  Stop: $11.30  DTE: 3d
      ⚠️  Stop was triggered — continuing to track for data
      💭 $2.0M premium in AMD puts expiring today with 100% bearish flow and 8....
      🌍 SPY +0.00%  QQQ +0.00%  VIX 18.1

  🔴 #16 QQQ260511P00706000  [⏸ TRACKING]
      Entry: $2.11 │ Bid: $0.01  Mid: $0.02  Ask: $0.03
      P&L: $-209.00 (-99.0%) │ Target: $4.22  Stop: $1.05  DTE: -1d
      ⚠️  Stop was triggered — continuing to track for data
      💭 QQQ put with $1.8M premium and 8.0 score expiring today in 100% bearis...
      🌍 SPY +0.00%  QQQ +0.00%  VIX 18.1

  ⏰ CONTRACT EXPIRED — auto-closing #16

  🔴 #17 TSLA260515P00427500  [⏸ TRACKING]
      Entry: $11.00 │ Bid: $7.90  Mid: $7.95  Ask: $8.00
      P&L: $-305.00 (-27.7%) │ Target: $22.00  Stop: $5.50  DTE: 3d
      ⚠️  Stop was triggered — continuing to track for data
      💭 $6M premium on TSLA puts with 8.8 score and 100% bearish flow concentr...
      🌍 SPY +0.00%  QQQ +0.00%  VIX 18.1

  🟢 #18 NFLX260515P00106000  [▶ OPEN]
      Entry: $17.38 │ Bid: $16.70  Mid: $17.73  Ask: $18.75
      P&L: +$35.00 (+2.0%) │ Target: $34.75  Stop: $8.69  DTE: 3d
      💭 NFLX $106 puts expiring today generated $7.9M premium with 8.2 score i...
      🌍 SPY +0.00%  QQQ +0.00%  VIX 18.1

  🔴 #19 SPY260515P00755000  [▶ OPEN]
      Entry: $22.60 │ Bid: $18.87  Mid: $18.93  Ask: $19.00
      P&L: $-366.50 (-16.2%) │ Target: $45.20  Stop: $11.30  DTE: 3d
      💭 $1.5M premium accumulated in deep OTM SPY 755 puts expiring today with...
      🌍 SPY +0.00%  QQQ +0.00%  VIX 18.1

  🔴 #20 TSLA260513P00455000  [▶ OPEN]
      Entry: $28.93 │ Bid: $25.50  Mid: $25.80  Ask: $26.10
      P&L: $-312.50 (-10.8%) │ Target: $57.85  Stop: $14.46  DTE: 1d
      💭 $18.8M in put premium with 100% bearish flow bias into a zero-DTE TSLA...
      🌍 SPY +0.00%  QQQ +0.00%  VIX 18.1
  ⏰ EXPIRING SOON — 1 day(s) remaining

  🟢 #21 QQQ260513C00707000  [▶ OPEN]
      Entry: $1.25 │ Bid: $1.60  Mid: $1.60  Ask: $1.61
      P&L: +$35.00 (+27.9%) │ Target: $2.51  Stop: $0.63  DTE: 1d
      💭 $1.2M premium on QQQ calls with 100% bullish flow bias and 7.68 score ...
      🌍 SPY +0.00%  QQQ +0.00%  VIX 18.1
  ⏰ EXPIRING SOON — 1 day(s) remaining

  🔴 #22 CRM260605C00100000  [▶ OPEN]
      Entry: $72.58 │ Bid: $71.45  Mid: $72.53  Ask: $73.60
      P&L: $-5.00 (-0.1%) │ Target: $145.15  Stop: $14.52  DTE: 24d
      💭 CRM $100 calls expiring today show $1.0M premium with 7.53 score in 10...
      🌍 SPY +0.00%  QQQ +0.00%  VIX 18.1

  🟢 #23 QQQ260513C00709000  [▶ OPEN]
      Entry: $0.80 │ Bid: $1.05  Mid: $1.05  Ask: $1.06
      P&L: +$26.00 (+32.7%) │ Target: $1.59  Stop: $0.40  DTE: 1d
      💭 $1.2M bullish call premium on QQQ expiration with 100% call-to-put flo...
      🌍 SPY +0.00%  QQQ +0.00%  VIX 18.1
  ⏰ EXPIRING SOON — 1 day(s) remaining

  🟢 #24 NVDA260513C00145000  [▶ OPEN]
      Entry: $72.97 │ Bid: $71.35  Mid: $73.80  Ask: $76.25
      P&L: +$82.50 (+1.1%) │ Target: $145.95  Stop: $36.49  DTE: 1d
      💭 NVDA $145 calls expiring today with $954K premium and 100% bullish flo...
      🌍 SPY +0.00%  QQQ +0.00%  VIX 18.1
  ⏰ EXPIRING SOON — 1 day(s) remaining

  🟢 #25 QQQ260513C00708000  [▶ OPEN]
      Entry: $0.96 │ Bid: $1.30  Mid: $1.30  Ask: $1.31
      P&L: +$34.50 (+35.9%) │ Target: $1.92  Stop: $0.48  DTE: 1d
      💭 $1.9M premium concentration in a single QQQ call with 100% bullish flo...
      🌍 SPY +0.00%  QQQ +0.00%  VIX 18.1
  ⏰ EXPIRING SOON — 1 day(s) remaining

  🟢 #26 NFLX260515P00107000  [▶ OPEN]
      Entry: $18.35 │ Bid: $17.65  Mid: $18.70  Ask: $19.75
      P&L: +$35.00 (+1.9%) │ Target: $36.70  Stop: $9.18  DTE: 3d
      💭 $9.9M in put premium flowing into $107 OTM puts expiring today signals...
      🌍 SPY +0.00%  QQQ +0.00%  VIX 18.1

  🟢 #27 IWM260513C00283000  [▶ OPEN]
      Entry: $0.51 │ Bid: $0.70  Mid: $0.70  Ask: $0.71
      P&L: +$20.00 (+39.6%) │ Target: $1.01  Stop: $0.25  DTE: 1d
      💭 $1.4M premium concentrated in OTM calls with 100% bullish flow bias wa...
      🌍 SPY +0.00%  QQQ +0.00%  VIX 18.1
  ⏰ EXPIRING SOON — 1 day(s) remaining

  🟢 #28 TSLA260513C00425000  [▶ OPEN]
      Entry: $6.95 │ Bid: $8.45  Mid: $8.50  Ask: $8.55
      P&L: +$155.00 (+22.3%) │ Target: $13.90  Stop: $3.48  DTE: 1d
      💭 TSLA 425 calls expiring today show $25.9M premium with 100% bullish fl...
      🌍 SPY +0.00%  QQQ +0.00%  VIX 18.1
  ⏰ EXPIRING SOON — 1 day(s) remaining

  🔴 #29 NVDA260513P00222500  [▶ OPEN]
      Entry: $5.03 │ Bid: $4.20  Mid: $4.25  Ask: $4.30
      P&L: $-77.50 (-15.4%) │ Target: $10.05  Stop: $2.51  DTE: 1d
      💭 $8.0M premium concentrated in zero-DTE NVDA puts at 100% bearish flow ...
      🌍 SPY +0.00%  QQQ +0.00%  VIX 18.1
  ⏰ EXPIRING SOON — 1 day(s) remaining

  🔴 #30 TSLA260513P00435000  [▶ OPEN]
      Entry: $8.90 │ Bid: $8.70  Mid: $8.75  Ask: $8.80
      P&L: $-15.00 (-1.7%) │ Target: $17.80  Stop: $4.45  DTE: 1d
      💭 $21.2M in put premium with 100% bearish flow and 0 DTE expiration crea...
      🌍 SPY +0.00%  QQQ +0.00%  VIX 18.1
  ⏰ EXPIRING SOON — 1 day(s) remaining

  🔴 #31 TSLA260513C00450000  [▶ OPEN]
      Entry: $1.04 │ Bid: $1.02  Mid: $1.02  Ask: $1.03
      P&L: $-1.50 (-1.4%) │ Target: $2.08  Stop: $0.52  DTE: 1d
      💭 $9.2M premium in TSLA calls expiring today with 100% bullish flow sign...
      🌍 SPY +0.00%  QQQ +0.00%  VIX 18.1
  ⏰ EXPIRING SOON — 1 day(s) remaining

  ⏳ Next check in 3 minutes...

  ─────────────────────────────────────────────────────────────────
  📡 POSITION CHECK — 14:37:23 EDT
  ─────────────────────────────────────────────────────────────────

  🔴 #10 SPY260511P00745000  [⏸ TRACKING]
      Entry: $9.88 │ Bid: $6.03  Mid: $6.17  Ask: $6.31
      P&L: $-370.50 (-37.5%) │ Target: $19.75  Stop: $4.94  DTE: -1d
      ⚠️  Stop was triggered — continuing to track for data
      💭 HIGH SPY put signal — score 8.0, $4.4M premium, 3 DTE, bearish thesis....
      🌍 SPY +0.00%  QQQ +0.00%  VIX 18.1

  ⏰ CONTRACT EXPIRED — auto-closing #10

  🔴 #11 TSLA260511P00425000  [⏸ TRACKING]
      Entry: $7.83 │ Bid: $0.00  Mid: $0.02  Ask: $0.01
      P&L: $-780.50 (-99.7%) │ Target: $15.65  Stop: $3.91  DTE: -1d
      ⚠️  Stop was triggered — continuing to track for data
      💭 HIGH TSLA put signal — score 5.62, $1.6M premium, 3 DTE, bearish thesi...
      🌍 SPY +0.00%  QQQ +0.00%  VIX 18.1

  ⏰ CONTRACT EXPIRED — auto-closing #11

  🔴 #13 TSLA260511P00430000  [⏸ TRACKING]
      Entry: $7.33 │ Bid: $0.00  Mid: $0.01  Ask: $0.01
      P&L: $-731.50 (-99.9%) │ Target: $14.65  Stop: $3.66  DTE: -1d
      ⚠️  Stop was triggered — continuing to track for data
      💭 $2.8M premium on TSLA puts with 100% bearish flow and 8.0 score warran...
      🌍 SPY +0.00%  QQQ +0.00%  VIX 18.1

  ⏰ CONTRACT EXPIRED — auto-closing #13

  🔴 #14 TSLA260513P00430000  [⏸ TRACKING]
      Entry: $11.70 │ Bid: $5.50  Mid: $5.53  Ask: $5.55
      P&L: $-617.50 (-52.8%) │ Target: $23.40  Stop: $5.85  DTE: 1d
      ⚠️  Stop was triggered — continuing to track for data
      💭 $1.1M premium on TSLA 430 puts expiring today with 100% bearish flow a...
      🌍 SPY +0.00%  QQQ +0.00%  VIX 18.1

  🟢 #15 AMD260515P00457500  [⏸ TRACKING]
      Entry: $22.60 │ Bid: $23.80  Mid: $24.12  Ask: $24.45
      P&L: +$152.50 (+6.8%) │ Target: $45.20  Stop: $11.30  DTE: 3d
      ⚠️  Stop was triggered — continuing to track for data
      💭 $2.0M premium in AMD puts expiring today with 100% bearish flow and 8....
      🌍 SPY +0.00%  QQQ +0.00%  VIX 18.1

  🔴 #16 QQQ260511P00706000  [⏸ TRACKING]
      Entry: $2.11 │ Bid: $0.01  Mid: $0.02  Ask: $0.03
      P&L: $-209.00 (-99.0%) │ Target: $4.22  Stop: $1.05  DTE: -1d
      ⚠️  Stop was triggered — continuing to track for data
      💭 QQQ put with $1.8M premium and 8.0 score expiring today in 100% bearis...
      🌍 SPY +0.00%  QQQ +0.00%  VIX 18.1

  ⏰ CONTRACT EXPIRED — auto-closing #16

  🔴 #17 TSLA260515P00427500  [⏸ TRACKING]
      Entry: $11.00 │ Bid: $7.70  Mid: $7.75  Ask: $7.80
      P&L: $-325.00 (-29.6%) │ Target: $22.00  Stop: $5.50  DTE: 3d
      ⚠️  Stop was triggered — continuing to track for data
      💭 $6M premium on TSLA puts with 8.8 score and 100% bearish flow concentr...
      🌍 SPY +0.00%  QQQ +0.00%  VIX 18.1

  🟢 #18 NFLX260515P00106000  [▶ OPEN]
      Entry: $17.38 │ Bid: $16.70  Mid: $17.73  Ask: $18.75
      P&L: +$35.00 (+2.0%) │ Target: $34.75  Stop: $8.69  DTE: 3d
      💭 NFLX $106 puts expiring today generated $7.9M premium with 8.2 score i...
      🌍 SPY +0.00%  QQQ +0.00%  VIX 18.1

  🔴 #19 SPY260515P00755000  [▶ OPEN]
      Entry: $22.60 │ Bid: $18.63  Mid: $18.69  Ask: $18.75
      P&L: $-391.00 (-17.3%) │ Target: $45.20  Stop: $11.30  DTE: 3d
      💭 $1.5M premium accumulated in deep OTM SPY 755 puts expiring today with...
      🌍 SPY +0.00%  QQQ +0.00%  VIX 18.1

  🔴 #20 TSLA260513P00455000  [▶ OPEN]
      Entry: $28.93 │ Bid: $25.05  Mid: $25.38  Ask: $25.70
      P&L: $-355.00 (-12.3%) │ Target: $57.85  Stop: $14.46  DTE: 1d
      💭 $18.8M in put premium with 100% bearish flow bias into a zero-DTE TSLA...
      🌍 SPY +0.00%  QQQ +0.00%  VIX 18.1
  ⏰ EXPIRING SOON — 1 day(s) remaining

  🟢 #21 QQQ260513C00707000  [▶ OPEN]
      Entry: $1.25 │ Bid: $1.63  Mid: $1.64  Ask: $1.65
      P&L: +$38.50 (+30.7%) │ Target: $2.51  Stop: $0.63  DTE: 1d
      💭 $1.2M premium on QQQ calls with 100% bullish flow bias and 7.68 score ...
      🌍 SPY +0.00%  QQQ +0.00%  VIX 18.1
  ⏰ EXPIRING SOON — 1 day(s) remaining

  🔴 #22 CRM260605C00100000  [▶ OPEN]
      Entry: $72.58 │ Bid: $71.45  Mid: $72.53  Ask: $73.60
      P&L: $-5.00 (-0.1%) │ Target: $145.15  Stop: $14.52  DTE: 24d
      💭 CRM $100 calls expiring today show $1.0M premium with 7.53 score in 10...
      🌍 SPY +0.00%  QQQ +0.00%  VIX 18.1

  🟢 #23 QQQ260513C00709000  [▶ OPEN]
      Entry: $0.80 │ Bid: $1.07  Mid: $1.07  Ask: $1.08
      P&L: +$28.00 (+35.2%) │ Target: $1.59  Stop: $0.40  DTE: 1d
      💭 $1.2M bullish call premium on QQQ expiration with 100% call-to-put flo...
      🌍 SPY +0.00%  QQQ +0.00%  VIX 18.1
  ⏰ EXPIRING SOON — 1 day(s) remaining

  🟢 #24 NVDA260513C00145000  [▶ OPEN]
      Entry: $72.97 │ Bid: $72.15  Mid: $74.20  Ask: $76.25
      P&L: +$122.50 (+1.7%) │ Target: $145.95  Stop: $36.49  DTE: 1d
      💭 NVDA $145 calls expiring today with $954K premium and 100% bullish flo...
      🌍 SPY +0.00%  QQQ +0.00%  VIX 18.1
  ⏰ EXPIRING SOON — 1 day(s) remaining

  🟢 #25 QQQ260513C00708000  [▶ OPEN]
      Entry: $0.96 │ Bid: $1.33  Mid: $1.33  Ask: $1.34
      P&L: +$37.50 (+39.1%) │ Target: $1.92  Stop: $0.48  DTE: 1d
      💭 $1.9M premium concentration in a single QQQ call with 100% bullish flo...
      🌍 SPY +0.00%  QQQ +0.00%  VIX 18.1
  ⏰ EXPIRING SOON — 1 day(s) remaining

  🟢 #26 NFLX260515P00107000  [▶ OPEN]
      Entry: $18.35 │ Bid: $17.65  Mid: $18.70  Ask: $19.75
      P&L: +$35.00 (+1.9%) │ Target: $36.70  Stop: $9.18  DTE: 3d
      💭 $9.9M in put premium flowing into $107 OTM puts expiring today signals...
      🌍 SPY +0.00%  QQQ +0.00%  VIX 18.1

  🟢 #27 IWM260513C00283000  [▶ OPEN]
      Entry: $0.51 │ Bid: $0.71  Mid: $0.71  Ask: $0.72
      P&L: +$21.00 (+41.6%) │ Target: $1.01  Stop: $0.25  DTE: 1d
      💭 $1.4M premium concentrated in OTM calls with 100% bullish flow bias wa...
      🌍 SPY +0.00%  QQQ +0.00%  VIX 18.1
  ⏰ EXPIRING SOON — 1 day(s) remaining

  🟢 #28 TSLA260513C00425000  [▶ OPEN]
      Entry: $6.95 │ Bid: $8.70  Mid: $8.75  Ask: $8.80
      P&L: +$180.00 (+25.9%) │ Target: $13.90  Stop: $3.48  DTE: 1d
      💭 TSLA 425 calls expiring today show $25.9M premium with 100% bullish fl...
      🌍 SPY +0.00%  QQQ +0.00%  VIX 18.1
  ⏰ EXPIRING SOON — 1 day(s) remaining

  🔴 #29 NVDA260513P00222500  [▶ OPEN]
      Entry: $5.03 │ Bid: $4.00  Mid: $4.05  Ask: $4.10
      P&L: $-97.50 (-19.4%) │ Target: $10.05  Stop: $2.51  DTE: 1d
      💭 $8.0M premium concentrated in zero-DTE NVDA puts at 100% bearish flow ...
      🌍 SPY +0.00%  QQQ +0.00%  VIX 18.1
  ⏰ EXPIRING SOON — 1 day(s) remaining

  🔴 #30 TSLA260513P00435000  [▶ OPEN]
      Entry: $8.90 │ Bid: $8.40  Mid: $8.45  Ask: $8.50
      P&L: $-45.00 (-5.1%) │ Target: $17.80  Stop: $4.45  DTE: 1d
      💭 $21.2M in put premium with 100% bearish flow and 0 DTE expiration crea...
      🌍 SPY +0.00%  QQQ +0.00%  VIX 18.1
  ⏰ EXPIRING SOON — 1 day(s) remaining

  🟢 #31 TSLA260513C00450000  [▶ OPEN]
      Entry: $1.04 │ Bid: $1.05  Mid: $1.06  Ask: $1.07
      P&L: +$2.00 (+1.9%) │ Target: $2.08  Stop: $0.52  DTE: 1d
      💭 $9.2M premium in TSLA calls expiring today with 100% bullish flow sign...
      🌍 SPY +0.00%  QQQ +0.00%  VIX 18.1
  ⏰ EXPIRING SOON — 1 day(s) remaining

  🔴 #32 TSLA260513P00427500  [▶ OPEN]
      Entry: $4.58 │ Bid: $4.30  Mid: $4.35  Ask: $4.40
      P&L: $-22.50 (-4.9%) │ Target: $9.15  Stop: $2.29  DTE: 1d
      💭 TSLA put with $11.5M premium and 100% bearish flow skew warrants paper...
      🌍 SPY +0.00%  QQQ +0.00%  VIX 18.1
  ⏰ EXPIRING SOON — 1 day(s) remaining

  ⏳ Next check in 3 minutes...

  ─────────────────────────────────────────────────────────────────
  📡 POSITION CHECK — 14:40:24 EDT
  ─────────────────────────────────────────────────────────────────

  🔴 #10 SPY260511P00745000  [⏸ TRACKING]
      Entry: $9.88 │ Bid: $6.03  Mid: $6.17  Ask: $6.31
      P&L: $-370.50 (-37.5%) │ Target: $19.75  Stop: $4.94  DTE: -1d
      ⚠️  Stop was triggered — continuing to track for data
      💭 HIGH SPY put signal — score 8.0, $4.4M premium, 3 DTE, bearish thesis....
      🌍 SPY +0.00%  QQQ +0.00%  VIX 18.1

  ⏰ CONTRACT EXPIRED — auto-closing #10

  🔴 #11 TSLA260511P00425000  [⏸ TRACKING]
      Entry: $7.83 │ Bid: $0.00  Mid: $0.02  Ask: $0.01
      P&L: $-780.50 (-99.7%) │ Target: $15.65  Stop: $3.91  DTE: -1d
      ⚠️  Stop was triggered — continuing to track for data
      💭 HIGH TSLA put signal — score 5.62, $1.6M premium, 3 DTE, bearish thesi...
      🌍 SPY +0.00%  QQQ +0.00%  VIX 18.1

  ⏰ CONTRACT EXPIRED — auto-closing #11

  🔴 #13 TSLA260511P00430000  [⏸ TRACKING]
      Entry: $7.33 │ Bid: $0.00  Mid: $0.01  Ask: $0.01
      P&L: $-731.50 (-99.9%) │ Target: $14.65  Stop: $3.66  DTE: -1d
      ⚠️  Stop was triggered — continuing to track for data
      💭 $2.8M premium on TSLA puts with 100% bearish flow and 8.0 score warran...
      🌍 SPY +0.00%  QQQ +0.00%  VIX 18.1

  ⏰ CONTRACT EXPIRED — auto-closing #13

  🔴 #14 TSLA260513P00430000  [⏸ TRACKING]
      Entry: $11.70 │ Bid: $5.65  Mid: $5.70  Ask: $5.75
      P&L: $-600.00 (-51.3%) │ Target: $23.40  Stop: $5.85  DTE: 1d
      ⚠️  Stop was triggered — continuing to track for data
      💭 $1.1M premium on TSLA 430 puts expiring today with 100% bearish flow a...
      🌍 SPY +0.00%  QQQ +0.00%  VIX 18.1

  🟢 #15 AMD260515P00457500  [⏸ TRACKING]
      Entry: $22.60 │ Bid: $23.05  Mid: $23.48  Ask: $23.90
      P&L: +$87.50 (+3.9%) │ Target: $45.20  Stop: $11.30  DTE: 3d
      ⚠️  Stop was triggered — continuing to track for data
      💭 $2.0M premium in AMD puts expiring today with 100% bearish flow and 8....
      🌍 SPY +0.00%  QQQ +0.00%  VIX 18.1

  🔴 #16 QQQ260511P00706000  [⏸ TRACKING]
      Entry: $2.11 │ Bid: $0.01  Mid: $0.02  Ask: $0.03
      P&L: $-209.00 (-99.0%) │ Target: $4.22  Stop: $1.05  DTE: -1d
      ⚠️  Stop was triggered — continuing to track for data
      💭 QQQ put with $1.8M premium and 8.0 score expiring today in 100% bearis...
      🌍 SPY +0.00%  QQQ +0.00%  VIX 18.1

  ⏰ CONTRACT EXPIRED — auto-closing #16

  🔴 #17 TSLA260515P00427500  [⏸ TRACKING]
      Entry: $11.00 │ Bid: $7.85  Mid: $7.90  Ask: $7.95
      P&L: $-310.00 (-28.2%) │ Target: $22.00  Stop: $5.50  DTE: 3d
      ⚠️  Stop was triggered — continuing to track for data
      💭 $6M premium on TSLA puts with 8.8 score and 100% bearish flow concentr...
      🌍 SPY +0.00%  QQQ +0.00%  VIX 18.1

  🟢 #18 NFLX260515P00106000  [▶ OPEN]
      Entry: $17.38 │ Bid: $16.70  Mid: $17.73  Ask: $18.75
      P&L: +$35.00 (+2.0%) │ Target: $34.75  Stop: $8.69  DTE: 3d
      💭 NFLX $106 puts expiring today generated $7.9M premium with 8.2 score i...
      🌍 SPY +0.00%  QQQ +0.00%  VIX 18.1

  🔴 #19 SPY260515P00755000  [▶ OPEN]
      Entry: $22.60 │ Bid: $18.75  Mid: $18.82  Ask: $18.90
      P&L: $-377.50 (-16.7%) │ Target: $45.20  Stop: $11.30  DTE: 3d
      💭 $1.5M premium accumulated in deep OTM SPY 755 puts expiring today with...
      🌍 SPY +0.00%  QQQ +0.00%  VIX 18.1

  🔴 #20 TSLA260513P00455000  [▶ OPEN]
      Entry: $28.93 │ Bid: $25.40  Mid: $25.70  Ask: $26.00
      P&L: $-322.50 (-11.2%) │ Target: $57.85  Stop: $14.46  DTE: 1d
      💭 $18.8M in put premium with 100% bearish flow bias into a zero-DTE TSLA...
      🌍 SPY +0.00%  QQQ +0.00%  VIX 18.1
  ⏰ EXPIRING SOON — 1 day(s) remaining

  🟢 #21 QQQ260513C00707000  [▶ OPEN]
      Entry: $1.25 │ Bid: $1.58  Mid: $1.59  Ask: $1.60
      P&L: +$33.50 (+26.7%) │ Target: $2.51  Stop: $0.63  DTE: 1d
      💭 $1.2M premium on QQQ calls with 100% bullish flow bias and 7.68 score ...
      🌍 SPY +0.00%  QQQ +0.00%  VIX 18.1
  ⏰ EXPIRING SOON — 1 day(s) remaining

  🔴 #22 CRM260605C00100000  [▶ OPEN]
      Entry: $72.58 │ Bid: $70.85  Mid: $72.38  Ask: $73.90
      P&L: $-20.00 (-0.3%) │ Target: $145.15  Stop: $14.52  DTE: 24d
      💭 CRM $100 calls expiring today show $1.0M premium with 7.53 score in 10...
      🌍 SPY +0.00%  QQQ +0.00%  VIX 18.1

  🟢 #23 QQQ260513C00709000  [▶ OPEN]
      Entry: $0.80 │ Bid: $1.03  Mid: $1.03  Ask: $1.04
      P&L: +$24.00 (+30.2%) │ Target: $1.59  Stop: $0.40  DTE: 1d
      💭 $1.2M bullish call premium on QQQ expiration with 100% call-to-put flo...
      🌍 SPY +0.00%  QQQ +0.00%  VIX 18.1
  ⏰ EXPIRING SOON — 1 day(s) remaining

  🟢 #24 NVDA260513C00145000  [▶ OPEN]
      Entry: $72.97 │ Bid: $72.00  Mid: $74.15  Ask: $76.30
      P&L: +$117.50 (+1.6%) │ Target: $145.95  Stop: $36.49  DTE: 1d
      💭 NVDA $145 calls expiring today with $954K premium and 100% bullish flo...
      🌍 SPY +0.00%  QQQ +0.00%  VIX 18.1
  ⏰ EXPIRING SOON — 1 day(s) remaining

  🟢 #25 QQQ260513C00708000  [▶ OPEN]
      Entry: $0.96 │ Bid: $1.28  Mid: $1.29  Ask: $1.30
      P&L: +$33.00 (+34.4%) │ Target: $1.92  Stop: $0.48  DTE: 1d
      💭 $1.9M premium concentration in a single QQQ call with 100% bullish flo...
      🌍 SPY +0.00%  QQQ +0.00%  VIX 18.1
  ⏰ EXPIRING SOON — 1 day(s) remaining

  🟢 #26 NFLX260515P00107000  [▶ OPEN]
      Entry: $18.35 │ Bid: $17.65  Mid: $18.70  Ask: $19.75
      P&L: +$35.00 (+1.9%) │ Target: $36.70  Stop: $9.18  DTE: 3d
      💭 $9.9M in put premium flowing into $107 OTM puts expiring today signals...
      🌍 SPY +0.00%  QQQ +0.00%  VIX 18.1

  🟢 #27 IWM260513C00283000  [▶ OPEN]
      Entry: $0.51 │ Bid: $0.69  Mid: $0.69  Ask: $0.70
      P&L: +$19.00 (+37.6%) │ Target: $1.01  Stop: $0.25  DTE: 1d
      💭 $1.4M premium concentrated in OTM calls with 100% bullish flow bias wa...
      🌍 SPY +0.00%  QQQ +0.00%  VIX 18.1
  ⏰ EXPIRING SOON — 1 day(s) remaining

  🟢 #28 TSLA260513C00425000  [▶ OPEN]
      Entry: $6.95 │ Bid: $8.50  Mid: $8.55  Ask: $8.60
      P&L: +$160.00 (+23.0%) │ Target: $13.90  Stop: $3.48  DTE: 1d
      💭 TSLA 425 calls expiring today show $25.9M premium with 100% bullish fl...
      🌍 SPY +0.00%  QQQ +0.00%  VIX 18.1
  ⏰ EXPIRING SOON — 1 day(s) remaining

  🔴 #29 NVDA260513P00222500  [▶ OPEN]
      Entry: $5.03 │ Bid: $3.90  Mid: $3.95  Ask: $4.00
      P&L: $-107.50 (-21.4%) │ Target: $10.05  Stop: $2.51  DTE: 1d
      💭 $8.0M premium concentrated in zero-DTE NVDA puts at 100% bearish flow ...
      🌍 SPY +0.00%  QQQ +0.00%  VIX 18.1
  ⏰ EXPIRING SOON — 1 day(s) remaining

  🔴 #30 TSLA260513P00435000  [▶ OPEN]
      Entry: $8.90 │ Bid: $8.60  Mid: $8.68  Ask: $8.75
      P&L: $-22.50 (-2.5%) │ Target: $17.80  Stop: $4.45  DTE: 1d
      💭 $21.2M in put premium with 100% bearish flow and 0 DTE expiration crea...
      🌍 SPY +0.00%  QQQ +0.00%  VIX 18.1
  ⏰ EXPIRING SOON — 1 day(s) remaining

  🟢 #31 TSLA260513C00450000  [▶ OPEN]
      Entry: $1.04 │ Bid: $1.04  Mid: $1.04  Ask: $1.05
      P&L: +$0.50 (+0.5%) │ Target: $2.08  Stop: $0.52  DTE: 1d
      💭 $9.2M premium in TSLA calls expiring today with 100% bullish flow sign...
      🌍 SPY +0.00%  QQQ +0.00%  VIX 18.1
  ⏰ EXPIRING SOON — 1 day(s) remaining

  🔴 #32 TSLA260513P00427500  [▶ OPEN]
      Entry: $4.58 │ Bid: $4.45  Mid: $4.50  Ask: $4.55
      P&L: $-7.50 (-1.6%) │ Target: $9.15  Stop: $2.29  DTE: 1d
      💭 TSLA put with $11.5M premium and 100% bearish flow skew warrants paper...
      🌍 SPY +0.00%  QQQ +0.00%  VIX 18.1
  ⏰ EXPIRING SOON — 1 day(s) remaining

  ⏳ Next check in 3 minutes...

  ─────────────────────────────────────────────────────────────────
  📡 POSITION CHECK — 14:43:26 EDT
  ─────────────────────────────────────────────────────────────────

  🔴 #10 SPY260511P00745000  [⏸ TRACKING]
      Entry: $9.88 │ Bid: $6.03  Mid: $6.17  Ask: $6.31
      P&L: $-370.50 (-37.5%) │ Target: $19.75  Stop: $4.94  DTE: -1d
      ⚠️  Stop was triggered — continuing to track for data
      💭 HIGH SPY put signal — score 8.0, $4.4M premium, 3 DTE, bearish thesis....
      🌍 SPY +0.00%  QQQ +0.00%  VIX 18.1

  ⏰ CONTRACT EXPIRED — auto-closing #10

  🔴 #11 TSLA260511P00425000  [⏸ TRACKING]
      Entry: $7.83 │ Bid: $0.00  Mid: $0.02  Ask: $0.01
      P&L: $-780.50 (-99.7%) │ Target: $15.65  Stop: $3.91  DTE: -1d
      ⚠️  Stop was triggered — continuing to track for data
      💭 HIGH TSLA put signal — score 5.62, $1.6M premium, 3 DTE, bearish thesi...
      🌍 SPY +0.00%  QQQ +0.00%  VIX 18.1

  ⏰ CONTRACT EXPIRED — auto-closing #11

  🔴 #13 TSLA260511P00430000  [⏸ TRACKING]
      Entry: $7.33 │ Bid: $0.00  Mid: $0.01  Ask: $0.01
      P&L: $-731.50 (-99.9%) │ Target: $14.65  Stop: $3.66  DTE: -1d
      ⚠️  Stop was triggered — continuing to track for data
      💭 $2.8M premium on TSLA puts with 100% bearish flow and 8.0 score warran...
      🌍 SPY +0.00%  QQQ +0.00%  VIX 18.1

  ⏰ CONTRACT EXPIRED — auto-closing #13

  🔴 #14 TSLA260513P00430000  [⏸ TRACKING]
      Entry: $11.70 │ Bid: $5.90  Mid: $5.95  Ask: $6.00
      P&L: $-575.00 (-49.1%) │ Target: $23.40  Stop: $5.85  DTE: 1d
      ⚠️  Stop was triggered — continuing to track for data
      💭 $1.1M premium on TSLA 430 puts expiring today with 100% bearish flow a...
      🌍 SPY +0.00%  QQQ +0.00%  VIX 18.1

  🟢 #15 AMD260515P00457500  [⏸ TRACKING]
      Entry: $22.60 │ Bid: $23.25  Mid: $23.70  Ask: $24.15
      P&L: +$110.00 (+4.9%) │ Target: $45.20  Stop: $11.30  DTE: 3d
      ⚠️  Stop was triggered — continuing to track for data
      💭 $2.0M premium in AMD puts expiring today with 100% bearish flow and 8....
      🌍 SPY +0.00%  QQQ +0.00%  VIX 18.1

  🔴 #16 QQQ260511P00706000  [⏸ TRACKING]
      Entry: $2.11 │ Bid: $0.01  Mid: $0.02  Ask: $0.03
      P&L: $-209.00 (-99.0%) │ Target: $4.22  Stop: $1.05  DTE: -1d
      ⚠️  Stop was triggered — continuing to track for data
      💭 QQQ put with $1.8M premium and 8.0 score expiring today in 100% bearis...
      🌍 SPY +0.00%  QQQ +0.00%  VIX 18.1

  ⏰ CONTRACT EXPIRED — auto-closing #16

  🔴 #17 TSLA260515P00427500  [⏸ TRACKING]
      Entry: $11.00 │ Bid: $8.10  Mid: $8.15  Ask: $8.20
      P&L: $-285.00 (-25.9%) │ Target: $22.00  Stop: $5.50  DTE: 3d
      ⚠️  Stop was triggered — continuing to track for data
      💭 $6M premium on TSLA puts with 8.8 score and 100% bearish flow concentr...
      🌍 SPY +0.00%  QQQ +0.00%  VIX 18.1

  🟢 #18 NFLX260515P00106000  [▶ OPEN]
      Entry: $17.38 │ Bid: $16.70  Mid: $17.73  Ask: $18.75
      P&L: +$35.00 (+2.0%) │ Target: $34.75  Stop: $8.69  DTE: 3d
      💭 NFLX $106 puts expiring today generated $7.9M premium with 8.2 score i...
      🌍 SPY +0.00%  QQQ +0.00%  VIX 18.1

  🔴 #19 SPY260515P00755000  [▶ OPEN]
      Entry: $22.60 │ Bid: $18.69  Mid: $18.75  Ask: $18.82
      P&L: $-384.50 (-17.0%) │ Target: $45.20  Stop: $11.30  DTE: 3d
      💭 $1.5M premium accumulated in deep OTM SPY 755 puts expiring today with...
      🌍 SPY +0.00%  QQQ +0.00%  VIX 18.1

  🔴 #20 TSLA260513P00455000  [▶ OPEN]
      Entry: $28.93 │ Bid: $25.75  Mid: $26.10  Ask: $26.45
      P&L: $-282.50 (-9.8%) │ Target: $57.85  Stop: $14.46  DTE: 1d
      💭 $18.8M in put premium with 100% bearish flow bias into a zero-DTE TSLA...
      🌍 SPY +0.00%  QQQ +0.00%  VIX 18.1
  ⏰ EXPIRING SOON — 1 day(s) remaining

  🟢 #21 QQQ260513C00707000  [▶ OPEN]
      Entry: $1.25 │ Bid: $1.57  Mid: $1.57  Ask: $1.58
      P&L: +$32.00 (+25.5%) │ Target: $2.51  Stop: $0.63  DTE: 1d
      💭 $1.2M premium on QQQ calls with 100% bullish flow bias and 7.68 score ...
      🌍 SPY +0.00%  QQQ +0.00%  VIX 18.1
  ⏰ EXPIRING SOON — 1 day(s) remaining

  🔴 #22 CRM260605C00100000  [▶ OPEN]
      Entry: $72.58 │ Bid: $70.85  Mid: $71.85  Ask: $72.85
      P&L: $-72.50 (-1.0%) │ Target: $145.15  Stop: $14.52  DTE: 24d
      💭 CRM $100 calls expiring today show $1.0M premium with 7.53 score in 10...
      🌍 SPY +0.00%  QQQ +0.00%  VIX 18.1

  🟢 #23 QQQ260513C00709000  [▶ OPEN]
      Entry: $0.80 │ Bid: $1.02  Mid: $1.02  Ask: $1.03
      P&L: +$23.00 (+28.9%) │ Target: $1.59  Stop: $0.40  DTE: 1d
      💭 $1.2M bullish call premium on QQQ expiration with 100% call-to-put flo...
      🌍 SPY +0.00%  QQQ +0.00%  VIX 18.1
  ⏰ EXPIRING SOON — 1 day(s) remaining

  🟢 #24 NVDA260513C00145000  [▶ OPEN]
      Entry: $72.97 │ Bid: $72.10  Mid: $74.22  Ask: $76.35
      P&L: +$125.00 (+1.7%) │ Target: $145.95  Stop: $36.49  DTE: 1d
      💭 NVDA $145 calls expiring today with $954K premium and 100% bullish flo...
      🌍 SPY +0.00%  QQQ +0.00%  VIX 18.1
  ⏰ EXPIRING SOON — 1 day(s) remaining

  🟢 #25 QQQ260513C00708000  [▶ OPEN]
      Entry: $0.96 │ Bid: $1.27  Mid: $1.27  Ask: $1.28
      P&L: +$31.50 (+32.8%) │ Target: $1.92  Stop: $0.48  DTE: 1d
      💭 $1.9M premium concentration in a single QQQ call with 100% bullish flo...
      🌍 SPY +0.00%  QQQ +0.00%  VIX 18.1
  ⏰ EXPIRING SOON — 1 day(s) remaining

  🟢 #26 NFLX260515P00107000  [▶ OPEN]
      Entry: $18.35 │ Bid: $17.65  Mid: $18.70  Ask: $19.75
      P&L: +$35.00 (+1.9%) │ Target: $36.70  Stop: $9.18  DTE: 3d
      💭 $9.9M in put premium flowing into $107 OTM puts expiring today signals...
      🌍 SPY +0.00%  QQQ +0.00%  VIX 18.1

  🟢 #27 IWM260513C00283000  [▶ OPEN]
      Entry: $0.51 │ Bid: $0.71  Mid: $0.72  Ask: $0.73
      P&L: +$21.50 (+42.6%) │ Target: $1.01  Stop: $0.25  DTE: 1d
      💭 $1.4M premium concentrated in OTM calls with 100% bullish flow bias wa...
      🌍 SPY +0.00%  QQQ +0.00%  VIX 18.1
  ⏰ EXPIRING SOON — 1 day(s) remaining

  🟢 #28 TSLA260513C00425000  [▶ OPEN]
      Entry: $6.95 │ Bid: $8.10  Mid: $8.18  Ask: $8.25
      P&L: +$122.50 (+17.6%) │ Target: $13.90  Stop: $3.48  DTE: 1d
      💭 TSLA 425 calls expiring today show $25.9M premium with 100% bullish fl...
      🌍 SPY +0.00%  QQQ +0.00%  VIX 18.1
  ⏰ EXPIRING SOON — 1 day(s) remaining

  🔴 #29 NVDA260513P00222500  [▶ OPEN]
      Entry: $5.03 │ Bid: $3.90  Mid: $3.95  Ask: $4.00
      P&L: $-107.50 (-21.4%) │ Target: $10.05  Stop: $2.51  DTE: 1d
      💭 $8.0M premium concentrated in zero-DTE NVDA puts at 100% bearish flow ...
      🌍 SPY +0.00%  QQQ +0.00%  VIX 18.1
  ⏰ EXPIRING SOON — 1 day(s) remaining

  🟢 #30 TSLA260513P00435000  [▶ OPEN]
      Entry: $8.90 │ Bid: $8.95  Mid: $9.00  Ask: $9.05
      P&L: +$10.00 (+1.1%) │ Target: $17.80  Stop: $4.45  DTE: 1d
      💭 $21.2M in put premium with 100% bearish flow and 0 DTE expiration crea...
      🌍 SPY +0.00%  QQQ +0.00%  VIX 18.1
  ⏰ EXPIRING SOON — 1 day(s) remaining

  🔴 #31 TSLA260513C00450000  [▶ OPEN]
      Entry: $1.04 │ Bid: $0.98  Mid: $0.98  Ask: $0.99
      P&L: $-5.50 (-5.3%) │ Target: $2.08  Stop: $0.52  DTE: 1d
      💭 $9.2M premium in TSLA calls expiring today with 100% bullish flow sign...
      🌍 SPY +0.00%  QQQ +0.00%  VIX 18.1
  ⏰ EXPIRING SOON — 1 day(s) remaining

  🟢 #32 TSLA260513P00427500  [▶ OPEN]
      Entry: $4.58 │ Bid: $4.65  Mid: $4.70  Ask: $4.75
      P&L: +$12.50 (+2.7%) │ Target: $9.15  Stop: $2.29  DTE: 1d
      💭 TSLA put with $11.5M premium and 100% bearish flow skew warrants paper...
      🌍 SPY +0.00%  QQQ +0.00%  VIX 18.1
  ⏰ EXPIRING SOON — 1 day(s) remaining

  🔴 #33 TSLA260513C00427500  [▶ OPEN]
      Entry: $7.00 │ Bid: $6.70  Mid: $6.75  Ask: $6.80
      P&L: $-25.00 (-3.6%) │ Target: $14.00  Stop: $3.50  DTE: 1d
      💭 $8.5M premium on TSLA calls with 100% bullish flow bias warrants paper...
      🌍 SPY +0.00%  QQQ +0.00%  VIX 18.1
  ⏰ EXPIRING SOON — 1 day(s) remaining

  ⏳ Next check in 3 minutes...

  ─────────────────────────────────────────────────────────────────
  📡 POSITION CHECK — 14:46:28 EDT
  ─────────────────────────────────────────────────────────────────

  🔴 #10 SPY260511P00745000  [⏸ TRACKING]
      Entry: $9.88 │ Bid: $6.03  Mid: $6.17  Ask: $6.31
      P&L: $-370.50 (-37.5%) │ Target: $19.75  Stop: $4.94  DTE: -1d
      ⚠️  Stop was triggered — continuing to track for data
      💭 HIGH SPY put signal — score 8.0, $4.4M premium, 3 DTE, bearish thesis....
      🌍 SPY +0.00%  QQQ +0.00%  VIX 18.1

  ⏰ CONTRACT EXPIRED — auto-closing #10

  🔴 #11 TSLA260511P00425000  [⏸ TRACKING]
      Entry: $7.83 │ Bid: $0.00  Mid: $0.02  Ask: $0.01
      P&L: $-780.50 (-99.7%) │ Target: $15.65  Stop: $3.91  DTE: -1d
      ⚠️  Stop was triggered — continuing to track for data
      💭 HIGH TSLA put signal — score 5.62, $1.6M premium, 3 DTE, bearish thesi...
      🌍 SPY +0.00%  QQQ +0.00%  VIX 18.1

  ⏰ CONTRACT EXPIRED — auto-closing #11

  🔴 #13 TSLA260511P00430000  [⏸ TRACKING]
      Entry: $7.33 │ Bid: $0.00  Mid: $0.01  Ask: $0.01
      P&L: $-731.50 (-99.9%) │ Target: $14.65  Stop: $3.66  DTE: -1d
      ⚠️  Stop was triggered — continuing to track for data
      💭 $2.8M premium on TSLA puts with 100% bearish flow and 8.0 score warran...
      🌍 SPY +0.00%  QQQ +0.00%  VIX 18.1

  ⏰ CONTRACT EXPIRED — auto-closing #13

  🔴 #14 TSLA260513P00430000  [⏸ TRACKING]
      Entry: $11.70 │ Bid: $5.85  Mid: $5.90  Ask: $5.95
      P&L: $-580.00 (-49.6%) │ Target: $23.40  Stop: $5.85  DTE: 1d
      ⚠️  Stop was triggered — continuing to track for data
      💭 $1.1M premium on TSLA 430 puts expiring today with 100% bearish flow a...
      🌍 SPY +0.00%  QQQ +0.00%  VIX 18.1

  🟢 #15 AMD260515P00457500  [⏸ TRACKING]
      Entry: $22.60 │ Bid: $24.70  Mid: $25.05  Ask: $25.40
      P&L: +$245.00 (+10.8%) │ Target: $45.20  Stop: $11.30  DTE: 3d
      ⚠️  Stop was triggered — continuing to track for data
      💭 $2.0M premium in AMD puts expiring today with 100% bearish flow and 8....
      🌍 SPY +0.00%  QQQ +0.00%  VIX 18.1

  🔴 #16 QQQ260511P00706000  [⏸ TRACKING]
      Entry: $2.11 │ Bid: $0.01  Mid: $0.02  Ask: $0.03
      P&L: $-209.00 (-99.0%) │ Target: $4.22  Stop: $1.05  DTE: -1d
      ⚠️  Stop was triggered — continuing to track for data
      💭 QQQ put with $1.8M premium and 8.0 score expiring today in 100% bearis...
      🌍 SPY +0.00%  QQQ +0.00%  VIX 18.1

  ⏰ CONTRACT EXPIRED — auto-closing #16

  🔴 #17 TSLA260515P00427500  [⏸ TRACKING]
      Entry: $11.00 │ Bid: $8.05  Mid: $8.10  Ask: $8.15
      P&L: $-290.00 (-26.4%) │ Target: $22.00  Stop: $5.50  DTE: 3d
      ⚠️  Stop was triggered — continuing to track for data
      💭 $6M premium on TSLA puts with 8.8 score and 100% bearish flow concentr...
      🌍 SPY +0.00%  QQQ +0.00%  VIX 18.1

  🟢 #18 NFLX260515P00106000  [▶ OPEN]
      Entry: $17.38 │ Bid: $16.70  Mid: $17.73  Ask: $18.75
      P&L: +$35.00 (+2.0%) │ Target: $34.75  Stop: $8.69  DTE: 3d
      💭 NFLX $106 puts expiring today generated $7.9M premium with 8.2 score i...
      🌍 SPY +0.00%  QQQ +0.00%  VIX 18.1

  🔴 #19 SPY260515P00755000  [▶ OPEN]
      Entry: $22.60 │ Bid: $19.05  Mid: $19.11  Ask: $19.17
      P&L: $-349.00 (-15.4%) │ Target: $45.20  Stop: $11.30  DTE: 3d
      💭 $1.5M premium accumulated in deep OTM SPY 755 puts expiring today with...
      🌍 SPY +0.00%  QQQ +0.00%  VIX 18.1

  🔴 #20 TSLA260513P00455000  [▶ OPEN]
      Entry: $28.93 │ Bid: $25.75  Mid: $26.07  Ask: $26.40
      P&L: $-285.00 (-9.8%) │ Target: $57.85  Stop: $14.46  DTE: 1d
      💭 $18.8M in put premium with 100% bearish flow bias into a zero-DTE TSLA...
      🌍 SPY +0.00%  QQQ +0.00%  VIX 18.1
  ⏰ EXPIRING SOON — 1 day(s) remaining

  🟢 #21 QQQ260513C00707000  [▶ OPEN]
      Entry: $1.25 │ Bid: $1.37  Mid: $1.38  Ask: $1.39
      P&L: +$12.50 (+10.0%) │ Target: $2.51  Stop: $0.63  DTE: 1d
      💭 $1.2M premium on QQQ calls with 100% bullish flow bias and 7.68 score ...
      🌍 SPY +0.00%  QQQ +0.00%  VIX 18.1
  ⏰ EXPIRING SOON — 1 day(s) remaining

  🔴 #22 CRM260605C00100000  [▶ OPEN]
      Entry: $72.58 │ Bid: $70.85  Mid: $71.85  Ask: $72.85
      P&L: $-72.50 (-1.0%) │ Target: $145.15  Stop: $14.52  DTE: 24d
      💭 CRM $100 calls expiring today show $1.0M premium with 7.53 score in 10...
      🌍 SPY +0.00%  QQQ +0.00%  VIX 18.1

  🟢 #23 QQQ260513C00709000  [▶ OPEN]
      Entry: $0.80 │ Bid: $0.88  Mid: $0.89  Ask: $0.89
      P&L: +$9.00 (+11.3%) │ Target: $1.59  Stop: $0.40  DTE: 1d
      💭 $1.2M bullish call premium on QQQ expiration with 100% call-to-put flo...
      🌍 SPY +0.00%  QQQ +0.00%  VIX 18.1
  ⏰ EXPIRING SOON — 1 day(s) remaining

  🟢 #24 NVDA260513C00145000  [▶ OPEN]
      Entry: $72.97 │ Bid: $71.50  Mid: $74.00  Ask: $76.50
      P&L: +$102.50 (+1.4%) │ Target: $145.95  Stop: $36.49  DTE: 1d
      💭 NVDA $145 calls expiring today with $954K premium and 100% bullish flo...
      🌍 SPY +0.00%  QQQ +0.00%  VIX 18.1
  ⏰ EXPIRING SOON — 1 day(s) remaining

  🟢 #25 QQQ260513C00708000  [▶ OPEN]
      Entry: $0.96 │ Bid: $1.11  Mid: $1.11  Ask: $1.12
      P&L: +$15.50 (+16.1%) │ Target: $1.92  Stop: $0.48  DTE: 1d
      💭 $1.9M premium concentration in a single QQQ call with 100% bullish flo...
      🌍 SPY +0.00%  QQQ +0.00%  VIX 18.1
  ⏰ EXPIRING SOON — 1 day(s) remaining

  🟢 #26 NFLX260515P00107000  [▶ OPEN]
      Entry: $18.35 │ Bid: $17.65  Mid: $18.70  Ask: $19.75
      P&L: +$35.00 (+1.9%) │ Target: $36.70  Stop: $9.18  DTE: 3d
      💭 $9.9M in put premium flowing into $107 OTM puts expiring today signals...
      🌍 SPY +0.00%  QQQ +0.00%  VIX 18.1

  🟢 #27 IWM260513C00283000  [▶ OPEN]
      Entry: $0.51 │ Bid: $0.62  Mid: $0.62  Ask: $0.63
      P&L: +$12.00 (+23.8%) │ Target: $1.01  Stop: $0.25  DTE: 1d
      💭 $1.4M premium concentrated in OTM calls with 100% bullish flow bias wa...
      🌍 SPY +0.00%  QQQ +0.00%  VIX 18.1
  ⏰ EXPIRING SOON — 1 day(s) remaining

  🟢 #28 TSLA260513C00425000  [▶ OPEN]
      Entry: $6.95 │ Bid: $8.30  Mid: $8.38  Ask: $8.45
      P&L: +$142.50 (+20.5%) │ Target: $13.90  Stop: $3.48  DTE: 1d
      💭 TSLA 425 calls expiring today show $25.9M premium with 100% bullish fl...
      🌍 SPY +0.00%  QQQ +0.00%  VIX 18.1
  ⏰ EXPIRING SOON — 1 day(s) remaining

  🔴 #29 NVDA260513P00222500  [▶ OPEN]
      Entry: $5.03 │ Bid: $4.15  Mid: $4.20  Ask: $4.25
      P&L: $-82.50 (-16.4%) │ Target: $10.05  Stop: $2.51  DTE: 1d
      💭 $8.0M premium concentrated in zero-DTE NVDA puts at 100% bearish flow ...
      🌍 SPY +0.00%  QQQ +0.00%  VIX 18.1
  ⏰ EXPIRING SOON — 1 day(s) remaining

  🟢 #30 TSLA260513P00435000  [▶ OPEN]
      Entry: $8.90 │ Bid: $8.85  Mid: $8.93  Ask: $9.00
      P&L: +$2.50 (+0.3%) │ Target: $17.80  Stop: $4.45  DTE: 1d
      💭 $21.2M in put premium with 100% bearish flow and 0 DTE expiration crea...
      🌍 SPY +0.00%  QQQ +0.00%  VIX 18.1
  ⏰ EXPIRING SOON — 1 day(s) remaining

  🔴 #31 TSLA260513C00450000  [▶ OPEN]
      Entry: $1.04 │ Bid: $1.02  Mid: $1.03  Ask: $1.04
      P&L: $-1.00 (-1.0%) │ Target: $2.08  Stop: $0.52  DTE: 1d
      💭 $9.2M premium in TSLA calls expiring today with 100% bullish flow sign...
      🌍 SPY +0.00%  QQQ +0.00%  VIX 18.1
  ⏰ EXPIRING SOON — 1 day(s) remaining

  🟢 #32 TSLA260513P00427500  [▶ OPEN]
      Entry: $4.58 │ Bid: $4.65  Mid: $4.67  Ask: $4.70
      P&L: +$10.00 (+2.2%) │ Target: $9.15  Stop: $2.29  DTE: 1d
      💭 TSLA put with $11.5M premium and 100% bearish flow skew warrants paper...
      🌍 SPY +0.00%  QQQ +0.00%  VIX 18.1
  ⏰ EXPIRING SOON — 1 day(s) remaining

  🔴 #33 TSLA260513C00427500  [▶ OPEN]
      Entry: $7.00 │ Bid: $6.85  Mid: $6.90  Ask: $6.95
      P&L: $-10.00 (-1.4%) │ Target: $14.00  Stop: $3.50  DTE: 1d
      💭 $8.5M premium on TSLA calls with 100% bullish flow bias warrants paper...
      🌍 SPY +0.00%  QQQ +0.00%  VIX 18.1
  ⏰ EXPIRING SOON — 1 day(s) remaining

  ⏳ Next check in 3 minutes...

  ─────────────────────────────────────────────────────────────────
  📡 POSITION CHECK — 14:49:29 EDT
  ─────────────────────────────────────────────────────────────────

  🔴 #10 SPY260511P00745000  [⏸ TRACKING]
      Entry: $9.88 │ Bid: $6.03  Mid: $6.17  Ask: $6.31
      P&L: $-370.50 (-37.5%) │ Target: $19.75  Stop: $4.94  DTE: -1d
      ⚠️  Stop was triggered — continuing to track for data
      💭 HIGH SPY put signal — score 8.0, $4.4M premium, 3 DTE, bearish thesis....
      🌍 SPY +0.00%  QQQ +0.00%  VIX 18.1

  ⏰ CONTRACT EXPIRED — auto-closing #10

  🔴 #11 TSLA260511P00425000  [⏸ TRACKING]
      Entry: $7.83 │ Bid: $0.00  Mid: $0.02  Ask: $0.01
      P&L: $-780.50 (-99.7%) │ Target: $15.65  Stop: $3.91  DTE: -1d
      ⚠️  Stop was triggered — continuing to track for data
      💭 HIGH TSLA put signal — score 5.62, $1.6M premium, 3 DTE, bearish thesi...
      🌍 SPY +0.00%  QQQ +0.00%  VIX 18.1

  ⏰ CONTRACT EXPIRED — auto-closing #11

  🔴 #13 TSLA260511P00430000  [⏸ TRACKING]
      Entry: $7.33 │ Bid: $0.00  Mid: $0.01  Ask: $0.01
      P&L: $-731.50 (-99.9%) │ Target: $14.65  Stop: $3.66  DTE: -1d
      ⚠️  Stop was triggered — continuing to track for data
      💭 $2.8M premium on TSLA puts with 100% bearish flow and 8.0 score warran...
      🌍 SPY +0.00%  QQQ +0.00%  VIX 18.1

  ⏰ CONTRACT EXPIRED — auto-closing #13

  🔴 #14 TSLA260513P00430000  [⏸ TRACKING]
      Entry: $11.70 │ Bid: $5.65  Mid: $5.70  Ask: $5.75
      P&L: $-600.00 (-51.3%) │ Target: $23.40  Stop: $5.85  DTE: 1d
      ⚠️  Stop was triggered — continuing to track for data
      💭 $1.1M premium on TSLA 430 puts expiring today with 100% bearish flow a...
      🌍 SPY +0.00%  QQQ +0.00%  VIX 18.1

  🟢 #15 AMD260515P00457500  [⏸ TRACKING]
      Entry: $22.60 │ Bid: $23.90  Mid: $24.35  Ask: $24.80
      P&L: +$175.00 (+7.7%) │ Target: $45.20  Stop: $11.30  DTE: 3d
      ⚠️  Stop was triggered — continuing to track for data
      💭 $2.0M premium in AMD puts expiring today with 100% bearish flow and 8....
      🌍 SPY +0.00%  QQQ +0.00%  VIX 18.1

  🔴 #16 QQQ260511P00706000  [⏸ TRACKING]
      Entry: $2.11 │ Bid: $0.01  Mid: $0.02  Ask: $0.03
      P&L: $-209.00 (-99.0%) │ Target: $4.22  Stop: $1.05  DTE: -1d
      ⚠️  Stop was triggered — continuing to track for data
      💭 QQQ put with $1.8M premium and 8.0 score expiring today in 100% bearis...
      🌍 SPY +0.00%  QQQ +0.00%  VIX 18.1

  ⏰ CONTRACT EXPIRED — auto-closing #16

  🔴 #17 TSLA260515P00427500  [⏸ TRACKING]
      Entry: $11.00 │ Bid: $7.90  Mid: $7.95  Ask: $8.00
      P&L: $-305.00 (-27.7%) │ Target: $22.00  Stop: $5.50  DTE: 3d
      ⚠️  Stop was triggered — continuing to track for data
      💭 $6M premium on TSLA puts with 8.8 score and 100% bearish flow concentr...
      🌍 SPY +0.00%  QQQ +0.00%  VIX 18.1

  🟢 #18 NFLX260515P00106000  [▶ OPEN]
      Entry: $17.38 │ Bid: $16.70  Mid: $17.73  Ask: $18.75
      P&L: +$35.00 (+2.0%) │ Target: $34.75  Stop: $8.69  DTE: 3d
      💭 NFLX $106 puts expiring today generated $7.9M premium with 8.2 score i...
      🌍 SPY +0.00%  QQQ +0.00%  VIX 18.1

  🔴 #19 SPY260515P00755000  [▶ OPEN]
      Entry: $22.60 │ Bid: $18.94  Mid: $19.00  Ask: $19.07
      P&L: $-359.50 (-15.9%) │ Target: $45.20  Stop: $11.30  DTE: 3d
      💭 $1.5M premium accumulated in deep OTM SPY 755 puts expiring today with...
      🌍 SPY +0.00%  QQQ +0.00%  VIX 18.1

  🔴 #20 TSLA260513P00455000  [▶ OPEN]
      Entry: $28.93 │ Bid: $25.40  Mid: $25.65  Ask: $25.90
      P&L: $-327.50 (-11.3%) │ Target: $57.85  Stop: $14.46  DTE: 1d
      💭 $18.8M in put premium with 100% bearish flow bias into a zero-DTE TSLA...
      🌍 SPY +0.00%  QQQ +0.00%  VIX 18.1
  ⏰ EXPIRING SOON — 1 day(s) remaining

  🟢 #21 QQQ260513C00707000  [▶ OPEN]
      Entry: $1.25 │ Bid: $1.44  Mid: $1.45  Ask: $1.45
      P&L: +$19.00 (+15.1%) │ Target: $2.51  Stop: $0.63  DTE: 1d
      💭 $1.2M premium on QQQ calls with 100% bullish flow bias and 7.68 score ...
      🌍 SPY +0.00%  QQQ +0.00%  VIX 18.1
  ⏰ EXPIRING SOON — 1 day(s) remaining

  🔴 #22 CRM260605C00100000  [▶ OPEN]
      Entry: $72.58 │ Bid: $70.85  Mid: $72.28  Ask: $73.70
      P&L: $-30.00 (-0.4%) │ Target: $145.15  Stop: $14.52  DTE: 24d
      💭 CRM $100 calls expiring today show $1.0M premium with 7.53 score in 10...
      🌍 SPY +0.00%  QQQ +0.00%  VIX 18.1

  🟢 #23 QQQ260513C00709000  [▶ OPEN]
      Entry: $0.80 │ Bid: $0.93  Mid: $0.94  Ask: $0.94
      P&L: +$14.00 (+17.6%) │ Target: $1.59  Stop: $0.40  DTE: 1d
      💭 $1.2M bullish call premium on QQQ expiration with 100% call-to-put flo...
      🌍 SPY +0.00%  QQQ +0.00%  VIX 18.1
  ⏰ EXPIRING SOON — 1 day(s) remaining

  🟢 #24 NVDA260513C00145000  [▶ OPEN]
      Entry: $72.97 │ Bid: $72.00  Mid: $74.35  Ask: $76.70
      P&L: +$137.50 (+1.9%) │ Target: $145.95  Stop: $36.49  DTE: 1d
      💭 NVDA $145 calls expiring today with $954K premium and 100% bullish flo...
      🌍 SPY +0.00%  QQQ +0.00%  VIX 18.1
  ⏰ EXPIRING SOON — 1 day(s) remaining

  🟢 #25 QQQ260513C00708000  [▶ OPEN]
      Entry: $0.96 │ Bid: $1.16  Mid: $1.17  Ask: $1.17
      P&L: +$20.50 (+21.4%) │ Target: $1.92  Stop: $0.48  DTE: 1d
      💭 $1.9M premium concentration in a single QQQ call with 100% bullish flo...
      🌍 SPY +0.00%  QQQ +0.00%  VIX 18.1
  ⏰ EXPIRING SOON — 1 day(s) remaining

  🟢 #26 NFLX260515P00107000  [▶ OPEN]
      Entry: $18.35 │ Bid: $17.65  Mid: $18.70  Ask: $19.75
      P&L: +$35.00 (+1.9%) │ Target: $36.70  Stop: $9.18  DTE: 3d
      💭 $9.9M in put premium flowing into $107 OTM puts expiring today signals...
      🌍 SPY +0.00%  QQQ +0.00%  VIX 18.1

  🟢 #27 IWM260513C00283000  [▶ OPEN]
      Entry: $0.51 │ Bid: $0.68  Mid: $0.69  Ask: $0.70
      P&L: +$18.50 (+36.6%) │ Target: $1.01  Stop: $0.25  DTE: 1d
      💭 $1.4M premium concentrated in OTM calls with 100% bullish flow bias wa...
      🌍 SPY +0.00%  QQQ +0.00%  VIX 18.1
  ⏰ EXPIRING SOON — 1 day(s) remaining

  🟢 #28 TSLA260513C00425000  [▶ OPEN]
      Entry: $6.95 │ Bid: $8.55  Mid: $8.60  Ask: $8.65
      P&L: +$165.00 (+23.7%) │ Target: $13.90  Stop: $3.48  DTE: 1d
      💭 TSLA 425 calls expiring today show $25.9M premium with 100% bullish fl...
      🌍 SPY +0.00%  QQQ +0.00%  VIX 18.1
  ⏰ EXPIRING SOON — 1 day(s) remaining

  🔴 #29 NVDA260513P00222500  [▶ OPEN]
      Entry: $5.03 │ Bid: $4.00  Mid: $4.05  Ask: $4.10
      P&L: $-97.50 (-19.4%) │ Target: $10.05  Stop: $2.51  DTE: 1d
      💭 $8.0M premium concentrated in zero-DTE NVDA puts at 100% bearish flow ...
      🌍 SPY +0.00%  QQQ +0.00%  VIX 18.1
  ⏰ EXPIRING SOON — 1 day(s) remaining

  🔴 #30 TSLA260513P00435000  [▶ OPEN]
      Entry: $8.90 │ Bid: $8.60  Mid: $8.65  Ask: $8.70
      P&L: $-25.00 (-2.8%) │ Target: $17.80  Stop: $4.45  DTE: 1d
      💭 $21.2M in put premium with 100% bearish flow and 0 DTE expiration crea...
      🌍 SPY +0.00%  QQQ +0.00%  VIX 18.1
  ⏰ EXPIRING SOON — 1 day(s) remaining

  🔴 #31 TSLA260513C00450000  [▶ OPEN]
      Entry: $1.04 │ Bid: $1.02  Mid: $1.03  Ask: $1.04
      P&L: $-1.00 (-1.0%) │ Target: $2.08  Stop: $0.52  DTE: 1d
      💭 $9.2M premium in TSLA calls expiring today with 100% bullish flow sign...
      🌍 SPY +0.00%  QQQ +0.00%  VIX 18.1
  ⏰ EXPIRING SOON — 1 day(s) remaining

  🔴 #32 TSLA260513P00427500  [▶ OPEN]
      Entry: $4.58 │ Bid: $4.45  Mid: $4.50  Ask: $4.55
      P&L: $-7.50 (-1.6%) │ Target: $9.15  Stop: $2.29  DTE: 1d
      💭 TSLA put with $11.5M premium and 100% bearish flow skew warrants paper...
      🌍 SPY +0.00%  QQQ +0.00%  VIX 18.1
  ⏰ EXPIRING SOON — 1 day(s) remaining

  🟢 #33 TSLA260513C00427500  [▶ OPEN]
      Entry: $7.00 │ Bid: $7.05  Mid: $7.10  Ask: $7.15
      P&L: +$10.00 (+1.4%) │ Target: $14.00  Stop: $3.50  DTE: 1d
      💭 $8.5M premium on TSLA calls with 100% bullish flow bias warrants paper...
      🌍 SPY +0.00%  QQQ +0.00%  VIX 18.1
  ⏰ EXPIRING SOON — 1 day(s) remaining

  ⏳ Next check in 3 minutes...

  ─────────────────────────────────────────────────────────────────
  📡 POSITION CHECK — 14:52:31 EDT
  ─────────────────────────────────────────────────────────────────

  🔴 #10 SPY260511P00745000  [⏸ TRACKING]
      Entry: $9.88 │ Bid: $6.03  Mid: $6.17  Ask: $6.31
      P&L: $-370.50 (-37.5%) │ Target: $19.75  Stop: $4.94  DTE: -1d
      ⚠️  Stop was triggered — continuing to track for data
      💭 HIGH SPY put signal — score 8.0, $4.4M premium, 3 DTE, bearish thesis....
      🌍 SPY +0.00%  QQQ +0.00%  VIX 18.1

  ⏰ CONTRACT EXPIRED — auto-closing #10

  🔴 #11 TSLA260511P00425000  [⏸ TRACKING]
      Entry: $7.83 │ Bid: $0.00  Mid: $0.02  Ask: $0.01
      P&L: $-780.50 (-99.7%) │ Target: $15.65  Stop: $3.91  DTE: -1d
      ⚠️  Stop was triggered — continuing to track for data
      💭 HIGH TSLA put signal — score 5.62, $1.6M premium, 3 DTE, bearish thesi...
      🌍 SPY +0.00%  QQQ +0.00%  VIX 18.1

  ⏰ CONTRACT EXPIRED — auto-closing #11

  🔴 #13 TSLA260511P00430000  [⏸ TRACKING]
      Entry: $7.33 │ Bid: $0.00  Mid: $0.01  Ask: $0.01
      P&L: $-731.50 (-99.9%) │ Target: $14.65  Stop: $3.66  DTE: -1d
      ⚠️  Stop was triggered — continuing to track for data
      💭 $2.8M premium on TSLA puts with 100% bearish flow and 8.0 score warran...
      🌍 SPY +0.00%  QQQ +0.00%  VIX 18.1

  ⏰ CONTRACT EXPIRED — auto-closing #13

  🔴 #14 TSLA260513P00430000  [⏸ TRACKING]
      Entry: $11.70 │ Bid: $5.25  Mid: $5.30  Ask: $5.35
      P&L: $-640.00 (-54.7%) │ Target: $23.40  Stop: $5.85  DTE: 1d
      ⚠️  Stop was triggered — continuing to track for data
      💭 $1.1M premium on TSLA 430 puts expiring today with 100% bearish flow a...
      🌍 SPY +0.00%  QQQ +0.00%  VIX 18.1

  🟢 #15 AMD260515P00457500  [⏸ TRACKING]
      Entry: $22.60 │ Bid: $24.65  Mid: $24.98  Ask: $25.30
      P&L: +$237.50 (+10.5%) │ Target: $45.20  Stop: $11.30  DTE: 3d
      ⚠️  Stop was triggered — continuing to track for data
      💭 $2.0M premium in AMD puts expiring today with 100% bearish flow and 8....
      🌍 SPY +0.00%  QQQ +0.00%  VIX 18.1

  🔴 #16 QQQ260511P00706000  [⏸ TRACKING]
      Entry: $2.11 │ Bid: $0.01  Mid: $0.02  Ask: $0.03
      P&L: $-209.00 (-99.0%) │ Target: $4.22  Stop: $1.05  DTE: -1d
      ⚠️  Stop was triggered — continuing to track for data
      💭 QQQ put with $1.8M premium and 8.0 score expiring today in 100% bearis...
      🌍 SPY +0.00%  QQQ +0.00%  VIX 18.1

  ⏰ CONTRACT EXPIRED — auto-closing #16

  🔴 #17 TSLA260515P00427500  [⏸ TRACKING]
      Entry: $11.00 │ Bid: $7.55  Mid: $7.60  Ask: $7.65
      P&L: $-340.00 (-30.9%) │ Target: $22.00  Stop: $5.50  DTE: 3d
      ⚠️  Stop was triggered — continuing to track for data
      💭 $6M premium on TSLA puts with 8.8 score and 100% bearish flow concentr...
      🌍 SPY +0.00%  QQQ +0.00%  VIX 18.1

  🟢 #18 NFLX260515P00106000  [▶ OPEN]
      Entry: $17.38 │ Bid: $16.70  Mid: $17.73  Ask: $18.75
      P&L: +$35.00 (+2.0%) │ Target: $34.75  Stop: $8.69  DTE: 3d
      💭 NFLX $106 puts expiring today generated $7.9M premium with 8.2 score i...
      🌍 SPY +0.00%  QQQ +0.00%  VIX 18.1

  🔴 #19 SPY260515P00755000  [▶ OPEN]
      Entry: $22.60 │ Bid: $18.91  Mid: $18.98  Ask: $19.04
      P&L: $-362.50 (-16.0%) │ Target: $45.20  Stop: $11.30  DTE: 3d
      💭 $1.5M premium accumulated in deep OTM SPY 755 puts expiring today with...
      🌍 SPY +0.00%  QQQ +0.00%  VIX 18.1

  🔴 #20 TSLA260513P00455000  [▶ OPEN]
      Entry: $28.93 │ Bid: $24.60  Mid: $24.88  Ask: $25.15
      P&L: $-405.00 (-14.0%) │ Target: $57.85  Stop: $14.46  DTE: 1d
      💭 $18.8M in put premium with 100% bearish flow bias into a zero-DTE TSLA...
      🌍 SPY +0.00%  QQQ +0.00%  VIX 18.1
  ⏰ EXPIRING SOON — 1 day(s) remaining

  🟢 #21 QQQ260513C00707000  [▶ OPEN]
      Entry: $1.25 │ Bid: $1.39  Mid: $1.40  Ask: $1.41
      P&L: +$14.50 (+11.6%) │ Target: $2.51  Stop: $0.63  DTE: 1d
      💭 $1.2M premium on QQQ calls with 100% bullish flow bias and 7.68 score ...
      🌍 SPY +0.00%  QQQ +0.00%  VIX 18.1
  ⏰ EXPIRING SOON — 1 day(s) remaining

  🔴 #22 CRM260605C00100000  [▶ OPEN]
      Entry: $72.58 │ Bid: $70.85  Mid: $72.28  Ask: $73.70
      P&L: $-30.00 (-0.4%) │ Target: $145.15  Stop: $14.52  DTE: 24d
      💭 CRM $100 calls expiring today show $1.0M premium with 7.53 score in 10...
      🌍 SPY +0.00%  QQQ +0.00%  VIX 18.1

  🟢 #23 QQQ260513C00709000  [▶ OPEN]
      Entry: $0.80 │ Bid: $0.90  Mid: $0.91  Ask: $0.91
      P&L: +$11.00 (+13.8%) │ Target: $1.59  Stop: $0.40  DTE: 1d
      💭 $1.2M bullish call premium on QQQ expiration with 100% call-to-put flo...
      🌍 SPY +0.00%  QQQ +0.00%  VIX 18.1
  ⏰ EXPIRING SOON — 1 day(s) remaining

  🟢 #24 NVDA260513C00145000  [▶ OPEN]
      Entry: $72.97 │ Bid: $72.00  Mid: $74.35  Ask: $76.70
      P&L: +$137.50 (+1.9%) │ Target: $145.95  Stop: $36.49  DTE: 1d
      💭 NVDA $145 calls expiring today with $954K premium and 100% bullish flo...
      🌍 SPY +0.00%  QQQ +0.00%  VIX 18.1
  ⏰ EXPIRING SOON — 1 day(s) remaining

  🟢 #25 QQQ260513C00708000  [▶ OPEN]
      Entry: $0.96 │ Bid: $1.12  Mid: $1.12  Ask: $1.13
      P&L: +$16.50 (+17.2%) │ Target: $1.92  Stop: $0.48  DTE: 1d
      💭 $1.9M premium concentration in a single QQQ call with 100% bullish flo...
      🌍 SPY +0.00%  QQQ +0.00%  VIX 18.1
  ⏰ EXPIRING SOON — 1 day(s) remaining

  🟢 #26 NFLX260515P00107000  [▶ OPEN]
      Entry: $18.35 │ Bid: $17.65  Mid: $18.70  Ask: $19.75
      P&L: +$35.00 (+1.9%) │ Target: $36.70  Stop: $9.18  DTE: 3d
      💭 $9.9M in put premium flowing into $107 OTM puts expiring today signals...
      🌍 SPY +0.00%  QQQ +0.00%  VIX 18.1

  🟢 #27 IWM260513C00283000  [▶ OPEN]
      Entry: $0.51 │ Bid: $0.67  Mid: $0.68  Ask: $0.69
      P&L: +$17.50 (+34.6%) │ Target: $1.01  Stop: $0.25  DTE: 1d
      💭 $1.4M premium concentrated in OTM calls with 100% bullish flow bias wa...
      🌍 SPY +0.00%  QQQ +0.00%  VIX 18.1
  ⏰ EXPIRING SOON — 1 day(s) remaining

  🟢 #28 TSLA260513C00425000  [▶ OPEN]
      Entry: $6.95 │ Bid: $9.00  Mid: $9.07  Ask: $9.15
      P&L: +$212.50 (+30.6%) │ Target: $13.90  Stop: $3.48  DTE: 1d
      💭 TSLA 425 calls expiring today show $25.9M premium with 100% bullish fl...
      🌍 SPY +0.00%  QQQ +0.00%  VIX 18.1
  ⏰ EXPIRING SOON — 1 day(s) remaining

  🔴 #29 NVDA260513P00222500  [▶ OPEN]
      Entry: $5.03 │ Bid: $4.00  Mid: $4.05  Ask: $4.10
      P&L: $-97.50 (-19.4%) │ Target: $10.05  Stop: $2.51  DTE: 1d
      💭 $8.0M premium concentrated in zero-DTE NVDA puts at 100% bearish flow ...
      🌍 SPY +0.00%  QQQ +0.00%  VIX 18.1
  ⏰ EXPIRING SOON — 1 day(s) remaining

  🔴 #30 TSLA260513P00435000  [▶ OPEN]
      Entry: $8.90 │ Bid: $8.10  Mid: $8.15  Ask: $8.20
      P&L: $-75.00 (-8.4%) │ Target: $17.80  Stop: $4.45  DTE: 1d
      💭 $21.2M in put premium with 100% bearish flow and 0 DTE expiration crea...
      🌍 SPY +0.00%  QQQ +0.00%  VIX 18.1
  ⏰ EXPIRING SOON — 1 day(s) remaining

  🟢 #31 TSLA260513C00450000  [▶ OPEN]
      Entry: $1.04 │ Bid: $1.08  Mid: $1.08  Ask: $1.09
      P&L: +$4.50 (+4.3%) │ Target: $2.08  Stop: $0.52  DTE: 1d
      💭 $9.2M premium in TSLA calls expiring today with 100% bullish flow sign...
      🌍 SPY +0.00%  QQQ +0.00%  VIX 18.1
  ⏰ EXPIRING SOON — 1 day(s) remaining

  🔴 #32 TSLA260513P00427500  [▶ OPEN]
      Entry: $4.58 │ Bid: $4.15  Mid: $4.17  Ask: $4.20
      P&L: $-40.00 (-8.7%) │ Target: $9.15  Stop: $2.29  DTE: 1d
      💭 TSLA put with $11.5M premium and 100% bearish flow skew warrants paper...
      🌍 SPY +0.00%  QQQ +0.00%  VIX 18.1
  ⏰ EXPIRING SOON — 1 day(s) remaining

  🟢 #33 TSLA260513C00427500  [▶ OPEN]
      Entry: $7.00 │ Bid: $7.50  Mid: $7.55  Ask: $7.60
      P&L: +$55.00 (+7.9%) │ Target: $14.00  Stop: $3.50  DTE: 1d
      💭 $8.5M premium on TSLA calls with 100% bullish flow bias warrants paper...
      🌍 SPY +0.00%  QQQ +0.00%  VIX 18.1
  ⏰ EXPIRING SOON — 1 day(s) remaining

  ⏳ Next check in 3 minutes...

  ─────────────────────────────────────────────────────────────────
  📡 POSITION CHECK — 14:55:32 EDT
  ─────────────────────────────────────────────────────────────────

  🔴 #10 SPY260511P00745000  [⏸ TRACKING]
      Entry: $9.88 │ Bid: $6.03  Mid: $6.17  Ask: $6.31
      P&L: $-370.50 (-37.5%) │ Target: $19.75  Stop: $4.94  DTE: -1d
      ⚠️  Stop was triggered — continuing to track for data
      💭 HIGH SPY put signal — score 8.0, $4.4M premium, 3 DTE, bearish thesis....
      🌍 SPY +0.00%  QQQ +0.00%  VIX 18.1

  ⏰ CONTRACT EXPIRED — auto-closing #10

  🔴 #11 TSLA260511P00425000  [⏸ TRACKING]
      Entry: $7.83 │ Bid: $0.00  Mid: $0.02  Ask: $0.01
      P&L: $-780.50 (-99.7%) │ Target: $15.65  Stop: $3.91  DTE: -1d
      ⚠️  Stop was triggered — continuing to track for data
      💭 HIGH TSLA put signal — score 5.62, $1.6M premium, 3 DTE, bearish thesi...
      🌍 SPY +0.00%  QQQ +0.00%  VIX 18.1

  ⏰ CONTRACT EXPIRED — auto-closing #11

  🔴 #13 TSLA260511P00430000  [⏸ TRACKING]
      Entry: $7.33 │ Bid: $0.00  Mid: $0.01  Ask: $0.01
      P&L: $-731.50 (-99.9%) │ Target: $14.65  Stop: $3.66  DTE: -1d
      ⚠️  Stop was triggered — continuing to track for data
      💭 $2.8M premium on TSLA puts with 100% bearish flow and 8.0 score warran...
      🌍 SPY +0.00%  QQQ +0.00%  VIX 18.1

  ⏰ CONTRACT EXPIRED — auto-closing #13

  🔴 #14 TSLA260513P00430000  [⏸ TRACKING]
      Entry: $11.70 │ Bid: $5.15  Mid: $5.17  Ask: $5.20
      P&L: $-652.50 (-55.8%) │ Target: $23.40  Stop: $5.85  DTE: 1d
      ⚠️  Stop was triggered — continuing to track for data
      💭 $1.1M premium on TSLA 430 puts expiring today with 100% bearish flow a...
      🌍 SPY +0.00%  QQQ +0.00%  VIX 18.1

  🟢 #15 AMD260515P00457500  [⏸ TRACKING]
      Entry: $22.60 │ Bid: $24.55  Mid: $25.05  Ask: $25.55
      P&L: +$245.00 (+10.8%) │ Target: $45.20  Stop: $11.30  DTE: 3d
      ⚠️  Stop was triggered — continuing to track for data
      💭 $2.0M premium in AMD puts expiring today with 100% bearish flow and 8....
      🌍 SPY +0.00%  QQQ +0.00%  VIX 18.1

  🔴 #16 QQQ260511P00706000  [⏸ TRACKING]
      Entry: $2.11 │ Bid: $0.01  Mid: $0.02  Ask: $0.03
      P&L: $-209.00 (-99.0%) │ Target: $4.22  Stop: $1.05  DTE: -1d
      ⚠️  Stop was triggered — continuing to track for data
      💭 QQQ put with $1.8M premium and 8.0 score expiring today in 100% bearis...
      🌍 SPY +0.00%  QQQ +0.00%  VIX 18.1

  ⏰ CONTRACT EXPIRED — auto-closing #16

  🔴 #17 TSLA260515P00427500  [⏸ TRACKING]
      Entry: $11.00 │ Bid: $7.45  Mid: $7.50  Ask: $7.55
      P&L: $-350.00 (-31.8%) │ Target: $22.00  Stop: $5.50  DTE: 3d
      ⚠️  Stop was triggered — continuing to track for data
      💭 $6M premium on TSLA puts with 8.8 score and 100% bearish flow concentr...
      🌍 SPY +0.00%  QQQ +0.00%  VIX 18.1

  🟢 #18 NFLX260515P00106000  [▶ OPEN]
      Entry: $17.38 │ Bid: $16.70  Mid: $17.73  Ask: $18.75
      P&L: +$35.00 (+2.0%) │ Target: $34.75  Stop: $8.69  DTE: 3d
      💭 NFLX $106 puts expiring today generated $7.9M premium with 8.2 score i...
      🌍 SPY +0.00%  QQQ +0.00%  VIX 18.1

  🔴 #19 SPY260515P00755000  [▶ OPEN]
      Entry: $22.60 │ Bid: $18.65  Mid: $18.71  Ask: $18.77
      P&L: $-389.00 (-17.2%) │ Target: $45.20  Stop: $11.30  DTE: 3d
      💭 $1.5M premium accumulated in deep OTM SPY 755 puts expiring today with...
      🌍 SPY +0.00%  QQQ +0.00%  VIX 18.1

  🔴 #20 TSLA260513P00455000  [▶ OPEN]
      Entry: $28.93 │ Bid: $24.45  Mid: $24.73  Ask: $25.00
      P&L: $-420.00 (-14.5%) │ Target: $57.85  Stop: $14.46  DTE: 1d
      💭 $18.8M in put premium with 100% bearish flow bias into a zero-DTE TSLA...
      🌍 SPY +0.00%  QQQ +0.00%  VIX 18.1
  ⏰ EXPIRING SOON — 1 day(s) remaining

  🟢 #21 QQQ260513C00707000  [▶ OPEN]
      Entry: $1.25 │ Bid: $1.51  Mid: $1.52  Ask: $1.53
      P&L: +$26.50 (+21.1%) │ Target: $2.51  Stop: $0.63  DTE: 1d
      💭 $1.2M premium on QQQ calls with 100% bullish flow bias and 7.68 score ...
      🌍 SPY +0.00%  QQQ +0.00%  VIX 18.1
  ⏰ EXPIRING SOON — 1 day(s) remaining

  🔴 #22 CRM260605C00100000  [▶ OPEN]
      Entry: $72.58 │ Bid: $70.85  Mid: $72.25  Ask: $73.65
      P&L: $-32.50 (-0.5%) │ Target: $145.15  Stop: $14.52  DTE: 24d
      💭 CRM $100 calls expiring today show $1.0M premium with 7.53 score in 10...
      🌍 SPY +0.00%  QQQ +0.00%  VIX 18.1

  🟢 #23 QQQ260513C00709000  [▶ OPEN]
      Entry: $0.80 │ Bid: $0.98  Mid: $0.98  Ask: $0.99
      P&L: +$19.00 (+23.9%) │ Target: $1.59  Stop: $0.40  DTE: 1d
      💭 $1.2M bullish call premium on QQQ expiration with 100% call-to-put flo...
      🌍 SPY +0.00%  QQQ +0.00%  VIX 18.1
  ⏰ EXPIRING SOON — 1 day(s) remaining

  🟢 #24 NVDA260513C00145000  [▶ OPEN]
      Entry: $72.97 │ Bid: $72.30  Mid: $74.50  Ask: $76.70
      P&L: +$152.50 (+2.1%) │ Target: $145.95  Stop: $36.49  DTE: 1d
      💭 NVDA $145 calls expiring today with $954K premium and 100% bullish flo...
      🌍 SPY +0.00%  QQQ +0.00%  VIX 18.1
  ⏰ EXPIRING SOON — 1 day(s) remaining

  🟢 #25 QQQ260513C00708000  [▶ OPEN]
      Entry: $0.96 │ Bid: $1.22  Mid: $1.23  Ask: $1.24
      P&L: +$27.00 (+28.1%) │ Target: $1.92  Stop: $0.48  DTE: 1d
      💭 $1.9M premium concentration in a single QQQ call with 100% bullish flo...
      🌍 SPY +0.00%  QQQ +0.00%  VIX 18.1
  ⏰ EXPIRING SOON — 1 day(s) remaining

  🟢 #26 NFLX260515P00107000  [▶ OPEN]
      Entry: $18.35 │ Bid: $17.65  Mid: $18.70  Ask: $19.75
      P&L: +$35.00 (+1.9%) │ Target: $36.70  Stop: $9.18  DTE: 3d
      💭 $9.9M in put premium flowing into $107 OTM puts expiring today signals...
      🌍 SPY +0.00%  QQQ +0.00%  VIX 18.1

  🟢 #27 IWM260513C00283000  [▶ OPEN]
      Entry: $0.51 │ Bid: $0.70  Mid: $0.70  Ask: $0.71
      P&L: +$20.00 (+39.6%) │ Target: $1.01  Stop: $0.25  DTE: 1d
      💭 $1.4M premium concentrated in OTM calls with 100% bullish flow bias wa...
      🌍 SPY +0.00%  QQQ +0.00%  VIX 18.1
  ⏰ EXPIRING SOON — 1 day(s) remaining

  🟢 #28 TSLA260513C00425000  [▶ OPEN]
      Entry: $6.95 │ Bid: $9.25  Mid: $9.30  Ask: $9.35
      P&L: +$235.00 (+33.8%) │ Target: $13.90  Stop: $3.48  DTE: 1d
      💭 TSLA 425 calls expiring today show $25.9M premium with 100% bullish fl...
      🌍 SPY +0.00%  QQQ +0.00%  VIX 18.1
  ⏰ EXPIRING SOON — 1 day(s) remaining

  🔴 #29 NVDA260513P00222500  [▶ OPEN]
      Entry: $5.03 │ Bid: $3.65  Mid: $3.70  Ask: $3.75
      P&L: $-132.50 (-26.4%) │ Target: $10.05  Stop: $2.51  DTE: 1d
      💭 $8.0M premium concentrated in zero-DTE NVDA puts at 100% bearish flow ...
      🌍 SPY +0.00%  QQQ +0.00%  VIX 18.1
  ⏰ EXPIRING SOON — 1 day(s) remaining

  🔴 #30 TSLA260513P00435000  [▶ OPEN]
      Entry: $8.90 │ Bid: $7.90  Mid: $7.95  Ask: $8.00
      P&L: $-95.00 (-10.7%) │ Target: $17.80  Stop: $4.45  DTE: 1d
      💭 $21.2M in put premium with 100% bearish flow and 0 DTE expiration crea...
      🌍 SPY +0.00%  QQQ +0.00%  VIX 18.1
  ⏰ EXPIRING SOON — 1 day(s) remaining

  🟢 #31 TSLA260513C00450000  [▶ OPEN]
      Entry: $1.04 │ Bid: $1.09  Mid: $1.10  Ask: $1.11
      P&L: +$6.00 (+5.8%) │ Target: $2.08  Stop: $0.52  DTE: 1d
      💭 $9.2M premium in TSLA calls expiring today with 100% bullish flow sign...
      🌍 SPY +0.00%  QQQ +0.00%  VIX 18.1
  ⏰ EXPIRING SOON — 1 day(s) remaining

  🔴 #32 TSLA260513P00427500  [▶ OPEN]
      Entry: $4.58 │ Bid: $4.00  Mid: $4.05  Ask: $4.10
      P&L: $-52.50 (-11.5%) │ Target: $9.15  Stop: $2.29  DTE: 1d
      💭 TSLA put with $11.5M premium and 100% bearish flow skew warrants paper...
      🌍 SPY +0.00%  QQQ +0.00%  VIX 18.1
  ⏰ EXPIRING SOON — 1 day(s) remaining

  🟢 #33 TSLA260513C00427500  [▶ OPEN]
      Entry: $7.00 │ Bid: $7.65  Mid: $7.72  Ask: $7.80
      P&L: +$72.50 (+10.4%) │ Target: $14.00  Stop: $3.50  DTE: 1d
      💭 $8.5M premium on TSLA calls with 100% bullish flow bias warrants paper...
      🌍 SPY +0.00%  QQQ +0.00%  VIX 18.1
  ⏰ EXPIRING SOON — 1 day(s) remaining

  ⏳ Next check in 3 minutes...

  ─────────────────────────────────────────────────────────────────
  📡 POSITION CHECK — 14:58:34 EDT
  ─────────────────────────────────────────────────────────────────

  🔴 #10 SPY260511P00745000  [⏸ TRACKING]
      Entry: $9.88 │ Bid: $6.03  Mid: $6.17  Ask: $6.31
      P&L: $-370.50 (-37.5%) │ Target: $19.75  Stop: $4.94  DTE: -1d
      ⚠️  Stop was triggered — continuing to track for data
      💭 HIGH SPY put signal — score 8.0, $4.4M premium, 3 DTE, bearish thesis....
      🌍 SPY +0.00%  QQQ +0.00%  VIX 18.1

  ⏰ CONTRACT EXPIRED — auto-closing #10

  🔴 #11 TSLA260511P00425000  [⏸ TRACKING]
      Entry: $7.83 │ Bid: $0.00  Mid: $0.02  Ask: $0.01
      P&L: $-780.50 (-99.7%) │ Target: $15.65  Stop: $3.91  DTE: -1d
      ⚠️  Stop was triggered — continuing to track for data
      💭 HIGH TSLA put signal — score 5.62, $1.6M premium, 3 DTE, bearish thesi...
      🌍 SPY +0.00%  QQQ +0.00%  VIX 18.1

  ⏰ CONTRACT EXPIRED — auto-closing #11

  🔴 #13 TSLA260511P00430000  [⏸ TRACKING]
      Entry: $7.33 │ Bid: $0.00  Mid: $0.01  Ask: $0.01
      P&L: $-731.50 (-99.9%) │ Target: $14.65  Stop: $3.66  DTE: -1d
      ⚠️  Stop was triggered — continuing to track for data
      💭 $2.8M premium on TSLA puts with 100% bearish flow and 8.0 score warran...
      🌍 SPY +0.00%  QQQ +0.00%  VIX 18.1

  ⏰ CONTRACT EXPIRED — auto-closing #13

  🔴 #14 TSLA260513P00430000  [⏸ TRACKING]
      Entry: $11.70 │ Bid: $5.10  Mid: $5.15  Ask: $5.20
      P&L: $-655.00 (-56.0%) │ Target: $23.40  Stop: $5.85  DTE: 1d
      ⚠️  Stop was triggered — continuing to track for data
      💭 $1.1M premium on TSLA 430 puts expiring today with 100% bearish flow a...
      🌍 SPY +0.00%  QQQ +0.00%  VIX 18.1

  🟢 #15 AMD260515P00457500  [⏸ TRACKING]
      Entry: $22.60 │ Bid: $24.55  Mid: $24.93  Ask: $25.30
      P&L: +$232.50 (+10.3%) │ Target: $45.20  Stop: $11.30  DTE: 3d
      ⚠️  Stop was triggered — continuing to track for data
      💭 $2.0M premium in AMD puts expiring today with 100% bearish flow and 8....
      🌍 SPY +0.00%  QQQ +0.00%  VIX 18.1

  🔴 #16 QQQ260511P00706000  [⏸ TRACKING]
      Entry: $2.11 │ Bid: $0.01  Mid: $0.02  Ask: $0.03
      P&L: $-209.00 (-99.0%) │ Target: $4.22  Stop: $1.05  DTE: -1d
      ⚠️  Stop was triggered — continuing to track for data
      💭 QQQ put with $1.8M premium and 8.0 score expiring today in 100% bearis...
      🌍 SPY +0.00%  QQQ +0.00%  VIX 18.1

  ⏰ CONTRACT EXPIRED — auto-closing #16

  🔴 #17 TSLA260515P00427500  [⏸ TRACKING]
      Entry: $11.00 │ Bid: $7.55  Mid: $7.58  Ask: $7.60
      P&L: $-342.50 (-31.1%) │ Target: $22.00  Stop: $5.50  DTE: 3d
      ⚠️  Stop was triggered — continuing to track for data
      💭 $6M premium on TSLA puts with 8.8 score and 100% bearish flow concentr...
      🌍 SPY +0.00%  QQQ +0.00%  VIX 18.1

  🟢 #18 NFLX260515P00106000  [▶ OPEN]
      Entry: $17.38 │ Bid: $16.70  Mid: $17.73  Ask: $18.75
      P&L: +$35.00 (+2.0%) │ Target: $34.75  Stop: $8.69  DTE: 3d
      💭 NFLX $106 puts expiring today generated $7.9M premium with 8.2 score i...
      🌍 SPY +0.00%  QQQ +0.00%  VIX 18.1

  🔴 #19 SPY260515P00755000  [▶ OPEN]
      Entry: $22.60 │ Bid: $18.65  Mid: $18.71  Ask: $18.77
      P&L: $-389.00 (-17.2%) │ Target: $45.20  Stop: $11.30  DTE: 3d
      💭 $1.5M premium accumulated in deep OTM SPY 755 puts expiring today with...
      🌍 SPY +0.00%  QQQ +0.00%  VIX 18.1

  🔴 #20 TSLA260513P00455000  [▶ OPEN]
      Entry: $28.93 │ Bid: $24.20  Mid: $24.48  Ask: $24.75
      P&L: $-445.00 (-15.4%) │ Target: $57.85  Stop: $14.46  DTE: 1d
      💭 $18.8M in put premium with 100% bearish flow bias into a zero-DTE TSLA...
      🌍 SPY +0.00%  QQQ +0.00%  VIX 18.1
  ⏰ EXPIRING SOON — 1 day(s) remaining

  🟢 #21 QQQ260513C00707000  [▶ OPEN]
      Entry: $1.25 │ Bid: $1.52  Mid: $1.52  Ask: $1.53
      P&L: +$27.00 (+21.5%) │ Target: $2.51  Stop: $0.63  DTE: 1d
      💭 $1.2M premium on QQQ calls with 100% bullish flow bias and 7.68 score ...
      🌍 SPY +0.00%  QQQ +0.00%  VIX 18.1
  ⏰ EXPIRING SOON — 1 day(s) remaining

  🔴 #22 CRM260605C00100000  [▶ OPEN]
      Entry: $72.58 │ Bid: $70.85  Mid: $72.25  Ask: $73.65
      P&L: $-32.50 (-0.5%) │ Target: $145.15  Stop: $14.52  DTE: 24d
      💭 CRM $100 calls expiring today show $1.0M premium with 7.53 score in 10...
      🌍 SPY +0.00%  QQQ +0.00%  VIX 18.1

  🟢 #23 QQQ260513C00709000  [▶ OPEN]
      Entry: $0.80 │ Bid: $0.98  Mid: $0.98  Ask: $0.99
      P&L: +$19.00 (+23.9%) │ Target: $1.59  Stop: $0.40  DTE: 1d
      💭 $1.2M bullish call premium on QQQ expiration with 100% call-to-put flo...
      🌍 SPY +0.00%  QQQ +0.00%  VIX 18.1
  ⏰ EXPIRING SOON — 1 day(s) remaining

  🟢 #24 NVDA260513C00145000  [▶ OPEN]
      Entry: $72.97 │ Bid: $72.60  Mid: $74.67  Ask: $76.75
      P&L: +$170.00 (+2.3%) │ Target: $145.95  Stop: $36.49  DTE: 1d
      💭 NVDA $145 calls expiring today with $954K premium and 100% bullish flo...
      🌍 SPY +0.00%  QQQ +0.00%  VIX 18.1
  ⏰ EXPIRING SOON — 1 day(s) remaining

  🟢 #25 QQQ260513C00708000  [▶ OPEN]
      Entry: $0.96 │ Bid: $1.22  Mid: $1.23  Ask: $1.24
      P&L: +$27.00 (+28.1%) │ Target: $1.92  Stop: $0.48  DTE: 1d
      💭 $1.9M premium concentration in a single QQQ call with 100% bullish flo...
      🌍 SPY +0.00%  QQQ +0.00%  VIX 18.1
  ⏰ EXPIRING SOON — 1 day(s) remaining

  🟢 #26 NFLX260515P00107000  [▶ OPEN]
      Entry: $18.35 │ Bid: $17.65  Mid: $18.70  Ask: $19.75
      P&L: +$35.00 (+1.9%) │ Target: $36.70  Stop: $9.18  DTE: 3d
      💭 $9.9M in put premium flowing into $107 OTM puts expiring today signals...
      🌍 SPY +0.00%  QQQ +0.00%  VIX 18.1

  🟢 #27 IWM260513C00283000  [▶ OPEN]
      Entry: $0.51 │ Bid: $0.66  Mid: $0.67  Ask: $0.68
      P&L: +$16.50 (+32.7%) │ Target: $1.01  Stop: $0.25  DTE: 1d
      💭 $1.4M premium concentrated in OTM calls with 100% bullish flow bias wa...
      🌍 SPY +0.00%  QQQ +0.00%  VIX 18.1
  ⏰ EXPIRING SOON — 1 day(s) remaining

  🟢 #28 TSLA260513C00425000  [▶ OPEN]
      Entry: $6.95 │ Bid: $9.15  Mid: $9.22  Ask: $9.30
      P&L: +$227.50 (+32.7%) │ Target: $13.90  Stop: $3.48  DTE: 1d
      💭 TSLA 425 calls expiring today show $25.9M premium with 100% bullish fl...
      🌍 SPY +0.00%  QQQ +0.00%  VIX 18.1
  ⏰ EXPIRING SOON — 1 day(s) remaining

  🔴 #29 NVDA260513P00222500  [▶ OPEN]
      Entry: $5.03 │ Bid: $3.60  Mid: $3.65  Ask: $3.70
      P&L: $-137.50 (-27.4%) │ Target: $10.05  Stop: $2.51  DTE: 1d
      💭 $8.0M premium concentrated in zero-DTE NVDA puts at 100% bearish flow ...
      🌍 SPY +0.00%  QQQ +0.00%  VIX 18.1
  ⏰ EXPIRING SOON — 1 day(s) remaining

  🔴 #30 TSLA260513P00435000  [▶ OPEN]
      Entry: $8.90 │ Bid: $7.90  Mid: $7.95  Ask: $8.00
      P&L: $-95.00 (-10.7%) │ Target: $17.80  Stop: $4.45  DTE: 1d
      💭 $21.2M in put premium with 100% bearish flow and 0 DTE expiration crea...
      🌍 SPY +0.00%  QQQ +0.00%  VIX 18.1
  ⏰ EXPIRING SOON — 1 day(s) remaining

  🟢 #31 TSLA260513C00450000  [▶ OPEN]
      Entry: $1.04 │ Bid: $1.07  Mid: $1.07  Ask: $1.08
      P&L: +$3.50 (+3.4%) │ Target: $2.08  Stop: $0.52  DTE: 1d
      💭 $9.2M premium in TSLA calls expiring today with 100% bullish flow sign...
      🌍 SPY +0.00%  QQQ +0.00%  VIX 18.1
  ⏰ EXPIRING SOON — 1 day(s) remaining

  🔴 #32 TSLA260513P00427500  [▶ OPEN]
      Entry: $4.58 │ Bid: $4.00  Mid: $4.05  Ask: $4.10
      P&L: $-52.50 (-11.5%) │ Target: $9.15  Stop: $2.29  DTE: 1d
      💭 TSLA put with $11.5M premium and 100% bearish flow skew warrants paper...
      🌍 SPY +0.00%  QQQ +0.00%  VIX 18.1
  ⏰ EXPIRING SOON — 1 day(s) remaining

  🟢 #33 TSLA260513C00427500  [▶ OPEN]
      Entry: $7.00 │ Bid: $7.60  Mid: $7.67  Ask: $7.75
      P&L: +$67.50 (+9.6%) │ Target: $14.00  Stop: $3.50  DTE: 1d
      💭 $8.5M premium on TSLA calls with 100% bullish flow bias warrants paper...
      🌍 SPY +0.00%  QQQ +0.00%  VIX 18.1
  ⏰ EXPIRING SOON — 1 day(s) remaining

  ⏳ Next check in 3 minutes...

  ─────────────────────────────────────────────────────────────────
  📡 POSITION CHECK — 15:01:36 EDT
  ─────────────────────────────────────────────────────────────────

  🔴 #10 SPY260511P00745000  [⏸ TRACKING]
      Entry: $9.88 │ Bid: $6.03  Mid: $6.17  Ask: $6.31
      P&L: $-370.50 (-37.5%) │ Target: $19.75  Stop: $4.94  DTE: -1d
      ⚠️  Stop was triggered — continuing to track for data
      💭 HIGH SPY put signal — score 8.0, $4.4M premium, 3 DTE, bearish thesis....
      🌍 SPY +0.00%  QQQ +0.00%  VIX 18.1

  ⏰ CONTRACT EXPIRED — auto-closing #10

  🔴 #11 TSLA260511P00425000  [⏸ TRACKING]
      Entry: $7.83 │ Bid: $0.00  Mid: $0.02  Ask: $0.01
      P&L: $-780.50 (-99.7%) │ Target: $15.65  Stop: $3.91  DTE: -1d
      ⚠️  Stop was triggered — continuing to track for data
      💭 HIGH TSLA put signal — score 5.62, $1.6M premium, 3 DTE, bearish thesi...
      🌍 SPY +0.00%  QQQ +0.00%  VIX 18.1

  ⏰ CONTRACT EXPIRED — auto-closing #11

  🔴 #13 TSLA260511P00430000  [⏸ TRACKING]
      Entry: $7.33 │ Bid: $0.00  Mid: $0.01  Ask: $0.01
      P&L: $-731.50 (-99.9%) │ Target: $14.65  Stop: $3.66  DTE: -1d
      ⚠️  Stop was triggered — continuing to track for data
      💭 $2.8M premium on TSLA puts with 100% bearish flow and 8.0 score warran...
      🌍 SPY +0.00%  QQQ +0.00%  VIX 18.1

  ⏰ CONTRACT EXPIRED — auto-closing #13

  🔴 #14 TSLA260513P00430000  [⏸ TRACKING]
      Entry: $11.70 │ Bid: $4.90  Mid: $4.95  Ask: $5.00
      P&L: $-675.00 (-57.7%) │ Target: $23.40  Stop: $5.85  DTE: 1d
      ⚠️  Stop was triggered — continuing to track for data
      💭 $1.1M premium on TSLA 430 puts expiring today with 100% bearish flow a...
      🌍 SPY +0.00%  QQQ +0.00%  VIX 18.1

  🟢 #15 AMD260515P00457500  [⏸ TRACKING]
      Entry: $22.60 │ Bid: $24.90  Mid: $25.35  Ask: $25.80
      P&L: +$275.00 (+12.2%) │ Target: $45.20  Stop: $11.30  DTE: 3d
      ⚠️  Stop was triggered — continuing to track for data
      💭 $2.0M premium in AMD puts expiring today with 100% bearish flow and 8....
      🌍 SPY +0.00%  QQQ +0.00%  VIX 18.1

  🔴 #16 QQQ260511P00706000  [⏸ TRACKING]
      Entry: $2.11 │ Bid: $0.01  Mid: $0.02  Ask: $0.03
      P&L: $-209.00 (-99.0%) │ Target: $4.22  Stop: $1.05  DTE: -1d
      ⚠️  Stop was triggered — continuing to track for data
      💭 QQQ put with $1.8M premium and 8.0 score expiring today in 100% bearis...
      🌍 SPY +0.00%  QQQ +0.00%  VIX 18.1

  ⏰ CONTRACT EXPIRED — auto-closing #16

  🔴 #17 TSLA260515P00427500  [⏸ TRACKING]
      Entry: $11.00 │ Bid: $7.35  Mid: $7.40  Ask: $7.45
      P&L: $-360.00 (-32.7%) │ Target: $22.00  Stop: $5.50  DTE: 3d
      ⚠️  Stop was triggered — continuing to track for data
      💭 $6M premium on TSLA puts with 8.8 score and 100% bearish flow concentr...
      🌍 SPY +0.00%  QQQ +0.00%  VIX 18.1

  🟢 #18 NFLX260515P00106000  [▶ OPEN]
      Entry: $17.38 │ Bid: $16.70  Mid: $17.73  Ask: $18.75
      P&L: +$35.00 (+2.0%) │ Target: $34.75  Stop: $8.69  DTE: 3d
      💭 NFLX $106 puts expiring today generated $7.9M premium with 8.2 score i...
      🌍 SPY +0.00%  QQQ +0.00%  VIX 18.1

  🔴 #19 SPY260515P00755000  [▶ OPEN]
      Entry: $22.60 │ Bid: $18.73  Mid: $18.79  Ask: $18.84
      P&L: $-381.50 (-16.9%) │ Target: $45.20  Stop: $11.30  DTE: 3d
      💭 $1.5M premium accumulated in deep OTM SPY 755 puts expiring today with...
      🌍 SPY +0.00%  QQQ +0.00%  VIX 18.1

  🔴 #20 TSLA260513P00455000  [▶ OPEN]
      Entry: $28.93 │ Bid: $24.05  Mid: $24.30  Ask: $24.55
      P&L: $-462.50 (-16.0%) │ Target: $57.85  Stop: $14.46  DTE: 1d
      💭 $18.8M in put premium with 100% bearish flow bias into a zero-DTE TSLA...
      🌍 SPY +0.00%  QQQ +0.00%  VIX 18.1
  ⏰ EXPIRING SOON — 1 day(s) remaining

  🟢 #21 QQQ260513C00707000  [▶ OPEN]
      Entry: $1.25 │ Bid: $1.41  Mid: $1.42  Ask: $1.42
      P&L: +$16.00 (+12.8%) │ Target: $2.51  Stop: $0.63  DTE: 1d
      💭 $1.2M premium on QQQ calls with 100% bullish flow bias and 7.68 score ...
      🌍 SPY +0.00%  QQQ +0.00%  VIX 18.1
  ⏰ EXPIRING SOON — 1 day(s) remaining

  🔴 #22 CRM260605C00100000  [▶ OPEN]
      Entry: $72.58 │ Bid: $70.85  Mid: $71.70  Ask: $72.55
      P&L: $-87.50 (-1.2%) │ Target: $145.15  Stop: $14.52  DTE: 24d
      💭 CRM $100 calls expiring today show $1.0M premium with 7.53 score in 10...
      🌍 SPY +0.00%  QQQ +0.00%  VIX 18.1

  🟢 #23 QQQ260513C00709000  [▶ OPEN]
      Entry: $0.80 │ Bid: $0.90  Mid: $0.91  Ask: $0.91
      P&L: +$11.00 (+13.8%) │ Target: $1.59  Stop: $0.40  DTE: 1d
      💭 $1.2M bullish call premium on QQQ expiration with 100% call-to-put flo...
      🌍 SPY +0.00%  QQQ +0.00%  VIX 18.1
  ⏰ EXPIRING SOON — 1 day(s) remaining

  🟢 #24 NVDA260513C00145000  [▶ OPEN]
      Entry: $72.97 │ Bid: $72.45  Mid: $74.60  Ask: $76.75
      P&L: +$162.50 (+2.2%) │ Target: $145.95  Stop: $36.49  DTE: 1d
      💭 NVDA $145 calls expiring today with $954K premium and 100% bullish flo...
      🌍 SPY +0.00%  QQQ +0.00%  VIX 18.1
  ⏰ EXPIRING SOON — 1 day(s) remaining

  🟢 #25 QQQ260513C00708000  [▶ OPEN]
      Entry: $0.96 │ Bid: $1.13  Mid: $1.14  Ask: $1.15
      P&L: +$18.00 (+18.8%) │ Target: $1.92  Stop: $0.48  DTE: 1d
      💭 $1.9M premium concentration in a single QQQ call with 100% bullish flo...
      🌍 SPY +0.00%  QQQ +0.00%  VIX 18.1
  ⏰ EXPIRING SOON — 1 day(s) remaining

  🟢 #26 NFLX260515P00107000  [▶ OPEN]
      Entry: $18.35 │ Bid: $17.65  Mid: $18.70  Ask: $19.75
      P&L: +$35.00 (+1.9%) │ Target: $36.70  Stop: $9.18  DTE: 3d
      💭 $9.9M in put premium flowing into $107 OTM puts expiring today signals...
      🌍 SPY +0.00%  QQQ +0.00%  VIX 18.1

  🟢 #27 IWM260513C00283000  [▶ OPEN]
      Entry: $0.51 │ Bid: $0.64  Mid: $0.65  Ask: $0.66
      P&L: +$14.50 (+28.7%) │ Target: $1.01  Stop: $0.25  DTE: 1d
      💭 $1.4M premium concentrated in OTM calls with 100% bullish flow bias wa...
      🌍 SPY +0.00%  QQQ +0.00%  VIX 18.1
  ⏰ EXPIRING SOON — 1 day(s) remaining

  🟢 #28 TSLA260513C00425000  [▶ OPEN]
      Entry: $6.95 │ Bid: $9.35  Mid: $9.43  Ask: $9.50
      P&L: +$247.50 (+35.6%) │ Target: $13.90  Stop: $3.48  DTE: 1d
      💭 TSLA 425 calls expiring today show $25.9M premium with 100% bullish fl...
      🌍 SPY +0.00%  QQQ +0.00%  VIX 18.1
  ⏰ EXPIRING SOON — 1 day(s) remaining

  🔴 #29 NVDA260513P00222500  [▶ OPEN]
      Entry: $5.03 │ Bid: $3.65  Mid: $3.70  Ask: $3.75
      P&L: $-132.50 (-26.4%) │ Target: $10.05  Stop: $2.51  DTE: 1d
      💭 $8.0M premium concentrated in zero-DTE NVDA puts at 100% bearish flow ...
      🌍 SPY +0.00%  QQQ +0.00%  VIX 18.1
  ⏰ EXPIRING SOON — 1 day(s) remaining

  🔴 #30 TSLA260513P00435000  [▶ OPEN]
      Entry: $8.90 │ Bid: $7.65  Mid: $7.72  Ask: $7.80
      P&L: $-117.50 (-13.2%) │ Target: $17.80  Stop: $4.45  DTE: 1d
      💭 $21.2M in put premium with 100% bearish flow and 0 DTE expiration crea...
      🌍 SPY +0.00%  QQQ +0.00%  VIX 18.1
  ⏰ EXPIRING SOON — 1 day(s) remaining

  🟢 #31 TSLA260513C00450000  [▶ OPEN]
      Entry: $1.04 │ Bid: $1.09  Mid: $1.09  Ask: $1.10
      P&L: +$5.50 (+5.3%) │ Target: $2.08  Stop: $0.52  DTE: 1d
      💭 $9.2M premium in TSLA calls expiring today with 100% bullish flow sign...
      🌍 SPY +0.00%  QQQ +0.00%  VIX 18.1
  ⏰ EXPIRING SOON — 1 day(s) remaining

  🔴 #32 TSLA260513P00427500  [▶ OPEN]
      Entry: $4.58 │ Bid: $3.85  Mid: $3.88  Ask: $3.90
      P&L: $-70.00 (-15.3%) │ Target: $9.15  Stop: $2.29  DTE: 1d
      💭 TSLA put with $11.5M premium and 100% bearish flow skew warrants paper...
      🌍 SPY +0.00%  QQQ +0.00%  VIX 18.1
  ⏰ EXPIRING SOON — 1 day(s) remaining

  🟢 #33 TSLA260513C00427500  [▶ OPEN]
      Entry: $7.00 │ Bid: $7.75  Mid: $7.83  Ask: $7.90
      P&L: +$82.50 (+11.8%) │ Target: $14.00  Stop: $3.50  DTE: 1d
      💭 $8.5M premium on TSLA calls with 100% bullish flow bias warrants paper...
      🌍 SPY +0.00%  QQQ +0.00%  VIX 18.1
  ⏰ EXPIRING SOON — 1 day(s) remaining

  ⏳ Next check in 3 minutes...

  ─────────────────────────────────────────────────────────────────
  📡 POSITION CHECK — 15:04:38 EDT
  ─────────────────────────────────────────────────────────────────

  🔴 #10 SPY260511P00745000  [⏸ TRACKING]
      Entry: $9.88 │ Bid: $6.03  Mid: $6.17  Ask: $6.31
      P&L: $-370.50 (-37.5%) │ Target: $19.75  Stop: $4.94  DTE: -1d
      ⚠️  Stop was triggered — continuing to track for data
      💭 HIGH SPY put signal — score 8.0, $4.4M premium, 3 DTE, bearish thesis....
      🌍 SPY +0.00%  QQQ +0.00%  VIX 18.1

  ⏰ CONTRACT EXPIRED — auto-closing #10

  🔴 #11 TSLA260511P00425000  [⏸ TRACKING]
      Entry: $7.83 │ Bid: $0.00  Mid: $0.02  Ask: $0.01
      P&L: $-780.50 (-99.7%) │ Target: $15.65  Stop: $3.91  DTE: -1d
      ⚠️  Stop was triggered — continuing to track for data
      💭 HIGH TSLA put signal — score 5.62, $1.6M premium, 3 DTE, bearish thesi...
      🌍 SPY +0.00%  QQQ +0.00%  VIX 18.1

  ⏰ CONTRACT EXPIRED — auto-closing #11

  🔴 #13 TSLA260511P00430000  [⏸ TRACKING]
      Entry: $7.33 │ Bid: $0.00  Mid: $0.01  Ask: $0.01
      P&L: $-731.50 (-99.9%) │ Target: $14.65  Stop: $3.66  DTE: -1d
      ⚠️  Stop was triggered — continuing to track for data
      💭 $2.8M premium on TSLA puts with 100% bearish flow and 8.0 score warran...
      🌍 SPY +0.00%  QQQ +0.00%  VIX 18.1

  ⏰ CONTRACT EXPIRED — auto-closing #13

  🔴 #14 TSLA260513P00430000  [⏸ TRACKING]
      Entry: $11.70 │ Bid: $4.70  Mid: $4.75  Ask: $4.80
      P&L: $-695.00 (-59.4%) │ Target: $23.40  Stop: $5.85  DTE: 1d
      ⚠️  Stop was triggered — continuing to track for data
      💭 $1.1M premium on TSLA 430 puts expiring today with 100% bearish flow a...
      🌍 SPY +0.00%  QQQ +0.00%  VIX 18.1

  🟢 #15 AMD260515P00457500  [⏸ TRACKING]
      Entry: $22.60 │ Bid: $24.75  Mid: $25.07  Ask: $25.40
      P&L: +$247.50 (+10.9%) │ Target: $45.20  Stop: $11.30  DTE: 3d
      ⚠️  Stop was triggered — continuing to track for data
      💭 $2.0M premium in AMD puts expiring today with 100% bearish flow and 8....
      🌍 SPY +0.00%  QQQ +0.00%  VIX 18.1

  🔴 #16 QQQ260511P00706000  [⏸ TRACKING]
      Entry: $2.11 │ Bid: $0.01  Mid: $0.02  Ask: $0.03
      P&L: $-209.00 (-99.0%) │ Target: $4.22  Stop: $1.05  DTE: -1d
      ⚠️  Stop was triggered — continuing to track for data
      💭 QQQ put with $1.8M premium and 8.0 score expiring today in 100% bearis...
      🌍 SPY +0.00%  QQQ +0.00%  VIX 18.1

  ⏰ CONTRACT EXPIRED — auto-closing #16

  🔴 #17 TSLA260515P00427500  [⏸ TRACKING]
      Entry: $11.00 │ Bid: $7.15  Mid: $7.20  Ask: $7.25
      P&L: $-380.00 (-34.5%) │ Target: $22.00  Stop: $5.50  DTE: 3d
      ⚠️  Stop was triggered — continuing to track for data
      💭 $6M premium on TSLA puts with 8.8 score and 100% bearish flow concentr...
      🌍 SPY +0.00%  QQQ +0.00%  VIX 18.1

  🟢 #18 NFLX260515P00106000  [▶ OPEN]
      Entry: $17.38 │ Bid: $16.70  Mid: $17.73  Ask: $18.75
      P&L: +$35.00 (+2.0%) │ Target: $34.75  Stop: $8.69  DTE: 3d
      💭 NFLX $106 puts expiring today generated $7.9M premium with 8.2 score i...
      🌍 SPY +0.00%  QQQ +0.00%  VIX 18.1

  🔴 #19 SPY260515P00755000  [▶ OPEN]
      Entry: $22.60 │ Bid: $18.77  Mid: $18.83  Ask: $18.89
      P&L: $-377.00 (-16.7%) │ Target: $45.20  Stop: $11.30  DTE: 3d
      💭 $1.5M premium accumulated in deep OTM SPY 755 puts expiring today with...
      🌍 SPY +0.00%  QQQ +0.00%  VIX 18.1

  🔴 #20 TSLA260513P00455000  [▶ OPEN]
      Entry: $28.93 │ Bid: $23.55  Mid: $23.82  Ask: $24.10
      P&L: $-510.00 (-17.6%) │ Target: $57.85  Stop: $14.46  DTE: 1d
      💭 $18.8M in put premium with 100% bearish flow bias into a zero-DTE TSLA...
      🌍 SPY +0.00%  QQQ +0.00%  VIX 18.1
  ⏰ EXPIRING SOON — 1 day(s) remaining

  🟢 #21 QQQ260513C00707000  [▶ OPEN]
      Entry: $1.25 │ Bid: $1.38  Mid: $1.39  Ask: $1.40
      P&L: +$13.50 (+10.8%) │ Target: $2.51  Stop: $0.63  DTE: 1d
      💭 $1.2M premium on QQQ calls with 100% bullish flow bias and 7.68 score ...
      🌍 SPY +0.00%  QQQ +0.00%  VIX 18.1
  ⏰ EXPIRING SOON — 1 day(s) remaining

  🔴 #22 CRM260605C00100000  [▶ OPEN]
      Entry: $72.58 │ Bid: $70.65  Mid: $71.97  Ask: $73.30
      P&L: $-60.00 (-0.8%) │ Target: $145.15  Stop: $14.52  DTE: 24d
      💭 CRM $100 calls expiring today show $1.0M premium with 7.53 score in 10...
      🌍 SPY +0.00%  QQQ +0.00%  VIX 18.1

  🟢 #23 QQQ260513C00709000  [▶ OPEN]
      Entry: $0.80 │ Bid: $0.88  Mid: $0.89  Ask: $0.89
      P&L: +$9.00 (+11.3%) │ Target: $1.59  Stop: $0.40  DTE: 1d
      💭 $1.2M bullish call premium on QQQ expiration with 100% call-to-put flo...
      🌍 SPY +0.00%  QQQ +0.00%  VIX 18.1
  ⏰ EXPIRING SOON — 1 day(s) remaining

  🟢 #24 NVDA260513C00145000  [▶ OPEN]
      Entry: $72.97 │ Bid: $72.50  Mid: $74.72  Ask: $76.95
      P&L: +$175.00 (+2.4%) │ Target: $145.95  Stop: $36.49  DTE: 1d
      💭 NVDA $145 calls expiring today with $954K premium and 100% bullish flo...
      🌍 SPY +0.00%  QQQ +0.00%  VIX 18.1
  ⏰ EXPIRING SOON — 1 day(s) remaining

  🟢 #25 QQQ260513C00708000  [▶ OPEN]
      Entry: $0.96 │ Bid: $1.11  Mid: $1.11  Ask: $1.12
      P&L: +$15.50 (+16.1%) │ Target: $1.92  Stop: $0.48  DTE: 1d
      💭 $1.9M premium concentration in a single QQQ call with 100% bullish flo...
      🌍 SPY +0.00%  QQQ +0.00%  VIX 18.1
  ⏰ EXPIRING SOON — 1 day(s) remaining

  🟢 #26 NFLX260515P00107000  [▶ OPEN]
      Entry: $18.35 │ Bid: $17.65  Mid: $18.70  Ask: $19.75
      P&L: +$35.00 (+1.9%) │ Target: $36.70  Stop: $9.18  DTE: 3d
      💭 $9.9M in put premium flowing into $107 OTM puts expiring today signals...
      🌍 SPY +0.00%  QQQ +0.00%  VIX 18.1

  🟢 #27 IWM260513C00283000  [▶ OPEN]
      Entry: $0.51 │ Bid: $0.58  Mid: $0.58  Ask: $0.59
      P&L: +$8.00 (+15.8%) │ Target: $1.01  Stop: $0.25  DTE: 1d
      💭 $1.4M premium concentrated in OTM calls with 100% bullish flow bias wa...
      🌍 SPY +0.00%  QQQ +0.00%  VIX 18.1
  ⏰ EXPIRING SOON — 1 day(s) remaining

  🟢 #28 TSLA260513C00425000  [▶ OPEN]
      Entry: $6.95 │ Bid: $9.70  Mid: $9.75  Ask: $9.80
      P&L: +$280.00 (+40.3%) │ Target: $13.90  Stop: $3.48  DTE: 1d
      💭 TSLA 425 calls expiring today show $25.9M premium with 100% bullish fl...
      🌍 SPY +0.00%  QQQ +0.00%  VIX 18.1
  ⏰ EXPIRING SOON — 1 day(s) remaining

  🔴 #29 NVDA260513P00222500  [▶ OPEN]
      Entry: $5.03 │ Bid: $3.70  Mid: $3.75  Ask: $3.80
      P&L: $-127.50 (-25.4%) │ Target: $10.05  Stop: $2.51  DTE: 1d
      💭 $8.0M premium concentrated in zero-DTE NVDA puts at 100% bearish flow ...
      🌍 SPY +0.00%  QQQ +0.00%  VIX 18.1
  ⏰ EXPIRING SOON — 1 day(s) remaining

  🔴 #30 TSLA260513P00435000  [▶ OPEN]
      Entry: $8.90 │ Bid: $7.40  Mid: $7.45  Ask: $7.50
      P&L: $-145.00 (-16.3%) │ Target: $17.80  Stop: $4.45  DTE: 1d
      💭 $21.2M in put premium with 100% bearish flow and 0 DTE expiration crea...
      🌍 SPY +0.00%  QQQ +0.00%  VIX 18.1
  ⏰ EXPIRING SOON — 1 day(s) remaining

  🟢 #31 TSLA260513C00450000  [▶ OPEN]
      Entry: $1.04 │ Bid: $1.17  Mid: $1.17  Ask: $1.17
      P&L: +$13.00 (+12.5%) │ Target: $2.08  Stop: $0.52  DTE: 1d
      💭 $9.2M premium in TSLA calls expiring today with 100% bullish flow sign...
      🌍 SPY +0.00%  QQQ +0.00%  VIX 18.1
  ⏰ EXPIRING SOON — 1 day(s) remaining

  🔴 #32 TSLA260513P00427500  [▶ OPEN]
      Entry: $4.58 │ Bid: $3.65  Mid: $3.67  Ask: $3.70
      P&L: $-90.00 (-19.7%) │ Target: $9.15  Stop: $2.29  DTE: 1d
      💭 TSLA put with $11.5M premium and 100% bearish flow skew warrants paper...
      🌍 SPY +0.00%  QQQ +0.00%  VIX 18.1
  ⏰ EXPIRING SOON — 1 day(s) remaining

  🟢 #33 TSLA260513C00427500  [▶ OPEN]
      Entry: $7.00 │ Bid: $8.10  Mid: $8.15  Ask: $8.20
      P&L: +$115.00 (+16.4%) │ Target: $14.00  Stop: $3.50  DTE: 1d
      💭 $8.5M premium on TSLA calls with 100% bullish flow bias warrants paper...
      🌍 SPY +0.00%  QQQ +0.00%  VIX 18.1
  ⏰ EXPIRING SOON — 1 day(s) remaining

  ⏳ Next check in 3 minutes...

  ─────────────────────────────────────────────────────────────────
  📡 POSITION CHECK — 15:07:39 EDT
  ─────────────────────────────────────────────────────────────────

  🔴 #10 SPY260511P00745000  [⏸ TRACKING]
      Entry: $9.88 │ Bid: $6.03  Mid: $6.17  Ask: $6.31
      P&L: $-370.50 (-37.5%) │ Target: $19.75  Stop: $4.94  DTE: -1d
      ⚠️  Stop was triggered — continuing to track for data
      💭 HIGH SPY put signal — score 8.0, $4.4M premium, 3 DTE, bearish thesis....
      🌍 SPY +0.00%  QQQ +0.00%  VIX 18.1

  ⏰ CONTRACT EXPIRED — auto-closing #10

  🔴 #11 TSLA260511P00425000  [⏸ TRACKING]
      Entry: $7.83 │ Bid: $0.00  Mid: $0.02  Ask: $0.01
      P&L: $-780.50 (-99.7%) │ Target: $15.65  Stop: $3.91  DTE: -1d
      ⚠️  Stop was triggered — continuing to track for data
      💭 HIGH TSLA put signal — score 5.62, $1.6M premium, 3 DTE, bearish thesi...
      🌍 SPY +0.00%  QQQ +0.00%  VIX 18.1

  ⏰ CONTRACT EXPIRED — auto-closing #11

  🔴 #13 TSLA260511P00430000  [⏸ TRACKING]
      Entry: $7.33 │ Bid: $0.00  Mid: $0.01  Ask: $0.01
      P&L: $-731.50 (-99.9%) │ Target: $14.65  Stop: $3.66  DTE: -1d
      ⚠️  Stop was triggered — continuing to track for data
      💭 $2.8M premium on TSLA puts with 100% bearish flow and 8.0 score warran...
      🌍 SPY +0.00%  QQQ +0.00%  VIX 18.1

  ⏰ CONTRACT EXPIRED — auto-closing #13

  🔴 #14 TSLA260513P00430000  [⏸ TRACKING]
      Entry: $11.70 │ Bid: $4.45  Mid: $4.50  Ask: $4.55
      P&L: $-720.00 (-61.5%) │ Target: $23.40  Stop: $5.85  DTE: 1d
      ⚠️  Stop was triggered — continuing to track for data
      💭 $1.1M premium on TSLA 430 puts expiring today with 100% bearish flow a...
      🌍 SPY +0.00%  QQQ +0.00%  VIX 18.1

  🟢 #15 AMD260515P00457500  [⏸ TRACKING]
      Entry: $22.60 │ Bid: $24.45  Mid: $24.85  Ask: $25.25
      P&L: +$225.00 (+10.0%) │ Target: $45.20  Stop: $11.30  DTE: 3d
      ⚠️  Stop was triggered — continuing to track for data
      💭 $2.0M premium in AMD puts expiring today with 100% bearish flow and 8....
      🌍 SPY +0.00%  QQQ +0.00%  VIX 18.1

  🔴 #16 QQQ260511P00706000  [⏸ TRACKING]
      Entry: $2.11 │ Bid: $0.01  Mid: $0.02  Ask: $0.03
      P&L: $-209.00 (-99.0%) │ Target: $4.22  Stop: $1.05  DTE: -1d
      ⚠️  Stop was triggered — continuing to track for data
      💭 QQQ put with $1.8M premium and 8.0 score expiring today in 100% bearis...
      🌍 SPY +0.00%  QQQ +0.00%  VIX 18.1

  ⏰ CONTRACT EXPIRED — auto-closing #16

  🔴 #17 TSLA260515P00427500  [⏸ TRACKING]
      Entry: $11.00 │ Bid: $6.95  Mid: $7.00  Ask: $7.05
      P&L: $-400.00 (-36.4%) │ Target: $22.00  Stop: $5.50  DTE: 3d
      ⚠️  Stop was triggered — continuing to track for data
      💭 $6M premium on TSLA puts with 8.8 score and 100% bearish flow concentr...
      🌍 SPY +0.00%  QQQ +0.00%  VIX 18.1

  🟢 #18 NFLX260515P00106000  [▶ OPEN]
      Entry: $17.38 │ Bid: $16.70  Mid: $17.73  Ask: $18.75
      P&L: +$35.00 (+2.0%) │ Target: $34.75  Stop: $8.69  DTE: 3d
      💭 NFLX $106 puts expiring today generated $7.9M premium with 8.2 score i...
      🌍 SPY +0.00%  QQQ +0.00%  VIX 18.1

  🔴 #19 SPY260515P00755000  [▶ OPEN]
      Entry: $22.60 │ Bid: $18.47  Mid: $18.54  Ask: $18.60
      P&L: $-406.50 (-18.0%) │ Target: $45.20  Stop: $11.30  DTE: 3d
      💭 $1.5M premium accumulated in deep OTM SPY 755 puts expiring today with...
      🌍 SPY +0.00%  QQQ +0.00%  VIX 18.1

  🔴 #20 TSLA260513P00455000  [▶ OPEN]
      Entry: $28.93 │ Bid: $23.05  Mid: $23.30  Ask: $23.55
      P&L: $-562.50 (-19.4%) │ Target: $57.85  Stop: $14.46  DTE: 1d
      💭 $18.8M in put premium with 100% bearish flow bias into a zero-DTE TSLA...
      🌍 SPY +0.00%  QQQ +0.00%  VIX 18.1
  ⏰ EXPIRING SOON — 1 day(s) remaining

  🟢 #21 QQQ260513C00707000  [▶ OPEN]
      Entry: $1.25 │ Bid: $1.54  Mid: $1.55  Ask: $1.56
      P&L: +$29.50 (+23.5%) │ Target: $2.51  Stop: $0.63  DTE: 1d
      💭 $1.2M premium on QQQ calls with 100% bullish flow bias and 7.68 score ...
      🌍 SPY +0.00%  QQQ +0.00%  VIX 18.1
  ⏰ EXPIRING SOON — 1 day(s) remaining

  🔴 #22 CRM260605C00100000  [▶ OPEN]
      Entry: $72.58 │ Bid: $70.65  Mid: $71.67  Ask: $72.70
      P&L: $-90.00 (-1.2%) │ Target: $145.15  Stop: $14.52  DTE: 24d
      💭 CRM $100 calls expiring today show $1.0M premium with 7.53 score in 10...
      🌍 SPY +0.00%  QQQ +0.00%  VIX 18.1

  🟢 #23 QQQ260513C00709000  [▶ OPEN]
      Entry: $0.80 │ Bid: $0.99  Mid: $0.99  Ask: $1.00
      P&L: +$20.00 (+25.2%) │ Target: $1.59  Stop: $0.40  DTE: 1d
      💭 $1.2M bullish call premium on QQQ expiration with 100% call-to-put flo...
      🌍 SPY +0.00%  QQQ +0.00%  VIX 18.1
  ⏰ EXPIRING SOON — 1 day(s) remaining

  🟢 #24 NVDA260513C00145000  [▶ OPEN]
      Entry: $72.97 │ Bid: $72.50  Mid: $74.75  Ask: $77.00
      P&L: +$177.50 (+2.4%) │ Target: $145.95  Stop: $36.49  DTE: 1d
      💭 NVDA $145 calls expiring today with $954K premium and 100% bullish flo...
      🌍 SPY +0.00%  QQQ +0.00%  VIX 18.1
  ⏰ EXPIRING SOON — 1 day(s) remaining

  🟢 #25 QQQ260513C00708000  [▶ OPEN]
      Entry: $0.96 │ Bid: $1.24  Mid: $1.25  Ask: $1.25
      P&L: +$28.50 (+29.7%) │ Target: $1.92  Stop: $0.48  DTE: 1d
      💭 $1.9M premium concentration in a single QQQ call with 100% bullish flo...
      🌍 SPY +0.00%  QQQ +0.00%  VIX 18.1
  ⏰ EXPIRING SOON — 1 day(s) remaining

  🟢 #26 NFLX260515P00107000  [▶ OPEN]
      Entry: $18.35 │ Bid: $17.65  Mid: $18.70  Ask: $19.75
      P&L: +$35.00 (+1.9%) │ Target: $36.70  Stop: $9.18  DTE: 3d
      💭 $9.9M in put premium flowing into $107 OTM puts expiring today signals...
      🌍 SPY +0.00%  QQQ +0.00%  VIX 18.1

  🟢 #27 IWM260513C00283000  [▶ OPEN]
      Entry: $0.51 │ Bid: $0.66  Mid: $0.67  Ask: $0.67
      P&L: +$16.00 (+31.7%) │ Target: $1.01  Stop: $0.25  DTE: 1d
      💭 $1.4M premium concentrated in OTM calls with 100% bullish flow bias wa...
      🌍 SPY +0.00%  QQQ +0.00%  VIX 18.1
  ⏰ EXPIRING SOON — 1 day(s) remaining

  🟢 #28 TSLA260513C00425000  [▶ OPEN]
      Entry: $6.95 │ Bid: $10.10  Mid: $10.18  Ask: $10.25
      P&L: +$322.50 (+46.4%) │ Target: $13.90  Stop: $3.48  DTE: 1d
      💭 TSLA 425 calls expiring today show $25.9M premium with 100% bullish fl...
      🌍 SPY +0.00%  QQQ +0.00%  VIX 18.1
  ⏰ EXPIRING SOON — 1 day(s) remaining

  🔴 #29 NVDA260513P00222500  [▶ OPEN]
      Entry: $5.03 │ Bid: $3.40  Mid: $3.45  Ask: $3.50
      P&L: $-157.50 (-31.3%) │ Target: $10.05  Stop: $2.51  DTE: 1d
      💭 $8.0M premium concentrated in zero-DTE NVDA puts at 100% bearish flow ...
      🌍 SPY +0.00%  QQQ +0.00%  VIX 18.1
  ⏰ EXPIRING SOON — 1 day(s) remaining

  🔴 #30 TSLA260513P00435000  [▶ OPEN]
      Entry: $8.90 │ Bid: $7.05  Mid: $7.12  Ask: $7.20
      P&L: $-177.50 (-19.9%) │ Target: $17.80  Stop: $4.45  DTE: 1d
      💭 $21.2M in put premium with 100% bearish flow and 0 DTE expiration crea...
      🌍 SPY +0.00%  QQQ +0.00%  VIX 18.1
  ⏰ EXPIRING SOON — 1 day(s) remaining

  🟢 #31 TSLA260513C00450000  [▶ OPEN]
      Entry: $1.04 │ Bid: $1.22  Mid: $1.23  Ask: $1.23
      P&L: +$18.50 (+17.8%) │ Target: $2.08  Stop: $0.52  DTE: 1d
      💭 $9.2M premium in TSLA calls expiring today with 100% bullish flow sign...
      🌍 SPY +0.00%  QQQ +0.00%  VIX 18.1
  ⏰ EXPIRING SOON — 1 day(s) remaining

  🔴 #32 TSLA260513P00427500  [▶ OPEN]
      Entry: $4.58 │ Bid: $3.45  Mid: $3.50  Ask: $3.55
      P&L: $-107.50 (-23.5%) │ Target: $9.15  Stop: $2.29  DTE: 1d
      💭 TSLA put with $11.5M premium and 100% bearish flow skew warrants paper...
      🌍 SPY +0.00%  QQQ +0.00%  VIX 18.1
  ⏰ EXPIRING SOON — 1 day(s) remaining

  🟢 #33 TSLA260513C00427500  [▶ OPEN]
      Entry: $7.00 │ Bid: $8.45  Mid: $8.53  Ask: $8.60
      P&L: +$152.50 (+21.8%) │ Target: $14.00  Stop: $3.50  DTE: 1d
      💭 $8.5M premium on TSLA calls with 100% bullish flow bias warrants paper...
      🌍 SPY +0.00%  QQQ +0.00%  VIX 18.1
  ⏰ EXPIRING SOON — 1 day(s) remaining

  ⏳ Next check in 3 minutes...

  ─────────────────────────────────────────────────────────────────
  📡 POSITION CHECK — 15:10:41 EDT
  ─────────────────────────────────────────────────────────────────

  🔴 #10 SPY260511P00745000  [⏸ TRACKING]
      Entry: $9.88 │ Bid: $6.03  Mid: $6.17  Ask: $6.31
      P&L: $-370.50 (-37.5%) │ Target: $19.75  Stop: $4.94  DTE: -1d
      ⚠️  Stop was triggered — continuing to track for data
      💭 HIGH SPY put signal — score 8.0, $4.4M premium, 3 DTE, bearish thesis....
      🌍 SPY +0.00%  QQQ +0.00%  VIX 18.0

  ⏰ CONTRACT EXPIRED — auto-closing #10

  🔴 #11 TSLA260511P00425000  [⏸ TRACKING]
      Entry: $7.83 │ Bid: $0.00  Mid: $0.02  Ask: $0.01
      P&L: $-780.50 (-99.7%) │ Target: $15.65  Stop: $3.91  DTE: -1d
      ⚠️  Stop was triggered — continuing to track for data
      💭 HIGH TSLA put signal — score 5.62, $1.6M premium, 3 DTE, bearish thesi...
      🌍 SPY +0.00%  QQQ +0.00%  VIX 18.0

  ⏰ CONTRACT EXPIRED — auto-closing #11

  🔴 #13 TSLA260511P00430000  [⏸ TRACKING]
      Entry: $7.33 │ Bid: $0.00  Mid: $0.01  Ask: $0.01
      P&L: $-731.50 (-99.9%) │ Target: $14.65  Stop: $3.66  DTE: -1d
      ⚠️  Stop was triggered — continuing to track for data
      💭 $2.8M premium on TSLA puts with 100% bearish flow and 8.0 score warran...
      🌍 SPY +0.00%  QQQ +0.00%  VIX 18.0

  ⏰ CONTRACT EXPIRED — auto-closing #13

  🔴 #14 TSLA260513P00430000  [⏸ TRACKING]
      Entry: $11.70 │ Bid: $4.20  Mid: $4.22  Ask: $4.25
      P&L: $-747.50 (-63.9%) │ Target: $23.40  Stop: $5.85  DTE: 1d
      ⚠️  Stop was triggered — continuing to track for data
      💭 $1.1M premium on TSLA 430 puts expiring today with 100% bearish flow a...
      🌍 SPY +0.00%  QQQ +0.00%  VIX 18.0

  🟢 #15 AMD260515P00457500  [⏸ TRACKING]
      Entry: $22.60 │ Bid: $24.90  Mid: $25.50  Ask: $26.10
      P&L: +$290.00 (+12.8%) │ Target: $45.20  Stop: $11.30  DTE: 3d
      ⚠️  Stop was triggered — continuing to track for data
      💭 $2.0M premium in AMD puts expiring today with 100% bearish flow and 8....
      🌍 SPY +0.00%  QQQ +0.00%  VIX 18.0

  🔴 #16 QQQ260511P00706000  [⏸ TRACKING]
      Entry: $2.11 │ Bid: $0.01  Mid: $0.02  Ask: $0.03
      P&L: $-209.00 (-99.0%) │ Target: $4.22  Stop: $1.05  DTE: -1d
      ⚠️  Stop was triggered — continuing to track for data
      💭 QQQ put with $1.8M premium and 8.0 score expiring today in 100% bearis...
      🌍 SPY +0.00%  QQQ +0.00%  VIX 18.0

  ⏰ CONTRACT EXPIRED — auto-closing #16

  🔴 #17 TSLA260515P00427500  [⏸ TRACKING]
      Entry: $11.00 │ Bid: $6.70  Mid: $6.75  Ask: $6.80
      P&L: $-425.00 (-38.6%) │ Target: $22.00  Stop: $5.50  DTE: 3d
      ⚠️  Stop was triggered — continuing to track for data
      💭 $6M premium on TSLA puts with 8.8 score and 100% bearish flow concentr...
      🌍 SPY +0.00%  QQQ +0.00%  VIX 18.0

  🟢 #18 NFLX260515P00106000  [▶ OPEN]
      Entry: $17.38 │ Bid: $16.70  Mid: $17.73  Ask: $18.75
      P&L: +$35.00 (+2.0%) │ Target: $34.75  Stop: $8.69  DTE: 3d
      💭 NFLX $106 puts expiring today generated $7.9M premium with 8.2 score i...
      🌍 SPY +0.00%  QQQ +0.00%  VIX 18.0

  🔴 #19 SPY260515P00755000  [▶ OPEN]
      Entry: $22.60 │ Bid: $18.40  Mid: $18.46  Ask: $18.53
      P&L: $-413.50 (-18.3%) │ Target: $45.20  Stop: $11.30  DTE: 3d
      💭 $1.5M premium accumulated in deep OTM SPY 755 puts expiring today with...
      🌍 SPY +0.00%  QQQ +0.00%  VIX 18.0

  🔴 #20 TSLA260513P00455000  [▶ OPEN]
      Entry: $28.93 │ Bid: $22.55  Mid: $22.77  Ask: $23.00
      P&L: $-615.00 (-21.3%) │ Target: $57.85  Stop: $14.46  DTE: 1d
      💭 $18.8M in put premium with 100% bearish flow bias into a zero-DTE TSLA...
      🌍 SPY +0.00%  QQQ +0.00%  VIX 18.0
  ⏰ EXPIRING SOON — 1 day(s) remaining

  🟢 #21 QQQ260513C00707000  [▶ OPEN]
      Entry: $1.25 │ Bid: $1.53  Mid: $1.54  Ask: $1.55
      P&L: +$28.50 (+22.7%) │ Target: $2.51  Stop: $0.63  DTE: 1d
      💭 $1.2M premium on QQQ calls with 100% bullish flow bias and 7.68 score ...
      🌍 SPY +0.00%  QQQ +0.00%  VIX 18.0
  ⏰ EXPIRING SOON — 1 day(s) remaining

  🔴 #22 CRM260605C00100000  [▶ OPEN]
      Entry: $72.58 │ Bid: $69.75  Mid: $71.00  Ask: $72.25
      P&L: $-157.50 (-2.2%) │ Target: $145.15  Stop: $14.52  DTE: 24d
      💭 CRM $100 calls expiring today show $1.0M premium with 7.53 score in 10...
      🌍 SPY +0.00%  QQQ +0.00%  VIX 18.0

  🟢 #23 QQQ260513C00709000  [▶ OPEN]
      Entry: $0.80 │ Bid: $0.98  Mid: $0.98  Ask: $0.99
      P&L: +$19.00 (+23.9%) │ Target: $1.59  Stop: $0.40  DTE: 1d
      💭 $1.2M bullish call premium on QQQ expiration with 100% call-to-put flo...
      🌍 SPY +0.00%  QQQ +0.00%  VIX 18.0
  ⏰ EXPIRING SOON — 1 day(s) remaining

  🟢 #24 NVDA260513C00145000  [▶ OPEN]
      Entry: $72.97 │ Bid: $72.45  Mid: $74.83  Ask: $77.20
      P&L: +$185.00 (+2.5%) │ Target: $145.95  Stop: $36.49  DTE: 1d
      💭 NVDA $145 calls expiring today with $954K premium and 100% bullish flo...
      🌍 SPY +0.00%  QQQ +0.00%  VIX 18.0
  ⏰ EXPIRING SOON — 1 day(s) remaining

  🟢 #25 QQQ260513C00708000  [▶ OPEN]
      Entry: $0.96 │ Bid: $1.23  Mid: $1.24  Ask: $1.25
      P&L: +$28.00 (+29.2%) │ Target: $1.92  Stop: $0.48  DTE: 1d
      💭 $1.9M premium concentration in a single QQQ call with 100% bullish flo...
      🌍 SPY +0.00%  QQQ +0.00%  VIX 18.0
  ⏰ EXPIRING SOON — 1 day(s) remaining

  🟢 #26 NFLX260515P00107000  [▶ OPEN]
      Entry: $18.35 │ Bid: $17.65  Mid: $18.70  Ask: $19.75
      P&L: +$35.00 (+1.9%) │ Target: $36.70  Stop: $9.18  DTE: 3d
      💭 $9.9M in put premium flowing into $107 OTM puts expiring today signals...
      🌍 SPY +0.00%  QQQ +0.00%  VIX 18.0

  🟢 #27 IWM260513C00283000  [▶ OPEN]
      Entry: $0.51 │ Bid: $0.74  Mid: $0.74  Ask: $0.75
      P&L: +$24.00 (+47.5%) │ Target: $1.01  Stop: $0.25  DTE: 1d
      💭 $1.4M premium concentrated in OTM calls with 100% bullish flow bias wa...
      🌍 SPY +0.00%  QQQ +0.00%  VIX 18.0
  ⏰ EXPIRING SOON — 1 day(s) remaining

  🟢 #28 TSLA260513C00425000  [▶ OPEN]
      Entry: $6.95 │ Bid: $10.50  Mid: $10.57  Ask: $10.65
      P&L: +$362.50 (+52.2%) │ Target: $13.90  Stop: $3.48  DTE: 1d
      💭 TSLA 425 calls expiring today show $25.9M premium with 100% bullish fl...
      🌍 SPY +0.00%  QQQ +0.00%  VIX 18.0
  ⏰ EXPIRING SOON — 1 day(s) remaining

  🔴 #29 NVDA260513P00222500  [▶ OPEN]
      Entry: $5.03 │ Bid: $3.45  Mid: $3.48  Ask: $3.50
      P&L: $-155.00 (-30.9%) │ Target: $10.05  Stop: $2.51  DTE: 1d
      💭 $8.0M premium concentrated in zero-DTE NVDA puts at 100% bearish flow ...
      🌍 SPY +0.00%  QQQ +0.00%  VIX 18.0
  ⏰ EXPIRING SOON — 1 day(s) remaining

  🔴 #30 TSLA260513P00435000  [▶ OPEN]
      Entry: $8.90 │ Bid: $6.70  Mid: $6.75  Ask: $6.80
      P&L: $-215.00 (-24.2%) │ Target: $17.80  Stop: $4.45  DTE: 1d
      💭 $21.2M in put premium with 100% bearish flow and 0 DTE expiration crea...
      🌍 SPY +0.00%  QQQ +0.00%  VIX 18.0
  ⏰ EXPIRING SOON — 1 day(s) remaining

  🟢 #31 TSLA260513C00450000  [▶ OPEN]
      Entry: $1.04 │ Bid: $1.28  Mid: $1.29  Ask: $1.31
      P&L: +$25.50 (+24.5%) │ Target: $2.08  Stop: $0.52  DTE: 1d
      💭 $9.2M premium in TSLA calls expiring today with 100% bullish flow sign...
      🌍 SPY +0.00%  QQQ +0.00%  VIX 18.0
  ⏰ EXPIRING SOON — 1 day(s) remaining

  🔴 #32 TSLA260513P00427500  [▶ OPEN]
      Entry: $4.58 │ Bid: $3.20  Mid: $3.25  Ask: $3.30
      P&L: $-132.50 (-29.0%) │ Target: $9.15  Stop: $2.29  DTE: 1d
      💭 TSLA put with $11.5M premium and 100% bearish flow skew warrants paper...
      🌍 SPY +0.00%  QQQ +0.00%  VIX 18.0
  ⏰ EXPIRING SOON — 1 day(s) remaining

  🟢 #33 TSLA260513C00427500  [▶ OPEN]
      Entry: $7.00 │ Bid: $8.80  Mid: $8.88  Ask: $8.95
      P&L: +$187.50 (+26.8%) │ Target: $14.00  Stop: $3.50  DTE: 1d
      💭 $8.5M premium on TSLA calls with 100% bullish flow bias warrants paper...
      🌍 SPY +0.00%  QQQ +0.00%  VIX 18.0
  ⏰ EXPIRING SOON — 1 day(s) remaining

  ⏳ Next check in 3 minutes...

  ─────────────────────────────────────────────────────────────────
  📡 POSITION CHECK — 15:13:43 EDT
  ─────────────────────────────────────────────────────────────────

  🔴 #10 SPY260511P00745000  [⏸ TRACKING]
      Entry: $9.88 │ Bid: $6.03  Mid: $6.17  Ask: $6.31
      P&L: $-370.50 (-37.5%) │ Target: $19.75  Stop: $4.94  DTE: -1d
      ⚠️  Stop was triggered — continuing to track for data
      💭 HIGH SPY put signal — score 8.0, $4.4M premium, 3 DTE, bearish thesis....
      🌍 SPY +0.00%  QQQ +0.00%  VIX 17.9

  ⏰ CONTRACT EXPIRED — auto-closing #10

  🔴 #11 TSLA260511P00425000  [⏸ TRACKING]
      Entry: $7.83 │ Bid: $0.00  Mid: $0.02  Ask: $0.01
      P&L: $-780.50 (-99.7%) │ Target: $15.65  Stop: $3.91  DTE: -1d
      ⚠️  Stop was triggered — continuing to track for data
      💭 HIGH TSLA put signal — score 5.62, $1.6M premium, 3 DTE, bearish thesi...
      🌍 SPY +0.00%  QQQ +0.00%  VIX 17.9

  ⏰ CONTRACT EXPIRED — auto-closing #11

  🔴 #13 TSLA260511P00430000  [⏸ TRACKING]
      Entry: $7.33 │ Bid: $0.00  Mid: $0.01  Ask: $0.01
      P&L: $-731.50 (-99.9%) │ Target: $14.65  Stop: $3.66  DTE: -1d
      ⚠️  Stop was triggered — continuing to track for data
      💭 $2.8M premium on TSLA puts with 100% bearish flow and 8.0 score warran...
      🌍 SPY +0.00%  QQQ +0.00%  VIX 17.9

  ⏰ CONTRACT EXPIRED — auto-closing #13

  🔴 #14 TSLA260513P00430000  [⏸ TRACKING]
      Entry: $11.70 │ Bid: $4.15  Mid: $4.20  Ask: $4.25
      P&L: $-750.00 (-64.1%) │ Target: $23.40  Stop: $5.85  DTE: 1d
      ⚠️  Stop was triggered — continuing to track for data
      💭 $1.1M premium on TSLA 430 puts expiring today with 100% bearish flow a...
      🌍 SPY +0.00%  QQQ +0.00%  VIX 17.9

  🟢 #15 AMD260515P00457500  [⏸ TRACKING]
      Entry: $22.60 │ Bid: $23.90  Mid: $24.25  Ask: $24.60
      P&L: +$165.00 (+7.3%) │ Target: $45.20  Stop: $11.30  DTE: 3d
      ⚠️  Stop was triggered — continuing to track for data
      💭 $2.0M premium in AMD puts expiring today with 100% bearish flow and 8....
      🌍 SPY +0.00%  QQQ +0.00%  VIX 17.9

  🔴 #16 QQQ260511P00706000  [⏸ TRACKING]
      Entry: $2.11 │ Bid: $0.01  Mid: $0.02  Ask: $0.03
      P&L: $-209.00 (-99.0%) │ Target: $4.22  Stop: $1.05  DTE: -1d
      ⚠️  Stop was triggered — continuing to track for data
      💭 QQQ put with $1.8M premium and 8.0 score expiring today in 100% bearis...
      🌍 SPY +0.00%  QQQ +0.00%  VIX 17.9

  ⏰ CONTRACT EXPIRED — auto-closing #16

  🔴 #17 TSLA260515P00427500  [⏸ TRACKING]
      Entry: $11.00 │ Bid: $6.70  Mid: $6.75  Ask: $6.80
      P&L: $-425.00 (-38.6%) │ Target: $22.00  Stop: $5.50  DTE: 3d
      ⚠️  Stop was triggered — continuing to track for data
      💭 $6M premium on TSLA puts with 8.8 score and 100% bearish flow concentr...
      🌍 SPY +0.00%  QQQ +0.00%  VIX 17.9

  🟢 #18 NFLX260515P00106000  [▶ OPEN]
      Entry: $17.38 │ Bid: $16.70  Mid: $17.73  Ask: $18.75
      P&L: +$35.00 (+2.0%) │ Target: $34.75  Stop: $8.69  DTE: 3d
      💭 NFLX $106 puts expiring today generated $7.9M premium with 8.2 score i...
      🌍 SPY +0.00%  QQQ +0.00%  VIX 17.9

  🔴 #19 SPY260515P00755000  [▶ OPEN]
      Entry: $22.60 │ Bid: $17.91  Mid: $17.98  Ask: $18.04
      P&L: $-462.50 (-20.5%) │ Target: $45.20  Stop: $11.30  DTE: 3d
      💭 $1.5M premium accumulated in deep OTM SPY 755 puts expiring today with...
      🌍 SPY +0.00%  QQQ +0.00%  VIX 17.9

  🔴 #20 TSLA260513P00455000  [▶ OPEN]
      Entry: $28.93 │ Bid: $22.50  Mid: $22.70  Ask: $22.90
      P&L: $-622.50 (-21.5%) │ Target: $57.85  Stop: $14.46  DTE: 1d
      💭 $18.8M in put premium with 100% bearish flow bias into a zero-DTE TSLA...
      🌍 SPY +0.00%  QQQ +0.00%  VIX 17.9
  ⏰ EXPIRING SOON — 1 day(s) remaining

  🟢 #21 QQQ260513C00707000  [▶ OPEN]
      Entry: $1.25 │ Bid: $1.78  Mid: $1.79  Ask: $1.80
      P&L: +$53.50 (+42.6%) │ Target: $2.51  Stop: $0.63  DTE: 1d
      💭 $1.2M premium on QQQ calls with 100% bullish flow bias and 7.68 score ...
      🌍 SPY +0.00%  QQQ +0.00%  VIX 17.9
  ⏰ EXPIRING SOON — 1 day(s) remaining

  🔴 #22 CRM260605C00100000  [▶ OPEN]
      Entry: $72.58 │ Bid: $69.70  Mid: $70.88  Ask: $72.05
      P&L: $-170.00 (-2.3%) │ Target: $145.15  Stop: $14.52  DTE: 24d
      💭 CRM $100 calls expiring today show $1.0M premium with 7.53 score in 10...
      🌍 SPY +0.00%  QQQ +0.00%  VIX 17.9

  🟢 #23 QQQ260513C00709000  [▶ OPEN]
      Entry: $0.80 │ Bid: $1.15  Mid: $1.16  Ask: $1.17
      P&L: +$36.50 (+45.9%) │ Target: $1.59  Stop: $0.40  DTE: 1d
      💭 $1.2M bullish call premium on QQQ expiration with 100% call-to-put flo...
      🌍 SPY +0.00%  QQQ +0.00%  VIX 17.9
  ⏰ EXPIRING SOON — 1 day(s) remaining

  🟢 #24 NVDA260513C00145000  [▶ OPEN]
      Entry: $72.97 │ Bid: $72.70  Mid: $74.95  Ask: $77.20
      P&L: +$197.50 (+2.7%) │ Target: $145.95  Stop: $36.49  DTE: 1d
      💭 NVDA $145 calls expiring today with $954K premium and 100% bullish flo...
      🌍 SPY +0.00%  QQQ +0.00%  VIX 17.9
  ⏰ EXPIRING SOON — 1 day(s) remaining

  🟢 #25 QQQ260513C00708000  [▶ OPEN]
      Entry: $0.96 │ Bid: $1.44  Mid: $1.45  Ask: $1.46
      P&L: +$49.00 (+51.0%) │ Target: $1.92  Stop: $0.48  DTE: 1d
      💭 $1.9M premium concentration in a single QQQ call with 100% bullish flo...
      🌍 SPY +0.00%  QQQ +0.00%  VIX 17.9
  ⏰ EXPIRING SOON — 1 day(s) remaining

  🟢 #26 NFLX260515P00107000  [▶ OPEN]
      Entry: $18.35 │ Bid: $17.65  Mid: $18.70  Ask: $19.75
      P&L: +$35.00 (+1.9%) │ Target: $36.70  Stop: $9.18  DTE: 3d
      💭 $9.9M in put premium flowing into $107 OTM puts expiring today signals...
      🌍 SPY +0.00%  QQQ +0.00%  VIX 17.9

  🟢 #27 IWM260513C00283000  [▶ OPEN]
      Entry: $0.51 │ Bid: $0.84  Mid: $0.85  Ask: $0.86
      P&L: +$34.50 (+68.3%) │ Target: $1.01  Stop: $0.25  DTE: 1d
      💭 $1.4M premium concentrated in OTM calls with 100% bullish flow bias wa...
      🌍 SPY +0.00%  QQQ +0.00%  VIX 17.9
  ⏰ EXPIRING SOON — 1 day(s) remaining

  🟢 #28 TSLA260513C00425000  [▶ OPEN]
      Entry: $6.95 │ Bid: $10.50  Mid: $10.57  Ask: $10.65
      P&L: +$362.50 (+52.2%) │ Target: $13.90  Stop: $3.48  DTE: 1d
      💭 TSLA 425 calls expiring today show $25.9M premium with 100% bullish fl...
      🌍 SPY +0.00%  QQQ +0.00%  VIX 17.9
  ⏰ EXPIRING SOON — 1 day(s) remaining

  🔴 #29 NVDA260513P00222500  [▶ OPEN]
      Entry: $5.03 │ Bid: $3.30  Mid: $3.35  Ask: $3.40
      P&L: $-167.50 (-33.3%) │ Target: $10.05  Stop: $2.51  DTE: 1d
      💭 $8.0M premium concentrated in zero-DTE NVDA puts at 100% bearish flow ...
      🌍 SPY +0.00%  QQQ +0.00%  VIX 17.9
  ⏰ EXPIRING SOON — 1 day(s) remaining

  🔴 #30 TSLA260513P00435000  [▶ OPEN]
      Entry: $8.90 │ Bid: $6.65  Mid: $6.70  Ask: $6.75
      P&L: $-220.00 (-24.7%) │ Target: $17.80  Stop: $4.45  DTE: 1d
      💭 $21.2M in put premium with 100% bearish flow and 0 DTE expiration crea...
      🌍 SPY +0.00%  QQQ +0.00%  VIX 17.9
  ⏰ EXPIRING SOON — 1 day(s) remaining

  🟢 #31 TSLA260513C00450000  [▶ OPEN]
      Entry: $1.04 │ Bid: $1.27  Mid: $1.27  Ask: $1.28
      P&L: +$23.50 (+22.6%) │ Target: $2.08  Stop: $0.52  DTE: 1d
      💭 $9.2M premium in TSLA calls expiring today with 100% bullish flow sign...
      🌍 SPY +0.00%  QQQ +0.00%  VIX 17.9
  ⏰ EXPIRING SOON — 1 day(s) remaining

  🔴 #32 TSLA260513P00427500  [▶ OPEN]
      Entry: $4.58 │ Bid: $3.20  Mid: $3.23  Ask: $3.25
      P&L: $-135.00 (-29.5%) │ Target: $9.15  Stop: $2.29  DTE: 1d
      💭 TSLA put with $11.5M premium and 100% bearish flow skew warrants paper...
      🌍 SPY +0.00%  QQQ +0.00%  VIX 17.9
  ⏰ EXPIRING SOON — 1 day(s) remaining

  🟢 #33 TSLA260513C00427500  [▶ OPEN]
      Entry: $7.00 │ Bid: $8.80  Mid: $8.88  Ask: $8.95
      P&L: +$187.50 (+26.8%) │ Target: $14.00  Stop: $3.50  DTE: 1d
      💭 $8.5M premium on TSLA calls with 100% bullish flow bias warrants paper...
      🌍 SPY +0.00%  QQQ +0.00%  VIX 17.9
  ⏰ EXPIRING SOON — 1 day(s) remaining

  ⏳ Next check in 3 minutes...

  Refreshing auth token...

  ─────────────────────────────────────────────────────────────────
  📡 POSITION CHECK — 15:16:45 EDT
  ─────────────────────────────────────────────────────────────────

  🔴 #10 SPY260511P00745000  [⏸ TRACKING]
      Entry: $9.88 │ Bid: $6.03  Mid: $6.17  Ask: $6.31
      P&L: $-370.50 (-37.5%) │ Target: $19.75  Stop: $4.94  DTE: -1d
      ⚠️  Stop was triggered — continuing to track for data
      💭 HIGH SPY put signal — score 8.0, $4.4M premium, 3 DTE, bearish thesis....
      🌍 SPY +0.00%  QQQ +0.00%  VIX 18.0

  ⏰ CONTRACT EXPIRED — auto-closing #10

  🔴 #11 TSLA260511P00425000  [⏸ TRACKING]
      Entry: $7.83 │ Bid: $0.00  Mid: $0.02  Ask: $0.01
      P&L: $-780.50 (-99.7%) │ Target: $15.65  Stop: $3.91  DTE: -1d
      ⚠️  Stop was triggered — continuing to track for data
      💭 HIGH TSLA put signal — score 5.62, $1.6M premium, 3 DTE, bearish thesi...
      🌍 SPY +0.00%  QQQ +0.00%  VIX 18.0

  ⏰ CONTRACT EXPIRED — auto-closing #11

  🔴 #13 TSLA260511P00430000  [⏸ TRACKING]
      Entry: $7.33 │ Bid: $0.00  Mid: $0.01  Ask: $0.01
      P&L: $-731.50 (-99.9%) │ Target: $14.65  Stop: $3.66  DTE: -1d
      ⚠️  Stop was triggered — continuing to track for data
      💭 $2.8M premium on TSLA puts with 100% bearish flow and 8.0 score warran...
      🌍 SPY +0.00%  QQQ +0.00%  VIX 18.0

  ⏰ CONTRACT EXPIRED — auto-closing #13

  🔴 #14 TSLA260513P00430000  [⏸ TRACKING]
      Entry: $11.70 │ Bid: $4.40  Mid: $4.42  Ask: $4.45
      P&L: $-727.50 (-62.2%) │ Target: $23.40  Stop: $5.85  DTE: 1d
      ⚠️  Stop was triggered — continuing to track for data
      💭 $1.1M premium on TSLA 430 puts expiring today with 100% bearish flow a...
      🌍 SPY +0.00%  QQQ +0.00%  VIX 18.0

  🟢 #15 AMD260515P00457500  [⏸ TRACKING]
      Entry: $22.60 │ Bid: $23.25  Mid: $23.62  Ask: $24.00
      P&L: +$102.50 (+4.5%) │ Target: $45.20  Stop: $11.30  DTE: 3d
      ⚠️  Stop was triggered — continuing to track for data
      💭 $2.0M premium in AMD puts expiring today with 100% bearish flow and 8....
      🌍 SPY +0.00%  QQQ +0.00%  VIX 18.0

  🔴 #16 QQQ260511P00706000  [⏸ TRACKING]
      Entry: $2.11 │ Bid: $0.01  Mid: $0.02  Ask: $0.03
      P&L: $-209.00 (-99.0%) │ Target: $4.22  Stop: $1.05  DTE: -1d
      ⚠️  Stop was triggered — continuing to track for data
      💭 QQQ put with $1.8M premium and 8.0 score expiring today in 100% bearis...
      🌍 SPY +0.00%  QQQ +0.00%  VIX 18.0

  ⏰ CONTRACT EXPIRED — auto-closing #16

  🔴 #17 TSLA260515P00427500  [⏸ TRACKING]
      Entry: $11.00 │ Bid: $6.90  Mid: $6.95  Ask: $7.00
      P&L: $-405.00 (-36.8%) │ Target: $22.00  Stop: $5.50  DTE: 3d
      ⚠️  Stop was triggered — continuing to track for data
      💭 $6M premium on TSLA puts with 8.8 score and 100% bearish flow concentr...
      🌍 SPY +0.00%  QQQ +0.00%  VIX 18.0

  🟢 #18 NFLX260515P00106000  [▶ OPEN]
      Entry: $17.38 │ Bid: $16.70  Mid: $17.73  Ask: $18.75
      P&L: +$35.00 (+2.0%) │ Target: $34.75  Stop: $8.69  DTE: 3d
      💭 NFLX $106 puts expiring today generated $7.9M premium with 8.2 score i...
      🌍 SPY +0.00%  QQQ +0.00%  VIX 18.0

  🔴 #19 SPY260515P00755000  [▶ OPEN]
      Entry: $22.60 │ Bid: $17.83  Mid: $17.89  Ask: $17.96
      P&L: $-470.50 (-20.8%) │ Target: $45.20  Stop: $11.30  DTE: 3d
      💭 $1.5M premium accumulated in deep OTM SPY 755 puts expiring today with...
      🌍 SPY +0.00%  QQQ +0.00%  VIX 18.0

  🔴 #20 TSLA260513P00455000  [▶ OPEN]
      Entry: $28.93 │ Bid: $22.85  Mid: $23.05  Ask: $23.25
      P&L: $-587.50 (-20.3%) │ Target: $57.85  Stop: $14.46  DTE: 1d
      💭 $18.8M in put premium with 100% bearish flow bias into a zero-DTE TSLA...
      🌍 SPY +0.00%  QQQ +0.00%  VIX 18.0
  ⏰ EXPIRING SOON — 1 day(s) remaining

  🟢 #21 QQQ260513C00707000  [▶ OPEN]
      Entry: $1.25 │ Bid: $1.90  Mid: $1.91  Ask: $1.92
      P&L: +$65.50 (+52.2%) │ Target: $2.51  Stop: $0.63  DTE: 1d
      💭 $1.2M premium on QQQ calls with 100% bullish flow bias and 7.68 score ...
      🌍 SPY +0.00%  QQQ +0.00%  VIX 18.0
  ⏰ EXPIRING SOON — 1 day(s) remaining

  🔴 #22 CRM260605C00100000  [▶ OPEN]
      Entry: $72.58 │ Bid: $69.70  Mid: $70.88  Ask: $72.05
      P&L: $-170.00 (-2.3%) │ Target: $145.15  Stop: $14.52  DTE: 24d
      💭 CRM $100 calls expiring today show $1.0M premium with 7.53 score in 10...
      🌍 SPY +0.00%  QQQ +0.00%  VIX 18.0

  🟢 #23 QQQ260513C00709000  [▶ OPEN]
      Entry: $0.80 │ Bid: $1.24  Mid: $1.25  Ask: $1.26
      P&L: +$45.50 (+57.2%) │ Target: $1.59  Stop: $0.40  DTE: 1d
      💭 $1.2M bullish call premium on QQQ expiration with 100% call-to-put flo...
      🌍 SPY +0.00%  QQQ +0.00%  VIX 18.0
  ⏰ EXPIRING SOON — 1 day(s) remaining

  🟢 #24 NVDA260513C00145000  [▶ OPEN]
      Entry: $72.97 │ Bid: $73.20  Mid: $75.30  Ask: $77.40
      P&L: +$232.50 (+3.2%) │ Target: $145.95  Stop: $36.49  DTE: 1d
      💭 NVDA $145 calls expiring today with $954K premium and 100% bullish flo...
      🌍 SPY +0.00%  QQQ +0.00%  VIX 18.0
  ⏰ EXPIRING SOON — 1 day(s) remaining

  🟢 #25 QQQ260513C00708000  [▶ OPEN]
      Entry: $0.96 │ Bid: $1.55  Mid: $1.55  Ask: $1.56
      P&L: +$59.50 (+62.0%) │ Target: $1.92  Stop: $0.48  DTE: 1d
      💭 $1.9M premium concentration in a single QQQ call with 100% bullish flo...
      🌍 SPY +0.00%  QQQ +0.00%  VIX 18.0
  ⏰ EXPIRING SOON — 1 day(s) remaining

  🟢 #26 NFLX260515P00107000  [▶ OPEN]
      Entry: $18.35 │ Bid: $17.65  Mid: $18.70  Ask: $19.75
      P&L: +$35.00 (+1.9%) │ Target: $36.70  Stop: $9.18  DTE: 3d
      💭 $9.9M in put premium flowing into $107 OTM puts expiring today signals...
      🌍 SPY +0.00%  QQQ +0.00%  VIX 18.0

  🟢 #27 IWM260513C00283000  [▶ OPEN]
      Entry: $0.51 │ Bid: $0.81  Mid: $0.82  Ask: $0.83
      P&L: +$31.50 (+62.4%) │ Target: $1.01  Stop: $0.25  DTE: 1d
      💭 $1.4M premium concentrated in OTM calls with 100% bullish flow bias wa...
      🌍 SPY +0.00%  QQQ +0.00%  VIX 18.0
  ⏰ EXPIRING SOON — 1 day(s) remaining

  🟢 #28 TSLA260513C00425000  [▶ OPEN]
      Entry: $6.95 │ Bid: $10.25  Mid: $10.32  Ask: $10.40
      P&L: +$337.50 (+48.6%) │ Target: $13.90  Stop: $3.48  DTE: 1d
      💭 TSLA 425 calls expiring today show $25.9M premium with 100% bullish fl...
      🌍 SPY +0.00%  QQQ +0.00%  VIX 18.0
  ⏰ EXPIRING SOON — 1 day(s) remaining

  🔴 #29 NVDA260513P00222500  [▶ OPEN]
      Entry: $5.03 │ Bid: $3.15  Mid: $3.17  Ask: $3.20
      P&L: $-185.00 (-36.8%) │ Target: $10.05  Stop: $2.51  DTE: 1d
      💭 $8.0M premium concentrated in zero-DTE NVDA puts at 100% bearish flow ...
      🌍 SPY +0.00%  QQQ +0.00%  VIX 18.0
  ⏰ EXPIRING SOON — 1 day(s) remaining

  🔴 #30 TSLA260513P00435000  [▶ OPEN]
      Entry: $8.90 │ Bid: $6.95  Mid: $7.00  Ask: $7.05
      P&L: $-190.00 (-21.4%) │ Target: $17.80  Stop: $4.45  DTE: 1d
      💭 $21.2M in put premium with 100% bearish flow and 0 DTE expiration crea...
      🌍 SPY +0.00%  QQQ +0.00%  VIX 18.0
  ⏰ EXPIRING SOON — 1 day(s) remaining

  🟢 #31 TSLA260513C00450000  [▶ OPEN]
      Entry: $1.04 │ Bid: $1.23  Mid: $1.25  Ask: $1.26
      P&L: +$20.50 (+19.7%) │ Target: $2.08  Stop: $0.52  DTE: 1d
      💭 $9.2M premium in TSLA calls expiring today with 100% bullish flow sign...
      🌍 SPY +0.00%  QQQ +0.00%  VIX 18.0
  ⏰ EXPIRING SOON — 1 day(s) remaining

  🔴 #32 TSLA260513P00427500  [▶ OPEN]
      Entry: $4.58 │ Bid: $3.40  Mid: $3.42  Ask: $3.45
      P&L: $-115.00 (-25.1%) │ Target: $9.15  Stop: $2.29  DTE: 1d
      💭 TSLA put with $11.5M premium and 100% bearish flow skew warrants paper...
      🌍 SPY +0.00%  QQQ +0.00%  VIX 18.0
  ⏰ EXPIRING SOON — 1 day(s) remaining

  🟢 #33 TSLA260513C00427500  [▶ OPEN]
      Entry: $7.00 │ Bid: $8.60  Mid: $8.65  Ask: $8.70
      P&L: +$165.00 (+23.6%) │ Target: $14.00  Stop: $3.50  DTE: 1d
      💭 $8.5M premium on TSLA calls with 100% bullish flow bias warrants paper...
      🌍 SPY +0.00%  QQQ +0.00%  VIX 18.0
  ⏰ EXPIRING SOON — 1 day(s) remaining

  🟢 #34 TSLA260513C00432500  [▶ OPEN]
      Entry: $5.60 │ Bid: $5.80  Mid: $5.85  Ask: $5.90
      P&L: +$25.00 (+4.5%) │ Target: $11.20  Stop: $2.80  DTE: 1d
      💭 $17.4M premium accumulated on a single OTM call expiring today signals...
      🌍 SPY +0.00%  QQQ +0.00%  VIX 18.0
  ⏰ EXPIRING SOON — 1 day(s) remaining

  ⏳ Next check in 3 minutes...

  ─────────────────────────────────────────────────────────────────
  📡 POSITION CHECK — 15:19:47 EDT
  ─────────────────────────────────────────────────────────────────

  🔴 #10 SPY260511P00745000  [⏸ TRACKING]
      Entry: $9.88 │ Bid: $6.03  Mid: $6.17  Ask: $6.31
      P&L: $-370.50 (-37.5%) │ Target: $19.75  Stop: $4.94  DTE: -1d
      ⚠️  Stop was triggered — continuing to track for data
      💭 HIGH SPY put signal — score 8.0, $4.4M premium, 3 DTE, bearish thesis....
      🌍 SPY +0.00%  QQQ +0.00%  VIX 18.0

  ⏰ CONTRACT EXPIRED — auto-closing #10

  🔴 #11 TSLA260511P00425000  [⏸ TRACKING]
      Entry: $7.83 │ Bid: $0.00  Mid: $0.02  Ask: $0.01
      P&L: $-780.50 (-99.7%) │ Target: $15.65  Stop: $3.91  DTE: -1d
      ⚠️  Stop was triggered — continuing to track for data
      💭 HIGH TSLA put signal — score 5.62, $1.6M premium, 3 DTE, bearish thesi...
      🌍 SPY +0.00%  QQQ +0.00%  VIX 18.0

  ⏰ CONTRACT EXPIRED — auto-closing #11

  🔴 #13 TSLA260511P00430000  [⏸ TRACKING]
      Entry: $7.33 │ Bid: $0.00  Mid: $0.01  Ask: $0.01
      P&L: $-731.50 (-99.9%) │ Target: $14.65  Stop: $3.66  DTE: -1d
      ⚠️  Stop was triggered — continuing to track for data
      💭 $2.8M premium on TSLA puts with 100% bearish flow and 8.0 score warran...
      🌍 SPY +0.00%  QQQ +0.00%  VIX 18.0

  ⏰ CONTRACT EXPIRED — auto-closing #13

  🔴 #14 TSLA260513P00430000  [⏸ TRACKING]
      Entry: $11.70 │ Bid: $4.55  Mid: $4.60  Ask: $4.65
      P&L: $-710.00 (-60.7%) │ Target: $23.40  Stop: $5.85  DTE: 1d
      ⚠️  Stop was triggered — continuing to track for data
      💭 $1.1M premium on TSLA 430 puts expiring today with 100% bearish flow a...
      🌍 SPY +0.00%  QQQ +0.00%  VIX 18.0

  🟢 #15 AMD260515P00457500  [⏸ TRACKING]
      Entry: $22.60 │ Bid: $22.95  Mid: $23.25  Ask: $23.55
      P&L: +$65.00 (+2.9%) │ Target: $45.20  Stop: $11.30  DTE: 3d
      ⚠️  Stop was triggered — continuing to track for data
      💭 $2.0M premium in AMD puts expiring today with 100% bearish flow and 8....
      🌍 SPY +0.00%  QQQ +0.00%  VIX 18.0

  🔴 #16 QQQ260511P00706000  [⏸ TRACKING]
      Entry: $2.11 │ Bid: $0.01  Mid: $0.02  Ask: $0.03
      P&L: $-209.00 (-99.0%) │ Target: $4.22  Stop: $1.05  DTE: -1d
      ⚠️  Stop was triggered — continuing to track for data
      💭 QQQ put with $1.8M premium and 8.0 score expiring today in 100% bearis...
      🌍 SPY +0.00%  QQQ +0.00%  VIX 18.0

  ⏰ CONTRACT EXPIRED — auto-closing #16

  🔴 #17 TSLA260515P00427500  [⏸ TRACKING]
      Entry: $11.00 │ Bid: $7.10  Mid: $7.15  Ask: $7.20
      P&L: $-385.00 (-35.0%) │ Target: $22.00  Stop: $5.50  DTE: 3d
      ⚠️  Stop was triggered — continuing to track for data
      💭 $6M premium on TSLA puts with 8.8 score and 100% bearish flow concentr...
      🌍 SPY +0.00%  QQQ +0.00%  VIX 18.0

  🟢 #18 NFLX260515P00106000  [▶ OPEN]
      Entry: $17.38 │ Bid: $16.70  Mid: $17.73  Ask: $18.75
      P&L: +$35.00 (+2.0%) │ Target: $34.75  Stop: $8.69  DTE: 3d
      💭 NFLX $106 puts expiring today generated $7.9M premium with 8.2 score i...
      🌍 SPY +0.00%  QQQ +0.00%  VIX 18.0

  🔴 #19 SPY260515P00755000  [▶ OPEN]
      Entry: $22.60 │ Bid: $17.86  Mid: $17.93  Ask: $17.99
      P&L: $-467.50 (-20.7%) │ Target: $45.20  Stop: $11.30  DTE: 3d
      💭 $1.5M premium accumulated in deep OTM SPY 755 puts expiring today with...
      🌍 SPY +0.00%  QQQ +0.00%  VIX 18.0

  🔴 #20 TSLA260513P00455000  [▶ OPEN]
      Entry: $28.93 │ Bid: $23.20  Mid: $23.40  Ask: $23.60
      P&L: $-552.50 (-19.1%) │ Target: $57.85  Stop: $14.46  DTE: 1d
      💭 $18.8M in put premium with 100% bearish flow bias into a zero-DTE TSLA...
      🌍 SPY +0.00%  QQQ +0.00%  VIX 18.0
  ⏰ EXPIRING SOON — 1 day(s) remaining

  🟢 #21 QQQ260513C00707000  [▶ OPEN]
      Entry: $1.25 │ Bid: $1.94  Mid: $1.95  Ask: $1.95
      P&L: +$69.00 (+55.0%) │ Target: $2.51  Stop: $0.63  DTE: 1d
      💭 $1.2M premium on QQQ calls with 100% bullish flow bias and 7.68 score ...
      🌍 SPY +0.00%  QQQ +0.00%  VIX 18.0
  ⏰ EXPIRING SOON — 1 day(s) remaining

  🔴 #22 CRM260605C00100000  [▶ OPEN]
      Entry: $72.58 │ Bid: $69.70  Mid: $70.88  Ask: $72.05
      P&L: $-170.00 (-2.3%) │ Target: $145.15  Stop: $14.52  DTE: 24d
      💭 CRM $100 calls expiring today show $1.0M premium with 7.53 score in 10...
      🌍 SPY +0.00%  QQQ +0.00%  VIX 18.0

  🟢 #23 QQQ260513C00709000  [▶ OPEN]
      Entry: $0.80 │ Bid: $1.27  Mid: $1.28  Ask: $1.29
      P&L: +$48.50 (+61.0%) │ Target: $1.59  Stop: $0.40  DTE: 1d
      💭 $1.2M bullish call premium on QQQ expiration with 100% call-to-put flo...
      🌍 SPY +0.00%  QQQ +0.00%  VIX 18.0
  ⏰ EXPIRING SOON — 1 day(s) remaining

  🟢 #24 NVDA260513C00145000  [▶ OPEN]
      Entry: $72.97 │ Bid: $73.25  Mid: $75.38  Ask: $77.50
      P&L: +$240.00 (+3.3%) │ Target: $145.95  Stop: $36.49  DTE: 1d
      💭 NVDA $145 calls expiring today with $954K premium and 100% bullish flo...
      🌍 SPY +0.00%  QQQ +0.00%  VIX 18.0
  ⏰ EXPIRING SOON — 1 day(s) remaining

  🟢 #25 QQQ260513C00708000  [▶ OPEN]
      Entry: $0.96 │ Bid: $1.58  Mid: $1.58  Ask: $1.59
      P&L: +$62.50 (+65.1%) │ Target: $1.92  Stop: $0.48  DTE: 1d
      💭 $1.9M premium concentration in a single QQQ call with 100% bullish flo...
      🌍 SPY +0.00%  QQQ +0.00%  VIX 18.0
  ⏰ EXPIRING SOON — 1 day(s) remaining

  🟢 #26 NFLX260515P00107000  [▶ OPEN]
      Entry: $18.35 │ Bid: $17.65  Mid: $18.70  Ask: $19.75
      P&L: +$35.00 (+1.9%) │ Target: $36.70  Stop: $9.18  DTE: 3d
      💭 $9.9M in put premium flowing into $107 OTM puts expiring today signals...
      🌍 SPY +0.00%  QQQ +0.00%  VIX 18.0

  🟢 #27 IWM260513C00283000  [▶ OPEN]
      Entry: $0.51 │ Bid: $0.82  Mid: $0.83  Ask: $0.84
      P&L: +$32.50 (+64.4%) │ Target: $1.01  Stop: $0.25  DTE: 1d
      💭 $1.4M premium concentrated in OTM calls with 100% bullish flow bias wa...
      🌍 SPY +0.00%  QQQ +0.00%  VIX 18.0
  ⏰ EXPIRING SOON — 1 day(s) remaining

  🟢 #28 TSLA260513C00425000  [▶ OPEN]
      Entry: $6.95 │ Bid: $10.00  Mid: $10.05  Ask: $10.10
      P&L: +$310.00 (+44.6%) │ Target: $13.90  Stop: $3.48  DTE: 1d
      💭 TSLA 425 calls expiring today show $25.9M premium with 100% bullish fl...
      🌍 SPY +0.00%  QQQ +0.00%  VIX 18.0
  ⏰ EXPIRING SOON — 1 day(s) remaining

  🔴 #29 NVDA260513P00222500  [▶ OPEN]
      Entry: $5.03 │ Bid: $2.99  Mid: $3.02  Ask: $3.05
      P&L: $-200.50 (-39.9%) │ Target: $10.05  Stop: $2.51  DTE: 1d
      💭 $8.0M premium concentrated in zero-DTE NVDA puts at 100% bearish flow ...
      🌍 SPY +0.00%  QQQ +0.00%  VIX 18.0
  ⏰ EXPIRING SOON — 1 day(s) remaining

  🔴 #30 TSLA260513P00435000  [▶ OPEN]
      Entry: $8.90 │ Bid: $7.20  Mid: $7.25  Ask: $7.30
      P&L: $-165.00 (-18.5%) │ Target: $17.80  Stop: $4.45  DTE: 1d
      💭 $21.2M in put premium with 100% bearish flow and 0 DTE expiration crea...
      🌍 SPY +0.00%  QQQ +0.00%  VIX 18.0
  ⏰ EXPIRING SOON — 1 day(s) remaining

  🟢 #31 TSLA260513C00450000  [▶ OPEN]
      Entry: $1.04 │ Bid: $1.20  Mid: $1.21  Ask: $1.22
      P&L: +$17.00 (+16.4%) │ Target: $2.08  Stop: $0.52  DTE: 1d
      💭 $9.2M premium in TSLA calls expiring today with 100% bullish flow sign...
      🌍 SPY +0.00%  QQQ +0.00%  VIX 18.0
  ⏰ EXPIRING SOON — 1 day(s) remaining

  🔴 #32 TSLA260513P00427500  [▶ OPEN]
      Entry: $4.58 │ Bid: $3.55  Mid: $3.58  Ask: $3.60
      P&L: $-100.00 (-21.9%) │ Target: $9.15  Stop: $2.29  DTE: 1d
      💭 TSLA put with $11.5M premium and 100% bearish flow skew warrants paper...
      🌍 SPY +0.00%  QQQ +0.00%  VIX 18.0
  ⏰ EXPIRING SOON — 1 day(s) remaining

  🟢 #33 TSLA260513C00427500  [▶ OPEN]
      Entry: $7.00 │ Bid: $8.35  Mid: $8.40  Ask: $8.45
      P&L: +$140.00 (+20.0%) │ Target: $14.00  Stop: $3.50  DTE: 1d
      💭 $8.5M premium on TSLA calls with 100% bullish flow bias warrants paper...
      🌍 SPY +0.00%  QQQ +0.00%  VIX 18.0
  ⏰ EXPIRING SOON — 1 day(s) remaining

  🟢 #34 TSLA260513C00432500  [▶ OPEN]
      Entry: $5.60 │ Bid: $5.60  Mid: $5.65  Ask: $5.70
      P&L: +$5.00 (+0.9%) │ Target: $11.20  Stop: $2.80  DTE: 1d
      💭 $17.4M premium accumulated on a single OTM call expiring today signals...
      🌍 SPY +0.00%  QQQ +0.00%  VIX 18.0
  ⏰ EXPIRING SOON — 1 day(s) remaining

  ⏳ Next check in 3 minutes...

  ─────────────────────────────────────────────────────────────────
  📡 POSITION CHECK — 15:22:48 EDT
  ─────────────────────────────────────────────────────────────────

  🔴 #10 SPY260511P00745000  [⏸ TRACKING]
      Entry: $9.88 │ Bid: $6.03  Mid: $6.17  Ask: $6.31
      P&L: $-370.50 (-37.5%) │ Target: $19.75  Stop: $4.94  DTE: -1d
      ⚠️  Stop was triggered — continuing to track for data
      💭 HIGH SPY put signal — score 8.0, $4.4M premium, 3 DTE, bearish thesis....
      🌍 SPY +0.00%  QQQ +0.00%  VIX 18.1

  ⏰ CONTRACT EXPIRED — auto-closing #10

  🔴 #11 TSLA260511P00425000  [⏸ TRACKING]
      Entry: $7.83 │ Bid: $0.00  Mid: $0.02  Ask: $0.01
      P&L: $-780.50 (-99.7%) │ Target: $15.65  Stop: $3.91  DTE: -1d
      ⚠️  Stop was triggered — continuing to track for data
      💭 HIGH TSLA put signal — score 5.62, $1.6M premium, 3 DTE, bearish thesi...
      🌍 SPY +0.00%  QQQ +0.00%  VIX 18.1

  ⏰ CONTRACT EXPIRED — auto-closing #11

  🔴 #13 TSLA260511P00430000  [⏸ TRACKING]
      Entry: $7.33 │ Bid: $0.00  Mid: $0.01  Ask: $0.01
      P&L: $-731.50 (-99.9%) │ Target: $14.65  Stop: $3.66  DTE: -1d
      ⚠️  Stop was triggered — continuing to track for data
      💭 $2.8M premium on TSLA puts with 100% bearish flow and 8.0 score warran...
      🌍 SPY +0.00%  QQQ +0.00%  VIX 18.1

  ⏰ CONTRACT EXPIRED — auto-closing #13

  🔴 #14 TSLA260513P00430000  [⏸ TRACKING]
      Entry: $11.70 │ Bid: $4.70  Mid: $4.75  Ask: $4.80
      P&L: $-695.00 (-59.4%) │ Target: $23.40  Stop: $5.85  DTE: 1d
      ⚠️  Stop was triggered — continuing to track for data
      💭 $1.1M premium on TSLA 430 puts expiring today with 100% bearish flow a...
      🌍 SPY +0.00%  QQQ +0.00%  VIX 18.1

  🟢 #15 AMD260515P00457500  [⏸ TRACKING]
      Entry: $22.60 │ Bid: $24.15  Mid: $24.55  Ask: $24.95
      P&L: +$195.00 (+8.6%) │ Target: $45.20  Stop: $11.30  DTE: 3d
      ⚠️  Stop was triggered — continuing to track for data
      💭 $2.0M premium in AMD puts expiring today with 100% bearish flow and 8....
      🌍 SPY +0.00%  QQQ +0.00%  VIX 18.1

  🔴 #16 QQQ260511P00706000  [⏸ TRACKING]
      Entry: $2.11 │ Bid: $0.01  Mid: $0.02  Ask: $0.03
      P&L: $-209.00 (-99.0%) │ Target: $4.22  Stop: $1.05  DTE: -1d
      ⚠️  Stop was triggered — continuing to track for data
      💭 QQQ put with $1.8M premium and 8.0 score expiring today in 100% bearis...
      🌍 SPY +0.00%  QQQ +0.00%  VIX 18.1

  ⏰ CONTRACT EXPIRED — auto-closing #16

  🔴 #17 TSLA260515P00427500  [⏸ TRACKING]
      Entry: $11.00 │ Bid: $7.25  Mid: $7.30  Ask: $7.35
      P&L: $-370.00 (-33.6%) │ Target: $22.00  Stop: $5.50  DTE: 3d
      ⚠️  Stop was triggered — continuing to track for data
      💭 $6M premium on TSLA puts with 8.8 score and 100% bearish flow concentr...
      🌍 SPY +0.00%  QQQ +0.00%  VIX 18.1

  🟢 #18 NFLX260515P00106000  [▶ OPEN]
      Entry: $17.38 │ Bid: $16.70  Mid: $17.73  Ask: $18.75
      P&L: +$35.00 (+2.0%) │ Target: $34.75  Stop: $8.69  DTE: 3d
      💭 NFLX $106 puts expiring today generated $7.9M premium with 8.2 score i...
      🌍 SPY +0.00%  QQQ +0.00%  VIX 18.1

  🔴 #19 SPY260515P00755000  [▶ OPEN]
      Entry: $22.60 │ Bid: $18.39  Mid: $18.45  Ask: $18.51
      P&L: $-415.00 (-18.4%) │ Target: $45.20  Stop: $11.30  DTE: 3d
      💭 $1.5M premium accumulated in deep OTM SPY 755 puts expiring today with...
      🌍 SPY +0.00%  QQQ +0.00%  VIX 18.1

  🔴 #20 TSLA260513P00455000  [▶ OPEN]
      Entry: $28.93 │ Bid: $23.65  Mid: $23.85  Ask: $24.05
      P&L: $-507.50 (-17.6%) │ Target: $57.85  Stop: $14.46  DTE: 1d
      💭 $18.8M in put premium with 100% bearish flow bias into a zero-DTE TSLA...
      🌍 SPY +0.00%  QQQ +0.00%  VIX 18.1
  ⏰ EXPIRING SOON — 1 day(s) remaining

  🟢 #21 QQQ260513C00707000  [▶ OPEN]
      Entry: $1.25 │ Bid: $1.66  Mid: $1.67  Ask: $1.67
      P&L: +$41.00 (+32.7%) │ Target: $2.51  Stop: $0.63  DTE: 1d
      💭 $1.2M premium on QQQ calls with 100% bullish flow bias and 7.68 score ...
      🌍 SPY +0.00%  QQQ +0.00%  VIX 18.1
  ⏰ EXPIRING SOON — 1 day(s) remaining

  🔴 #22 CRM260605C00100000  [▶ OPEN]
      Entry: $72.58 │ Bid: $69.70  Mid: $70.88  Ask: $72.05
      P&L: $-170.00 (-2.3%) │ Target: $145.15  Stop: $14.52  DTE: 24d
      💭 CRM $100 calls expiring today show $1.0M premium with 7.53 score in 10...
      🌍 SPY +0.00%  QQQ +0.00%  VIX 18.1

  🟢 #23 QQQ260513C00709000  [▶ OPEN]
      Entry: $0.80 │ Bid: $1.07  Mid: $1.07  Ask: $1.08
      P&L: +$28.00 (+35.2%) │ Target: $1.59  Stop: $0.40  DTE: 1d
      💭 $1.2M bullish call premium on QQQ expiration with 100% call-to-put flo...
      🌍 SPY +0.00%  QQQ +0.00%  VIX 18.1
  ⏰ EXPIRING SOON — 1 day(s) remaining

  🟢 #24 NVDA260513C00145000  [▶ OPEN]
      Entry: $72.97 │ Bid: $72.80  Mid: $75.20  Ask: $77.60
      P&L: +$222.50 (+3.0%) │ Target: $145.95  Stop: $36.49  DTE: 1d
      💭 NVDA $145 calls expiring today with $954K premium and 100% bullish flo...
      🌍 SPY +0.00%  QQQ +0.00%  VIX 18.1
  ⏰ EXPIRING SOON — 1 day(s) remaining

  🟢 #25 QQQ260513C00708000  [▶ OPEN]
      Entry: $0.96 │ Bid: $1.34  Mid: $1.34  Ask: $1.35
      P&L: +$38.50 (+40.1%) │ Target: $1.92  Stop: $0.48  DTE: 1d
      💭 $1.9M premium concentration in a single QQQ call with 100% bullish flo...
      🌍 SPY +0.00%  QQQ +0.00%  VIX 18.1
  ⏰ EXPIRING SOON — 1 day(s) remaining

  🟢 #26 NFLX260515P00107000  [▶ OPEN]
      Entry: $18.35 │ Bid: $17.65  Mid: $18.70  Ask: $19.75
      P&L: +$35.00 (+1.9%) │ Target: $36.70  Stop: $9.18  DTE: 3d
      💭 $9.9M in put premium flowing into $107 OTM puts expiring today signals...
      🌍 SPY +0.00%  QQQ +0.00%  VIX 18.1

  🟢 #27 IWM260513C00283000  [▶ OPEN]
      Entry: $0.51 │ Bid: $0.72  Mid: $0.73  Ask: $0.74
      P&L: +$22.50 (+44.5%) │ Target: $1.01  Stop: $0.25  DTE: 1d
      💭 $1.4M premium concentrated in OTM calls with 100% bullish flow bias wa...
      🌍 SPY +0.00%  QQQ +0.00%  VIX 18.1
  ⏰ EXPIRING SOON — 1 day(s) remaining

  🟢 #28 TSLA260513C00425000  [▶ OPEN]
      Entry: $6.95 │ Bid: $9.70  Mid: $9.75  Ask: $9.80
      P&L: +$280.00 (+40.3%) │ Target: $13.90  Stop: $3.48  DTE: 1d
      💭 TSLA 425 calls expiring today show $25.9M premium with 100% bullish fl...
      🌍 SPY +0.00%  QQQ +0.00%  VIX 18.1
  ⏰ EXPIRING SOON — 1 day(s) remaining

  🔴 #29 NVDA260513P00222500  [▶ OPEN]
      Entry: $5.03 │ Bid: $3.40  Mid: $3.42  Ask: $3.45
      P&L: $-160.00 (-31.8%) │ Target: $10.05  Stop: $2.51  DTE: 1d
      💭 $8.0M premium concentrated in zero-DTE NVDA puts at 100% bearish flow ...
      🌍 SPY +0.00%  QQQ +0.00%  VIX 18.1
  ⏰ EXPIRING SOON — 1 day(s) remaining

  🔴 #30 TSLA260513P00435000  [▶ OPEN]
      Entry: $8.90 │ Bid: $7.40  Mid: $7.45  Ask: $7.50
      P&L: $-145.00 (-16.3%) │ Target: $17.80  Stop: $4.45  DTE: 1d
      💭 $21.2M in put premium with 100% bearish flow and 0 DTE expiration crea...
      🌍 SPY +0.00%  QQQ +0.00%  VIX 18.1
  ⏰ EXPIRING SOON — 1 day(s) remaining

  🟢 #31 TSLA260513C00450000  [▶ OPEN]
      Entry: $1.04 │ Bid: $1.12  Mid: $1.13  Ask: $1.14
      P&L: +$9.00 (+8.7%) │ Target: $2.08  Stop: $0.52  DTE: 1d
      💭 $9.2M premium in TSLA calls expiring today with 100% bullish flow sign...
      🌍 SPY +0.00%  QQQ +0.00%  VIX 18.1
  ⏰ EXPIRING SOON — 1 day(s) remaining

  🔴 #32 TSLA260513P00427500  [▶ OPEN]
      Entry: $4.58 │ Bid: $3.65  Mid: $3.70  Ask: $3.75
      P&L: $-87.50 (-19.1%) │ Target: $9.15  Stop: $2.29  DTE: 1d
      💭 TSLA put with $11.5M premium and 100% bearish flow skew warrants paper...
      🌍 SPY +0.00%  QQQ +0.00%  VIX 18.1
  ⏰ EXPIRING SOON — 1 day(s) remaining

  🟢 #33 TSLA260513C00427500  [▶ OPEN]
      Entry: $7.00 │ Bid: $8.05  Mid: $8.12  Ask: $8.20
      P&L: +$112.50 (+16.1%) │ Target: $14.00  Stop: $3.50  DTE: 1d
      💭 $8.5M premium on TSLA calls with 100% bullish flow bias warrants paper...
      🌍 SPY +0.00%  QQQ +0.00%  VIX 18.1
  ⏰ EXPIRING SOON — 1 day(s) remaining

  🔴 #34 TSLA260513C00432500  [▶ OPEN]
      Entry: $5.60 │ Bid: $5.40  Mid: $5.42  Ask: $5.45
      P&L: $-17.50 (-3.1%) │ Target: $11.20  Stop: $2.80  DTE: 1d
      💭 $17.4M premium accumulated on a single OTM call expiring today signals...
      🌍 SPY +0.00%  QQQ +0.00%  VIX 18.1
  ⏰ EXPIRING SOON — 1 day(s) remaining

  ⏳ Next check in 3 minutes...

  ─────────────────────────────────────────────────────────────────
  📡 POSITION CHECK — 15:25:50 EDT
  ─────────────────────────────────────────────────────────────────

  🔴 #10 SPY260511P00745000  [⏸ TRACKING]
      Entry: $9.88 │ Bid: $6.03  Mid: $6.17  Ask: $6.31
      P&L: $-370.50 (-37.5%) │ Target: $19.75  Stop: $4.94  DTE: -1d
      ⚠️  Stop was triggered — continuing to track for data
      💭 HIGH SPY put signal — score 8.0, $4.4M premium, 3 DTE, bearish thesis....
      🌍 SPY +0.00%  QQQ +0.00%  VIX 18.0

  ⏰ CONTRACT EXPIRED — auto-closing #10

  🔴 #11 TSLA260511P00425000  [⏸ TRACKING]
      Entry: $7.83 │ Bid: $0.00  Mid: $0.02  Ask: $0.01
      P&L: $-780.50 (-99.7%) │ Target: $15.65  Stop: $3.91  DTE: -1d
      ⚠️  Stop was triggered — continuing to track for data
      💭 HIGH TSLA put signal — score 5.62, $1.6M premium, 3 DTE, bearish thesi...
      🌍 SPY +0.00%  QQQ +0.00%  VIX 18.0

  ⏰ CONTRACT EXPIRED — auto-closing #11

  🔴 #13 TSLA260511P00430000  [⏸ TRACKING]
      Entry: $7.33 │ Bid: $0.00  Mid: $0.01  Ask: $0.01
      P&L: $-731.50 (-99.9%) │ Target: $14.65  Stop: $3.66  DTE: -1d
      ⚠️  Stop was triggered — continuing to track for data
      💭 $2.8M premium on TSLA puts with 100% bearish flow and 8.0 score warran...
      🌍 SPY +0.00%  QQQ +0.00%  VIX 18.0

  ⏰ CONTRACT EXPIRED — auto-closing #13

  🔴 #14 TSLA260513P00430000  [⏸ TRACKING]
      Entry: $11.70 │ Bid: $4.30  Mid: $4.33  Ask: $4.35
      P&L: $-737.50 (-63.0%) │ Target: $23.40  Stop: $5.85  DTE: 1d
      ⚠️  Stop was triggered — continuing to track for data
      💭 $1.1M premium on TSLA 430 puts expiring today with 100% bearish flow a...
      🌍 SPY +0.00%  QQQ +0.00%  VIX 18.0

  🟢 #15 AMD260515P00457500  [⏸ TRACKING]
      Entry: $22.60 │ Bid: $23.55  Mid: $23.85  Ask: $24.15
      P&L: +$125.00 (+5.5%) │ Target: $45.20  Stop: $11.30  DTE: 3d
      ⚠️  Stop was triggered — continuing to track for data
      💭 $2.0M premium in AMD puts expiring today with 100% bearish flow and 8....
      🌍 SPY +0.00%  QQQ +0.00%  VIX 18.0

  🔴 #16 QQQ260511P00706000  [⏸ TRACKING]
      Entry: $2.11 │ Bid: $0.01  Mid: $0.02  Ask: $0.03
      P&L: $-209.00 (-99.0%) │ Target: $4.22  Stop: $1.05  DTE: -1d
      ⚠️  Stop was triggered — continuing to track for data
      💭 QQQ put with $1.8M premium and 8.0 score expiring today in 100% bearis...
      🌍 SPY +0.00%  QQQ +0.00%  VIX 18.0

  ⏰ CONTRACT EXPIRED — auto-closing #16

  🔴 #17 TSLA260515P00427500  [⏸ TRACKING]
      Entry: $11.00 │ Bid: $6.85  Mid: $6.90  Ask: $6.95
      P&L: $-410.00 (-37.3%) │ Target: $22.00  Stop: $5.50  DTE: 3d
      ⚠️  Stop was triggered — continuing to track for data
      💭 $6M premium on TSLA puts with 8.8 score and 100% bearish flow concentr...
      🌍 SPY +0.00%  QQQ +0.00%  VIX 18.0

  🟢 #18 NFLX260515P00106000  [▶ OPEN]
      Entry: $17.38 │ Bid: $16.70  Mid: $17.73  Ask: $18.75
      P&L: +$35.00 (+2.0%) │ Target: $34.75  Stop: $8.69  DTE: 3d
      💭 NFLX $106 puts expiring today generated $7.9M premium with 8.2 score i...
      🌍 SPY +0.00%  QQQ +0.00%  VIX 18.0

  🔴 #19 SPY260515P00755000  [▶ OPEN]
      Entry: $22.60 │ Bid: $17.91  Mid: $17.97  Ask: $18.03
      P&L: $-463.00 (-20.5%) │ Target: $45.20  Stop: $11.30  DTE: 3d
      💭 $1.5M premium accumulated in deep OTM SPY 755 puts expiring today with...
      🌍 SPY +0.00%  QQQ +0.00%  VIX 18.0

  🔴 #20 TSLA260513P00455000  [▶ OPEN]
      Entry: $28.93 │ Bid: $22.85  Mid: $23.05  Ask: $23.25
      P&L: $-587.50 (-20.3%) │ Target: $57.85  Stop: $14.46  DTE: 1d
      💭 $18.8M in put premium with 100% bearish flow bias into a zero-DTE TSLA...
      🌍 SPY +0.00%  QQQ +0.00%  VIX 18.0
  ⏰ EXPIRING SOON — 1 day(s) remaining

  🟢 #21 QQQ260513C00707000  [▶ OPEN]
      Entry: $1.25 │ Bid: $1.90  Mid: $1.91  Ask: $1.92
      P&L: +$65.50 (+52.2%) │ Target: $2.51  Stop: $0.63  DTE: 1d
      💭 $1.2M premium on QQQ calls with 100% bullish flow bias and 7.68 score ...
      🌍 SPY +0.00%  QQQ +0.00%  VIX 18.0
  ⏰ EXPIRING SOON — 1 day(s) remaining

  🔴 #22 CRM260605C00100000  [▶ OPEN]
      Entry: $72.58 │ Bid: $69.75  Mid: $70.83  Ask: $71.90
      P&L: $-175.00 (-2.4%) │ Target: $145.15  Stop: $14.52  DTE: 24d
      💭 CRM $100 calls expiring today show $1.0M premium with 7.53 score in 10...
      🌍 SPY +0.00%  QQQ +0.00%  VIX 18.0

  🟢 #23 QQQ260513C00709000  [▶ OPEN]
      Entry: $0.80 │ Bid: $1.24  Mid: $1.25  Ask: $1.26
      P&L: +$45.50 (+57.2%) │ Target: $1.59  Stop: $0.40  DTE: 1d
      💭 $1.2M bullish call premium on QQQ expiration with 100% call-to-put flo...
      🌍 SPY +0.00%  QQQ +0.00%  VIX 18.0
  ⏰ EXPIRING SOON — 1 day(s) remaining

  🟢 #24 NVDA260513C00145000  [▶ OPEN]
      Entry: $72.97 │ Bid: $73.50  Mid: $75.55  Ask: $77.60
      P&L: +$257.50 (+3.5%) │ Target: $145.95  Stop: $36.49  DTE: 1d
      💭 NVDA $145 calls expiring today with $954K premium and 100% bullish flo...
      🌍 SPY +0.00%  QQQ +0.00%  VIX 18.0
  ⏰ EXPIRING SOON — 1 day(s) remaining

  🟢 #25 QQQ260513C00708000  [▶ OPEN]
      Entry: $0.96 │ Bid: $1.54  Mid: $1.55  Ask: $1.56
      P&L: +$59.00 (+61.5%) │ Target: $1.92  Stop: $0.48  DTE: 1d
      💭 $1.9M premium concentration in a single QQQ call with 100% bullish flo...
      🌍 SPY +0.00%  QQQ +0.00%  VIX 18.0
  ⏰ EXPIRING SOON — 1 day(s) remaining

  🟢 #26 NFLX260515P00107000  [▶ OPEN]
      Entry: $18.35 │ Bid: $17.65  Mid: $18.70  Ask: $19.75
      P&L: +$35.00 (+1.9%) │ Target: $36.70  Stop: $9.18  DTE: 3d
      💭 $9.9M in put premium flowing into $107 OTM puts expiring today signals...
      🌍 SPY +0.00%  QQQ +0.00%  VIX 18.0

  🟢 #27 IWM260513C00283000  [▶ OPEN]
      Entry: $0.51 │ Bid: $0.79  Mid: $0.80  Ask: $0.81
      P&L: +$29.50 (+58.4%) │ Target: $1.01  Stop: $0.25  DTE: 1d
      💭 $1.4M premium concentrated in OTM calls with 100% bullish flow bias wa...
      🌍 SPY +0.00%  QQQ +0.00%  VIX 18.0
  ⏰ EXPIRING SOON — 1 day(s) remaining

  🟢 #28 TSLA260513C00425000  [▶ OPEN]
      Entry: $6.95 │ Bid: $10.35  Mid: $10.40  Ask: $10.45
      P&L: +$345.00 (+49.6%) │ Target: $13.90  Stop: $3.48  DTE: 1d
      💭 TSLA 425 calls expiring today show $25.9M premium with 100% bullish fl...
      🌍 SPY +0.00%  QQQ +0.00%  VIX 18.0
  ⏰ EXPIRING SOON — 1 day(s) remaining

  🔴 #29 NVDA260513P00222500  [▶ OPEN]
      Entry: $5.03 │ Bid: $3.20  Mid: $3.25  Ask: $3.30
      P&L: $-177.50 (-35.3%) │ Target: $10.05  Stop: $2.51  DTE: 1d
      💭 $8.0M premium concentrated in zero-DTE NVDA puts at 100% bearish flow ...
      🌍 SPY +0.00%  QQQ +0.00%  VIX 18.0
  ⏰ EXPIRING SOON — 1 day(s) remaining

  🔴 #30 TSLA260513P00435000  [▶ OPEN]
      Entry: $8.90 │ Bid: $6.85  Mid: $6.90  Ask: $6.95
      P&L: $-200.00 (-22.5%) │ Target: $17.80  Stop: $4.45  DTE: 1d
      💭 $21.2M in put premium with 100% bearish flow and 0 DTE expiration crea...
      🌍 SPY +0.00%  QQQ +0.00%  VIX 18.0
  ⏰ EXPIRING SOON — 1 day(s) remaining

  🟢 #31 TSLA260513C00450000  [▶ OPEN]
      Entry: $1.04 │ Bid: $1.26  Mid: $1.26  Ask: $1.27
      P&L: +$22.50 (+21.6%) │ Target: $2.08  Stop: $0.52  DTE: 1d
      💭 $9.2M premium in TSLA calls expiring today with 100% bullish flow sign...
      🌍 SPY +0.00%  QQQ +0.00%  VIX 18.0
  ⏰ EXPIRING SOON — 1 day(s) remaining

  🔴 #32 TSLA260513P00427500  [▶ OPEN]
      Entry: $4.58 │ Bid: $3.30  Mid: $3.33  Ask: $3.35
      P&L: $-125.00 (-27.3%) │ Target: $9.15  Stop: $2.29  DTE: 1d
      💭 TSLA put with $11.5M premium and 100% bearish flow skew warrants paper...
      🌍 SPY +0.00%  QQQ +0.00%  VIX 18.0
  ⏰ EXPIRING SOON — 1 day(s) remaining

  🟢 #33 TSLA260513C00427500  [▶ OPEN]
      Entry: $7.00 │ Bid: $8.65  Mid: $8.72  Ask: $8.80
      P&L: +$172.50 (+24.6%) │ Target: $14.00  Stop: $3.50  DTE: 1d
      💭 $8.5M premium on TSLA calls with 100% bullish flow bias warrants paper...
      🌍 SPY +0.00%  QQQ +0.00%  VIX 18.0
  ⏰ EXPIRING SOON — 1 day(s) remaining

  🟢 #34 TSLA260513C00432500  [▶ OPEN]
      Entry: $5.60 │ Bid: $5.85  Mid: $5.90  Ask: $5.95
      P&L: +$30.00 (+5.4%) │ Target: $11.20  Stop: $2.80  DTE: 1d
      💭 $17.4M premium accumulated on a single OTM call expiring today signals...
      🌍 SPY +0.00%  QQQ +0.00%  VIX 18.0
  ⏰ EXPIRING SOON — 1 day(s) remaining

  ⏳ Next check in 3 minutes...

  ─────────────────────────────────────────────────────────────────
  📡 POSITION CHECK — 15:28:52 EDT
  ─────────────────────────────────────────────────────────────────

  🔴 #10 SPY260511P00745000  [⏸ TRACKING]
      Entry: $9.88 │ Bid: $6.03  Mid: $6.17  Ask: $6.31
      P&L: $-370.50 (-37.5%) │ Target: $19.75  Stop: $4.94  DTE: -1d
      ⚠️  Stop was triggered — continuing to track for data
      💭 HIGH SPY put signal — score 8.0, $4.4M premium, 3 DTE, bearish thesis....
      🌍 SPY +0.00%  QQQ +0.00%  VIX 18.0

  ⏰ CONTRACT EXPIRED — auto-closing #10

  🔴 #11 TSLA260511P00425000  [⏸ TRACKING]
      Entry: $7.83 │ Bid: $0.00  Mid: $0.02  Ask: $0.01
      P&L: $-780.50 (-99.7%) │ Target: $15.65  Stop: $3.91  DTE: -1d
      ⚠️  Stop was triggered — continuing to track for data
      💭 HIGH TSLA put signal — score 5.62, $1.6M premium, 3 DTE, bearish thesi...
      🌍 SPY +0.00%  QQQ +0.00%  VIX 18.0

  ⏰ CONTRACT EXPIRED — auto-closing #11

  🔴 #13 TSLA260511P00430000  [⏸ TRACKING]
      Entry: $7.33 │ Bid: $0.00  Mid: $0.01  Ask: $0.01
      P&L: $-731.50 (-99.9%) │ Target: $14.65  Stop: $3.66  DTE: -1d
      ⚠️  Stop was triggered — continuing to track for data
      💭 $2.8M premium on TSLA puts with 100% bearish flow and 8.0 score warran...
      🌍 SPY +0.00%  QQQ +0.00%  VIX 18.0

  ⏰ CONTRACT EXPIRED — auto-closing #13

  🔴 #14 TSLA260513P00430000  [⏸ TRACKING]
      Entry: $11.70 │ Bid: $4.20  Mid: $4.25  Ask: $4.30
      P&L: $-745.00 (-63.7%) │ Target: $23.40  Stop: $5.85  DTE: 1d
      ⚠️  Stop was triggered — continuing to track for data
      💭 $1.1M premium on TSLA 430 puts expiring today with 100% bearish flow a...
      🌍 SPY +0.00%  QQQ +0.00%  VIX 18.0

  🟢 #15 AMD260515P00457500  [⏸ TRACKING]
      Entry: $22.60 │ Bid: $23.40  Mid: $23.88  Ask: $24.35
      P&L: +$127.50 (+5.6%) │ Target: $45.20  Stop: $11.30  DTE: 3d
      ⚠️  Stop was triggered — continuing to track for data
      💭 $2.0M premium in AMD puts expiring today with 100% bearish flow and 8....
      🌍 SPY +0.00%  QQQ +0.00%  VIX 18.0

  🔴 #16 QQQ260511P00706000  [⏸ TRACKING]
      Entry: $2.11 │ Bid: $0.01  Mid: $0.02  Ask: $0.03
      P&L: $-209.00 (-99.0%) │ Target: $4.22  Stop: $1.05  DTE: -1d
      ⚠️  Stop was triggered — continuing to track for data
      💭 QQQ put with $1.8M premium and 8.0 score expiring today in 100% bearis...
      🌍 SPY +0.00%  QQQ +0.00%  VIX 18.0

  ⏰ CONTRACT EXPIRED — auto-closing #16

  🔴 #17 TSLA260515P00427500  [⏸ TRACKING]
      Entry: $11.00 │ Bid: $6.75  Mid: $6.80  Ask: $6.85
      P&L: $-420.00 (-38.2%) │ Target: $22.00  Stop: $5.50  DTE: 3d
      ⚠️  Stop was triggered — continuing to track for data
      💭 $6M premium on TSLA puts with 8.8 score and 100% bearish flow concentr...
      🌍 SPY +0.00%  QQQ +0.00%  VIX 18.0

  🟢 #18 NFLX260515P00106000  [▶ OPEN]
      Entry: $17.38 │ Bid: $16.70  Mid: $17.73  Ask: $18.75
      P&L: +$35.00 (+2.0%) │ Target: $34.75  Stop: $8.69  DTE: 3d
      💭 NFLX $106 puts expiring today generated $7.9M premium with 8.2 score i...
      🌍 SPY +0.00%  QQQ +0.00%  VIX 18.0

  🔴 #19 SPY260515P00755000  [▶ OPEN]
      Entry: $22.60 │ Bid: $17.87  Mid: $17.93  Ask: $18.00
      P&L: $-466.50 (-20.6%) │ Target: $45.20  Stop: $11.30  DTE: 3d
      💭 $1.5M premium accumulated in deep OTM SPY 755 puts expiring today with...
      🌍 SPY +0.00%  QQQ +0.00%  VIX 18.0

  🔴 #20 TSLA260513P00455000  [▶ OPEN]
      Entry: $28.93 │ Bid: $22.50  Mid: $22.75  Ask: $23.00
      P&L: $-617.50 (-21.4%) │ Target: $57.85  Stop: $14.46  DTE: 1d
      💭 $18.8M in put premium with 100% bearish flow bias into a zero-DTE TSLA...
      🌍 SPY +0.00%  QQQ +0.00%  VIX 18.0
  ⏰ EXPIRING SOON — 1 day(s) remaining

  🟢 #21 QQQ260513C00707000  [▶ OPEN]
      Entry: $1.25 │ Bid: $1.92  Mid: $1.93  Ask: $1.93
      P&L: +$67.00 (+53.4%) │ Target: $2.51  Stop: $0.63  DTE: 1d
      💭 $1.2M premium on QQQ calls with 100% bullish flow bias and 7.68 score ...
      🌍 SPY +0.00%  QQQ +0.00%  VIX 18.0
  ⏰ EXPIRING SOON — 1 day(s) remaining

  🔴 #22 CRM260605C00100000  [▶ OPEN]
      Entry: $72.58 │ Bid: $69.75  Mid: $70.72  Ask: $71.70
      P&L: $-185.00 (-2.5%) │ Target: $145.15  Stop: $14.52  DTE: 24d
      💭 CRM $100 calls expiring today show $1.0M premium with 7.53 score in 10...
      🌍 SPY +0.00%  QQQ +0.00%  VIX 18.0

  🟢 #23 QQQ260513C00709000  [▶ OPEN]
      Entry: $0.80 │ Bid: $1.26  Mid: $1.26  Ask: $1.27
      P&L: +$47.00 (+59.1%) │ Target: $1.59  Stop: $0.40  DTE: 1d
      💭 $1.2M bullish call premium on QQQ expiration with 100% call-to-put flo...
      🌍 SPY +0.00%  QQQ +0.00%  VIX 18.0
  ⏰ EXPIRING SOON — 1 day(s) remaining

  🟢 #24 NVDA260513C00145000  [▶ OPEN]
      Entry: $72.97 │ Bid: $73.60  Mid: $75.60  Ask: $77.60
      P&L: +$262.50 (+3.6%) │ Target: $145.95  Stop: $36.49  DTE: 1d
      💭 NVDA $145 calls expiring today with $954K premium and 100% bullish flo...
      🌍 SPY +0.00%  QQQ +0.00%  VIX 18.0
  ⏰ EXPIRING SOON — 1 day(s) remaining

  🟢 #25 QQQ260513C00708000  [▶ OPEN]
      Entry: $0.96 │ Bid: $1.56  Mid: $1.57  Ask: $1.58
      P&L: +$61.00 (+63.5%) │ Target: $1.92  Stop: $0.48  DTE: 1d
      💭 $1.9M premium concentration in a single QQQ call with 100% bullish flo...
      🌍 SPY +0.00%  QQQ +0.00%  VIX 18.0
  ⏰ EXPIRING SOON — 1 day(s) remaining

  🟢 #26 NFLX260515P00107000  [▶ OPEN]
      Entry: $18.35 │ Bid: $17.65  Mid: $18.70  Ask: $19.75
      P&L: +$35.00 (+1.9%) │ Target: $36.70  Stop: $9.18  DTE: 3d
      💭 $9.9M in put premium flowing into $107 OTM puts expiring today signals...
      🌍 SPY +0.00%  QQQ +0.00%  VIX 18.0

  🟢 #27 IWM260513C00283000  [▶ OPEN]
      Entry: $0.51 │ Bid: $0.73  Mid: $0.74  Ask: $0.75
      P&L: +$23.50 (+46.5%) │ Target: $1.01  Stop: $0.25  DTE: 1d
      💭 $1.4M premium concentrated in OTM calls with 100% bullish flow bias wa...
      🌍 SPY +0.00%  QQQ +0.00%  VIX 18.0
  ⏰ EXPIRING SOON — 1 day(s) remaining

  🟢 #28 TSLA260513C00425000  [▶ OPEN]
      Entry: $6.95 │ Bid: $10.50  Mid: $10.57  Ask: $10.65
      P&L: +$362.50 (+52.2%) │ Target: $13.90  Stop: $3.48  DTE: 1d
      💭 TSLA 425 calls expiring today show $25.9M premium with 100% bullish fl...
      🌍 SPY +0.00%  QQQ +0.00%  VIX 18.0
  ⏰ EXPIRING SOON — 1 day(s) remaining

  🔴 #29 NVDA260513P00222500  [▶ OPEN]
      Entry: $5.03 │ Bid: $3.00  Mid: $3.02  Ask: $3.05
      P&L: $-200.00 (-39.8%) │ Target: $10.05  Stop: $2.51  DTE: 1d
      💭 $8.0M premium concentrated in zero-DTE NVDA puts at 100% bearish flow ...
      🌍 SPY +0.00%  QQQ +0.00%  VIX 18.0
  ⏰ EXPIRING SOON — 1 day(s) remaining

  🔴 #30 TSLA260513P00435000  [▶ OPEN]
      Entry: $8.90 │ Bid: $6.70  Mid: $6.75  Ask: $6.80
      P&L: $-215.00 (-24.2%) │ Target: $17.80  Stop: $4.45  DTE: 1d
      💭 $21.2M in put premium with 100% bearish flow and 0 DTE expiration crea...
      🌍 SPY +0.00%  QQQ +0.00%  VIX 18.0
  ⏰ EXPIRING SOON — 1 day(s) remaining

  🟢 #31 TSLA260513C00450000  [▶ OPEN]
      Entry: $1.04 │ Bid: $1.27  Mid: $1.28  Ask: $1.29
      P&L: +$24.00 (+23.1%) │ Target: $2.08  Stop: $0.52  DTE: 1d
      💭 $9.2M premium in TSLA calls expiring today with 100% bullish flow sign...
      🌍 SPY +0.00%  QQQ +0.00%  VIX 18.0
  ⏰ EXPIRING SOON — 1 day(s) remaining

  🔴 #32 TSLA260513P00427500  [▶ OPEN]
      Entry: $4.58 │ Bid: $3.25  Mid: $3.27  Ask: $3.30
      P&L: $-130.00 (-28.4%) │ Target: $9.15  Stop: $2.29  DTE: 1d
      💭 TSLA put with $11.5M premium and 100% bearish flow skew warrants paper...
      🌍 SPY +0.00%  QQQ +0.00%  VIX 18.0
  ⏰ EXPIRING SOON — 1 day(s) remaining

  🟢 #33 TSLA260513C00427500  [▶ OPEN]
      Entry: $7.00 │ Bid: $8.80  Mid: $8.85  Ask: $8.90
      P&L: +$185.00 (+26.4%) │ Target: $14.00  Stop: $3.50  DTE: 1d
      💭 $8.5M premium on TSLA calls with 100% bullish flow bias warrants paper...
      🌍 SPY +0.00%  QQQ +0.00%  VIX 18.0
  ⏰ EXPIRING SOON — 1 day(s) remaining

  🟢 #34 TSLA260513C00432500  [▶ OPEN]
      Entry: $5.60 │ Bid: $5.95  Mid: $6.00  Ask: $6.05
      P&L: +$40.00 (+7.1%) │ Target: $11.20  Stop: $2.80  DTE: 1d
      💭 $17.4M premium accumulated on a single OTM call expiring today signals...
      🌍 SPY +0.00%  QQQ +0.00%  VIX 18.0
  ⏰ EXPIRING SOON — 1 day(s) remaining

  ⏳ Next check in 3 minutes...

  ─────────────────────────────────────────────────────────────────
  📡 POSITION CHECK — 15:31:53 EDT
  ─────────────────────────────────────────────────────────────────

  🔴 #10 SPY260511P00745000  [⏸ TRACKING]
      Entry: $9.88 │ Bid: $6.03  Mid: $6.17  Ask: $6.31
      P&L: $-370.50 (-37.5%) │ Target: $19.75  Stop: $4.94  DTE: -1d
      ⚠️  Stop was triggered — continuing to track for data
      💭 HIGH SPY put signal — score 8.0, $4.4M premium, 3 DTE, bearish thesis....
      🌍 SPY +0.00%  QQQ +0.00%  VIX 18.0

  ⏰ CONTRACT EXPIRED — auto-closing #10

  🔴 #11 TSLA260511P00425000  [⏸ TRACKING]
      Entry: $7.83 │ Bid: $0.00  Mid: $0.02  Ask: $0.01
      P&L: $-780.50 (-99.7%) │ Target: $15.65  Stop: $3.91  DTE: -1d
      ⚠️  Stop was triggered — continuing to track for data
      💭 HIGH TSLA put signal — score 5.62, $1.6M premium, 3 DTE, bearish thesi...
      🌍 SPY +0.00%  QQQ +0.00%  VIX 18.0

  ⏰ CONTRACT EXPIRED — auto-closing #11

  🔴 #13 TSLA260511P00430000  [⏸ TRACKING]
      Entry: $7.33 │ Bid: $0.00  Mid: $0.01  Ask: $0.01
      P&L: $-731.50 (-99.9%) │ Target: $14.65  Stop: $3.66  DTE: -1d
      ⚠️  Stop was triggered — continuing to track for data
      💭 $2.8M premium on TSLA puts with 100% bearish flow and 8.0 score warran...
      🌍 SPY +0.00%  QQQ +0.00%  VIX 18.0

  ⏰ CONTRACT EXPIRED — auto-closing #13

  🔴 #14 TSLA260513P00430000  [⏸ TRACKING]
      Entry: $11.70 │ Bid: $3.85  Mid: $3.90  Ask: $3.95
      P&L: $-780.00 (-66.7%) │ Target: $23.40  Stop: $5.85  DTE: 1d
      ⚠️  Stop was triggered — continuing to track for data
      💭 $1.1M premium on TSLA 430 puts expiring today with 100% bearish flow a...
      🌍 SPY +0.00%  QQQ +0.00%  VIX 18.0

  🟢 #15 AMD260515P00457500  [⏸ TRACKING]
      Entry: $22.60 │ Bid: $22.30  Mid: $22.68  Ask: $23.05
      P&L: +$7.50 (+0.3%) │ Target: $45.20  Stop: $11.30  DTE: 3d
      ⚠️  Stop was triggered — continuing to track for data
      💭 $2.0M premium in AMD puts expiring today with 100% bearish flow and 8....
      🌍 SPY +0.00%  QQQ +0.00%  VIX 18.0

  🔴 #16 QQQ260511P00706000  [⏸ TRACKING]
      Entry: $2.11 │ Bid: $0.01  Mid: $0.02  Ask: $0.03
      P&L: $-209.00 (-99.0%) │ Target: $4.22  Stop: $1.05  DTE: -1d
      ⚠️  Stop was triggered — continuing to track for data
      💭 QQQ put with $1.8M premium and 8.0 score expiring today in 100% bearis...
      🌍 SPY +0.00%  QQQ +0.00%  VIX 18.0

  ⏰ CONTRACT EXPIRED — auto-closing #16

  🔴 #17 TSLA260515P00427500  [⏸ TRACKING]
      Entry: $11.00 │ Bid: $6.45  Mid: $6.50  Ask: $6.55
      P&L: $-450.00 (-40.9%) │ Target: $22.00  Stop: $5.50  DTE: 3d
      ⚠️  Stop was triggered — continuing to track for data
      💭 $6M premium on TSLA puts with 8.8 score and 100% bearish flow concentr...
      🌍 SPY +0.00%  QQQ +0.00%  VIX 18.0

  🟢 #18 NFLX260515P00106000  [▶ OPEN]
      Entry: $17.38 │ Bid: $16.70  Mid: $17.73  Ask: $18.75
      P&L: +$35.00 (+2.0%) │ Target: $34.75  Stop: $8.69  DTE: 3d
      💭 NFLX $106 puts expiring today generated $7.9M premium with 8.2 score i...
      🌍 SPY +0.00%  QQQ +0.00%  VIX 18.0

  🔴 #19 SPY260515P00755000  [▶ OPEN]
      Entry: $22.60 │ Bid: $17.54  Mid: $17.59  Ask: $17.64
      P&L: $-501.00 (-22.2%) │ Target: $45.20  Stop: $11.30  DTE: 3d
      💭 $1.5M premium accumulated in deep OTM SPY 755 puts expiring today with...
      🌍 SPY +0.00%  QQQ +0.00%  VIX 18.0

  🔴 #20 TSLA260513P00455000  [▶ OPEN]
      Entry: $28.93 │ Bid: $21.85  Mid: $22.05  Ask: $22.25
      P&L: $-687.50 (-23.8%) │ Target: $57.85  Stop: $14.46  DTE: 1d
      💭 $18.8M in put premium with 100% bearish flow bias into a zero-DTE TSLA...
      🌍 SPY +0.00%  QQQ +0.00%  VIX 18.0
  ⏰ EXPIRING SOON — 1 day(s) remaining

  🟢 #21 QQQ260513C00707000  [▶ OPEN]
      Entry: $1.25 │ Bid: $2.12  Mid: $2.12  Ask: $2.13
      P&L: +$87.00 (+69.3%) │ Target: $2.51  Stop: $0.63  DTE: 1d
      💭 $1.2M premium on QQQ calls with 100% bullish flow bias and 7.68 score ...
      🌍 SPY +0.00%  QQQ +0.00%  VIX 18.0
  ⏰ EXPIRING SOON — 1 day(s) remaining

  🔴 #22 CRM260605C00100000  [▶ OPEN]
      Entry: $72.58 │ Bid: $69.75  Mid: $71.00  Ask: $72.25
      P&L: $-157.50 (-2.2%) │ Target: $145.15  Stop: $14.52  DTE: 24d
      💭 CRM $100 calls expiring today show $1.0M premium with 7.53 score in 10...
      🌍 SPY +0.00%  QQQ +0.00%  VIX 18.0

  🟢 #23 QQQ260513C00709000  [▶ OPEN]
      Entry: $0.80 │ Bid: $1.39  Mid: $1.40  Ask: $1.40
      P&L: +$60.00 (+75.5%) │ Target: $1.59  Stop: $0.40  DTE: 1d
      💭 $1.2M bullish call premium on QQQ expiration with 100% call-to-put flo...
      🌍 SPY +0.00%  QQQ +0.00%  VIX 18.0
  ⏰ EXPIRING SOON — 1 day(s) remaining

  🟢 #24 NVDA260513C00145000  [▶ OPEN]
      Entry: $72.97 │ Bid: $73.65  Mid: $75.62  Ask: $77.60
      P&L: +$265.00 (+3.6%) │ Target: $145.95  Stop: $36.49  DTE: 1d
      💭 NVDA $145 calls expiring today with $954K premium and 100% bullish flo...
      🌍 SPY +0.00%  QQQ +0.00%  VIX 18.0
  ⏰ EXPIRING SOON — 1 day(s) remaining

  🟢 #25 QQQ260513C00708000  [▶ OPEN]
      Entry: $0.96 │ Bid: $1.73  Mid: $1.74  Ask: $1.74
      P&L: +$77.50 (+80.7%) │ Target: $1.92  Stop: $0.48  DTE: 1d
      💭 $1.9M premium concentration in a single QQQ call with 100% bullish flo...
      🌍 SPY +0.00%  QQQ +0.00%  VIX 18.0
  ⚡ TARGET APPROACHING — $0.18 away (81%)
  ⏰ EXPIRING SOON — 1 day(s) remaining

  🟢 #26 NFLX260515P00107000  [▶ OPEN]
      Entry: $18.35 │ Bid: $17.65  Mid: $18.70  Ask: $19.75
      P&L: +$35.00 (+1.9%) │ Target: $36.70  Stop: $9.18  DTE: 3d
      💭 $9.9M in put premium flowing into $107 OTM puts expiring today signals...
      🌍 SPY +0.00%  QQQ +0.00%  VIX 18.0

  🟢 #27 IWM260513C00283000  [▶ OPEN]
      Entry: $0.51 │ Bid: $0.83  Mid: $0.83  Ask: $0.84
      P&L: +$33.00 (+65.3%) │ Target: $1.01  Stop: $0.25  DTE: 1d
      💭 $1.4M premium concentrated in OTM calls with 100% bullish flow bias wa...
      🌍 SPY +0.00%  QQQ +0.00%  VIX 18.0
  ⏰ EXPIRING SOON — 1 day(s) remaining

  🟢 #28 TSLA260513C00425000  [▶ OPEN]
      Entry: $6.95 │ Bid: $11.05  Mid: $11.10  Ask: $11.15
      P&L: +$415.00 (+59.7%) │ Target: $13.90  Stop: $3.48  DTE: 1d
      💭 TSLA 425 calls expiring today show $25.9M premium with 100% bullish fl...
      🌍 SPY +0.00%  QQQ +0.00%  VIX 18.0
  ⏰ EXPIRING SOON — 1 day(s) remaining

  🔴 #29 NVDA260513P00222500  [▶ OPEN]
      Entry: $5.03 │ Bid: $2.83  Mid: $2.85  Ask: $2.87
      P&L: $-217.50 (-43.3%) │ Target: $10.05  Stop: $2.51  DTE: 1d
      💭 $8.0M premium concentrated in zero-DTE NVDA puts at 100% bearish flow ...
      🌍 SPY +0.00%  QQQ +0.00%  VIX 18.0
  ⚠️  STOP APPROACHING — $0.34 away (86%)
  ⏰ EXPIRING SOON — 1 day(s) remaining

  🔴 #30 TSLA260513P00435000  [▶ OPEN]
      Entry: $8.90 │ Bid: $6.25  Mid: $6.33  Ask: $6.40
      P&L: $-257.50 (-28.9%) │ Target: $17.80  Stop: $4.45  DTE: 1d
      💭 $21.2M in put premium with 100% bearish flow and 0 DTE expiration crea...
      🌍 SPY +0.00%  QQQ +0.00%  VIX 18.0
  ⏰ EXPIRING SOON — 1 day(s) remaining

  🟢 #31 TSLA260513C00450000  [▶ OPEN]
      Entry: $1.04 │ Bid: $1.38  Mid: $1.39  Ask: $1.39
      P&L: +$34.50 (+33.2%) │ Target: $2.08  Stop: $0.52  DTE: 1d
      💭 $9.2M premium in TSLA calls expiring today with 100% bullish flow sign...
      🌍 SPY +0.00%  QQQ +0.00%  VIX 18.0
  ⏰ EXPIRING SOON — 1 day(s) remaining

  🔴 #32 TSLA260513P00427500  [▶ OPEN]
      Entry: $4.58 │ Bid: $2.97  Mid: $3.01  Ask: $3.05
      P&L: $-156.50 (-34.2%) │ Target: $9.15  Stop: $2.29  DTE: 1d
      💭 TSLA put with $11.5M premium and 100% bearish flow skew warrants paper...
      🌍 SPY +0.00%  QQQ +0.00%  VIX 18.0
  ⏰ EXPIRING SOON — 1 day(s) remaining

  🟢 #33 TSLA260513C00427500  [▶ OPEN]
      Entry: $7.00 │ Bid: $9.30  Mid: $9.35  Ask: $9.40
      P&L: +$235.00 (+33.6%) │ Target: $14.00  Stop: $3.50  DTE: 1d
      💭 $8.5M premium on TSLA calls with 100% bullish flow bias warrants paper...
      🌍 SPY +0.00%  QQQ +0.00%  VIX 18.0
  ⏰ EXPIRING SOON — 1 day(s) remaining

  🟢 #34 TSLA260513C00432500  [▶ OPEN]
      Entry: $5.60 │ Bid: $6.35  Mid: $6.40  Ask: $6.45
      P&L: +$80.00 (+14.3%) │ Target: $11.20  Stop: $2.80  DTE: 1d
      💭 $17.4M premium accumulated on a single OTM call expiring today signals...
      🌍 SPY +0.00%  QQQ +0.00%  VIX 18.0
  ⏰ EXPIRING SOON — 1 day(s) remaining

  ⏳ Next check in 3 minutes...

  ─────────────────────────────────────────────────────────────────
  📡 POSITION CHECK — 15:34:55 EDT
  ─────────────────────────────────────────────────────────────────

  🔴 #10 SPY260511P00745000  [⏸ TRACKING]
      Entry: $9.88 │ Bid: $6.03  Mid: $6.17  Ask: $6.31
      P&L: $-370.50 (-37.5%) │ Target: $19.75  Stop: $4.94  DTE: -1d
      ⚠️  Stop was triggered — continuing to track for data
      💭 HIGH SPY put signal — score 8.0, $4.4M premium, 3 DTE, bearish thesis....
      🌍 SPY +0.00%  QQQ +0.00%  VIX 18.0

  ⏰ CONTRACT EXPIRED — auto-closing #10

  🔴 #11 TSLA260511P00425000  [⏸ TRACKING]
      Entry: $7.83 │ Bid: $0.00  Mid: $0.02  Ask: $0.01
      P&L: $-780.50 (-99.7%) │ Target: $15.65  Stop: $3.91  DTE: -1d
      ⚠️  Stop was triggered — continuing to track for data
      💭 HIGH TSLA put signal — score 5.62, $1.6M premium, 3 DTE, bearish thesi...
      🌍 SPY +0.00%  QQQ +0.00%  VIX 18.0

  ⏰ CONTRACT EXPIRED — auto-closing #11

  🔴 #13 TSLA260511P00430000  [⏸ TRACKING]
      Entry: $7.33 │ Bid: $0.00  Mid: $0.01  Ask: $0.01
      P&L: $-731.50 (-99.9%) │ Target: $14.65  Stop: $3.66  DTE: -1d
      ⚠️  Stop was triggered — continuing to track for data
      💭 $2.8M premium on TSLA puts with 100% bearish flow and 8.0 score warran...
      🌍 SPY +0.00%  QQQ +0.00%  VIX 18.0

  ⏰ CONTRACT EXPIRED — auto-closing #13

  🔴 #14 TSLA260513P00430000  [⏸ TRACKING]
      Entry: $11.70 │ Bid: $3.70  Mid: $3.73  Ask: $3.75
      P&L: $-797.50 (-68.2%) │ Target: $23.40  Stop: $5.85  DTE: 1d
      ⚠️  Stop was triggered — continuing to track for data
      💭 $1.1M premium on TSLA 430 puts expiring today with 100% bearish flow a...
      🌍 SPY +0.00%  QQQ +0.00%  VIX 18.0

  🔴 #15 AMD260515P00457500  [⏸ TRACKING]
      Entry: $22.60 │ Bid: $21.85  Mid: $22.20  Ask: $22.55
      P&L: $-40.00 (-1.8%) │ Target: $45.20  Stop: $11.30  DTE: 3d
      ⚠️  Stop was triggered — continuing to track for data
      💭 $2.0M premium in AMD puts expiring today with 100% bearish flow and 8....
      🌍 SPY +0.00%  QQQ +0.00%  VIX 18.0

  🔴 #16 QQQ260511P00706000  [⏸ TRACKING]
      Entry: $2.11 │ Bid: $0.01  Mid: $0.02  Ask: $0.03
      P&L: $-209.00 (-99.0%) │ Target: $4.22  Stop: $1.05  DTE: -1d
      ⚠️  Stop was triggered — continuing to track for data
      💭 QQQ put with $1.8M premium and 8.0 score expiring today in 100% bearis...
      🌍 SPY +0.00%  QQQ +0.00%  VIX 18.0

  ⏰ CONTRACT EXPIRED — auto-closing #16

  🔴 #17 TSLA260515P00427500  [⏸ TRACKING]
      Entry: $11.00 │ Bid: $6.25  Mid: $6.30  Ask: $6.35
      P&L: $-470.00 (-42.7%) │ Target: $22.00  Stop: $5.50  DTE: 3d
      ⚠️  Stop was triggered — continuing to track for data
      💭 $6M premium on TSLA puts with 8.8 score and 100% bearish flow concentr...
      🌍 SPY +0.00%  QQQ +0.00%  VIX 18.0

  🟢 #18 NFLX260515P00106000  [▶ OPEN]
      Entry: $17.38 │ Bid: $16.70  Mid: $17.73  Ask: $18.75
      P&L: +$35.00 (+2.0%) │ Target: $34.75  Stop: $8.69  DTE: 3d
      💭 NFLX $106 puts expiring today generated $7.9M premium with 8.2 score i...
      🌍 SPY +0.00%  QQQ +0.00%  VIX 18.0

  🔴 #19 SPY260515P00755000  [▶ OPEN]
      Entry: $22.60 │ Bid: $17.10  Mid: $17.16  Ask: $17.22
      P&L: $-544.00 (-24.1%) │ Target: $45.20  Stop: $11.30  DTE: 3d
      💭 $1.5M premium accumulated in deep OTM SPY 755 puts expiring today with...
      🌍 SPY +0.00%  QQQ +0.00%  VIX 18.0

  🔴 #20 TSLA260513P00455000  [▶ OPEN]
      Entry: $28.93 │ Bid: $21.60  Mid: $21.75  Ask: $21.90
      P&L: $-717.50 (-24.8%) │ Target: $57.85  Stop: $14.46  DTE: 1d
      💭 $18.8M in put premium with 100% bearish flow bias into a zero-DTE TSLA...
      🌍 SPY +0.00%  QQQ +0.00%  VIX 18.0
  ⏰ EXPIRING SOON — 1 day(s) remaining

  🟢 #21 QQQ260513C00707000  [▶ OPEN]
      Entry: $1.25 │ Bid: $2.42  Mid: $2.43  Ask: $2.44
      P&L: +$117.50 (+93.6%) │ Target: $2.51  Stop: $0.63  DTE: 1d
      💭 $1.2M premium on QQQ calls with 100% bullish flow bias and 7.68 score ...
      🌍 SPY +0.00%  QQQ +0.00%  VIX 18.0
  ⚡ TARGET APPROACHING — $0.08 away (94%)
  ⏰ EXPIRING SOON — 1 day(s) remaining

  🔴 #22 CRM260605C00100000  [▶ OPEN]
      Entry: $72.58 │ Bid: $69.75  Mid: $71.00  Ask: $72.25
      P&L: $-157.50 (-2.2%) │ Target: $145.15  Stop: $14.52  DTE: 24d
      💭 CRM $100 calls expiring today show $1.0M premium with 7.53 score in 10...
      🌍 SPY +0.00%  QQQ +0.00%  VIX 18.0

  🟢 #23 QQQ260513C00709000  [▶ OPEN]
      Entry: $0.80 │ Bid: $1.61  Mid: $1.62  Ask: $1.63
      P&L: +$82.50 (+103.8%) │ Target: $1.59  Stop: $0.40  DTE: 1d
      💭 $1.2M bullish call premium on QQQ expiration with 100% call-to-put flo...
      🌍 SPY +0.00%  QQQ +0.00%  VIX 18.0

  =================================================================
  🎯 TARGET HIT — #23 QQQ260513C00709000
      Entry: $0.80 → Current: $1.62
      P&L: +$82.50 (+103.8%)
  =================================================================
  ✅ Position auto-closed at TARGET

  🟢 #24 NVDA260513C00145000  [▶ OPEN]
      Entry: $72.97 │ Bid: $73.65  Mid: $75.62  Ask: $77.60
      P&L: +$265.00 (+3.6%) │ Target: $145.95  Stop: $36.49  DTE: 1d
      💭 NVDA $145 calls expiring today with $954K premium and 100% bullish flo...
      🌍 SPY +0.00%  QQQ +0.00%  VIX 18.0
  ⏰ EXPIRING SOON — 1 day(s) remaining

  🟢 #25 QQQ260513C00708000  [▶ OPEN]
      Entry: $0.96 │ Bid: $1.99  Mid: $2.00  Ask: $2.00
      P&L: +$103.50 (+107.8%) │ Target: $1.92  Stop: $0.48  DTE: 1d
      💭 $1.9M premium concentration in a single QQQ call with 100% bullish flo...
      🌍 SPY +0.00%  QQQ +0.00%  VIX 18.0

  =================================================================
  🎯 TARGET HIT — #25 QQQ260513C00708000
      Entry: $0.96 → Current: $2.00
      P&L: +$103.50 (+107.8%)
  =================================================================
  ✅ Position auto-closed at TARGET

  🟢 #26 NFLX260515P00107000  [▶ OPEN]
      Entry: $18.35 │ Bid: $17.65  Mid: $18.70  Ask: $19.75
      P&L: +$35.00 (+1.9%) │ Target: $36.70  Stop: $9.18  DTE: 3d
      💭 $9.9M in put premium flowing into $107 OTM puts expiring today signals...
      🌍 SPY +0.00%  QQQ +0.00%  VIX 18.0

  🟢 #27 IWM260513C00283000  [▶ OPEN]
      Entry: $0.51 │ Bid: $0.95  Mid: $0.96  Ask: $0.97
      P&L: +$45.50 (+90.1%) │ Target: $1.01  Stop: $0.25  DTE: 1d
      💭 $1.4M premium concentrated in OTM calls with 100% bullish flow bias wa...
      🌍 SPY +0.00%  QQQ +0.00%  VIX 18.0
  ⚡ TARGET APPROACHING — $0.05 away (90%)
  ⏰ EXPIRING SOON — 1 day(s) remaining

  🟢 #28 TSLA260513C00425000  [▶ OPEN]
      Entry: $6.95 │ Bid: $11.25  Mid: $11.32  Ask: $11.40
      P&L: +$437.50 (+63.0%) │ Target: $13.90  Stop: $3.48  DTE: 1d
      💭 TSLA 425 calls expiring today show $25.9M premium with 100% bullish fl...
      🌍 SPY +0.00%  QQQ +0.00%  VIX 18.0
  ⏰ EXPIRING SOON — 1 day(s) remaining

  🔴 #29 NVDA260513P00222500  [▶ OPEN]
      Entry: $5.03 │ Bid: $2.73  Mid: $2.75  Ask: $2.77
      P&L: $-227.50 (-45.3%) │ Target: $10.05  Stop: $2.51  DTE: 1d
      💭 $8.0M premium concentrated in zero-DTE NVDA puts at 100% bearish flow ...
      🌍 SPY +0.00%  QQQ +0.00%  VIX 18.0
  ⚠️  STOP APPROACHING — $0.24 away (90%)
  ⏰ EXPIRING SOON — 1 day(s) remaining

  🔴 #30 TSLA260513P00435000  [▶ OPEN]
      Entry: $8.90 │ Bid: $6.05  Mid: $6.08  Ask: $6.10
      P&L: $-282.50 (-31.7%) │ Target: $17.80  Stop: $4.45  DTE: 1d
      💭 $21.2M in put premium with 100% bearish flow and 0 DTE expiration crea...
      🌍 SPY +0.00%  QQQ +0.00%  VIX 18.0
  ⏰ EXPIRING SOON — 1 day(s) remaining

  🟢 #31 TSLA260513C00450000  [▶ OPEN]
      Entry: $1.04 │ Bid: $1.40  Mid: $1.41  Ask: $1.41
      P&L: +$36.50 (+35.1%) │ Target: $2.08  Stop: $0.52  DTE: 1d
      💭 $9.2M premium in TSLA calls expiring today with 100% bullish flow sign...
      🌍 SPY +0.00%  QQQ +0.00%  VIX 18.0
  ⏰ EXPIRING SOON — 1 day(s) remaining

  🔴 #32 TSLA260513P00427500  [▶ OPEN]
      Entry: $4.58 │ Bid: $2.82  Mid: $2.83  Ask: $2.85
      P&L: $-174.00 (-38.0%) │ Target: $9.15  Stop: $2.29  DTE: 1d
      💭 TSLA put with $11.5M premium and 100% bearish flow skew warrants paper...
      🌍 SPY +0.00%  QQQ +0.00%  VIX 18.0
  ⏰ EXPIRING SOON — 1 day(s) remaining

  🟢 #33 TSLA260513C00427500  [▶ OPEN]
      Entry: $7.00 │ Bid: $9.50  Mid: $9.55  Ask: $9.60
      P&L: +$255.00 (+36.4%) │ Target: $14.00  Stop: $3.50  DTE: 1d
      💭 $8.5M premium on TSLA calls with 100% bullish flow bias warrants paper...
      🌍 SPY +0.00%  QQQ +0.00%  VIX 18.0
  ⏰ EXPIRING SOON — 1 day(s) remaining

  🟢 #34 TSLA260513C00432500  [▶ OPEN]
      Entry: $5.60 │ Bid: $6.50  Mid: $6.55  Ask: $6.60
      P&L: +$95.00 (+17.0%) │ Target: $11.20  Stop: $2.80  DTE: 1d
      💭 $17.4M premium accumulated on a single OTM call expiring today signals...
      🌍 SPY +0.00%  QQQ +0.00%  VIX 18.0
  ⏰ EXPIRING SOON — 1 day(s) remaining

  ⏳ Next check in 3 minutes...

  ─────────────────────────────────────────────────────────────────
  📡 POSITION CHECK — 15:37:57 EDT
  ─────────────────────────────────────────────────────────────────

  🔴 #10 SPY260511P00745000  [⏸ TRACKING]
      Entry: $9.88 │ Bid: $6.03  Mid: $6.17  Ask: $6.31
      P&L: $-370.50 (-37.5%) │ Target: $19.75  Stop: $4.94  DTE: -1d
      ⚠️  Stop was triggered — continuing to track for data
      💭 HIGH SPY put signal — score 8.0, $4.4M premium, 3 DTE, bearish thesis....
      🌍 SPY +0.00%  QQQ +0.00%  VIX 18.0

  ⏰ CONTRACT EXPIRED — auto-closing #10

  🔴 #11 TSLA260511P00425000  [⏸ TRACKING]
      Entry: $7.83 │ Bid: $0.00  Mid: $0.02  Ask: $0.01
      P&L: $-780.50 (-99.7%) │ Target: $15.65  Stop: $3.91  DTE: -1d
      ⚠️  Stop was triggered — continuing to track for data
      💭 HIGH TSLA put signal — score 5.62, $1.6M premium, 3 DTE, bearish thesi...
      🌍 SPY +0.00%  QQQ +0.00%  VIX 18.0

  ⏰ CONTRACT EXPIRED — auto-closing #11

  🔴 #13 TSLA260511P00430000  [⏸ TRACKING]
      Entry: $7.33 │ Bid: $0.00  Mid: $0.01  Ask: $0.01
      P&L: $-731.50 (-99.9%) │ Target: $14.65  Stop: $3.66  DTE: -1d
      ⚠️  Stop was triggered — continuing to track for data
      💭 $2.8M premium on TSLA puts with 100% bearish flow and 8.0 score warran...
      🌍 SPY +0.00%  QQQ +0.00%  VIX 18.0

  ⏰ CONTRACT EXPIRED — auto-closing #13

  🔴 #14 TSLA260513P00430000  [⏸ TRACKING]
      Entry: $11.70 │ Bid: $3.80  Mid: $3.85  Ask: $3.90
      P&L: $-785.00 (-67.1%) │ Target: $23.40  Stop: $5.85  DTE: 1d
      ⚠️  Stop was triggered — continuing to track for data
      💭 $1.1M premium on TSLA 430 puts expiring today with 100% bearish flow a...
      🌍 SPY +0.00%  QQQ +0.00%  VIX 18.0

  🔴 #15 AMD260515P00457500  [⏸ TRACKING]
      Entry: $22.60 │ Bid: $21.80  Mid: $22.10  Ask: $22.40
      P&L: $-50.00 (-2.2%) │ Target: $45.20  Stop: $11.30  DTE: 3d
      ⚠️  Stop was triggered — continuing to track for data
      💭 $2.0M premium in AMD puts expiring today with 100% bearish flow and 8....
      🌍 SPY +0.00%  QQQ +0.00%  VIX 18.0

  🔴 #16 QQQ260511P00706000  [⏸ TRACKING]
      Entry: $2.11 │ Bid: $0.01  Mid: $0.02  Ask: $0.03
      P&L: $-209.00 (-99.0%) │ Target: $4.22  Stop: $1.05  DTE: -1d
      ⚠️  Stop was triggered — continuing to track for data
      💭 QQQ put with $1.8M premium and 8.0 score expiring today in 100% bearis...
      🌍 SPY +0.00%  QQQ +0.00%  VIX 18.0

  ⏰ CONTRACT EXPIRED — auto-closing #16

  🔴 #17 TSLA260515P00427500  [⏸ TRACKING]
      Entry: $11.00 │ Bid: $6.40  Mid: $6.45  Ask: $6.50
      P&L: $-455.00 (-41.4%) │ Target: $22.00  Stop: $5.50  DTE: 3d
      ⚠️  Stop was triggered — continuing to track for data
      💭 $6M premium on TSLA puts with 8.8 score and 100% bearish flow concentr...
      🌍 SPY +0.00%  QQQ +0.00%  VIX 18.0

  🟢 #18 NFLX260515P00106000  [▶ OPEN]
      Entry: $17.38 │ Bid: $16.70  Mid: $17.73  Ask: $18.75
      P&L: +$35.00 (+2.0%) │ Target: $34.75  Stop: $8.69  DTE: 3d
      💭 NFLX $106 puts expiring today generated $7.9M premium with 8.2 score i...
      🌍 SPY +0.00%  QQQ +0.00%  VIX 18.0

  🔴 #19 SPY260515P00755000  [▶ OPEN]
      Entry: $22.60 │ Bid: $17.23  Mid: $17.30  Ask: $17.36
      P&L: $-530.50 (-23.5%) │ Target: $45.20  Stop: $11.30  DTE: 3d
      💭 $1.5M premium accumulated in deep OTM SPY 755 puts expiring today with...
      🌍 SPY +0.00%  QQQ +0.00%  VIX 18.0

  🔴 #20 TSLA260513P00455000  [▶ OPEN]
      Entry: $28.93 │ Bid: $21.80  Mid: $22.00  Ask: $22.20
      P&L: $-692.50 (-23.9%) │ Target: $57.85  Stop: $14.46  DTE: 1d
      💭 $18.8M in put premium with 100% bearish flow bias into a zero-DTE TSLA...
      🌍 SPY +0.00%  QQQ +0.00%  VIX 18.0
  ⏰ EXPIRING SOON — 1 day(s) remaining

  🟢 #21 QQQ260513C00707000  [▶ OPEN]
      Entry: $1.25 │ Bid: $2.33  Mid: $2.34  Ask: $2.35
      P&L: +$108.50 (+86.5%) │ Target: $2.51  Stop: $0.63  DTE: 1d
      💭 $1.2M premium on QQQ calls with 100% bullish flow bias and 7.68 score ...
      🌍 SPY +0.00%  QQQ +0.00%  VIX 18.0
  ⚡ TARGET APPROACHING — $0.17 away (86%)
  ⏰ EXPIRING SOON — 1 day(s) remaining

  🔴 #22 CRM260605C00100000  [▶ OPEN]
      Entry: $72.58 │ Bid: $69.75  Mid: $71.00  Ask: $72.25
      P&L: $-157.50 (-2.2%) │ Target: $145.15  Stop: $14.52  DTE: 24d
      💭 CRM $100 calls expiring today show $1.0M premium with 7.53 score in 10...
      🌍 SPY +0.00%  QQQ +0.00%  VIX 18.0

  🟢 #24 NVDA260513C00145000  [▶ OPEN]
      Entry: $72.97 │ Bid: $73.70  Mid: $75.90  Ask: $78.10
      P&L: +$292.50 (+4.0%) │ Target: $145.95  Stop: $36.49  DTE: 1d
      💭 NVDA $145 calls expiring today with $954K premium and 100% bullish flo...
      🌍 SPY +0.00%  QQQ +0.00%  VIX 18.0
  ⏰ EXPIRING SOON — 1 day(s) remaining

  🟢 #26 NFLX260515P00107000  [▶ OPEN]
      Entry: $18.35 │ Bid: $17.65  Mid: $18.70  Ask: $19.75
      P&L: +$35.00 (+1.9%) │ Target: $36.70  Stop: $9.18  DTE: 3d
      💭 $9.9M in put premium flowing into $107 OTM puts expiring today signals...
      🌍 SPY +0.00%  QQQ +0.00%  VIX 18.0

  🟢 #27 IWM260513C00283000  [▶ OPEN]
      Entry: $0.51 │ Bid: $0.96  Mid: $0.96  Ask: $0.97
      P&L: +$46.00 (+91.1%) │ Target: $1.01  Stop: $0.25  DTE: 1d
      💭 $1.4M premium concentrated in OTM calls with 100% bullish flow bias wa...
      🌍 SPY +0.00%  QQQ +0.00%  VIX 18.0
  ⚡ TARGET APPROACHING — $0.05 away (91%)
  ⏰ EXPIRING SOON — 1 day(s) remaining

  🟢 #28 TSLA260513C00425000  [▶ OPEN]
      Entry: $6.95 │ Bid: $11.05  Mid: $11.07  Ask: $11.10
      P&L: +$412.50 (+59.4%) │ Target: $13.90  Stop: $3.48  DTE: 1d
      💭 TSLA 425 calls expiring today show $25.9M premium with 100% bullish fl...
      🌍 SPY +0.00%  QQQ +0.00%  VIX 18.0
  ⏰ EXPIRING SOON — 1 day(s) remaining

  🔴 #29 NVDA260513P00222500  [▶ OPEN]
      Entry: $5.03 │ Bid: $2.71  Mid: $2.73  Ask: $2.75
      P&L: $-229.50 (-45.7%) │ Target: $10.05  Stop: $2.51  DTE: 1d
      💭 $8.0M premium concentrated in zero-DTE NVDA puts at 100% bearish flow ...
      🌍 SPY +0.00%  QQQ +0.00%  VIX 18.0
  ⚠️  STOP APPROACHING — $0.22 away (91%)
  ⏰ EXPIRING SOON — 1 day(s) remaining

  🔴 #30 TSLA260513P00435000  [▶ OPEN]
      Entry: $8.90 │ Bid: $6.20  Mid: $6.25  Ask: $6.30
      P&L: $-265.00 (-29.8%) │ Target: $17.80  Stop: $4.45  DTE: 1d
      💭 $21.2M in put premium with 100% bearish flow and 0 DTE expiration crea...
      🌍 SPY +0.00%  QQQ +0.00%  VIX 18.0
  ⏰ EXPIRING SOON — 1 day(s) remaining

  🟢 #31 TSLA260513C00450000  [▶ OPEN]
      Entry: $1.04 │ Bid: $1.32  Mid: $1.33  Ask: $1.34
      P&L: +$29.00 (+27.9%) │ Target: $2.08  Stop: $0.52  DTE: 1d
      💭 $9.2M premium in TSLA calls expiring today with 100% bullish flow sign...
      🌍 SPY +0.00%  QQQ +0.00%  VIX 18.0
  ⏰ EXPIRING SOON — 1 day(s) remaining

  🔴 #32 TSLA260513P00427500  [▶ OPEN]
      Entry: $4.58 │ Bid: $2.93  Mid: $2.95  Ask: $2.97
      P&L: $-162.50 (-35.5%) │ Target: $9.15  Stop: $2.29  DTE: 1d
      💭 TSLA put with $11.5M premium and 100% bearish flow skew warrants paper...
      🌍 SPY +0.00%  QQQ +0.00%  VIX 18.0
  ⏰ EXPIRING SOON — 1 day(s) remaining

  🟢 #33 TSLA260513C00427500  [▶ OPEN]
      Entry: $7.00 │ Bid: $9.25  Mid: $9.32  Ask: $9.40
      P&L: +$232.50 (+33.2%) │ Target: $14.00  Stop: $3.50  DTE: 1d
      💭 $8.5M premium on TSLA calls with 100% bullish flow bias warrants paper...
      🌍 SPY +0.00%  QQQ +0.00%  VIX 18.0
  ⏰ EXPIRING SOON — 1 day(s) remaining

  🟢 #34 TSLA260513C00432500  [▶ OPEN]
      Entry: $5.60 │ Bid: $6.30  Mid: $6.35  Ask: $6.40
      P&L: +$75.00 (+13.4%) │ Target: $11.20  Stop: $2.80  DTE: 1d
      💭 $17.4M premium accumulated on a single OTM call expiring today signals...
      🌍 SPY +0.00%  QQQ +0.00%  VIX 18.0
  ⏰ EXPIRING SOON — 1 day(s) remaining

  ⏳ Next check in 3 minutes...

  ─────────────────────────────────────────────────────────────────
  📡 POSITION CHECK — 15:40:58 EDT
  ─────────────────────────────────────────────────────────────────

  🔴 #10 SPY260511P00745000  [⏸ TRACKING]
      Entry: $9.88 │ Bid: $6.03  Mid: $6.17  Ask: $6.31
      P&L: $-370.50 (-37.5%) │ Target: $19.75  Stop: $4.94  DTE: -1d
      ⚠️  Stop was triggered — continuing to track for data
      💭 HIGH SPY put signal — score 8.0, $4.4M premium, 3 DTE, bearish thesis....
      🌍 SPY +0.00%  QQQ +0.00%  VIX 18.0

  ⏰ CONTRACT EXPIRED — auto-closing #10

  🔴 #11 TSLA260511P00425000  [⏸ TRACKING]
      Entry: $7.83 │ Bid: $0.00  Mid: $0.02  Ask: $0.01
      P&L: $-780.50 (-99.7%) │ Target: $15.65  Stop: $3.91  DTE: -1d
      ⚠️  Stop was triggered — continuing to track for data
      💭 HIGH TSLA put signal — score 5.62, $1.6M premium, 3 DTE, bearish thesi...
      🌍 SPY +0.00%  QQQ +0.00%  VIX 18.0

  ⏰ CONTRACT EXPIRED — auto-closing #11

  🔴 #13 TSLA260511P00430000  [⏸ TRACKING]
      Entry: $7.33 │ Bid: $0.00  Mid: $0.01  Ask: $0.01
      P&L: $-731.50 (-99.9%) │ Target: $14.65  Stop: $3.66  DTE: -1d
      ⚠️  Stop was triggered — continuing to track for data
      💭 $2.8M premium on TSLA puts with 100% bearish flow and 8.0 score warran...
      🌍 SPY +0.00%  QQQ +0.00%  VIX 18.0

  ⏰ CONTRACT EXPIRED — auto-closing #13

  🔴 #14 TSLA260513P00430000  [⏸ TRACKING]
      Entry: $11.70 │ Bid: $3.65  Mid: $3.70  Ask: $3.75
      P&L: $-800.00 (-68.4%) │ Target: $23.40  Stop: $5.85  DTE: 1d
      ⚠️  Stop was triggered — continuing to track for data
      💭 $1.1M premium on TSLA 430 puts expiring today with 100% bearish flow a...
      🌍 SPY +0.00%  QQQ +0.00%  VIX 18.0

  🔴 #15 AMD260515P00457500  [⏸ TRACKING]
      Entry: $22.60 │ Bid: $21.10  Mid: $21.40  Ask: $21.70
      P&L: $-120.00 (-5.3%) │ Target: $45.20  Stop: $11.30  DTE: 3d
      ⚠️  Stop was triggered — continuing to track for data
      💭 $2.0M premium in AMD puts expiring today with 100% bearish flow and 8....
      🌍 SPY +0.00%  QQQ +0.00%  VIX 18.0

  🔴 #16 QQQ260511P00706000  [⏸ TRACKING]
      Entry: $2.11 │ Bid: $0.01  Mid: $0.02  Ask: $0.03
      P&L: $-209.00 (-99.0%) │ Target: $4.22  Stop: $1.05  DTE: -1d
      ⚠️  Stop was triggered — continuing to track for data
      💭 QQQ put with $1.8M premium and 8.0 score expiring today in 100% bearis...
      🌍 SPY +0.00%  QQQ +0.00%  VIX 18.0

  ⏰ CONTRACT EXPIRED — auto-closing #16

  🔴 #17 TSLA260515P00427500  [⏸ TRACKING]
      Entry: $11.00 │ Bid: $6.25  Mid: $6.30  Ask: $6.35
      P&L: $-470.00 (-42.7%) │ Target: $22.00  Stop: $5.50  DTE: 3d
      ⚠️  Stop was triggered — continuing to track for data
      💭 $6M premium on TSLA puts with 8.8 score and 100% bearish flow concentr...
      🌍 SPY +0.00%  QQQ +0.00%  VIX 18.0

  🟢 #18 NFLX260515P00106000  [▶ OPEN]
      Entry: $17.38 │ Bid: $16.70  Mid: $17.73  Ask: $18.75
      P&L: +$35.00 (+2.0%) │ Target: $34.75  Stop: $8.69  DTE: 3d
      💭 NFLX $106 puts expiring today generated $7.9M premium with 8.2 score i...
      🌍 SPY +0.00%  QQQ +0.00%  VIX 18.0

  🔴 #19 SPY260515P00755000  [▶ OPEN]
      Entry: $22.60 │ Bid: $17.28  Mid: $17.34  Ask: $17.41
      P&L: $-525.50 (-23.2%) │ Target: $45.20  Stop: $11.30  DTE: 3d
      💭 $1.5M premium accumulated in deep OTM SPY 755 puts expiring today with...
      🌍 SPY +0.00%  QQQ +0.00%  VIX 18.0

  🔴 #20 TSLA260513P00455000  [▶ OPEN]
      Entry: $28.93 │ Bid: $21.50  Mid: $21.68  Ask: $21.85
      P&L: $-725.00 (-25.1%) │ Target: $57.85  Stop: $14.46  DTE: 1d
      💭 $18.8M in put premium with 100% bearish flow bias into a zero-DTE TSLA...
      🌍 SPY +0.00%  QQQ +0.00%  VIX 18.0
  ⏰ EXPIRING SOON — 1 day(s) remaining

  🟢 #21 QQQ260513C00707000  [▶ OPEN]
      Entry: $1.25 │ Bid: $2.45  Mid: $2.46  Ask: $2.47
      P&L: +$120.50 (+96.0%) │ Target: $2.51  Stop: $0.63  DTE: 1d
      💭 $1.2M premium on QQQ calls with 100% bullish flow bias and 7.68 score ...
      🌍 SPY +0.00%  QQQ +0.00%  VIX 18.0
  ⚡ TARGET APPROACHING — $0.05 away (96%)
  ⏰ EXPIRING SOON — 1 day(s) remaining

  🔴 #22 CRM260605C00100000  [▶ OPEN]
      Entry: $72.58 │ Bid: $69.75  Mid: $71.00  Ask: $72.25
      P&L: $-157.50 (-2.2%) │ Target: $145.15  Stop: $14.52  DTE: 24d
      💭 CRM $100 calls expiring today show $1.0M premium with 7.53 score in 10...
      🌍 SPY +0.00%  QQQ +0.00%  VIX 18.0

  🟢 #24 NVDA260513C00145000  [▶ OPEN]
      Entry: $72.97 │ Bid: $74.10  Mid: $76.10  Ask: $78.10
      P&L: +$312.50 (+4.3%) │ Target: $145.95  Stop: $36.49  DTE: 1d
      💭 NVDA $145 calls expiring today with $954K premium and 100% bullish flo...
      🌍 SPY +0.00%  QQQ +0.00%  VIX 18.0
  ⏰ EXPIRING SOON — 1 day(s) remaining

  🟢 #26 NFLX260515P00107000  [▶ OPEN]
      Entry: $18.35 │ Bid: $17.65  Mid: $18.70  Ask: $19.75
      P&L: +$35.00 (+1.9%) │ Target: $36.70  Stop: $9.18  DTE: 3d
      💭 $9.9M in put premium flowing into $107 OTM puts expiring today signals...
      🌍 SPY +0.00%  QQQ +0.00%  VIX 18.0

  🟢 #27 IWM260513C00283000  [▶ OPEN]
      Entry: $0.51 │ Bid: $0.94  Mid: $0.95  Ask: $0.96
      P&L: +$44.50 (+88.1%) │ Target: $1.01  Stop: $0.25  DTE: 1d
      💭 $1.4M premium concentrated in OTM calls with 100% bullish flow bias wa...
      🌍 SPY +0.00%  QQQ +0.00%  VIX 18.0
  ⚡ TARGET APPROACHING — $0.06 away (88%)
  ⏰ EXPIRING SOON — 1 day(s) remaining

  🟢 #28 TSLA260513C00425000  [▶ OPEN]
      Entry: $6.95 │ Bid: $11.40  Mid: $11.47  Ask: $11.55
      P&L: +$452.50 (+65.1%) │ Target: $13.90  Stop: $3.48  DTE: 1d
      💭 TSLA 425 calls expiring today show $25.9M premium with 100% bullish fl...
      🌍 SPY +0.00%  QQQ +0.00%  VIX 18.0
  ⏰ EXPIRING SOON — 1 day(s) remaining

  🔴 #29 NVDA260513P00222500  [▶ OPEN]
      Entry: $5.03 │ Bid: $2.66  Mid: $2.67  Ask: $2.67
      P&L: $-236.00 (-47.0%) │ Target: $10.05  Stop: $2.51  DTE: 1d
      💭 $8.0M premium concentrated in zero-DTE NVDA puts at 100% bearish flow ...
      🌍 SPY +0.00%  QQQ +0.00%  VIX 18.0
  ⚠️  STOP APPROACHING — $0.16 away (94%)
  ⏰ EXPIRING SOON — 1 day(s) remaining

  🔴 #30 TSLA260513P00435000  [▶ OPEN]
      Entry: $8.90 │ Bid: $6.00  Mid: $6.05  Ask: $6.10
      P&L: $-285.00 (-32.0%) │ Target: $17.80  Stop: $4.45  DTE: 1d
      💭 $21.2M in put premium with 100% bearish flow and 0 DTE expiration crea...
      🌍 SPY +0.00%  QQQ +0.00%  VIX 18.0
  ⏰ EXPIRING SOON — 1 day(s) remaining

  🟢 #31 TSLA260513C00450000  [▶ OPEN]
      Entry: $1.04 │ Bid: $1.43  Mid: $1.44  Ask: $1.45
      P&L: +$40.00 (+38.5%) │ Target: $2.08  Stop: $0.52  DTE: 1d
      💭 $9.2M premium in TSLA calls expiring today with 100% bullish flow sign...
      🌍 SPY +0.00%  QQQ +0.00%  VIX 18.0
  ⏰ EXPIRING SOON — 1 day(s) remaining

  🔴 #32 TSLA260513P00427500  [▶ OPEN]
      Entry: $4.58 │ Bid: $2.82  Mid: $2.83  Ask: $2.85
      P&L: $-174.00 (-38.0%) │ Target: $9.15  Stop: $2.29  DTE: 1d
      💭 TSLA put with $11.5M premium and 100% bearish flow skew warrants paper...
      🌍 SPY +0.00%  QQQ +0.00%  VIX 18.0
  ⏰ EXPIRING SOON — 1 day(s) remaining

  🟢 #33 TSLA260513C00427500  [▶ OPEN]
      Entry: $7.00 │ Bid: $9.60  Mid: $9.68  Ask: $9.75
      P&L: +$267.50 (+38.2%) │ Target: $14.00  Stop: $3.50  DTE: 1d
      💭 $8.5M premium on TSLA calls with 100% bullish flow bias warrants paper...
      🌍 SPY +0.00%  QQQ +0.00%  VIX 18.0
  ⏰ EXPIRING SOON — 1 day(s) remaining

  🟢 #34 TSLA260513C00432500  [▶ OPEN]
      Entry: $5.60 │ Bid: $6.60  Mid: $6.65  Ask: $6.70
      P&L: +$105.00 (+18.8%) │ Target: $11.20  Stop: $2.80  DTE: 1d
      💭 $17.4M premium accumulated on a single OTM call expiring today signals...
      🌍 SPY +0.00%  QQQ +0.00%  VIX 18.0
  ⏰ EXPIRING SOON — 1 day(s) remaining

  ⏳ Next check in 3 minutes...

  ─────────────────────────────────────────────────────────────────
  📡 POSITION CHECK — 15:44:00 EDT
  ─────────────────────────────────────────────────────────────────

  🔴 #10 SPY260511P00745000  [⏸ TRACKING]
      Entry: $9.88 │ Bid: $6.03  Mid: $6.17  Ask: $6.31
      P&L: $-370.50 (-37.5%) │ Target: $19.75  Stop: $4.94  DTE: -1d
      ⚠️  Stop was triggered — continuing to track for data
      💭 HIGH SPY put signal — score 8.0, $4.4M premium, 3 DTE, bearish thesis....
      🌍 SPY +0.00%  QQQ +0.00%  VIX 18.0

  ⏰ CONTRACT EXPIRED — auto-closing #10

  🔴 #11 TSLA260511P00425000  [⏸ TRACKING]
      Entry: $7.83 │ Bid: $0.00  Mid: $0.02  Ask: $0.01
      P&L: $-780.50 (-99.7%) │ Target: $15.65  Stop: $3.91  DTE: -1d
      ⚠️  Stop was triggered — continuing to track for data
      💭 HIGH TSLA put signal — score 5.62, $1.6M premium, 3 DTE, bearish thesi...
      🌍 SPY +0.00%  QQQ +0.00%  VIX 18.0

  ⏰ CONTRACT EXPIRED — auto-closing #11

  🔴 #13 TSLA260511P00430000  [⏸ TRACKING]
      Entry: $7.33 │ Bid: $0.00  Mid: $0.01  Ask: $0.01
      P&L: $-731.50 (-99.9%) │ Target: $14.65  Stop: $3.66  DTE: -1d
      ⚠️  Stop was triggered — continuing to track for data
      💭 $2.8M premium on TSLA puts with 100% bearish flow and 8.0 score warran...
      🌍 SPY +0.00%  QQQ +0.00%  VIX 18.0

  ⏰ CONTRACT EXPIRED — auto-closing #13

  🔴 #14 TSLA260513P00430000  [⏸ TRACKING]
      Entry: $11.70 │ Bid: $3.65  Mid: $3.67  Ask: $3.70
      P&L: $-802.50 (-68.6%) │ Target: $23.40  Stop: $5.85  DTE: 1d
      ⚠️  Stop was triggered — continuing to track for data
      💭 $1.1M premium on TSLA 430 puts expiring today with 100% bearish flow a...
      🌍 SPY +0.00%  QQQ +0.00%  VIX 18.0

  🔴 #15 AMD260515P00457500  [⏸ TRACKING]
      Entry: $22.60 │ Bid: $20.80  Mid: $21.10  Ask: $21.40
      P&L: $-150.00 (-6.6%) │ Target: $45.20  Stop: $11.30  DTE: 3d
      ⚠️  Stop was triggered — continuing to track for data
      💭 $2.0M premium in AMD puts expiring today with 100% bearish flow and 8....
      🌍 SPY +0.00%  QQQ +0.00%  VIX 18.0

  🔴 #16 QQQ260511P00706000  [⏸ TRACKING]
      Entry: $2.11 │ Bid: $0.01  Mid: $0.02  Ask: $0.03
      P&L: $-209.00 (-99.0%) │ Target: $4.22  Stop: $1.05  DTE: -1d
      ⚠️  Stop was triggered — continuing to track for data
      💭 QQQ put with $1.8M premium and 8.0 score expiring today in 100% bearis...
      🌍 SPY +0.00%  QQQ +0.00%  VIX 18.0

  ⏰ CONTRACT EXPIRED — auto-closing #16

  🔴 #17 TSLA260515P00427500  [⏸ TRACKING]
      Entry: $11.00 │ Bid: $6.20  Mid: $6.25  Ask: $6.30
      P&L: $-475.00 (-43.2%) │ Target: $22.00  Stop: $5.50  DTE: 3d
      ⚠️  Stop was triggered — continuing to track for data
      💭 $6M premium on TSLA puts with 8.8 score and 100% bearish flow concentr...
      🌍 SPY +0.00%  QQQ +0.00%  VIX 18.0

  🟢 #18 NFLX260515P00106000  [▶ OPEN]
      Entry: $17.38 │ Bid: $16.70  Mid: $17.73  Ask: $18.75
      P&L: +$35.00 (+2.0%) │ Target: $34.75  Stop: $8.69  DTE: 3d
      💭 NFLX $106 puts expiring today generated $7.9M premium with 8.2 score i...
      🌍 SPY +0.00%  QQQ +0.00%  VIX 18.0

  🔴 #19 SPY260515P00755000  [▶ OPEN]
      Entry: $22.60 │ Bid: $17.07  Mid: $17.14  Ask: $17.20
      P&L: $-546.50 (-24.2%) │ Target: $45.20  Stop: $11.30  DTE: 3d
      💭 $1.5M premium accumulated in deep OTM SPY 755 puts expiring today with...
      🌍 SPY +0.00%  QQQ +0.00%  VIX 18.0

  🔴 #20 TSLA260513P00455000  [▶ OPEN]
      Entry: $28.93 │ Bid: $21.25  Mid: $21.45  Ask: $21.65
      P&L: $-747.50 (-25.8%) │ Target: $57.85  Stop: $14.46  DTE: 1d
      💭 $18.8M in put premium with 100% bearish flow bias into a zero-DTE TSLA...
      🌍 SPY +0.00%  QQQ +0.00%  VIX 18.0
  ⏰ EXPIRING SOON — 1 day(s) remaining

  🔴 #22 CRM260605C00100000  [▶ OPEN]
      Entry: $72.58 │ Bid: $69.75  Mid: $71.00  Ask: $72.25
      P&L: $-157.50 (-2.2%) │ Target: $145.15  Stop: $14.52  DTE: 24d
      💭 CRM $100 calls expiring today show $1.0M premium with 7.53 score in 10...
      🌍 SPY +0.00%  QQQ +0.00%  VIX 18.0

  🟢 #24 NVDA260513C00145000  [▶ OPEN]
      Entry: $72.97 │ Bid: $74.10  Mid: $76.15  Ask: $78.20
      P&L: +$317.50 (+4.3%) │ Target: $145.95  Stop: $36.49  DTE: 1d
      💭 NVDA $145 calls expiring today with $954K premium and 100% bullish flo...
      🌍 SPY +0.00%  QQQ +0.00%  VIX 18.0
  ⏰ EXPIRING SOON — 1 day(s) remaining

  🟢 #26 NFLX260515P00107000  [▶ OPEN]
      Entry: $18.35 │ Bid: $17.65  Mid: $18.70  Ask: $19.75
      P&L: +$35.00 (+1.9%) │ Target: $36.70  Stop: $9.18  DTE: 3d
      💭 $9.9M in put premium flowing into $107 OTM puts expiring today signals...
      🌍 SPY +0.00%  QQQ +0.00%  VIX 18.0

  🟢 #27 IWM260513C00283000  [▶ OPEN]
      Entry: $0.51 │ Bid: $0.97  Mid: $0.98  Ask: $1.00
      P&L: +$48.00 (+95.0%) │ Target: $1.01  Stop: $0.25  DTE: 1d
      💭 $1.4M premium concentrated in OTM calls with 100% bullish flow bias wa...
      🌍 SPY +0.00%  QQQ +0.00%  VIX 18.0
  ⚡ TARGET APPROACHING — $0.03 away (95%)
  ⏰ EXPIRING SOON — 1 day(s) remaining

  🟢 #28 TSLA260513C00425000  [▶ OPEN]
      Entry: $6.95 │ Bid: $11.50  Mid: $11.57  Ask: $11.65
      P&L: +$462.50 (+66.5%) │ Target: $13.90  Stop: $3.48  DTE: 1d
      💭 TSLA 425 calls expiring today show $25.9M premium with 100% bullish fl...
      🌍 SPY +0.00%  QQQ +0.00%  VIX 18.0
  ⏰ EXPIRING SOON — 1 day(s) remaining

  🔴 #29 NVDA260513P00222500  [▶ OPEN]
      Entry: $5.03 │ Bid: $2.70  Mid: $2.71  Ask: $2.72
      P&L: $-231.50 (-46.1%) │ Target: $10.05  Stop: $2.51  DTE: 1d
      💭 $8.0M premium concentrated in zero-DTE NVDA puts at 100% bearish flow ...
      🌍 SPY +0.00%  QQQ +0.00%  VIX 18.0
  ⚠️  STOP APPROACHING — $0.20 away (92%)
  ⏰ EXPIRING SOON — 1 day(s) remaining

  🔴 #30 TSLA260513P00435000  [▶ OPEN]
      Entry: $8.90 │ Bid: $5.95  Mid: $6.00  Ask: $6.05
      P&L: $-290.00 (-32.6%) │ Target: $17.80  Stop: $4.45  DTE: 1d
      💭 $21.2M in put premium with 100% bearish flow and 0 DTE expiration crea...
      🌍 SPY +0.00%  QQQ +0.00%  VIX 18.0
  ⏰ EXPIRING SOON — 1 day(s) remaining

  🟢 #31 TSLA260513C00450000  [▶ OPEN]
      Entry: $1.04 │ Bid: $1.46  Mid: $1.47  Ask: $1.48
      P&L: +$43.00 (+41.4%) │ Target: $2.08  Stop: $0.52  DTE: 1d
      💭 $9.2M premium in TSLA calls expiring today with 100% bullish flow sign...
      🌍 SPY +0.00%  QQQ +0.00%  VIX 18.0
  ⏰ EXPIRING SOON — 1 day(s) remaining

  🔴 #32 TSLA260513P00427500  [▶ OPEN]
      Entry: $4.58 │ Bid: $2.78  Mid: $2.79  Ask: $2.81
      P&L: $-178.00 (-38.9%) │ Target: $9.15  Stop: $2.29  DTE: 1d
      💭 TSLA put with $11.5M premium and 100% bearish flow skew warrants paper...
      🌍 SPY +0.00%  QQQ +0.00%  VIX 18.0
  ⏰ EXPIRING SOON — 1 day(s) remaining

  🟢 #33 TSLA260513C00427500  [▶ OPEN]
      Entry: $7.00 │ Bid: $9.70  Mid: $9.75  Ask: $9.80
      P&L: +$275.00 (+39.3%) │ Target: $14.00  Stop: $3.50  DTE: 1d
      💭 $8.5M premium on TSLA calls with 100% bullish flow bias warrants paper...
      🌍 SPY +0.00%  QQQ +0.00%  VIX 18.0
  ⏰ EXPIRING SOON — 1 day(s) remaining

  🟢 #34 TSLA260513C00432500  [▶ OPEN]
      Entry: $5.60 │ Bid: $6.65  Mid: $6.70  Ask: $6.75
      P&L: +$110.00 (+19.6%) │ Target: $11.20  Stop: $2.80  DTE: 1d
      💭 $17.4M premium accumulated on a single OTM call expiring today signals...
      🌍 SPY +0.00%  QQQ +0.00%  VIX 18.0
  ⏰ EXPIRING SOON — 1 day(s) remaining

  ⏳ Next check in 3 minutes...

  ─────────────────────────────────────────────────────────────────
  📡 POSITION CHECK — 15:47:02 EDT
  ─────────────────────────────────────────────────────────────────

  🔴 #10 SPY260511P00745000  [⏸ TRACKING]
      Entry: $9.88 │ Bid: $6.03  Mid: $6.17  Ask: $6.31
      P&L: $-370.50 (-37.5%) │ Target: $19.75  Stop: $4.94  DTE: -1d
      ⚠️  Stop was triggered — continuing to track for data
      💭 HIGH SPY put signal — score 8.0, $4.4M premium, 3 DTE, bearish thesis....
      🌍 SPY +0.00%  QQQ +0.00%  VIX 18.1

  ⏰ CONTRACT EXPIRED — auto-closing #10

  🔴 #11 TSLA260511P00425000  [⏸ TRACKING]
      Entry: $7.83 │ Bid: $0.00  Mid: $0.02  Ask: $0.01
      P&L: $-780.50 (-99.7%) │ Target: $15.65  Stop: $3.91  DTE: -1d
      ⚠️  Stop was triggered — continuing to track for data
      💭 HIGH TSLA put signal — score 5.62, $1.6M premium, 3 DTE, bearish thesi...
      🌍 SPY +0.00%  QQQ +0.00%  VIX 18.1

  ⏰ CONTRACT EXPIRED — auto-closing #11

  🔴 #13 TSLA260511P00430000  [⏸ TRACKING]
      Entry: $7.33 │ Bid: $0.00  Mid: $0.01  Ask: $0.01
      P&L: $-731.50 (-99.9%) │ Target: $14.65  Stop: $3.66  DTE: -1d
      ⚠️  Stop was triggered — continuing to track for data
      💭 $2.8M premium on TSLA puts with 100% bearish flow and 8.0 score warran...
      🌍 SPY +0.00%  QQQ +0.00%  VIX 18.1

  ⏰ CONTRACT EXPIRED — auto-closing #13

  🔴 #14 TSLA260513P00430000  [⏸ TRACKING]
      Entry: $11.70 │ Bid: $3.85  Mid: $3.90  Ask: $3.95
      P&L: $-780.00 (-66.7%) │ Target: $23.40  Stop: $5.85  DTE: 1d
      ⚠️  Stop was triggered — continuing to track for data
      💭 $1.1M premium on TSLA 430 puts expiring today with 100% bearish flow a...
      🌍 SPY +0.00%  QQQ +0.00%  VIX 18.1

  🔴 #15 AMD260515P00457500  [⏸ TRACKING]
      Entry: $22.60 │ Bid: $20.75  Mid: $21.02  Ask: $21.30
      P&L: $-157.50 (-7.0%) │ Target: $45.20  Stop: $11.30  DTE: 3d
      ⚠️  Stop was triggered — continuing to track for data
      💭 $2.0M premium in AMD puts expiring today with 100% bearish flow and 8....
      🌍 SPY +0.00%  QQQ +0.00%  VIX 18.1

  🔴 #16 QQQ260511P00706000  [⏸ TRACKING]
      Entry: $2.11 │ Bid: $0.01  Mid: $0.02  Ask: $0.03
      P&L: $-209.00 (-99.0%) │ Target: $4.22  Stop: $1.05  DTE: -1d
      ⚠️  Stop was triggered — continuing to track for data
      💭 QQQ put with $1.8M premium and 8.0 score expiring today in 100% bearis...
      🌍 SPY +0.00%  QQQ +0.00%  VIX 18.1

  ⏰ CONTRACT EXPIRED — auto-closing #16

  🔴 #17 TSLA260515P00427500  [⏸ TRACKING]
      Entry: $11.00 │ Bid: $6.35  Mid: $6.40  Ask: $6.45
      P&L: $-460.00 (-41.8%) │ Target: $22.00  Stop: $5.50  DTE: 3d
      ⚠️  Stop was triggered — continuing to track for data
      💭 $6M premium on TSLA puts with 8.8 score and 100% bearish flow concentr...
      🌍 SPY +0.00%  QQQ +0.00%  VIX 18.1

  🟢 #18 NFLX260515P00106000  [▶ OPEN]
      Entry: $17.38 │ Bid: $16.70  Mid: $17.73  Ask: $18.75
      P&L: +$35.00 (+2.0%) │ Target: $34.75  Stop: $8.69  DTE: 3d
      💭 NFLX $106 puts expiring today generated $7.9M premium with 8.2 score i...
      🌍 SPY +0.00%  QQQ +0.00%  VIX 18.1

  🔴 #19 SPY260515P00755000  [▶ OPEN]
      Entry: $22.60 │ Bid: $17.18  Mid: $17.25  Ask: $17.33
      P&L: $-534.50 (-23.6%) │ Target: $45.20  Stop: $11.30  DTE: 3d
      💭 $1.5M premium accumulated in deep OTM SPY 755 puts expiring today with...
      🌍 SPY +0.00%  QQQ +0.00%  VIX 18.1

  🔴 #20 TSLA260513P00455000  [▶ OPEN]
      Entry: $28.93 │ Bid: $21.85  Mid: $22.12  Ask: $22.40
      P&L: $-680.00 (-23.5%) │ Target: $57.85  Stop: $14.46  DTE: 1d
      💭 $18.8M in put premium with 100% bearish flow bias into a zero-DTE TSLA...
      🌍 SPY +0.00%  QQQ +0.00%  VIX 18.1
  ⏰ EXPIRING SOON — 1 day(s) remaining

  🔴 #22 CRM260605C00100000  [▶ OPEN]
      Entry: $72.58 │ Bid: $69.75  Mid: $71.00  Ask: $72.25
      P&L: $-157.50 (-2.2%) │ Target: $145.15  Stop: $14.52  DTE: 24d
      💭 CRM $100 calls expiring today show $1.0M premium with 7.53 score in 10...
      🌍 SPY +0.00%  QQQ +0.00%  VIX 18.1

  🟢 #24 NVDA260513C00145000  [▶ OPEN]
      Entry: $72.97 │ Bid: $73.55  Mid: $75.97  Ask: $78.40
      P&L: +$300.00 (+4.1%) │ Target: $145.95  Stop: $36.49  DTE: 1d
      💭 NVDA $145 calls expiring today with $954K premium and 100% bullish flo...
      🌍 SPY +0.00%  QQQ +0.00%  VIX 18.1
  ⏰ EXPIRING SOON — 1 day(s) remaining

  🟢 #26 NFLX260515P00107000  [▶ OPEN]
      Entry: $18.35 │ Bid: $17.65  Mid: $18.70  Ask: $19.75
      P&L: +$35.00 (+1.9%) │ Target: $36.70  Stop: $9.18  DTE: 3d
      💭 $9.9M in put premium flowing into $107 OTM puts expiring today signals...
      🌍 SPY +0.00%  QQQ +0.00%  VIX 18.1

  🟢 #27 IWM260513C00283000  [▶ OPEN]
      Entry: $0.51 │ Bid: $0.90  Mid: $0.91  Ask: $0.92
      P&L: +$40.50 (+80.2%) │ Target: $1.01  Stop: $0.25  DTE: 1d
      💭 $1.4M premium concentrated in OTM calls with 100% bullish flow bias wa...
      🌍 SPY +0.00%  QQQ +0.00%  VIX 18.1
  ⚡ TARGET APPROACHING — $0.10 away (80%)
  ⏰ EXPIRING SOON — 1 day(s) remaining

  🟢 #28 TSLA260513C00425000  [▶ OPEN]
      Entry: $6.95 │ Bid: $11.00  Mid: $11.07  Ask: $11.15
      P&L: +$412.50 (+59.4%) │ Target: $13.90  Stop: $3.48  DTE: 1d
      💭 TSLA 425 calls expiring today show $25.9M premium with 100% bullish fl...
      🌍 SPY +0.00%  QQQ +0.00%  VIX 18.1
  ⏰ EXPIRING SOON — 1 day(s) remaining

  🔴 #29 NVDA260513P00222500  [▶ OPEN]
      Entry: $5.03 │ Bid: $3.15  Mid: $3.17  Ask: $3.20
      P&L: $-185.00 (-36.8%) │ Target: $10.05  Stop: $2.51  DTE: 1d
      💭 $8.0M premium concentrated in zero-DTE NVDA puts at 100% bearish flow ...
      🌍 SPY +0.00%  QQQ +0.00%  VIX 18.1
  ⏰ EXPIRING SOON — 1 day(s) remaining

  🔴 #30 TSLA260513P00435000  [▶ OPEN]
      Entry: $8.90 │ Bid: $6.25  Mid: $6.30  Ask: $6.35
      P&L: $-260.00 (-29.2%) │ Target: $17.80  Stop: $4.45  DTE: 1d
      💭 $21.2M in put premium with 100% bearish flow and 0 DTE expiration crea...
      🌍 SPY +0.00%  QQQ +0.00%  VIX 18.1
  ⏰ EXPIRING SOON — 1 day(s) remaining

  🟢 #31 TSLA260513C00450000  [▶ OPEN]
      Entry: $1.04 │ Bid: $1.33  Mid: $1.33  Ask: $1.34
      P&L: +$29.50 (+28.4%) │ Target: $2.08  Stop: $0.52  DTE: 1d
      💭 $9.2M premium in TSLA calls expiring today with 100% bullish flow sign...
      🌍 SPY +0.00%  QQQ +0.00%  VIX 18.1
  ⏰ EXPIRING SOON — 1 day(s) remaining

  🔴 #32 TSLA260513P00427500  [▶ OPEN]
      Entry: $4.58 │ Bid: $2.97  Mid: $2.98  Ask: $3.00
      P&L: $-159.00 (-34.8%) │ Target: $9.15  Stop: $2.29  DTE: 1d
      💭 TSLA put with $11.5M premium and 100% bearish flow skew warrants paper...
      🌍 SPY +0.00%  QQQ +0.00%  VIX 18.1
  ⏰ EXPIRING SOON — 1 day(s) remaining

  🟢 #33 TSLA260513C00427500  [▶ OPEN]
      Entry: $7.00 │ Bid: $9.25  Mid: $9.30  Ask: $9.35
      P&L: +$230.00 (+32.9%) │ Target: $14.00  Stop: $3.50  DTE: 1d
      💭 $8.5M premium on TSLA calls with 100% bullish flow bias warrants paper...
      🌍 SPY +0.00%  QQQ +0.00%  VIX 18.1
  ⏰ EXPIRING SOON — 1 day(s) remaining

  🟢 #34 TSLA260513C00432500  [▶ OPEN]
      Entry: $5.60 │ Bid: $6.25  Mid: $6.30  Ask: $6.35
      P&L: +$70.00 (+12.5%) │ Target: $11.20  Stop: $2.80  DTE: 1d
      💭 $17.4M premium accumulated on a single OTM call expiring today signals...
      🌍 SPY +0.00%  QQQ +0.00%  VIX 18.1
  ⏰ EXPIRING SOON — 1 day(s) remaining

  ⏳ Next check in 3 minutes...

  ─────────────────────────────────────────────────────────────────
  📡 POSITION CHECK — 15:50:03 EDT
  ─────────────────────────────────────────────────────────────────

  🔴 #10 SPY260511P00745000  [⏸ TRACKING]
      Entry: $9.88 │ Bid: $6.03  Mid: $6.17  Ask: $6.31
      P&L: $-370.50 (-37.5%) │ Target: $19.75  Stop: $4.94  DTE: -1d
      ⚠️  Stop was triggered — continuing to track for data
      💭 HIGH SPY put signal — score 8.0, $4.4M premium, 3 DTE, bearish thesis....
      🌍 SPY +0.00%  QQQ +0.00%  VIX 18.1

  ⏰ CONTRACT EXPIRED — auto-closing #10

  🔴 #11 TSLA260511P00425000  [⏸ TRACKING]
      Entry: $7.83 │ Bid: $0.00  Mid: $0.02  Ask: $0.01
      P&L: $-780.50 (-99.7%) │ Target: $15.65  Stop: $3.91  DTE: -1d
      ⚠️  Stop was triggered — continuing to track for data
      💭 HIGH TSLA put signal — score 5.62, $1.6M premium, 3 DTE, bearish thesi...
      🌍 SPY +0.00%  QQQ +0.00%  VIX 18.1

  ⏰ CONTRACT EXPIRED — auto-closing #11

  🔴 #13 TSLA260511P00430000  [⏸ TRACKING]
      Entry: $7.33 │ Bid: $0.00  Mid: $0.01  Ask: $0.01
      P&L: $-731.50 (-99.9%) │ Target: $14.65  Stop: $3.66  DTE: -1d
      ⚠️  Stop was triggered — continuing to track for data
      💭 $2.8M premium on TSLA puts with 100% bearish flow and 8.0 score warran...
      🌍 SPY +0.00%  QQQ +0.00%  VIX 18.1

  ⏰ CONTRACT EXPIRED — auto-closing #13

  🔴 #14 TSLA260513P00430000  [⏸ TRACKING]
      Entry: $11.70 │ Bid: $3.80  Mid: $3.85  Ask: $3.90
      P&L: $-785.00 (-67.1%) │ Target: $23.40  Stop: $5.85  DTE: 1d
      ⚠️  Stop was triggered — continuing to track for data
      💭 $1.1M premium on TSLA 430 puts expiring today with 100% bearish flow a...
      🌍 SPY +0.00%  QQQ +0.00%  VIX 18.1

  🔴 #15 AMD260515P00457500  [⏸ TRACKING]
      Entry: $22.60 │ Bid: $20.30  Mid: $20.65  Ask: $21.00
      P&L: $-195.00 (-8.6%) │ Target: $45.20  Stop: $11.30  DTE: 3d
      ⚠️  Stop was triggered — continuing to track for data
      💭 $2.0M premium in AMD puts expiring today with 100% bearish flow and 8....
      🌍 SPY +0.00%  QQQ +0.00%  VIX 18.1

  🔴 #16 QQQ260511P00706000  [⏸ TRACKING]
      Entry: $2.11 │ Bid: $0.01  Mid: $0.02  Ask: $0.03
      P&L: $-209.00 (-99.0%) │ Target: $4.22  Stop: $1.05  DTE: -1d
      ⚠️  Stop was triggered — continuing to track for data
      💭 QQQ put with $1.8M premium and 8.0 score expiring today in 100% bearis...
      🌍 SPY +0.00%  QQQ +0.00%  VIX 18.1

  ⏰ CONTRACT EXPIRED — auto-closing #16

  🔴 #17 TSLA260515P00427500  [⏸ TRACKING]
      Entry: $11.00 │ Bid: $6.25  Mid: $6.30  Ask: $6.35
      P&L: $-470.00 (-42.7%) │ Target: $22.00  Stop: $5.50  DTE: 3d
      ⚠️  Stop was triggered — continuing to track for data
      💭 $6M premium on TSLA puts with 8.8 score and 100% bearish flow concentr...
      🌍 SPY +0.00%  QQQ +0.00%  VIX 18.1

  🟢 #18 NFLX260515P00106000  [▶ OPEN]
      Entry: $17.38 │ Bid: $16.70  Mid: $17.73  Ask: $18.75
      P&L: +$35.00 (+2.0%) │ Target: $34.75  Stop: $8.69  DTE: 3d
      💭 NFLX $106 puts expiring today generated $7.9M premium with 8.2 score i...
      🌍 SPY +0.00%  QQQ +0.00%  VIX 18.1

  🔴 #19 SPY260515P00755000  [▶ OPEN]
      Entry: $22.60 │ Bid: $15.75  Mid: $17.25  Ask: $18.75
      P&L: $-535.00 (-23.7%) │ Target: $45.20  Stop: $11.30  DTE: 3d
      💭 $1.5M premium accumulated in deep OTM SPY 755 puts expiring today with...
      🌍 SPY +0.00%  QQQ +0.00%  VIX 18.1

  🔴 #20 TSLA260513P00455000  [▶ OPEN]
      Entry: $28.93 │ Bid: $21.45  Mid: $21.70  Ask: $21.95
      P&L: $-722.50 (-25.0%) │ Target: $57.85  Stop: $14.46  DTE: 1d
      💭 $18.8M in put premium with 100% bearish flow bias into a zero-DTE TSLA...
      🌍 SPY +0.00%  QQQ +0.00%  VIX 18.1
  ⏰ EXPIRING SOON — 1 day(s) remaining

  🔴 #22 CRM260605C00100000  [▶ OPEN]
      Entry: $72.58 │ Bid: $69.75  Mid: $71.00  Ask: $72.25
      P&L: $-157.50 (-2.2%) │ Target: $145.15  Stop: $14.52  DTE: 24d
      💭 CRM $100 calls expiring today show $1.0M premium with 7.53 score in 10...
      🌍 SPY +0.00%  QQQ +0.00%  VIX 18.1

  🟢 #24 NVDA260513C00145000  [▶ OPEN]
      Entry: $72.97 │ Bid: $73.40  Mid: $76.00  Ask: $78.60
      P&L: +$302.50 (+4.2%) │ Target: $145.95  Stop: $36.49  DTE: 1d
      💭 NVDA $145 calls expiring today with $954K premium and 100% bullish flo...
      🌍 SPY +0.00%  QQQ +0.00%  VIX 18.1
  ⏰ EXPIRING SOON — 1 day(s) remaining

  🟢 #26 NFLX260515P00107000  [▶ OPEN]
      Entry: $18.35 │ Bid: $17.65  Mid: $18.70  Ask: $19.75
      P&L: +$35.00 (+1.9%) │ Target: $36.70  Stop: $9.18  DTE: 3d
      💭 $9.9M in put premium flowing into $107 OTM puts expiring today signals...
      🌍 SPY +0.00%  QQQ +0.00%  VIX 18.1

  🟢 #27 IWM260513C00283000  [▶ OPEN]
      Entry: $0.51 │ Bid: $0.99  Mid: $1.01  Ask: $1.03
      P&L: +$50.50 (+100.0%) │ Target: $1.01  Stop: $0.25  DTE: 1d
      💭 $1.4M premium concentrated in OTM calls with 100% bullish flow bias wa...
      🌍 SPY +0.00%  QQQ +0.00%  VIX 18.1

  =================================================================
  🎯 TARGET HIT — #27 IWM260513C00283000
      Entry: $0.51 → Current: $1.01
      P&L: +$50.50 (+100.0%)
  =================================================================
  ✅ Position auto-closed at TARGET

  🟢 #28 TSLA260513C00425000  [▶ OPEN]
      Entry: $6.95 │ Bid: $11.60  Mid: $11.65  Ask: $11.70
      P&L: +$470.00 (+67.6%) │ Target: $13.90  Stop: $3.48  DTE: 1d
      💭 TSLA 425 calls expiring today show $25.9M premium with 100% bullish fl...
      🌍 SPY +0.00%  QQQ +0.00%  VIX 18.1
  ⏰ EXPIRING SOON — 1 day(s) remaining

  🔴 #29 NVDA260513P00222500  [▶ OPEN]
      Entry: $5.03 │ Bid: $3.05  Mid: $3.10  Ask: $3.15
      P&L: $-192.50 (-38.3%) │ Target: $10.05  Stop: $2.51  DTE: 1d
      💭 $8.0M premium concentrated in zero-DTE NVDA puts at 100% bearish flow ...
      🌍 SPY +0.00%  QQQ +0.00%  VIX 18.1
  ⏰ EXPIRING SOON — 1 day(s) remaining

  🔴 #30 TSLA260513P00435000  [▶ OPEN]
      Entry: $8.90 │ Bid: $6.05  Mid: $6.12  Ask: $6.20
      P&L: $-277.50 (-31.2%) │ Target: $17.80  Stop: $4.45  DTE: 1d
      💭 $21.2M in put premium with 100% bearish flow and 0 DTE expiration crea...
      🌍 SPY +0.00%  QQQ +0.00%  VIX 18.1
  ⏰ EXPIRING SOON — 1 day(s) remaining

  🟢 #31 TSLA260513C00450000  [▶ OPEN]
      Entry: $1.04 │ Bid: $1.55  Mid: $1.57  Ask: $1.60
      P&L: +$53.50 (+51.4%) │ Target: $2.08  Stop: $0.52  DTE: 1d
      💭 $9.2M premium in TSLA calls expiring today with 100% bullish flow sign...
      🌍 SPY +0.00%  QQQ +0.00%  VIX 18.1
  ⏰ EXPIRING SOON — 1 day(s) remaining

  🔴 #32 TSLA260513P00427500  [▶ OPEN]
      Entry: $4.58 │ Bid: $2.92  Mid: $2.94  Ask: $2.97
      P&L: $-163.00 (-35.6%) │ Target: $9.15  Stop: $2.29  DTE: 1d
      💭 TSLA put with $11.5M premium and 100% bearish flow skew warrants paper...
      🌍 SPY +0.00%  QQQ +0.00%  VIX 18.1
  ⏰ EXPIRING SOON — 1 day(s) remaining

  🟢 #33 TSLA260513C00427500  [▶ OPEN]
      Entry: $7.00 │ Bid: $9.80  Mid: $9.88  Ask: $9.95
      P&L: +$287.50 (+41.1%) │ Target: $14.00  Stop: $3.50  DTE: 1d
      💭 $8.5M premium on TSLA calls with 100% bullish flow bias warrants paper...
      🌍 SPY +0.00%  QQQ +0.00%  VIX 18.1
  ⏰ EXPIRING SOON — 1 day(s) remaining

  🟢 #34 TSLA260513C00432500  [▶ OPEN]
      Entry: $5.60 │ Bid: $6.75  Mid: $6.83  Ask: $6.90
      P&L: +$122.50 (+21.9%) │ Target: $11.20  Stop: $2.80  DTE: 1d
      💭 $17.4M premium accumulated on a single OTM call expiring today signals...
      🌍 SPY +0.00%  QQQ +0.00%  VIX 18.1
  ⏰ EXPIRING SOON — 1 day(s) remaining

  ⏳ Next check in 3 minutes...

  ─────────────────────────────────────────────────────────────────
  📡 POSITION CHECK — 15:53:05 EDT
  ─────────────────────────────────────────────────────────────────

  🔴 #10 SPY260511P00745000  [⏸ TRACKING]
      Entry: $9.88 │ Bid: $6.03  Mid: $6.17  Ask: $6.31
      P&L: $-370.50 (-37.5%) │ Target: $19.75  Stop: $4.94  DTE: -1d
      ⚠️  Stop was triggered — continuing to track for data
      💭 HIGH SPY put signal — score 8.0, $4.4M premium, 3 DTE, bearish thesis....
      🌍 SPY +0.00%  QQQ +0.00%  VIX 18.0

  ⏰ CONTRACT EXPIRED — auto-closing #10

  🔴 #11 TSLA260511P00425000  [⏸ TRACKING]
      Entry: $7.83 │ Bid: $0.00  Mid: $0.02  Ask: $0.01
      P&L: $-780.50 (-99.7%) │ Target: $15.65  Stop: $3.91  DTE: -1d
      ⚠️  Stop was triggered — continuing to track for data
      💭 HIGH TSLA put signal — score 5.62, $1.6M premium, 3 DTE, bearish thesi...
      🌍 SPY +0.00%  QQQ +0.00%  VIX 18.0

  ⏰ CONTRACT EXPIRED — auto-closing #11

  🔴 #13 TSLA260511P00430000  [⏸ TRACKING]
      Entry: $7.33 │ Bid: $0.00  Mid: $0.01  Ask: $0.01
      P&L: $-731.50 (-99.9%) │ Target: $14.65  Stop: $3.66  DTE: -1d
      ⚠️  Stop was triggered — continuing to track for data
      💭 $2.8M premium on TSLA puts with 100% bearish flow and 8.0 score warran...
      🌍 SPY +0.00%  QQQ +0.00%  VIX 18.0

  ⏰ CONTRACT EXPIRED — auto-closing #13

  🔴 #14 TSLA260513P00430000  [⏸ TRACKING]
      Entry: $11.70 │ Bid: $3.50  Mid: $3.55  Ask: $3.60
      P&L: $-815.00 (-69.7%) │ Target: $23.40  Stop: $5.85  DTE: 1d
      ⚠️  Stop was triggered — continuing to track for data
      💭 $1.1M premium on TSLA 430 puts expiring today with 100% bearish flow a...
      🌍 SPY +0.00%  QQQ +0.00%  VIX 18.0

  🔴 #15 AMD260515P00457500  [⏸ TRACKING]
      Entry: $22.60 │ Bid: $19.20  Mid: $19.57  Ask: $19.95
      P&L: $-302.50 (-13.4%) │ Target: $45.20  Stop: $11.30  DTE: 3d
      ⚠️  Stop was triggered — continuing to track for data
      💭 $2.0M premium in AMD puts expiring today with 100% bearish flow and 8....
      🌍 SPY +0.00%  QQQ +0.00%  VIX 18.0

  🔴 #16 QQQ260511P00706000  [⏸ TRACKING]
      Entry: $2.11 │ Bid: $0.01  Mid: $0.02  Ask: $0.03
      P&L: $-209.00 (-99.0%) │ Target: $4.22  Stop: $1.05  DTE: -1d
      ⚠️  Stop was triggered — continuing to track for data
      💭 QQQ put with $1.8M premium and 8.0 score expiring today in 100% bearis...
      🌍 SPY +0.00%  QQQ +0.00%  VIX 18.0

  ⏰ CONTRACT EXPIRED — auto-closing #16

  🔴 #17 TSLA260515P00427500  [⏸ TRACKING]
      Entry: $11.00 │ Bid: $6.00  Mid: $6.05  Ask: $6.10
      P&L: $-495.00 (-45.0%) │ Target: $22.00  Stop: $5.50  DTE: 3d
      ⚠️  Stop was triggered — continuing to track for data
      💭 $6M premium on TSLA puts with 8.8 score and 100% bearish flow concentr...
      🌍 SPY +0.00%  QQQ +0.00%  VIX 18.0

  🟢 #18 NFLX260515P00106000  [▶ OPEN]
      Entry: $17.38 │ Bid: $16.70  Mid: $17.80  Ask: $18.90
      P&L: +$42.50 (+2.5%) │ Target: $34.75  Stop: $8.69  DTE: 3d
      💭 NFLX $106 puts expiring today generated $7.9M premium with 8.2 score i...
      🌍 SPY +0.00%  QQQ +0.00%  VIX 18.0

  🔴 #19 SPY260515P00755000  [▶ OPEN]
      Entry: $22.60 │ Bid: $16.43  Mid: $16.52  Ask: $16.60
      P&L: $-608.50 (-26.9%) │ Target: $45.20  Stop: $11.30  DTE: 3d
      💭 $1.5M premium accumulated in deep OTM SPY 755 puts expiring today with...
      🌍 SPY +0.00%  QQQ +0.00%  VIX 18.0

  🔴 #20 TSLA260513P00455000  [▶ OPEN]
      Entry: $28.93 │ Bid: $20.80  Mid: $21.02  Ask: $21.25
      P&L: $-790.00 (-27.3%) │ Target: $57.85  Stop: $14.46  DTE: 1d
      💭 $18.8M in put premium with 100% bearish flow bias into a zero-DTE TSLA...
      🌍 SPY +0.00%  QQQ +0.00%  VIX 18.0
  ⏰ EXPIRING SOON — 1 day(s) remaining

  🔴 #22 CRM260605C00100000  [▶ OPEN]
      Entry: $72.58 │ Bid: $69.75  Mid: $71.00  Ask: $72.25
      P&L: $-157.50 (-2.2%) │ Target: $145.15  Stop: $14.52  DTE: 24d
      💭 CRM $100 calls expiring today show $1.0M premium with 7.53 score in 10...
      🌍 SPY +0.00%  QQQ +0.00%  VIX 18.0

  🟢 #24 NVDA260513C00145000  [▶ OPEN]
      Entry: $72.97 │ Bid: $73.35  Mid: $75.95  Ask: $78.55
      P&L: +$297.50 (+4.1%) │ Target: $145.95  Stop: $36.49  DTE: 1d
      💭 NVDA $145 calls expiring today with $954K premium and 100% bullish flo...
      🌍 SPY +0.00%  QQQ +0.00%  VIX 18.0
  ⏰ EXPIRING SOON — 1 day(s) remaining

  🟢 #26 NFLX260515P00107000  [▶ OPEN]
      Entry: $18.35 │ Bid: $17.65  Mid: $18.70  Ask: $19.75
      P&L: +$35.00 (+1.9%) │ Target: $36.70  Stop: $9.18  DTE: 3d
      💭 $9.9M in put premium flowing into $107 OTM puts expiring today signals...
      🌍 SPY +0.00%  QQQ +0.00%  VIX 18.0

  🟢 #28 TSLA260513C00425000  [▶ OPEN]
      Entry: $6.95 │ Bid: $12.15  Mid: $12.22  Ask: $12.30
      P&L: +$527.50 (+75.9%) │ Target: $13.90  Stop: $3.48  DTE: 1d
      💭 TSLA 425 calls expiring today show $25.9M premium with 100% bullish fl...
      🌍 SPY +0.00%  QQQ +0.00%  VIX 18.0
  ⏰ EXPIRING SOON — 1 day(s) remaining

  🔴 #29 NVDA260513P00222500  [▶ OPEN]
      Entry: $5.03 │ Bid: $2.83  Mid: $2.85  Ask: $2.87
      P&L: $-217.50 (-43.3%) │ Target: $10.05  Stop: $2.51  DTE: 1d
      💭 $8.0M premium concentrated in zero-DTE NVDA puts at 100% bearish flow ...
      🌍 SPY +0.00%  QQQ +0.00%  VIX 18.0
  ⚠️  STOP APPROACHING — $0.34 away (86%)
  ⏰ EXPIRING SOON — 1 day(s) remaining

  🔴 #30 TSLA260513P00435000  [▶ OPEN]
      Entry: $8.90 │ Bid: $5.70  Mid: $5.75  Ask: $5.80
      P&L: $-315.00 (-35.4%) │ Target: $17.80  Stop: $4.45  DTE: 1d
      💭 $21.2M in put premium with 100% bearish flow and 0 DTE expiration crea...
      🌍 SPY +0.00%  QQQ +0.00%  VIX 18.0
  ⏰ EXPIRING SOON — 1 day(s) remaining

  🟢 #31 TSLA260513C00450000  [▶ OPEN]
      Entry: $1.04 │ Bid: $1.66  Mid: $1.67  Ask: $1.68
      P&L: +$63.00 (+60.6%) │ Target: $2.08  Stop: $0.52  DTE: 1d
      💭 $9.2M premium in TSLA calls expiring today with 100% bullish flow sign...
      🌍 SPY +0.00%  QQQ +0.00%  VIX 18.0
  ⏰ EXPIRING SOON — 1 day(s) remaining

  🔴 #32 TSLA260513P00427500  [▶ OPEN]
      Entry: $4.58 │ Bid: $2.69  Mid: $2.71  Ask: $2.73
      P&L: $-186.50 (-40.8%) │ Target: $9.15  Stop: $2.29  DTE: 1d
      💭 TSLA put with $11.5M premium and 100% bearish flow skew warrants paper...
      🌍 SPY +0.00%  QQQ +0.00%  VIX 18.0
  ⚠️  STOP APPROACHING — $0.42 away (82%)
  ⏰ EXPIRING SOON — 1 day(s) remaining

  🟢 #33 TSLA260513C00427500  [▶ OPEN]
      Entry: $7.00 │ Bid: $10.35  Mid: $10.40  Ask: $10.45
      P&L: +$340.00 (+48.6%) │ Target: $14.00  Stop: $3.50  DTE: 1d
      💭 $8.5M premium on TSLA calls with 100% bullish flow bias warrants paper...
      🌍 SPY +0.00%  QQQ +0.00%  VIX 18.0
  ⏰ EXPIRING SOON — 1 day(s) remaining

  🟢 #34 TSLA260513C00432500  [▶ OPEN]
      Entry: $5.60 │ Bid: $7.20  Mid: $7.25  Ask: $7.30
      P&L: +$165.00 (+29.5%) │ Target: $11.20  Stop: $2.80  DTE: 1d
      💭 $17.4M premium accumulated on a single OTM call expiring today signals...
      🌍 SPY +0.00%  QQQ +0.00%  VIX 18.0
  ⏰ EXPIRING SOON — 1 day(s) remaining

  ⏳ Next check in 3 minutes...

  ─────────────────────────────────────────────────────────────────
  📡 POSITION CHECK — 15:56:07 EDT
  ─────────────────────────────────────────────────────────────────

  🔴 #10 SPY260511P00745000  [⏸ TRACKING]
      Entry: $9.88 │ Bid: $6.03  Mid: $6.17  Ask: $6.31
      P&L: $-370.50 (-37.5%) │ Target: $19.75  Stop: $4.94  DTE: -1d
      ⚠️  Stop was triggered — continuing to track for data
      💭 HIGH SPY put signal — score 8.0, $4.4M premium, 3 DTE, bearish thesis....
      🌍 SPY +0.00%  QQQ +0.00%  VIX 18.0

  ⏰ CONTRACT EXPIRED — auto-closing #10

  🔴 #11 TSLA260511P00425000  [⏸ TRACKING]
      Entry: $7.83 │ Bid: $0.00  Mid: $0.02  Ask: $0.01
      P&L: $-780.50 (-99.7%) │ Target: $15.65  Stop: $3.91  DTE: -1d
      ⚠️  Stop was triggered — continuing to track for data
      💭 HIGH TSLA put signal — score 5.62, $1.6M premium, 3 DTE, bearish thesi...
      🌍 SPY +0.00%  QQQ +0.00%  VIX 18.0

  ⏰ CONTRACT EXPIRED — auto-closing #11

  🔴 #13 TSLA260511P00430000  [⏸ TRACKING]
      Entry: $7.33 │ Bid: $0.00  Mid: $0.01  Ask: $0.01
      P&L: $-731.50 (-99.9%) │ Target: $14.65  Stop: $3.66  DTE: -1d
      ⚠️  Stop was triggered — continuing to track for data
      💭 $2.8M premium on TSLA puts with 100% bearish flow and 8.0 score warran...
      🌍 SPY +0.00%  QQQ +0.00%  VIX 18.0

  ⏰ CONTRACT EXPIRED — auto-closing #13

  🔴 #14 TSLA260513P00430000  [⏸ TRACKING]
      Entry: $11.70 │ Bid: $3.80  Mid: $3.83  Ask: $3.85
      P&L: $-787.50 (-67.3%) │ Target: $23.40  Stop: $5.85  DTE: 1d
      ⚠️  Stop was triggered — continuing to track for data
      💭 $1.1M premium on TSLA 430 puts expiring today with 100% bearish flow a...
      🌍 SPY +0.00%  QQQ +0.00%  VIX 18.0

  🔴 #15 AMD260515P00457500  [⏸ TRACKING]
      Entry: $22.60 │ Bid: $18.60  Mid: $18.98  Ask: $19.35
      P&L: $-362.50 (-16.0%) │ Target: $45.20  Stop: $11.30  DTE: 3d
      ⚠️  Stop was triggered — continuing to track for data
      💭 $2.0M premium in AMD puts expiring today with 100% bearish flow and 8....
      🌍 SPY +0.00%  QQQ +0.00%  VIX 18.0

  🔴 #16 QQQ260511P00706000  [⏸ TRACKING]
      Entry: $2.11 │ Bid: $0.01  Mid: $0.02  Ask: $0.03
      P&L: $-209.00 (-99.0%) │ Target: $4.22  Stop: $1.05  DTE: -1d
      ⚠️  Stop was triggered — continuing to track for data
      💭 QQQ put with $1.8M premium and 8.0 score expiring today in 100% bearis...
      🌍 SPY +0.00%  QQQ +0.00%  VIX 18.0

  ⏰ CONTRACT EXPIRED — auto-closing #16

  🔴 #17 TSLA260515P00427500  [⏸ TRACKING]
      Entry: $11.00 │ Bid: $6.35  Mid: $6.38  Ask: $6.40
      P&L: $-462.50 (-42.0%) │ Target: $22.00  Stop: $5.50  DTE: 3d
      ⚠️  Stop was triggered — continuing to track for data
      💭 $6M premium on TSLA puts with 8.8 score and 100% bearish flow concentr...
      🌍 SPY +0.00%  QQQ +0.00%  VIX 18.0

  🟢 #18 NFLX260515P00106000  [▶ OPEN]
      Entry: $17.38 │ Bid: $17.10  Mid: $18.38  Ask: $19.65
      P&L: +$100.00 (+5.8%) │ Target: $34.75  Stop: $8.69  DTE: 3d
      💭 NFLX $106 puts expiring today generated $7.9M premium with 8.2 score i...
      🌍 SPY +0.00%  QQQ +0.00%  VIX 18.0

  🔴 #19 SPY260515P00755000  [▶ OPEN]
      Entry: $22.60 │ Bid: $16.58  Mid: $16.68  Ask: $16.77
      P&L: $-592.50 (-26.2%) │ Target: $45.20  Stop: $11.30  DTE: 3d
      💭 $1.5M premium accumulated in deep OTM SPY 755 puts expiring today with...
      🌍 SPY +0.00%  QQQ +0.00%  VIX 18.0

  🔴 #20 TSLA260513P00455000  [▶ OPEN]
      Entry: $28.93 │ Bid: $21.60  Mid: $21.80  Ask: $22.00
      P&L: $-712.50 (-24.6%) │ Target: $57.85  Stop: $14.46  DTE: 1d
      💭 $18.8M in put premium with 100% bearish flow bias into a zero-DTE TSLA...
      🌍 SPY +0.00%  QQQ +0.00%  VIX 18.0
  ⏰ EXPIRING SOON — 1 day(s) remaining

  🔴 #22 CRM260605C00100000  [▶ OPEN]
      Entry: $72.58 │ Bid: $70.15  Mid: $71.20  Ask: $72.25
      P&L: $-137.50 (-1.9%) │ Target: $145.15  Stop: $14.52  DTE: 24d
      💭 CRM $100 calls expiring today show $1.0M premium with 7.53 score in 10...
      🌍 SPY +0.00%  QQQ +0.00%  VIX 18.0

  🟢 #24 NVDA260513C00145000  [▶ OPEN]
      Entry: $72.97 │ Bid: $73.10  Mid: $75.47  Ask: $77.85
      P&L: +$250.00 (+3.4%) │ Target: $145.95  Stop: $36.49  DTE: 1d
      💭 NVDA $145 calls expiring today with $954K premium and 100% bullish flo...
      🌍 SPY +0.00%  QQQ +0.00%  VIX 18.0
  ⏰ EXPIRING SOON — 1 day(s) remaining

  🟢 #26 NFLX260515P00107000  [▶ OPEN]
      Entry: $18.35 │ Bid: $18.10  Mid: $18.93  Ask: $19.75
      P&L: +$57.50 (+3.1%) │ Target: $36.70  Stop: $9.18  DTE: 3d
      💭 $9.9M in put premium flowing into $107 OTM puts expiring today signals...
      🌍 SPY +0.00%  QQQ +0.00%  VIX 18.0

  🟢 #28 TSLA260513C00425000  [▶ OPEN]
      Entry: $6.95 │ Bid: $11.35  Mid: $11.43  Ask: $11.50
      P&L: +$447.50 (+64.4%) │ Target: $13.90  Stop: $3.48  DTE: 1d
      💭 TSLA 425 calls expiring today show $25.9M premium with 100% bullish fl...
      🌍 SPY +0.00%  QQQ +0.00%  VIX 18.0
  ⏰ EXPIRING SOON — 1 day(s) remaining

  🔴 #29 NVDA260513P00222500  [▶ OPEN]
      Entry: $5.03 │ Bid: $3.35  Mid: $3.38  Ask: $3.40
      P&L: $-165.00 (-32.8%) │ Target: $10.05  Stop: $2.51  DTE: 1d
      💭 $8.0M premium concentrated in zero-DTE NVDA puts at 100% bearish flow ...
      🌍 SPY +0.00%  QQQ +0.00%  VIX 18.0
  ⏰ EXPIRING SOON — 1 day(s) remaining

  🔴 #30 TSLA260513P00435000  [▶ OPEN]
      Entry: $8.90 │ Bid: $6.15  Mid: $6.20  Ask: $6.25
      P&L: $-270.00 (-30.3%) │ Target: $17.80  Stop: $4.45  DTE: 1d
      💭 $21.2M in put premium with 100% bearish flow and 0 DTE expiration crea...
      🌍 SPY +0.00%  QQQ +0.00%  VIX 18.0
  ⏰ EXPIRING SOON — 1 day(s) remaining

  🟢 #31 TSLA260513C00450000  [▶ OPEN]
      Entry: $1.04 │ Bid: $1.46  Mid: $1.47  Ask: $1.48
      P&L: +$43.00 (+41.4%) │ Target: $2.08  Stop: $0.52  DTE: 1d
      💭 $9.2M premium in TSLA calls expiring today with 100% bullish flow sign...
      🌍 SPY +0.00%  QQQ +0.00%  VIX 18.0
  ⏰ EXPIRING SOON — 1 day(s) remaining

  🔴 #32 TSLA260513P00427500  [▶ OPEN]
      Entry: $4.58 │ Bid: $2.96  Mid: $2.98  Ask: $2.99
      P&L: $-160.00 (-35.0%) │ Target: $9.15  Stop: $2.29  DTE: 1d
      💭 TSLA put with $11.5M premium and 100% bearish flow skew warrants paper...
      🌍 SPY +0.00%  QQQ +0.00%  VIX 18.0
  ⏰ EXPIRING SOON — 1 day(s) remaining

  🟢 #33 TSLA260513C00427500  [▶ OPEN]
      Entry: $7.00 │ Bid: $9.55  Mid: $9.65  Ask: $9.75
      P&L: +$265.00 (+37.9%) │ Target: $14.00  Stop: $3.50  DTE: 1d
      💭 $8.5M premium on TSLA calls with 100% bullish flow bias warrants paper...
      🌍 SPY +0.00%  QQQ +0.00%  VIX 18.0
  ⏰ EXPIRING SOON — 1 day(s) remaining

  🟢 #34 TSLA260513C00432500  [▶ OPEN]
      Entry: $5.60 │ Bid: $6.55  Mid: $6.60  Ask: $6.65
      P&L: +$100.00 (+17.9%) │ Target: $11.20  Stop: $2.80  DTE: 1d
      💭 $17.4M premium accumulated on a single OTM call expiring today signals...
      🌍 SPY +0.00%  QQQ +0.00%  VIX 18.0
  ⏰ EXPIRING SOON — 1 day(s) remaining

  ⏳ Next check in 3 minutes...

  ─────────────────────────────────────────────────────────────────
  📡 POSITION CHECK — 15:59:08 EDT
  ─────────────────────────────────────────────────────────────────

  🔴 #10 SPY260511P00745000  [⏸ TRACKING]
      Entry: $9.88 │ Bid: $6.03  Mid: $6.17  Ask: $6.31
      P&L: $-370.50 (-37.5%) │ Target: $19.75  Stop: $4.94  DTE: -1d
      ⚠️  Stop was triggered — continuing to track for data
      💭 HIGH SPY put signal — score 8.0, $4.4M premium, 3 DTE, bearish thesis....
      🌍 SPY +0.00%  QQQ +0.00%  VIX 17.9

  ⏰ CONTRACT EXPIRED — auto-closing #10

  🔴 #11 TSLA260511P00425000  [⏸ TRACKING]
      Entry: $7.83 │ Bid: $0.00  Mid: $0.02  Ask: $0.01
      P&L: $-780.50 (-99.7%) │ Target: $15.65  Stop: $3.91  DTE: -1d
      ⚠️  Stop was triggered — continuing to track for data
      💭 HIGH TSLA put signal — score 5.62, $1.6M premium, 3 DTE, bearish thesi...
      🌍 SPY +0.00%  QQQ +0.00%  VIX 17.9

  ⏰ CONTRACT EXPIRED — auto-closing #11

  🔴 #13 TSLA260511P00430000  [⏸ TRACKING]
      Entry: $7.33 │ Bid: $0.00  Mid: $0.01  Ask: $0.01
      P&L: $-731.50 (-99.9%) │ Target: $14.65  Stop: $3.66  DTE: -1d
      ⚠️  Stop was triggered — continuing to track for data
      💭 $2.8M premium on TSLA puts with 100% bearish flow and 8.0 score warran...
      🌍 SPY +0.00%  QQQ +0.00%  VIX 17.9

  ⏰ CONTRACT EXPIRED — auto-closing #13

  🔴 #14 TSLA260513P00430000  [⏸ TRACKING]
      Entry: $11.70 │ Bid: $3.90  Mid: $3.92  Ask: $3.95
      P&L: $-777.50 (-66.5%) │ Target: $23.40  Stop: $5.85  DTE: 1d
      ⚠️  Stop was triggered — continuing to track for data
      💭 $1.1M premium on TSLA 430 puts expiring today with 100% bearish flow a...
      🌍 SPY +0.00%  QQQ +0.00%  VIX 17.9

  🔴 #15 AMD260515P00457500  [⏸ TRACKING]
      Entry: $22.60 │ Bid: $18.20  Mid: $18.52  Ask: $18.85
      P&L: $-407.50 (-18.0%) │ Target: $45.20  Stop: $11.30  DTE: 3d
      ⚠️  Stop was triggered — continuing to track for data
      💭 $2.0M premium in AMD puts expiring today with 100% bearish flow and 8....
      🌍 SPY +0.00%  QQQ +0.00%  VIX 17.9

  🔴 #16 QQQ260511P00706000  [⏸ TRACKING]
      Entry: $2.11 │ Bid: $0.01  Mid: $0.02  Ask: $0.03
      P&L: $-209.00 (-99.0%) │ Target: $4.22  Stop: $1.05  DTE: -1d
      ⚠️  Stop was triggered — continuing to track for data
      💭 QQQ put with $1.8M premium and 8.0 score expiring today in 100% bearis...
      🌍 SPY +0.00%  QQQ +0.00%  VIX 17.9

  ⏰ CONTRACT EXPIRED — auto-closing #16

  🔴 #17 TSLA260515P00427500  [⏸ TRACKING]
      Entry: $11.00 │ Bid: $6.45  Mid: $6.50  Ask: $6.55
      P&L: $-450.00 (-40.9%) │ Target: $22.00  Stop: $5.50  DTE: 3d
      ⚠️  Stop was triggered — continuing to track for data
      💭 $6M premium on TSLA puts with 8.8 score and 100% bearish flow concentr...
      🌍 SPY +0.00%  QQQ +0.00%  VIX 17.9

  🟢 #18 NFLX260515P00106000  [▶ OPEN]
      Entry: $17.38 │ Bid: $17.10  Mid: $18.38  Ask: $19.65
      P&L: +$100.00 (+5.8%) │ Target: $34.75  Stop: $8.69  DTE: 3d
      💭 NFLX $106 puts expiring today generated $7.9M premium with 8.2 score i...
      🌍 SPY +0.00%  QQQ +0.00%  VIX 17.9

  🔴 #19 SPY260515P00755000  [▶ OPEN]
      Entry: $22.60 │ Bid: $16.75  Mid: $16.88  Ask: $17.00
      P&L: $-572.50 (-25.3%) │ Target: $45.20  Stop: $11.30  DTE: 3d
      💭 $1.5M premium accumulated in deep OTM SPY 755 puts expiring today with...
      🌍 SPY +0.00%  QQQ +0.00%  VIX 17.9

  🔴 #20 TSLA260513P00455000  [▶ OPEN]
      Entry: $28.93 │ Bid: $21.90  Mid: $22.15  Ask: $22.40
      P&L: $-677.50 (-23.4%) │ Target: $57.85  Stop: $14.46  DTE: 1d
      💭 $18.8M in put premium with 100% bearish flow bias into a zero-DTE TSLA...
      🌍 SPY +0.00%  QQQ +0.00%  VIX 17.9
  ⏰ EXPIRING SOON — 1 day(s) remaining

  🔴 #22 CRM260605C00100000  [▶ OPEN]
      Entry: $72.58 │ Bid: $70.15  Mid: $71.25  Ask: $72.35
      P&L: $-132.50 (-1.8%) │ Target: $145.15  Stop: $14.52  DTE: 24d
      💭 CRM $100 calls expiring today show $1.0M premium with 7.53 score in 10...
      🌍 SPY +0.00%  QQQ +0.00%  VIX 17.9

  🟢 #24 NVDA260513C00145000  [▶ OPEN]
      Entry: $72.97 │ Bid: $72.95  Mid: $75.42  Ask: $77.90
      P&L: +$245.00 (+3.4%) │ Target: $145.95  Stop: $36.49  DTE: 1d
      💭 NVDA $145 calls expiring today with $954K premium and 100% bullish flo...
      🌍 SPY +0.00%  QQQ +0.00%  VIX 17.9
  ⏰ EXPIRING SOON — 1 day(s) remaining

  🟢 #26 NFLX260515P00107000  [▶ OPEN]
      Entry: $18.35 │ Bid: $18.10  Mid: $18.93  Ask: $19.75
      P&L: +$57.50 (+3.1%) │ Target: $36.70  Stop: $9.18  DTE: 3d
      💭 $9.9M in put premium flowing into $107 OTM puts expiring today signals...
      🌍 SPY +0.00%  QQQ +0.00%  VIX 17.9

  🟢 #28 TSLA260513C00425000  [▶ OPEN]
      Entry: $6.95 │ Bid: $10.95  Mid: $11.05  Ask: $11.15
      P&L: +$410.00 (+59.0%) │ Target: $13.90  Stop: $3.48  DTE: 1d
      💭 TSLA 425 calls expiring today show $25.9M premium with 100% bullish fl...
      🌍 SPY +0.00%  QQQ +0.00%  VIX 17.9
  ⏰ EXPIRING SOON — 1 day(s) remaining

  🔴 #29 NVDA260513P00222500  [▶ OPEN]
      Entry: $5.03 │ Bid: $2.92  Mid: $2.95  Ask: $2.98
      P&L: $-207.50 (-41.3%) │ Target: $10.05  Stop: $2.51  DTE: 1d
      💭 $8.0M premium concentrated in zero-DTE NVDA puts at 100% bearish flow ...
      🌍 SPY +0.00%  QQQ +0.00%  VIX 17.9
  ⚠️  STOP APPROACHING — $0.44 away (83%)
  ⏰ EXPIRING SOON — 1 day(s) remaining

  🔴 #30 TSLA260513P00435000  [▶ OPEN]
      Entry: $8.90 │ Bid: $6.25  Mid: $6.33  Ask: $6.40
      P&L: $-257.50 (-28.9%) │ Target: $17.80  Stop: $4.45  DTE: 1d
      💭 $21.2M in put premium with 100% bearish flow and 0 DTE expiration crea...
      🌍 SPY +0.00%  QQQ +0.00%  VIX 17.9
  ⏰ EXPIRING SOON — 1 day(s) remaining

  🟢 #31 TSLA260513C00450000  [▶ OPEN]
      Entry: $1.04 │ Bid: $1.31  Mid: $1.31  Ask: $1.32
      P&L: +$27.50 (+26.4%) │ Target: $2.08  Stop: $0.52  DTE: 1d
      💭 $9.2M premium in TSLA calls expiring today with 100% bullish flow sign...
      🌍 SPY +0.00%  QQQ +0.00%  VIX 17.9
  ⏰ EXPIRING SOON — 1 day(s) remaining

  🔴 #32 TSLA260513P00427500  [▶ OPEN]
      Entry: $4.58 │ Bid: $3.00  Mid: $3.02  Ask: $3.05
      P&L: $-155.00 (-33.9%) │ Target: $9.15  Stop: $2.29  DTE: 1d
      💭 TSLA put with $11.5M premium and 100% bearish flow skew warrants paper...
      🌍 SPY +0.00%  QQQ +0.00%  VIX 17.9
  ⏰ EXPIRING SOON — 1 day(s) remaining

  🟢 #33 TSLA260513C00427500  [▶ OPEN]
      Entry: $7.00 │ Bid: $9.20  Mid: $9.30  Ask: $9.40
      P&L: +$230.00 (+32.9%) │ Target: $14.00  Stop: $3.50  DTE: 1d
      💭 $8.5M premium on TSLA calls with 100% bullish flow bias warrants paper...
      🌍 SPY +0.00%  QQQ +0.00%  VIX 17.9
  ⏰ EXPIRING SOON — 1 day(s) remaining

  🟢 #34 TSLA260513C00432500  [▶ OPEN]
      Entry: $5.60 │ Bid: $6.25  Mid: $6.30  Ask: $6.35
      P&L: +$70.00 (+12.5%) │ Target: $11.20  Stop: $2.80  DTE: 1d
      💭 $17.4M premium accumulated on a single OTM call expiring today signals...
      🌍 SPY +0.00%  QQQ +0.00%  VIX 17.9
  ⏰ EXPIRING SOON — 1 day(s) remaining

  ⏳ Next check in 3 minutes...

  Market closed. Next open: 2026-05-13 09:29 EDT (17h 27m)
  Sleeping until market open...

  =================================================================
  📊 SESSION SUMMARY — 2026-05-12 16:02 EDT
  =================================================================
  Price checks run:    0
  Auto-closes today:   0
  Open positions:      13
  Total P&L:           $-141.50
  Win rate:            53.8%  (7W/6L)
  =================================================================

  Market closed. Next open: 2026-05-13 09:29 EDT (16h 27m)
  Sleeping until market open...

  =================================================================
  📊 SESSION SUMMARY — 2026-05-12 17:02 EDT
  =================================================================
  Price checks run:    0
  Auto-closes today:   0
  Open positions:      13
  Total P&L:           $-141.50
  Win rate:            53.8%  (7W/6L)
  =================================================================

  Market closed. Next open: 2026-05-13 09:29 EDT (15h 27m)
  Sleeping until market open...

  =================================================================
  📊 SESSION SUMMARY — 2026-05-12 18:02 EDT
  =================================================================
  Price checks run:    0
  Auto-closes today:   0
  Open positions:      13
  Total P&L:           $-141.50
  Win rate:            53.8%  (7W/6L)
  =================================================================

  Market closed. Next open: 2026-05-13 09:29 EDT (14h 27m)
  Sleeping until market open...

  =================================================================
  📊 SESSION SUMMARY — 2026-05-12 19:02 EDT
  =================================================================
  Price checks run:    0
  Auto-closes today:   0
  Open positions:      13
  Total P&L:           $-141.50
  Win rate:            53.8%  (7W/6L)
  =================================================================

  Market closed. Next open: 2026-05-13 09:29 EDT (13h 27m)
  Sleeping until market open...

  =================================================================
  📊 SESSION SUMMARY — 2026-05-12 20:02 EDT
  =================================================================
  Price checks run:    0
  Auto-closes today:   0
  Open positions:      13
  Total P&L:           $-141.50
  Win rate:            53.8%  (7W/6L)
  =================================================================

  Market closed. Next open: 2026-05-13 09:29 EDT (2h 27m)
  Sleeping until market open...

  =================================================================
  📊 SESSION SUMMARY — 2026-05-13 07:02 EDT
  =================================================================
  Price checks run:    0
  Auto-closes today:   0
  Open positions:      13
  Total P&L:           $-141.50
  Win rate:            53.8%  (7W/6L)
  =================================================================

  Market closed. Next open: 2026-05-13 09:29 EDT (1h 27m)
  Sleeping until market open...

  =================================================================
  📊 SESSION SUMMARY — 2026-05-13 08:02 EDT
  =================================================================
  Price checks run:    0
  Auto-closes today:   0
  Open positions:      13
  Total P&L:           $-141.50
  Win rate:            53.8%  (7W/6L)
  =================================================================

  Market closed. Next open: 2026-05-13 09:29 EDT (0h 27m)
  Sleeping until market open...

  =================================================================
  📊 SESSION SUMMARY — 2026-05-13 09:02 EDT
  =================================================================
  Price checks run:    0
  Auto-closes today:   0
  Open positions:      13
  Total P&L:           $-141.50
  Win rate:            53.8%  (7W/6L)
  =================================================================

  Market closed. Next open: 2026-05-13 09:29 EDT (0h 0m)
  Sleeping until market open...

  =================================================================
  📊 SESSION SUMMARY — 2026-05-13 09:29 EDT
  =================================================================
  Price checks run:    0
  Auto-closes today:   0
  Open positions:      13
  Total P&L:           $-141.50
  Win rate:            53.8%  (7W/6L)
  =================================================================

  Market closed. Next open: 2026-05-13 09:29 EDT (0h 0m)
  Sleeping until market open...

  =================================================================
  📊 SESSION SUMMARY — 2026-05-13 09:29 EDT
  =================================================================
  Price checks run:    0
  Auto-closes today:   0
  Open positions:      13
  Total P&L:           $-141.50
  Win rate:            53.8%  (7W/6L)
  =================================================================

  Market closed. Next open: 2026-05-13 09:29 EDT (0h 0m)
  Sleeping until market open...

  =================================================================
  📊 SESSION SUMMARY — 2026-05-13 09:29 EDT
  =================================================================
  Price checks run:    0
  Auto-closes today:   0
  Open positions:      13
  Total P&L:           $-141.50
  Win rate:            53.8%  (7W/6L)
  =================================================================

  Market closed. Next open: 2026-05-13 09:29 EDT (0h 0m)
  Sleeping until market open...

  =================================================================
  📊 SESSION SUMMARY — 2026-05-13 09:29 EDT
  =================================================================
  Price checks run:    0
  Auto-closes today:   0
  Open positions:      13
  Total P&L:           $-141.50
  Win rate:            53.8%  (7W/6L)
  =================================================================

  Market closed. Next open: 2026-05-13 09:29 EDT (0h 0m)
  Sleeping until market open...

  =================================================================
  📊 SESSION SUMMARY — 2026-05-13 09:29 EDT
  =================================================================
  Price checks run:    0
  Auto-closes today:   0
  Open positions:      13
  Total P&L:           $-141.50
  Win rate:            53.8%  (7W/6L)
  =================================================================

  Market closed. Next open: 2026-05-13 09:29 EDT (0h 0m)
  Sleeping until market open...

  =================================================================
  📊 SESSION SUMMARY — 2026-05-13 09:29 EDT
  =================================================================
  Price checks run:    0
  Auto-closes today:   0
  Open positions:      13
  Total P&L:           $-141.50
  Win rate:            53.8%  (7W/6L)
  =================================================================

  Market closed. Next open: 2026-05-13 09:29 EDT (0h 0m)
  Sleeping until market open...

  =================================================================
  📊 SESSION SUMMARY — 2026-05-13 09:29 EDT
  =================================================================
  Price checks run:    0
  Auto-closes today:   0
  Open positions:      13
  Total P&L:           $-141.50
  Win rate:            53.8%  (7W/6L)
  =================================================================

  Market closed. Next open: 2026-05-13 09:29 EDT (0h 0m)
  Sleeping until market open...

  =================================================================
  📊 SESSION SUMMARY — 2026-05-13 09:29 EDT
  =================================================================
  Price checks run:    0
  Auto-closes today:   0
  Open positions:      13
  Total P&L:           $-141.50
  Win rate:            53.8%  (7W/6L)
  =================================================================

  Market closed. Next open: 2026-05-13 09:29 EDT (0h 0m)
  Sleeping until market open...

  =================================================================
  📊 SESSION SUMMARY — 2026-05-13 09:29 EDT
  =================================================================
  Price checks run:    0
  Auto-closes today:   0
  Open positions:      13
  Total P&L:           $-141.50
  Win rate:            53.8%  (7W/6L)
  =================================================================

  Market closed. Next open: 2026-05-13 09:29 EDT (0h 0m)
  Sleeping until market open...

  =================================================================
  📊 SESSION SUMMARY — 2026-05-13 09:29 EDT
  =================================================================
  Price checks run:    0
  Auto-closes today:   0
  Open positions:      13
  Total P&L:           $-141.50
  Win rate:            53.8%  (7W/6L)
  =================================================================

  Market closed. Next open: 2026-05-13 09:29 EDT (0h 0m)
  Sleeping until market open...

  =================================================================
  📊 SESSION SUMMARY — 2026-05-13 09:29 EDT
  =================================================================
  Price checks run:    0
  Auto-closes today:   0
  Open positions:      13
  Total P&L:           $-141.50
  Win rate:            53.8%  (7W/6L)
  =================================================================

  Market closed. Next open: 2026-05-13 09:29 EDT (0h 0m)
  Sleeping until market open...

  =================================================================
  📊 SESSION SUMMARY — 2026-05-13 09:29 EDT
  =================================================================
  Price checks run:    0
  Auto-closes today:   0
  Open positions:      13
  Total P&L:           $-141.50
  Win rate:            53.8%  (7W/6L)
  =================================================================

  Market closed. Next open: 2026-05-13 09:29 EDT (0h 0m)
  Sleeping until market open...

  =================================================================
  📊 SESSION SUMMARY — 2026-05-13 09:29 EDT
  =================================================================
  Price checks run:    0
  Auto-closes today:   0
  Open positions:      13
  Total P&L:           $-141.50
  Win rate:            53.8%  (7W/6L)
  =================================================================

  Market closed. Next open: 2026-05-13 09:29 EDT (0h 0m)
  Sleeping until market open...

  =================================================================
  📊 SESSION SUMMARY — 2026-05-13 09:29 EDT
  =================================================================
  Price checks run:    0
  Auto-closes today:   0
  Open positions:      13
  Total P&L:           $-141.50
  Win rate:            53.8%  (7W/6L)
  =================================================================

  Market closed. Next open: 2026-05-13 09:29 EDT (0h 0m)
  Sleeping until market open...

  =================================================================
  📊 SESSION SUMMARY — 2026-05-13 09:29 EDT
  =================================================================
  Price checks run:    0
  Auto-closes today:   0
  Open positions:      13
  Total P&L:           $-141.50
  Win rate:            53.8%  (7W/6L)
  =================================================================

  Market closed. Next open: 2026-05-13 09:29 EDT (0h 0m)
  Sleeping until market open...

  =================================================================
  📊 SESSION SUMMARY — 2026-05-13 09:29 EDT
  =================================================================
  Price checks run:    0
  Auto-closes today:   0
  Open positions:      13
  Total P&L:           $-141.50
  Win rate:            53.8%  (7W/6L)
  =================================================================

  Market closed. Next open: 2026-05-13 09:29 EDT (0h 0m)
  Sleeping until market open...

  =================================================================
  📊 SESSION SUMMARY — 2026-05-13 09:29 EDT
  =================================================================
  Price checks run:    0
  Auto-closes today:   0
  Open positions:      13
  Total P&L:           $-141.50
  Win rate:            53.8%  (7W/6L)
  =================================================================

  Market closed. Next open: 2026-05-13 09:29 EDT (0h 0m)
  Sleeping until market open...

  =================================================================
  📊 SESSION SUMMARY — 2026-05-13 09:29 EDT
  =================================================================
  Price checks run:    0
  Auto-closes today:   0
  Open positions:      13
  Total P&L:           $-141.50
  Win rate:            53.8%  (7W/6L)
  =================================================================

  Market closed. Next open: 2026-05-13 09:29 EDT (0h 0m)
  Sleeping until market open...

  =================================================================
  📊 SESSION SUMMARY — 2026-05-13 09:29 EDT
  =================================================================
  Price checks run:    0
  Auto-closes today:   0
  Open positions:      13
  Total P&L:           $-141.50
  Win rate:            53.8%  (7W/6L)
  =================================================================

  Market closed. Next open: 2026-05-13 09:29 EDT (0h 0m)
  Sleeping until market open...

  =================================================================
  📊 SESSION SUMMARY — 2026-05-13 09:29 EDT
  =================================================================
  Price checks run:    0
  Auto-closes today:   0
  Open positions:      13
  Total P&L:           $-141.50
  Win rate:            53.8%  (7W/6L)
  =================================================================

  Market closed. Next open: 2026-05-13 09:29 EDT (0h 0m)
  Sleeping until market open...

  =================================================================
  📊 SESSION SUMMARY — 2026-05-13 09:29 EDT
  =================================================================
  Price checks run:    0
  Auto-closes today:   0
  Open positions:      13
  Total P&L:           $-141.50
  Win rate:            53.8%  (7W/6L)
  =================================================================

  Market closed. Next open: 2026-05-13 09:29 EDT (0h 0m)
  Sleeping until market open...

  =================================================================
  📊 SESSION SUMMARY — 2026-05-13 09:29 EDT
  =================================================================
  Price checks run:    0
  Auto-closes today:   0
  Open positions:      13
  Total P&L:           $-141.50
  Win rate:            53.8%  (7W/6L)
  =================================================================

  Market closed. Next open: 2026-05-13 09:29 EDT (0h 0m)
  Sleeping until market open...

  =================================================================
  📊 SESSION SUMMARY — 2026-05-13 09:29 EDT
  =================================================================
  Price checks run:    0
  Auto-closes today:   0
  Open positions:      13
  Total P&L:           $-141.50
  Win rate:            53.8%  (7W/6L)
  =================================================================

  Market closed. Next open: 2026-05-13 09:29 EDT (0h 0m)
  Sleeping until market open...

  =================================================================
  📊 SESSION SUMMARY — 2026-05-13 09:29 EDT
  =================================================================
  Price checks run:    0
  Auto-closes today:   0
  Open positions:      13
  Total P&L:           $-141.50
  Win rate:            53.8%  (7W/6L)
  =================================================================

  Market closed. Next open: 2026-05-13 09:29 EDT (0h 0m)
  Sleeping until market open...

  =================================================================
  📊 SESSION SUMMARY — 2026-05-13 09:29 EDT
  =================================================================
  Price checks run:    0
  Auto-closes today:   0
  Open positions:      13
  Total P&L:           $-141.50
  Win rate:            53.8%  (7W/6L)
  =================================================================

  Market closed. Next open: 2026-05-13 09:29 EDT (0h 0m)
  Sleeping until market open...

  =================================================================
  📊 SESSION SUMMARY — 2026-05-13 09:29 EDT
  =================================================================
  Price checks run:    0
  Auto-closes today:   0
  Open positions:      13
  Total P&L:           $-141.50
  Win rate:            53.8%  (7W/6L)
  =================================================================

  Market closed. Next open: 2026-05-13 09:29 EDT (0h 0m)
  Sleeping until market open...

  =================================================================
  📊 SESSION SUMMARY — 2026-05-13 09:29 EDT
  =================================================================
  Price checks run:    0
  Auto-closes today:   0
  Open positions:      13
  Total P&L:           $-141.50
  Win rate:            53.8%  (7W/6L)
  =================================================================

  Market closed. Next open: 2026-05-13 09:29 EDT (0h 0m)
  Sleeping until market open...

  =================================================================
  📊 SESSION SUMMARY — 2026-05-13 09:29 EDT
  =================================================================
  Price checks run:    0
  Auto-closes today:   0
  Open positions:      13
  Total P&L:           $-141.50
  Win rate:            53.8%  (7W/6L)
  =================================================================

  Market closed. Next open: 2026-05-13 09:29 EDT (0h 0m)
  Sleeping until market open...

  =================================================================
  📊 SESSION SUMMARY — 2026-05-13 09:29 EDT
  =================================================================
  Price checks run:    0
  Auto-closes today:   0
  Open positions:      13
  Total P&L:           $-141.50
  Win rate:            53.8%  (7W/6L)
  =================================================================

  Market closed. Next open: 2026-05-13 09:29 EDT (0h 0m)
  Sleeping until market open...

  =================================================================
  📊 SESSION SUMMARY — 2026-05-13 09:29 EDT
  =================================================================
  Price checks run:    0
  Auto-closes today:   0
  Open positions:      13
  Total P&L:           $-141.50
  Win rate:            53.8%  (7W/6L)
  =================================================================

  Market closed. Next open: 2026-05-13 09:29 EDT (0h 0m)
  Sleeping until market open...

  =================================================================
  📊 SESSION SUMMARY — 2026-05-13 09:29 EDT
  =================================================================
  Price checks run:    0
  Auto-closes today:   0
  Open positions:      13
  Total P&L:           $-141.50
  Win rate:            53.8%  (7W/6L)
  =================================================================

  Market closed. Next open: 2026-05-13 09:29 EDT (0h 0m)
  Sleeping until market open...

  =================================================================
  📊 SESSION SUMMARY — 2026-05-13 09:29 EDT
  =================================================================
  Price checks run:    0
  Auto-closes today:   0
  Open positions:      13
  Total P&L:           $-141.50
  Win rate:            53.8%  (7W/6L)
  =================================================================

  Market closed. Next open: 2026-05-13 09:29 EDT (0h 0m)
  Sleeping until market open...

  =================================================================
  📊 SESSION SUMMARY — 2026-05-13 09:29 EDT
  =================================================================
  Price checks run:    0
  Auto-closes today:   0
  Open positions:      13
  Total P&L:           $-141.50
  Win rate:            53.8%  (7W/6L)
  =================================================================

  Market closed. Next open: 2026-05-13 09:29 EDT (0h 0m)
  Sleeping until market open...

  =================================================================
  📊 SESSION SUMMARY — 2026-05-13 09:29 EDT
  =================================================================
  Price checks run:    0
  Auto-closes today:   0
  Open positions:      13
  Total P&L:           $-141.50
  Win rate:            53.8%  (7W/6L)
  =================================================================

  Market closed. Next open: 2026-05-13 09:29 EDT (0h 0m)
  Sleeping until market open...

  =================================================================
  📊 SESSION SUMMARY — 2026-05-13 09:29 EDT
  =================================================================
  Price checks run:    0
  Auto-closes today:   0
  Open positions:      13
  Total P&L:           $-141.50
  Win rate:            53.8%  (7W/6L)
  =================================================================

  Market closed. Next open: 2026-05-13 09:29 EDT (0h 0m)
  Sleeping until market open...

  =================================================================
  📊 SESSION SUMMARY — 2026-05-13 09:29 EDT
  =================================================================
  Price checks run:    0
  Auto-closes today:   0
  Open positions:      13
  Total P&L:           $-141.50
  Win rate:            53.8%  (7W/6L)
  =================================================================

  Market closed. Next open: 2026-05-13 09:29 EDT (0h 0m)
  Sleeping until market open...

  =================================================================
  📊 SESSION SUMMARY — 2026-05-13 09:29 EDT
  =================================================================
  Price checks run:    0
  Auto-closes today:   0
  Open positions:      13
  Total P&L:           $-141.50
  Win rate:            53.8%  (7W/6L)
  =================================================================

  Market closed. Next open: 2026-05-13 09:29 EDT (0h 0m)
  Sleeping until market open...

  =================================================================
  📊 SESSION SUMMARY — 2026-05-13 09:29 EDT
  =================================================================
  Price checks run:    0
  Auto-closes today:   0
  Open positions:      13
  Total P&L:           $-141.50
  Win rate:            53.8%  (7W/6L)
  =================================================================

  Market closed. Next open: 2026-05-13 09:29 EDT (0h 0m)
  Sleeping until market open...

  =================================================================
  📊 SESSION SUMMARY — 2026-05-13 09:29 EDT
  =================================================================
  Price checks run:    0
  Auto-closes today:   0
  Open positions:      13
  Total P&L:           $-141.50
  Win rate:            53.8%  (7W/6L)
  =================================================================

  Market closed. Next open: 2026-05-13 09:29 EDT (0h 0m)
  Sleeping until market open...

  =================================================================
  📊 SESSION SUMMARY — 2026-05-13 09:29 EDT
  =================================================================
  Price checks run:    0
  Auto-closes today:   0
  Open positions:      13
  Total P&L:           $-141.50
  Win rate:            53.8%  (7W/6L)
  =================================================================

  Market closed. Next open: 2026-05-13 09:29 EDT (0h 0m)
  Sleeping until market open...

  =================================================================
  📊 SESSION SUMMARY — 2026-05-13 09:29 EDT
  =================================================================
  Price checks run:    0
  Auto-closes today:   0
  Open positions:      13
  Total P&L:           $-141.50
  Win rate:            53.8%  (7W/6L)
  =================================================================

  Market closed. Next open: 2026-05-13 09:29 EDT (0h 0m)
  Sleeping until market open...

  =================================================================
  📊 SESSION SUMMARY — 2026-05-13 09:29 EDT
  =================================================================
  Price checks run:    0
  Auto-closes today:   0
  Open positions:      13
  Total P&L:           $-141.50
  Win rate:            53.8%  (7W/6L)
  =================================================================

  Market closed. Next open: 2026-05-13 09:29 EDT (0h 0m)
  Sleeping until market open...

  =================================================================
  📊 SESSION SUMMARY — 2026-05-13 09:29 EDT
  =================================================================
  Price checks run:    0
  Auto-closes today:   0
  Open positions:      13
  Total P&L:           $-141.50
  Win rate:            53.8%  (7W/6L)
  =================================================================

  Market closed. Next open: 2026-05-13 09:29 EDT (0h 0m)
  Sleeping until market open...

  =================================================================
  📊 SESSION SUMMARY — 2026-05-13 09:29 EDT
  =================================================================
  Price checks run:    0
  Auto-closes today:   0
  Open positions:      13
  Total P&L:           $-141.50
  Win rate:            53.8%  (7W/6L)
  =================================================================

  Market closed. Next open: 2026-05-13 09:29 EDT (0h 0m)
  Sleeping until market open...

  =================================================================
  📊 SESSION SUMMARY — 2026-05-13 09:29 EDT
  =================================================================
  Price checks run:    0
  Auto-closes today:   0
  Open positions:      13
  Total P&L:           $-141.50
  Win rate:            53.8%  (7W/6L)
  =================================================================

  Market closed. Next open: 2026-05-13 09:29 EDT (0h 0m)
  Sleeping until market open...

  =================================================================
  📊 SESSION SUMMARY — 2026-05-13 09:29 EDT
  =================================================================
  Price checks run:    0
  Auto-closes today:   0
  Open positions:      13
  Total P&L:           $-141.50
  Win rate:            53.8%  (7W/6L)
  =================================================================

  Market closed. Next open: 2026-05-13 09:29 EDT (0h 0m)
  Sleeping until market open...

  =================================================================
  📊 SESSION SUMMARY — 2026-05-13 09:29 EDT
  =================================================================
  Price checks run:    0
  Auto-closes today:   0
  Open positions:      13
  Total P&L:           $-141.50
  Win rate:            53.8%  (7W/6L)
  =================================================================

  Market closed. Next open: 2026-05-13 09:29 EDT (0h 0m)
  Sleeping until market open...

  =================================================================
  📊 SESSION SUMMARY — 2026-05-13 09:29 EDT
  =================================================================
  Price checks run:    0
  Auto-closes today:   0
  Open positions:      13
  Total P&L:           $-141.50
  Win rate:            53.8%  (7W/6L)
  =================================================================

  Market closed. Next open: 2026-05-13 09:29 EDT (0h 0m)
  Sleeping until market open...

  =================================================================
  📊 SESSION SUMMARY — 2026-05-13 09:29 EDT
  =================================================================
  Price checks run:    0
  Auto-closes today:   0
  Open positions:      13
  Total P&L:           $-141.50
  Win rate:            53.8%  (7W/6L)
  =================================================================

  Market closed. Next open: 2026-05-13 09:29 EDT (0h 0m)
  Sleeping until market open...

  =================================================================
  📊 SESSION SUMMARY — 2026-05-13 09:29 EDT
  =================================================================
  Price checks run:    0
  Auto-closes today:   0
  Open positions:      13
  Total P&L:           $-141.50
  Win rate:            53.8%  (7W/6L)
  =================================================================

  Market closed. Next open: 2026-05-13 09:29 EDT (0h 0m)
  Sleeping until market open...

  =================================================================
  📊 SESSION SUMMARY — 2026-05-13 09:29 EDT
  =================================================================
  Price checks run:    0
  Auto-closes today:   0
  Open positions:      13
  Total P&L:           $-141.50
  Win rate:            53.8%  (7W/6L)
  =================================================================

  Market closed. Next open: 2026-05-13 09:29 EDT (0h 0m)
  Sleeping until market open...

  =================================================================
  📊 SESSION SUMMARY — 2026-05-13 09:29 EDT
  =================================================================
  Price checks run:    0
  Auto-closes today:   0
  Open positions:      13
  Total P&L:           $-141.50
  Win rate:            53.8%  (7W/6L)
  =================================================================

  Market closed. Next open: 2026-05-13 09:29 EDT (0h 0m)
  Sleeping until market open...

  =================================================================
  📊 SESSION SUMMARY — 2026-05-13 09:29 EDT
  =================================================================
  Price checks run:    0
  Auto-closes today:   0
  Open positions:      13
  Total P&L:           $-141.50
  Win rate:            53.8%  (7W/6L)
  =================================================================

  Market closed. Next open: 2026-05-13 09:29 EDT (0h 0m)
  Sleeping until market open...

  =================================================================
  📊 SESSION SUMMARY — 2026-05-13 09:29 EDT
  =================================================================
  Price checks run:    0
  Auto-closes today:   0
  Open positions:      13
  Total P&L:           $-141.50
  Win rate:            53.8%  (7W/6L)
  =================================================================

  Market closed. Next open: 2026-05-13 09:29 EDT (0h 0m)
  Sleeping until market open...

  =================================================================
  📊 SESSION SUMMARY — 2026-05-13 09:29 EDT
  =================================================================
  Price checks run:    0
  Auto-closes today:   0
  Open positions:      13
  Total P&L:           $-141.50
  Win rate:            53.8%  (7W/6L)
  =================================================================

  Market closed. Next open: 2026-05-13 09:29 EDT (0h 0m)
  Sleeping until market open...

  =================================================================
  📊 SESSION SUMMARY — 2026-05-13 09:29 EDT
  =================================================================
  Price checks run:    0
  Auto-closes today:   0
  Open positions:      13
  Total P&L:           $-141.50
  Win rate:            53.8%  (7W/6L)
  =================================================================

  Market closed. Next open: 2026-05-13 09:29 EDT (0h 0m)
  Sleeping until market open...

  =================================================================
  📊 SESSION SUMMARY — 2026-05-13 09:29 EDT
  =================================================================
  Price checks run:    0
  Auto-closes today:   0
  Open positions:      13
  Total P&L:           $-141.50
  Win rate:            53.8%  (7W/6L)
  =================================================================

  Market closed. Next open: 2026-05-13 09:29 EDT (0h 0m)
  Sleeping until market open...

  =================================================================
  📊 SESSION SUMMARY — 2026-05-13 09:29 EDT
  =================================================================
  Price checks run:    0
  Auto-closes today:   0
  Open positions:      13
  Total P&L:           $-141.50
  Win rate:            53.8%  (7W/6L)
  =================================================================

  Market closed. Next open: 2026-05-13 09:29 EDT (0h 0m)
  Sleeping until market open...

  =================================================================
  📊 SESSION SUMMARY — 2026-05-13 09:29 EDT
  =================================================================
  Price checks run:    0
  Auto-closes today:   0
  Open positions:      13
  Total P&L:           $-141.50
  Win rate:            53.8%  (7W/6L)
  =================================================================

  Market closed. Next open: 2026-05-13 09:29 EDT (0h 0m)
  Sleeping until market open...

  =================================================================
  📊 SESSION SUMMARY — 2026-05-13 09:29 EDT
  =================================================================
  Price checks run:    0
  Auto-closes today:   0
  Open positions:      13
  Total P&L:           $-141.50
  Win rate:            53.8%  (7W/6L)
  =================================================================

  Market closed. Next open: 2026-05-13 09:29 EDT (0h 0m)
  Sleeping until market open...

  =================================================================
  📊 SESSION SUMMARY — 2026-05-13 09:29 EDT
  =================================================================
  Price checks run:    0
  Auto-closes today:   0
  Open positions:      13
  Total P&L:           $-141.50
  Win rate:            53.8%  (7W/6L)
  =================================================================

  Market closed. Next open: 2026-05-13 09:29 EDT (0h 0m)
  Sleeping until market open...

  =================================================================
  📊 SESSION SUMMARY — 2026-05-13 09:29 EDT
  =================================================================
  Price checks run:    0
  Auto-closes today:   0
  Open positions:      13
  Total P&L:           $-141.50
  Win rate:            53.8%  (7W/6L)
  =================================================================

  Market closed. Next open: 2026-05-13 09:29 EDT (0h 0m)
  Sleeping until market open...

  =================================================================
  📊 SESSION SUMMARY — 2026-05-13 09:29 EDT
  =================================================================
  Price checks run:    0
  Auto-closes today:   0
  Open positions:      13
  Total P&L:           $-141.50
  Win rate:            53.8%  (7W/6L)
  =================================================================

  Market closed. Next open: 2026-05-13 09:29 EDT (0h 0m)
  Sleeping until market open...

  =================================================================
  📊 SESSION SUMMARY — 2026-05-13 09:29 EDT
  =================================================================
  Price checks run:    0
  Auto-closes today:   0
  Open positions:      13
  Total P&L:           $-141.50
  Win rate:            53.8%  (7W/6L)
  =================================================================

  Market closed. Next open: 2026-05-13 09:29 EDT (0h 0m)
  Sleeping until market open...

  =================================================================
  📊 SESSION SUMMARY — 2026-05-13 09:29 EDT
  =================================================================
  Price checks run:    0
  Auto-closes today:   0
  Open positions:      13
  Total P&L:           $-141.50
  Win rate:            53.8%  (7W/6L)
  =================================================================

  Market closed. Next open: 2026-05-13 09:29 EDT (0h 0m)
  Sleeping until market open...

  =================================================================
  📊 SESSION SUMMARY — 2026-05-13 09:29 EDT
  =================================================================
  Price checks run:    0
  Auto-closes today:   0
  Open positions:      13
  Total P&L:           $-141.50
  Win rate:            53.8%  (7W/6L)
  =================================================================

  Market closed. Next open: 2026-05-13 09:29 EDT (0h 0m)
  Sleeping until market open...

  =================================================================
  📊 SESSION SUMMARY — 2026-05-13 09:29 EDT
  =================================================================
  Price checks run:    0
  Auto-closes today:   0
  Open positions:      13
  Total P&L:           $-141.50
  Win rate:            53.8%  (7W/6L)
  =================================================================

  Market closed. Next open: 2026-05-13 09:29 EDT (0h 0m)
  Sleeping until market open...

  =================================================================
  📊 SESSION SUMMARY — 2026-05-13 09:29 EDT
  =================================================================
  Price checks run:    0
  Auto-closes today:   0
  Open positions:      13
  Total P&L:           $-141.50
  Win rate:            53.8%  (7W/6L)
  =================================================================

  Market closed. Next open: 2026-05-13 09:29 EDT (0h 0m)
  Sleeping until market open...

  =================================================================
  📊 SESSION SUMMARY — 2026-05-13 09:29 EDT
  =================================================================
  Price checks run:    0
  Auto-closes today:   0
  Open positions:      13
  Total P&L:           $-141.50
  Win rate:            53.8%  (7W/6L)
  =================================================================

  Market closed. Next open: 2026-05-13 09:29 EDT (0h 0m)
  Sleeping until market open...

  =================================================================
  📊 SESSION SUMMARY — 2026-05-13 09:29 EDT
  =================================================================
  Price checks run:    0
  Auto-closes today:   0
  Open positions:      13
  Total P&L:           $-141.50
  Win rate:            53.8%  (7W/6L)
  =================================================================

  Market closed. Next open: 2026-05-13 09:29 EDT (0h 0m)
  Sleeping until market open...

  =================================================================
  📊 SESSION SUMMARY — 2026-05-13 09:29 EDT
  =================================================================
  Price checks run:    0
  Auto-closes today:   0
  Open positions:      13
  Total P&L:           $-141.50
  Win rate:            53.8%  (7W/6L)
  =================================================================

  Market closed. Next open: 2026-05-13 09:29 EDT (0h 0m)
  Sleeping until market open...

  =================================================================
  📊 SESSION SUMMARY — 2026-05-13 09:29 EDT
  =================================================================
  Price checks run:    0
  Auto-closes today:   0
  Open positions:      13
  Total P&L:           $-141.50
  Win rate:            53.8%  (7W/6L)
  =================================================================

  Market closed. Next open: 2026-05-13 09:29 EDT (0h 0m)
  Sleeping until market open...

  =================================================================
  📊 SESSION SUMMARY — 2026-05-13 09:29 EDT
  =================================================================
  Price checks run:    0
  Auto-closes today:   0
  Open positions:      13
  Total P&L:           $-141.50
  Win rate:            53.8%  (7W/6L)
  =================================================================

  Market closed. Next open: 2026-05-13 09:29 EDT (0h 0m)
  Sleeping until market open...

  =================================================================
  📊 SESSION SUMMARY — 2026-05-13 09:29 EDT
  =================================================================
  Price checks run:    0
  Auto-closes today:   0
  Open positions:      13
  Total P&L:           $-141.50
  Win rate:            53.8%  (7W/6L)
  =================================================================

  Market closed. Next open: 2026-05-13 09:29 EDT (0h 0m)
  Sleeping until market open...

  =================================================================
  📊 SESSION SUMMARY — 2026-05-13 09:29 EDT
  =================================================================
  Price checks run:    0
  Auto-closes today:   0
  Open positions:      13
  Total P&L:           $-141.50
  Win rate:            53.8%  (7W/6L)
  =================================================================

  Market closed. Next open: 2026-05-13 09:29 EDT (0h 0m)
  Sleeping until market open...

  =================================================================
  📊 SESSION SUMMARY — 2026-05-13 09:29 EDT
  =================================================================
  Price checks run:    0
  Auto-closes today:   0
  Open positions:      13
  Total P&L:           $-141.50
  Win rate:            53.8%  (7W/6L)
  =================================================================

  Market closed. Next open: 2026-05-13 09:29 EDT (0h 0m)
  Sleeping until market open...

  =================================================================
  📊 SESSION SUMMARY — 2026-05-13 09:29 EDT
  =================================================================
  Price checks run:    0
  Auto-closes today:   0
  Open positions:      13
  Total P&L:           $-141.50
  Win rate:            53.8%  (7W/6L)
  =================================================================

  Market closed. Next open: 2026-05-13 09:29 EDT (0h 0m)
  Sleeping until market open...

  =================================================================
  📊 SESSION SUMMARY — 2026-05-13 09:29 EDT
  =================================================================
  Price checks run:    0
  Auto-closes today:   0
  Open positions:      13
  Total P&L:           $-141.50
  Win rate:            53.8%  (7W/6L)
  =================================================================

  Market closed. Next open: 2026-05-13 09:29 EDT (0h 0m)
  Sleeping until market open...

  =================================================================
  📊 SESSION SUMMARY — 2026-05-13 09:29 EDT
  =================================================================
  Price checks run:    0
  Auto-closes today:   0
  Open positions:      13
  Total P&L:           $-141.50
  Win rate:            53.8%  (7W/6L)
  =================================================================

  Market closed. Next open: 2026-05-13 09:29 EDT (0h 0m)
  Sleeping until market open...

  =================================================================
  📊 SESSION SUMMARY — 2026-05-13 09:29 EDT
  =================================================================
  Price checks run:    0
  Auto-closes today:   0
  Open positions:      13
  Total P&L:           $-141.50
  Win rate:            53.8%  (7W/6L)
  =================================================================

  Market closed. Next open: 2026-05-13 09:29 EDT (0h 0m)
  Sleeping until market open...

  =================================================================
  📊 SESSION SUMMARY — 2026-05-13 09:29 EDT
  =================================================================
  Price checks run:    0
  Auto-closes today:   0
  Open positions:      13
  Total P&L:           $-141.50
  Win rate:            53.8%  (7W/6L)
  =================================================================

  Market closed. Next open: 2026-05-13 09:29 EDT (0h 0m)
  Sleeping until market open...

  =================================================================
  📊 SESSION SUMMARY — 2026-05-13 09:29 EDT
  =================================================================
  Price checks run:    0
  Auto-closes today:   0
  Open positions:      13
  Total P&L:           $-141.50
  Win rate:            53.8%  (7W/6L)
  =================================================================

  Market closed. Next open: 2026-05-13 09:29 EDT (0h 0m)
  Sleeping until market open...

  =================================================================
  📊 SESSION SUMMARY — 2026-05-13 09:29 EDT
  =================================================================
  Price checks run:    0
  Auto-closes today:   0
  Open positions:      13
  Total P&L:           $-141.50
  Win rate:            53.8%  (7W/6L)
  =================================================================

  Market closed. Next open: 2026-05-13 09:29 EDT (0h 0m)
  Sleeping until market open...

  =================================================================
  📊 SESSION SUMMARY — 2026-05-13 09:29 EDT
  =================================================================
  Price checks run:    0
  Auto-closes today:   0
  Open positions:      13
  Total P&L:           $-141.50
  Win rate:            53.8%  (7W/6L)
  =================================================================

  Market closed. Next open: 2026-05-13 09:29 EDT (0h 0m)
  Sleeping until market open...

  =================================================================
  📊 SESSION SUMMARY — 2026-05-13 09:29 EDT
  =================================================================
  Price checks run:    0
  Auto-closes today:   0
  Open positions:      13
  Total P&L:           $-141.50
  Win rate:            53.8%  (7W/6L)
  =================================================================

  Market closed. Next open: 2026-05-13 09:29 EDT (0h 0m)
  Sleeping until market open...

  =================================================================
  📊 SESSION SUMMARY — 2026-05-13 09:29 EDT
  =================================================================
  Price checks run:    0
  Auto-closes today:   0
  Open positions:      13
  Total P&L:           $-141.50
  Win rate:            53.8%  (7W/6L)
  =================================================================

  Market closed. Next open: 2026-05-13 09:29 EDT (0h 0m)
  Sleeping until market open...

  =================================================================
  📊 SESSION SUMMARY — 2026-05-13 09:29 EDT
  =================================================================
  Price checks run:    0
  Auto-closes today:   0
  Open positions:      13
  Total P&L:           $-141.50
  Win rate:            53.8%  (7W/6L)
  =================================================================

  Market closed. Next open: 2026-05-13 09:29 EDT (0h 0m)
  Sleeping until market open...

  =================================================================
  📊 SESSION SUMMARY — 2026-05-13 09:29 EDT
  =================================================================
  Price checks run:    0
  Auto-closes today:   0
  Open positions:      13
  Total P&L:           $-141.50
  Win rate:            53.8%  (7W/6L)
  =================================================================

  Market closed. Next open: 2026-05-13 09:29 EDT (0h 0m)
  Sleeping until market open...

  =================================================================
  📊 SESSION SUMMARY — 2026-05-13 09:29 EDT
  =================================================================
  Price checks run:    0
  Auto-closes today:   0
  Open positions:      13
  Total P&L:           $-141.50
  Win rate:            53.8%  (7W/6L)
  =================================================================

  Market closed. Next open: 2026-05-13 09:29 EDT (0h 0m)
  Sleeping until market open...

  =================================================================
  📊 SESSION SUMMARY — 2026-05-13 09:29 EDT
  =================================================================
  Price checks run:    0
  Auto-closes today:   0
  Open positions:      13
  Total P&L:           $-141.50
  Win rate:            53.8%  (7W/6L)
  =================================================================

  Market closed. Next open: 2026-05-13 09:29 EDT (0h 0m)
  Sleeping until market open...

  =================================================================
  📊 SESSION SUMMARY — 2026-05-13 09:29 EDT
  =================================================================
  Price checks run:    0
  Auto-closes today:   0
  Open positions:      13
  Total P&L:           $-141.50
  Win rate:            53.8%  (7W/6L)
  =================================================================

  Market closed. Next open: 2026-05-13 09:29 EDT (0h 0m)
  Sleeping until market open...

  =================================================================
  📊 SESSION SUMMARY — 2026-05-13 09:29 EDT
  =================================================================
  Price checks run:    0
  Auto-closes today:   0
  Open positions:      13
  Total P&L:           $-141.50
  Win rate:            53.8%  (7W/6L)
  =================================================================

  Market closed. Next open: 2026-05-13 09:29 EDT (0h 0m)
  Sleeping until market open...

  =================================================================
  📊 SESSION SUMMARY — 2026-05-13 09:29 EDT
  =================================================================
  Price checks run:    0
  Auto-closes today:   0
  Open positions:      13
  Total P&L:           $-141.50
  Win rate:            53.8%  (7W/6L)
  =================================================================

  Market closed. Next open: 2026-05-13 09:29 EDT (0h 0m)
  Sleeping until market open...

  =================================================================
  📊 SESSION SUMMARY — 2026-05-13 09:29 EDT
  =================================================================
  Price checks run:    0
  Auto-closes today:   0
  Open positions:      13
  Total P&L:           $-141.50
  Win rate:            53.8%  (7W/6L)
  =================================================================

  Market closed. Next open: 2026-05-13 09:29 EDT (0h 0m)
  Sleeping until market open...

  =================================================================
  📊 SESSION SUMMARY — 2026-05-13 09:29 EDT
  =================================================================
  Price checks run:    0
  Auto-closes today:   0
  Open positions:      13
  Total P&L:           $-141.50
  Win rate:            53.8%  (7W/6L)
  =================================================================

  Market closed. Next open: 2026-05-13 09:29 EDT (0h 0m)
  Sleeping until market open...

  =================================================================
  📊 SESSION SUMMARY — 2026-05-13 09:29 EDT
  =================================================================
  Price checks run:    0
  Auto-closes today:   0
  Open positions:      13
  Total P&L:           $-141.50
  Win rate:            53.8%  (7W/6L)
  =================================================================

  Market closed. Next open: 2026-05-13 09:29 EDT (0h 0m)
  Sleeping until market open...

  =================================================================
  📊 SESSION SUMMARY — 2026-05-13 09:29 EDT
  =================================================================
  Price checks run:    0
  Auto-closes today:   0
  Open positions:      13
  Total P&L:           $-141.50
  Win rate:            53.8%  (7W/6L)
  =================================================================

  Market closed. Next open: 2026-05-13 09:29 EDT (0h 0m)
  Sleeping until market open...

  =================================================================
  📊 SESSION SUMMARY — 2026-05-13 09:29 EDT
  =================================================================
  Price checks run:    0
  Auto-closes today:   0
  Open positions:      13
  Total P&L:           $-141.50
  Win rate:            53.8%  (7W/6L)
  =================================================================

  Market closed. Next open: 2026-05-13 09:29 EDT (0h 0m)
  Sleeping until market open...

  =================================================================
  📊 SESSION SUMMARY — 2026-05-13 09:29 EDT
  =================================================================
  Price checks run:    0
  Auto-closes today:   0
  Open positions:      13
  Total P&L:           $-141.50
  Win rate:            53.8%  (7W/6L)
  =================================================================

  Market closed. Next open: 2026-05-13 09:29 EDT (0h 0m)
  Sleeping until market open...

  =================================================================
  📊 SESSION SUMMARY — 2026-05-13 09:29 EDT
  =================================================================
  Price checks run:    0
  Auto-closes today:   0
  Open positions:      13
  Total P&L:           $-141.50
  Win rate:            53.8%  (7W/6L)
  =================================================================

  Market closed. Next open: 2026-05-13 09:29 EDT (0h 0m)
  Sleeping until market open...

  =================================================================
  📊 SESSION SUMMARY — 2026-05-13 09:29 EDT
  =================================================================
  Price checks run:    0
  Auto-closes today:   0
  Open positions:      13
  Total P&L:           $-141.50
  Win rate:            53.8%  (7W/6L)
  =================================================================

  Market closed. Next open: 2026-05-13 09:29 EDT (0h 0m)
  Sleeping until market open...

  =================================================================
  📊 SESSION SUMMARY — 2026-05-13 09:29 EDT
  =================================================================
  Price checks run:    0
  Auto-closes today:   0
  Open positions:      13
  Total P&L:           $-141.50
  Win rate:            53.8%  (7W/6L)
  =================================================================

  Market closed. Next open: 2026-05-13 09:29 EDT (0h 0m)
  Sleeping until market open...

  =================================================================
  📊 SESSION SUMMARY — 2026-05-13 09:29 EDT
  =================================================================
  Price checks run:    0
  Auto-closes today:   0
  Open positions:      13
  Total P&L:           $-141.50
  Win rate:            53.8%  (7W/6L)
  =================================================================

  Market closed. Next open: 2026-05-13 09:29 EDT (0h 0m)
  Sleeping until market open...

  =================================================================
  📊 SESSION SUMMARY — 2026-05-13 09:29 EDT
  =================================================================
  Price checks run:    0
  Auto-closes today:   0
  Open positions:      13
  Total P&L:           $-141.50
  Win rate:            53.8%  (7W/6L)
  =================================================================

  Market closed. Next open: 2026-05-13 09:29 EDT (0h 0m)
  Sleeping until market open...

  =================================================================
  📊 SESSION SUMMARY — 2026-05-13 09:29 EDT
  =================================================================
  Price checks run:    0
  Auto-closes today:   0
  Open positions:      13
  Total P&L:           $-141.50
  Win rate:            53.8%  (7W/6L)
  =================================================================

  Market closed. Next open: 2026-05-13 09:29 EDT (0h 0m)
  Sleeping until market open...

  =================================================================
  📊 SESSION SUMMARY — 2026-05-13 09:29 EDT
  =================================================================
  Price checks run:    0
  Auto-closes today:   0
  Open positions:      13
  Total P&L:           $-141.50
  Win rate:            53.8%  (7W/6L)
  =================================================================

  Market closed. Next open: 2026-05-13 09:29 EDT (0h 0m)
  Sleeping until market open...

  =================================================================
  📊 SESSION SUMMARY — 2026-05-13 09:29 EDT
  =================================================================
  Price checks run:    0
  Auto-closes today:   0
  Open positions:      13
  Total P&L:           $-141.50
  Win rate:            53.8%  (7W/6L)
  =================================================================

  Market closed. Next open: 2026-05-13 09:29 EDT (0h 0m)
  Sleeping until market open...

  =================================================================
  📊 SESSION SUMMARY — 2026-05-13 09:29 EDT
  =================================================================
  Price checks run:    0
  Auto-closes today:   0
  Open positions:      13
  Total P&L:           $-141.50
  Win rate:            53.8%  (7W/6L)
  =================================================================

  Market closed. Next open: 2026-05-13 09:29 EDT (0h 0m)
  Sleeping until market open...

  =================================================================
  📊 SESSION SUMMARY — 2026-05-13 09:29 EDT
  =================================================================
  Price checks run:    0
  Auto-closes today:   0
  Open positions:      13
  Total P&L:           $-141.50
  Win rate:            53.8%  (7W/6L)
  =================================================================

  Market closed. Next open: 2026-05-13 09:29 EDT (0h 0m)
  Sleeping until market open...

  =================================================================
  📊 SESSION SUMMARY — 2026-05-13 09:29 EDT
  =================================================================
  Price checks run:    0
  Auto-closes today:   0
  Open positions:      13
  Total P&L:           $-141.50
  Win rate:            53.8%  (7W/6L)
  =================================================================

  Market closed. Next open: 2026-05-13 09:29 EDT (0h 0m)
  Sleeping until market open...

  =================================================================
  📊 SESSION SUMMARY — 2026-05-13 09:29 EDT
  =================================================================
  Price checks run:    0
  Auto-closes today:   0
  Open positions:      13
  Total P&L:           $-141.50
  Win rate:            53.8%  (7W/6L)
  =================================================================

  Market closed. Next open: 2026-05-13 09:29 EDT (0h 0m)
  Sleeping until market open...

  =================================================================
  📊 SESSION SUMMARY — 2026-05-13 09:29 EDT
  =================================================================
  Price checks run:    0
  Auto-closes today:   0
  Open positions:      13
  Total P&L:           $-141.50
  Win rate:            53.8%  (7W/6L)
  =================================================================

  Market closed. Next open: 2026-05-13 09:29 EDT (0h 0m)
  Sleeping until market open...

  =================================================================
  📊 SESSION SUMMARY — 2026-05-13 09:29 EDT
  =================================================================
  Price checks run:    0
  Auto-closes today:   0
  Open positions:      13
  Total P&L:           $-141.50
  Win rate:            53.8%  (7W/6L)
  =================================================================

  Market closed. Next open: 2026-05-13 09:29 EDT (0h 0m)
  Sleeping until market open...

  =================================================================
  📊 SESSION SUMMARY — 2026-05-13 09:29 EDT
  =================================================================
  Price checks run:    0
  Auto-closes today:   0
  Open positions:      13
  Total P&L:           $-141.50
  Win rate:            53.8%  (7W/6L)
  =================================================================

  Market closed. Next open: 2026-05-13 09:29 EDT (0h 0m)
  Sleeping until market open...

  =================================================================
  📊 SESSION SUMMARY — 2026-05-13 09:29 EDT
  =================================================================
  Price checks run:    0
  Auto-closes today:   0
  Open positions:      13
  Total P&L:           $-141.50
  Win rate:            53.8%  (7W/6L)
  =================================================================

  Market closed. Next open: 2026-05-13 09:29 EDT (0h 0m)
  Sleeping until market open...

  =================================================================
  📊 SESSION SUMMARY — 2026-05-13 09:29 EDT
  =================================================================
  Price checks run:    0
  Auto-closes today:   0
  Open positions:      13
  Total P&L:           $-141.50
  Win rate:            53.8%  (7W/6L)
  =================================================================

  Market closed. Next open: 2026-05-13 09:29 EDT (0h 0m)
  Sleeping until market open...

  =================================================================
  📊 SESSION SUMMARY — 2026-05-13 09:29 EDT
  =================================================================
  Price checks run:    0
  Auto-closes today:   0
  Open positions:      13
  Total P&L:           $-141.50
  Win rate:            53.8%  (7W/6L)
  =================================================================

  Market closed. Next open: 2026-05-13 09:29 EDT (0h 0m)
  Sleeping until market open...

  =================================================================
  📊 SESSION SUMMARY — 2026-05-13 09:29 EDT
  =================================================================
  Price checks run:    0
  Auto-closes today:   0
  Open positions:      13
  Total P&L:           $-141.50
  Win rate:            53.8%  (7W/6L)
  =================================================================

  Market closed. Next open: 2026-05-13 09:29 EDT (0h 0m)
  Sleeping until market open...

  =================================================================
  📊 SESSION SUMMARY — 2026-05-13 09:29 EDT
  =================================================================
  Price checks run:    0
  Auto-closes today:   0
  Open positions:      13
  Total P&L:           $-141.50
  Win rate:            53.8%  (7W/6L)
  =================================================================

  Market closed. Next open: 2026-05-13 09:29 EDT (0h 0m)
  Sleeping until market open...

  =================================================================
  📊 SESSION SUMMARY — 2026-05-13 09:29 EDT
  =================================================================
  Price checks run:    0
  Auto-closes today:   0
  Open positions:      13
  Total P&L:           $-141.50
  Win rate:            53.8%  (7W/6L)
  =================================================================

  Market closed. Next open: 2026-05-13 09:29 EDT (0h 0m)
  Sleeping until market open...

  =================================================================
  📊 SESSION SUMMARY — 2026-05-13 09:29 EDT
  =================================================================
  Price checks run:    0
  Auto-closes today:   0
  Open positions:      13
  Total P&L:           $-141.50
  Win rate:            53.8%  (7W/6L)
  =================================================================

  Refreshing auth token...

  ─────────────────────────────────────────────────────────────────
  📡 POSITION CHECK — 09:30:03 EDT
  ─────────────────────────────────────────────────────────────────

  🔴 #10 SPY260511P00745000  [⏸ TRACKING]
      Entry: $9.88 │ Bid: $6.03  Mid: $6.17  Ask: $6.31
      P&L: $-370.50 (-37.5%) │ Target: $19.75  Stop: $4.94  DTE: -2d
      ⚠️  Stop was triggered — continuing to track for data
      💭 HIGH SPY put signal — score 8.0, $4.4M premium, 3 DTE, bearish thesis....
      🌍 SPY +0.00%  QQQ +0.00%  VIX 18.0

  ⏰ CONTRACT EXPIRED — auto-closing #10

  🔴 #11 TSLA260511P00425000  [⏸ TRACKING]
      Entry: $7.83 │ Bid: $0.00  Mid: $0.02  Ask: $0.01
      P&L: $-780.50 (-99.7%) │ Target: $15.65  Stop: $3.91  DTE: -2d
      ⚠️  Stop was triggered — continuing to track for data
      💭 HIGH TSLA put signal — score 5.62, $1.6M premium, 3 DTE, bearish thesi...
      🌍 SPY +0.00%  QQQ +0.00%  VIX 18.0

  ⏰ CONTRACT EXPIRED — auto-closing #11

  🔴 #13 TSLA260511P00430000  [⏸ TRACKING]
      Entry: $7.33 │ Bid: $0.00  Mid: $0.01  Ask: $0.01
      P&L: $-731.50 (-99.9%) │ Target: $14.65  Stop: $3.66  DTE: -2d
      ⚠️  Stop was triggered — continuing to track for data
      💭 $2.8M premium on TSLA puts with 100% bearish flow and 8.0 score warran...
      🌍 SPY +0.00%  QQQ +0.00%  VIX 18.0

  ⏰ CONTRACT EXPIRED — auto-closing #13

  🔴 #14 TSLA260513P00430000  [⏸ TRACKING]
      Entry: $11.70 │ Bid: $3.95  Mid: $4.00  Ask: $4.05
      P&L: $-770.00 (-65.8%) │ Target: $23.40  Stop: $5.85  DTE: 0d
      ⚠️  Stop was triggered — continuing to track for data
      💭 $1.1M premium on TSLA 430 puts expiring today with 100% bearish flow a...
      🌍 SPY +0.00%  QQQ +0.00%  VIX 18.0

  ⏰ CONTRACT EXPIRED — auto-closing #14

  🔴 #15 AMD260515P00457500  [⏸ TRACKING]
      Entry: $22.60 │ Bid: $17.75  Mid: $18.30  Ask: $18.85
      P&L: $-430.00 (-19.0%) │ Target: $45.20  Stop: $11.30  DTE: 2d
      ⚠️  Stop was triggered — continuing to track for data
      💭 $2.0M premium in AMD puts expiring today with 100% bearish flow and 8....
      🌍 SPY +0.00%  QQQ +0.00%  VIX 18.0

  🔴 #16 QQQ260511P00706000  [⏸ TRACKING]
      Entry: $2.11 │ Bid: $0.01  Mid: $0.02  Ask: $0.03
      P&L: $-209.00 (-99.0%) │ Target: $4.22  Stop: $1.05  DTE: -2d
      ⚠️  Stop was triggered — continuing to track for data
      💭 QQQ put with $1.8M premium and 8.0 score expiring today in 100% bearis...
      🌍 SPY +0.00%  QQQ +0.00%  VIX 18.0

  ⏰ CONTRACT EXPIRED — auto-closing #16

  🔴 #17 TSLA260515P00427500  [⏸ TRACKING]
      Entry: $11.00 │ Bid: $6.45  Mid: $6.50  Ask: $6.55
      P&L: $-450.00 (-40.9%) │ Target: $22.00  Stop: $5.50  DTE: 2d
      ⚠️  Stop was triggered — continuing to track for data
      💭 $6M premium on TSLA puts with 8.8 score and 100% bearish flow concentr...
      🌍 SPY +0.00%  QQQ +0.00%  VIX 18.0

  🟢 #18 NFLX260515P00106000  [▶ OPEN]
      Entry: $17.38 │ Bid: $17.10  Mid: $18.38  Ask: $19.65
      P&L: +$100.00 (+5.8%) │ Target: $34.75  Stop: $8.69  DTE: 2d
      💭 NFLX $106 puts expiring today generated $7.9M premium with 8.2 score i...
      🌍 SPY +0.00%  QQQ +0.00%  VIX 18.0

  🔴 #19 SPY260515P00755000  [▶ OPEN]
      Entry: $22.60 │ Bid: $17.41  Mid: $17.59  Ask: $17.76
      P&L: $-501.50 (-22.2%) │ Target: $45.20  Stop: $11.30  DTE: 2d
      💭 $1.5M premium accumulated in deep OTM SPY 755 puts expiring today with...
      🌍 SPY +0.00%  QQQ +0.00%  VIX 18.0

  🔴 #20 TSLA260513P00455000  [▶ OPEN]
      Entry: $28.93 │ Bid: $22.25  Mid: $22.57  Ask: $22.90
      P&L: $-635.00 (-21.9%) │ Target: $57.85  Stop: $14.46  DTE: 0d
      💭 $18.8M in put premium with 100% bearish flow bias into a zero-DTE TSLA...
      🌍 SPY +0.00%  QQQ +0.00%  VIX 18.0
  ⏰ EXPIRING SOON — 0 day(s) remaining

  🔴 #22 CRM260605C00100000  [▶ OPEN]
      Entry: $72.58 │ Bid: $70.15  Mid: $71.62  Ask: $73.10
      P&L: $-95.00 (-1.3%) │ Target: $145.15  Stop: $14.52  DTE: 23d
      💭 CRM $100 calls expiring today show $1.0M premium with 7.53 score in 10...
      🌍 SPY +0.00%  QQQ +0.00%  VIX 18.0

  🟢 #24 NVDA260513C00145000  [▶ OPEN]
      Entry: $72.97 │ Bid: $73.15  Mid: $75.53  Ask: $77.90
      P&L: +$255.00 (+3.5%) │ Target: $145.95  Stop: $36.49  DTE: 0d
      💭 NVDA $145 calls expiring today with $954K premium and 100% bullish flo...
      🌍 SPY +0.00%  QQQ +0.00%  VIX 18.0
  ⏰ EXPIRING SOON — 0 day(s) remaining

  🟢 #26 NFLX260515P00107000  [▶ OPEN]
      Entry: $18.35 │ Bid: $18.10  Mid: $18.93  Ask: $19.75
      P&L: +$57.50 (+3.1%) │ Target: $36.70  Stop: $9.18  DTE: 2d
      💭 $9.9M in put premium flowing into $107 OTM puts expiring today signals...
      🌍 SPY +0.00%  QQQ +0.00%  VIX 18.0

  🟢 #28 TSLA260513C00425000  [▶ OPEN]
      Entry: $6.95 │ Bid: $10.65  Mid: $10.80  Ask: $10.95
      P&L: +$385.00 (+55.4%) │ Target: $13.90  Stop: $3.48  DTE: 0d
      💭 TSLA 425 calls expiring today show $25.9M premium with 100% bullish fl...
      🌍 SPY +0.00%  QQQ +0.00%  VIX 18.0
  ⏰ EXPIRING SOON — 0 day(s) remaining

  🔴 #29 NVDA260513P00222500  [▶ OPEN]
      Entry: $5.03 │ Bid: $0.54  Mid: $0.88  Ask: $1.22
      P&L: $-414.50 (-82.5%) │ Target: $10.05  Stop: $2.51  DTE: 0d
      💭 $8.0M premium concentrated in zero-DTE NVDA puts at 100% bearish flow ...
      🌍 SPY +0.00%  QQQ +0.00%  VIX 18.0

  =================================================================
  🛑 STOP TRIGGERED — #29 NVDA260513P00222500
      Entry: $5.03 → Current: $0.88
      Dynamic stop: $2.51 (DTE: 0d)
      Theoretical P&L if exited: $-414.50 (-82.5%)
      Continuing to track through expiration for data collection
  =================================================================

  🔴 #30 TSLA260513P00435000  [▶ OPEN]
      Entry: $8.90 │ Bid: $6.35  Mid: $6.42  Ask: $6.50
      P&L: $-247.50 (-27.8%) │ Target: $17.80  Stop: $4.45  DTE: 0d
      💭 $21.2M in put premium with 100% bearish flow and 0 DTE expiration crea...
      🌍 SPY +0.00%  QQQ +0.00%  VIX 18.0
  ⏰ EXPIRING SOON — 0 day(s) remaining

  🟢 #31 TSLA260513C00450000  [▶ OPEN]
      Entry: $1.04 │ Bid: $1.21  Mid: $1.22  Ask: $1.23
      P&L: +$18.00 (+17.3%) │ Target: $2.08  Stop: $0.52  DTE: 0d
      💭 $9.2M premium in TSLA calls expiring today with 100% bullish flow sign...
      🌍 SPY +0.00%  QQQ +0.00%  VIX 18.0
  ⏰ EXPIRING SOON — 0 day(s) remaining

  🔴 #32 TSLA260513P00427500  [▶ OPEN]
      Entry: $4.58 │ Bid: $3.00  Mid: $3.05  Ask: $3.10
      P&L: $-152.50 (-33.3%) │ Target: $9.15  Stop: $2.29  DTE: 0d
      💭 TSLA put with $11.5M premium and 100% bearish flow skew warrants paper...
      🌍 SPY +0.00%  QQQ +0.00%  VIX 18.0
  ⏰ EXPIRING SOON — 0 day(s) remaining

  🟢 #33 TSLA260513C00427500  [▶ OPEN]
      Entry: $7.00 │ Bid: $8.90  Mid: $9.03  Ask: $9.15
      P&L: +$202.50 (+28.9%) │ Target: $14.00  Stop: $3.50  DTE: 0d
      💭 $8.5M premium on TSLA calls with 100% bullish flow bias warrants paper...
      🌍 SPY +0.00%  QQQ +0.00%  VIX 18.0
  ⏰ EXPIRING SOON — 0 day(s) remaining

  🟢 #34 TSLA260513C00432500  [▶ OPEN]
      Entry: $5.60 │ Bid: $6.00  Mid: $6.05  Ask: $6.10
      P&L: +$45.00 (+8.0%) │ Target: $11.20  Stop: $2.80  DTE: 0d
      💭 $17.4M premium accumulated on a single OTM call expiring today signals...
      🌍 SPY +0.00%  QQQ +0.00%  VIX 18.0
  ⏰ EXPIRING SOON — 0 day(s) remaining

  ⏳ Next check in 3 minutes...

  ─────────────────────────────────────────────────────────────────
  📡 POSITION CHECK — 09:33:04 EDT
  ─────────────────────────────────────────────────────────────────

  🔴 #10 SPY260511P00745000  [⏸ TRACKING]
      Entry: $9.88 │ Bid: $6.03  Mid: $6.17  Ask: $6.31
      P&L: $-370.50 (-37.5%) │ Target: $19.75  Stop: $4.94  DTE: -2d
      ⚠️  Stop was triggered — continuing to track for data
      💭 HIGH SPY put signal — score 8.0, $4.4M premium, 3 DTE, bearish thesis....
      🌍 SPY +0.00%  QQQ +0.00%  VIX 18.3

  ⏰ CONTRACT EXPIRED — auto-closing #10

  🔴 #11 TSLA260511P00425000  [⏸ TRACKING]
      Entry: $7.83 │ Bid: $0.00  Mid: $0.02  Ask: $0.01
      P&L: $-780.50 (-99.7%) │ Target: $15.65  Stop: $3.91  DTE: -2d
      ⚠️  Stop was triggered — continuing to track for data
      💭 HIGH TSLA put signal — score 5.62, $1.6M premium, 3 DTE, bearish thesi...
      🌍 SPY +0.00%  QQQ +0.00%  VIX 18.3

  ⏰ CONTRACT EXPIRED — auto-closing #11

  🔴 #13 TSLA260511P00430000  [⏸ TRACKING]
      Entry: $7.33 │ Bid: $0.00  Mid: $0.01  Ask: $0.01
      P&L: $-731.50 (-99.9%) │ Target: $14.65  Stop: $3.66  DTE: -2d
      ⚠️  Stop was triggered — continuing to track for data
      💭 $2.8M premium on TSLA puts with 100% bearish flow and 8.0 score warran...
      🌍 SPY +0.00%  QQQ +0.00%  VIX 18.3

  ⏰ CONTRACT EXPIRED — auto-closing #13

  🔴 #14 TSLA260513P00430000  [⏸ TRACKING]
      Entry: $11.70 │ Bid: $2.50  Mid: $2.52  Ask: $2.55
      P&L: $-917.50 (-78.4%) │ Target: $23.40  Stop: $5.85  DTE: 0d
      ⚠️  Stop was triggered — continuing to track for data
      💭 $1.1M premium on TSLA 430 puts expiring today with 100% bearish flow a...
      🌍 SPY +0.00%  QQQ +0.00%  VIX 18.3

  ⏰ CONTRACT EXPIRED — auto-closing #14

  🔴 #15 AMD260515P00457500  [⏸ TRACKING]
      Entry: $22.60 │ Bid: $15.60  Mid: $16.07  Ask: $16.55
      P&L: $-652.50 (-28.9%) │ Target: $45.20  Stop: $11.30  DTE: 2d
      ⚠️  Stop was triggered — continuing to track for data
      💭 $2.0M premium in AMD puts expiring today with 100% bearish flow and 8....
      🌍 SPY +0.00%  QQQ +0.00%  VIX 18.3

  🔴 #16 QQQ260511P00706000  [⏸ TRACKING]
      Entry: $2.11 │ Bid: $0.01  Mid: $0.02  Ask: $0.03
      P&L: $-209.00 (-99.0%) │ Target: $4.22  Stop: $1.05  DTE: -2d
      ⚠️  Stop was triggered — continuing to track for data
      💭 QQQ put with $1.8M premium and 8.0 score expiring today in 100% bearis...
      🌍 SPY +0.00%  QQQ +0.00%  VIX 18.3

  ⏰ CONTRACT EXPIRED — auto-closing #16

  🔴 #17 TSLA260515P00427500  [⏸ TRACKING]
      Entry: $11.00 │ Bid: $5.35  Mid: $5.40  Ask: $5.45
      P&L: $-560.00 (-50.9%) │ Target: $22.00  Stop: $5.50  DTE: 2d
      ⚠️  Stop was triggered — continuing to track for data
      💭 $6M premium on TSLA puts with 8.8 score and 100% bearish flow concentr...
      🌍 SPY +0.00%  QQQ +0.00%  VIX 18.3

  🟢 #18 NFLX260515P00106000  [▶ OPEN]
      Entry: $17.38 │ Bid: $18.90  Mid: $19.45  Ask: $20.00
      P&L: +$207.50 (+11.9%) │ Target: $34.75  Stop: $8.69  DTE: 2d
      💭 NFLX $106 puts expiring today generated $7.9M premium with 8.2 score i...
      🌍 SPY +0.00%  QQQ +0.00%  VIX 18.3

  🔴 #19 SPY260515P00755000  [▶ OPEN]
      Entry: $22.60 │ Bid: $16.42  Mid: $17.26  Ask: $18.10
      P&L: $-534.00 (-23.6%) │ Target: $45.20  Stop: $11.30  DTE: 2d
      💭 $1.5M premium accumulated in deep OTM SPY 755 puts expiring today with...
      🌍 SPY +0.00%  QQQ +0.00%  VIX 18.3

  🔴 #20 TSLA260513P00455000  [⏸ TRACKING]
      Entry: $28.93 │ Bid: $19.10  Mid: $19.57  Ask: $20.05
      P&L: $-935.00 (-32.3%) │ Target: $57.85  Stop: $14.46  DTE: 0d
      ⚠️  Stop was triggered — continuing to track for data
      💭 $18.8M in put premium with 100% bearish flow bias into a zero-DTE TSLA...
      🌍 SPY +0.00%  QQQ +0.00%  VIX 18.3

  ⏰ CONTRACT EXPIRED — auto-closing #20

  🔴 #22 CRM260605C00100000  [▶ OPEN]
      Entry: $72.58 │ Bid: $66.75  Mid: $68.38  Ask: $70.00
      P&L: $-420.00 (-5.8%) │ Target: $145.15  Stop: $14.52  DTE: 23d
      💭 CRM $100 calls expiring today show $1.0M premium with 7.53 score in 10...
      🌍 SPY +0.00%  QQQ +0.00%  VIX 18.3

  🟢 #24 NVDA260513C00145000  [▶ OPEN]
      Entry: $72.97 │ Bid: $76.30  Mid: $80.10  Ask: $83.90
      P&L: +$712.50 (+9.8%) │ Target: $145.95  Stop: $36.49  DTE: 0d
      💭 NVDA $145 calls expiring today with $954K premium and 100% bullish flo...
      🌍 SPY +0.00%  QQQ +0.00%  VIX 18.3
  ⏰ EXPIRING SOON — 0 day(s) remaining

  🟢 #26 NFLX260515P00107000  [▶ OPEN]
      Entry: $18.35 │ Bid: $19.75  Mid: $20.48  Ask: $21.20
      P&L: +$212.50 (+11.6%) │ Target: $36.70  Stop: $9.18  DTE: 2d
      💭 $9.9M in put premium flowing into $107 OTM puts expiring today signals...
      🌍 SPY +0.00%  QQQ +0.00%  VIX 18.3

  🟢 #28 TSLA260513C00425000  [▶ OPEN]
      Entry: $6.95 │ Bid: $12.45  Mid: $12.68  Ask: $12.90
      P&L: +$572.50 (+82.4%) │ Target: $13.90  Stop: $3.48  DTE: 0d
      💭 TSLA 425 calls expiring today show $25.9M premium with 100% bullish fl...
      🌍 SPY +0.00%  QQQ +0.00%  VIX 18.3
  ⚡ TARGET APPROACHING — $1.22 away (82%)
  ⏰ EXPIRING SOON — 0 day(s) remaining

  🔴 #29 NVDA260513P00222500  [⏸ TRACKING]
      Entry: $5.03 │ Bid: $1.14  Mid: $1.16  Ask: $1.18
      P&L: $-386.50 (-76.9%) │ Target: $10.05  Stop: $2.51  DTE: 0d
      ⚠️  Stop was triggered — continuing to track for data
      💭 $8.0M premium concentrated in zero-DTE NVDA puts at 100% bearish flow ...
      🌍 SPY +0.00%  QQQ +0.00%  VIX 18.3

  ⏰ CONTRACT EXPIRED — auto-closing #29

  🔴 #30 TSLA260513P00435000  [⏸ TRACKING]
      Entry: $8.90 │ Bid: $4.35  Mid: $4.42  Ask: $4.50
      P&L: $-447.50 (-50.3%) │ Target: $17.80  Stop: $4.45  DTE: 0d
      ⚠️  Stop was triggered — continuing to track for data
      💭 $21.2M in put premium with 100% bearish flow and 0 DTE expiration crea...
      🌍 SPY +0.00%  QQQ +0.00%  VIX 18.3

  ⏰ CONTRACT EXPIRED — auto-closing #30

  🟢 #31 TSLA260513C00450000  [▶ OPEN]
      Entry: $1.04 │ Bid: $1.30  Mid: $1.31  Ask: $1.33
      P&L: +$27.50 (+26.4%) │ Target: $2.08  Stop: $0.52  DTE: 0d
      💭 $9.2M premium in TSLA calls expiring today with 100% bullish flow sign...
      🌍 SPY +0.00%  QQQ +0.00%  VIX 18.3
  ⏰ EXPIRING SOON — 0 day(s) remaining

  🔴 #32 TSLA260513P00427500  [⏸ TRACKING]
      Entry: $4.58 │ Bid: $1.84  Mid: $1.86  Ask: $1.88
      P&L: $-271.50 (-59.3%) │ Target: $9.15  Stop: $2.29  DTE: 0d
      ⚠️  Stop was triggered — continuing to track for data
      💭 TSLA put with $11.5M premium and 100% bearish flow skew warrants paper...
      🌍 SPY +0.00%  QQQ +0.00%  VIX 18.3

  ⏰ CONTRACT EXPIRED — auto-closing #32

  🟢 #33 TSLA260513C00427500  [▶ OPEN]
      Entry: $7.00 │ Bid: $10.45  Mid: $10.68  Ask: $10.90
      P&L: +$367.50 (+52.5%) │ Target: $14.00  Stop: $3.50  DTE: 0d
      💭 $8.5M premium on TSLA calls with 100% bullish flow bias warrants paper...
      🌍 SPY +0.00%  QQQ +0.00%  VIX 18.3
  ⏰ EXPIRING SOON — 0 day(s) remaining

  🟢 #34 TSLA260513C00432500  [▶ OPEN]
      Entry: $5.60 │ Bid: $7.10  Mid: $7.17  Ask: $7.25
      P&L: +$157.50 (+28.1%) │ Target: $11.20  Stop: $2.80  DTE: 0d
      💭 $17.4M premium accumulated on a single OTM call expiring today signals...
      🌍 SPY +0.00%  QQQ +0.00%  VIX 18.3
  ⏰ EXPIRING SOON — 0 day(s) remaining

  ⏳ Next check in 3 minutes...
  ✗ Price fetch error: HTTPSConnectionPool(host='api.public.com', port=443): Max retries exceeded with url: /userapigateway/marketdata/5LT39200/quotes (Caused by NameResolutionError("HTTPSConnection(host='api.public.com', port=443): Failed to resolve 'api.public.com' ([Errno 11001] getaddrinfo failed)"))
  ✗ Market context fetch error: HTTPSConnectionPool(host='api.public.com', port=443): Max retries exceeded with url: /userapigateway/marketdata/5LT39200/quotes (Caused by NameResolutionError("HTTPSConnection(host='api.public.com', port=443): Failed to resolve 'api.public.com' ([Errno 11001] getaddrinfo failed)"))

  ─────────────────────────────────────────────────────────────────
  📡 POSITION CHECK — 09:36:04 EDT
  ─────────────────────────────────────────────────────────────────

  ⚠️  #10 SPY260511P00745000
      Price unavailable — skipping this cycle

  ⚠️  #11 TSLA260511P00425000
      Price unavailable — skipping this cycle

  ⚠️  #13 TSLA260511P00430000
      Price unavailable — skipping this cycle

  ⚠️  #14 TSLA260513P00430000
      Price unavailable — skipping this cycle

  ⚠️  #15 AMD260515P00457500
      Price unavailable — skipping this cycle

  ⚠️  #16 QQQ260511P00706000
      Price unavailable — skipping this cycle

  ⚠️  #17 TSLA260515P00427500
      Price unavailable — skipping this cycle

  ⚠️  #18 NFLX260515P00106000
      Price unavailable — skipping this cycle

  ⚠️  #19 SPY260515P00755000
      Price unavailable — skipping this cycle

  ⚠️  #20 TSLA260513P00455000
      Price unavailable — skipping this cycle

  ⚠️  #22 CRM260605C00100000
      Price unavailable — skipping this cycle

  ⚠️  #24 NVDA260513C00145000
      Price unavailable — skipping this cycle

  ⚠️  #26 NFLX260515P00107000
      Price unavailable — skipping this cycle

  ⚠️  #28 TSLA260513C00425000
      Price unavailable — skipping this cycle

  ⚠️  #29 NVDA260513P00222500
      Price unavailable — skipping this cycle

  ⚠️  #30 TSLA260513P00435000
      Price unavailable — skipping this cycle

  ⚠️  #31 TSLA260513C00450000
      Price unavailable — skipping this cycle

  ⚠️  #32 TSLA260513P00427500
      Price unavailable — skipping this cycle

  ⚠️  #33 TSLA260513C00427500
      Price unavailable — skipping this cycle

  ⚠️  #34 TSLA260513C00432500
      Price unavailable — skipping this cycle

  ⏳ Next check in 3 minutes...

  ─────────────────────────────────────────────────────────────────
  📡 POSITION CHECK — 09:39:06 EDT
  ─────────────────────────────────────────────────────────────────

  🔴 #10 SPY260511P00745000  [⏸ TRACKING]
      Entry: $9.88 │ Bid: $6.03  Mid: $6.17  Ask: $6.31
      P&L: $-370.50 (-37.5%) │ Target: $19.75  Stop: $4.94  DTE: -2d
      ⚠️  Stop was triggered — continuing to track for data
      💭 HIGH SPY put signal — score 8.0, $4.4M premium, 3 DTE, bearish thesis....
      🌍 SPY +0.00%  QQQ +0.00%  VIX 18.3

  ⏰ CONTRACT EXPIRED — auto-closing #10

  🔴 #11 TSLA260511P00425000  [⏸ TRACKING]
      Entry: $7.83 │ Bid: $0.00  Mid: $0.02  Ask: $0.01
      P&L: $-780.50 (-99.7%) │ Target: $15.65  Stop: $3.91  DTE: -2d
      ⚠️  Stop was triggered — continuing to track for data
      💭 HIGH TSLA put signal — score 5.62, $1.6M premium, 3 DTE, bearish thesi...
      🌍 SPY +0.00%  QQQ +0.00%  VIX 18.3

  ⏰ CONTRACT EXPIRED — auto-closing #11

  🔴 #13 TSLA260511P00430000  [⏸ TRACKING]
      Entry: $7.33 │ Bid: $0.00  Mid: $0.01  Ask: $0.01
      P&L: $-731.50 (-99.9%) │ Target: $14.65  Stop: $3.66  DTE: -2d
      ⚠️  Stop was triggered — continuing to track for data
      💭 $2.8M premium on TSLA puts with 100% bearish flow and 8.0 score warran...
      🌍 SPY +0.00%  QQQ +0.00%  VIX 18.3

  ⏰ CONTRACT EXPIRED — auto-closing #13

  🔴 #14 TSLA260513P00430000  [⏸ TRACKING]
      Entry: $11.70 │ Bid: $2.41  Mid: $2.44  Ask: $2.46
      P&L: $-926.50 (-79.2%) │ Target: $23.40  Stop: $5.85  DTE: 0d
      ⚠️  Stop was triggered — continuing to track for data
      💭 $1.1M premium on TSLA 430 puts expiring today with 100% bearish flow a...
      🌍 SPY +0.00%  QQQ +0.00%  VIX 18.3

  ⏰ CONTRACT EXPIRED — auto-closing #14

  🔴 #15 AMD260515P00457500  [⏸ TRACKING]
      Entry: $22.60 │ Bid: $20.10  Mid: $20.55  Ask: $21.00
      P&L: $-205.00 (-9.1%) │ Target: $45.20  Stop: $11.30  DTE: 2d
      ⚠️  Stop was triggered — continuing to track for data
      💭 $2.0M premium in AMD puts expiring today with 100% bearish flow and 8....
      🌍 SPY +0.00%  QQQ +0.00%  VIX 18.3

  🔴 #16 QQQ260511P00706000  [⏸ TRACKING]
      Entry: $2.11 │ Bid: $0.01  Mid: $0.02  Ask: $0.03
      P&L: $-209.00 (-99.0%) │ Target: $4.22  Stop: $1.05  DTE: -2d
      ⚠️  Stop was triggered — continuing to track for data
      💭 QQQ put with $1.8M premium and 8.0 score expiring today in 100% bearis...
      🌍 SPY +0.00%  QQQ +0.00%  VIX 18.3

  ⏰ CONTRACT EXPIRED — auto-closing #16

  🔴 #17 TSLA260515P00427500  [⏸ TRACKING]
      Entry: $11.00 │ Bid: $5.55  Mid: $5.60  Ask: $5.65
      P&L: $-540.00 (-49.1%) │ Target: $22.00  Stop: $5.50  DTE: 2d
      ⚠️  Stop was triggered — continuing to track for data
      💭 $6M premium on TSLA puts with 8.8 score and 100% bearish flow concentr...
      🌍 SPY +0.00%  QQQ +0.00%  VIX 18.3

  🟢 #18 NFLX260515P00106000  [▶ OPEN]
      Entry: $17.38 │ Bid: $18.90  Mid: $19.45  Ask: $20.00
      P&L: +$207.50 (+11.9%) │ Target: $34.75  Stop: $8.69  DTE: 2d
      💭 NFLX $106 puts expiring today generated $7.9M premium with 8.2 score i...
      🌍 SPY +0.00%  QQQ +0.00%  VIX 18.3

  🔴 #19 SPY260515P00755000  [▶ OPEN]
      Entry: $22.60 │ Bid: $17.79  Mid: $18.15  Ask: $18.51
      P&L: $-445.00 (-19.7%) │ Target: $45.20  Stop: $11.30  DTE: 2d
      💭 $1.5M premium accumulated in deep OTM SPY 755 puts expiring today with...
      🌍 SPY +0.00%  QQQ +0.00%  VIX 18.3

  🔴 #20 TSLA260513P00455000  [⏸ TRACKING]
      Entry: $28.93 │ Bid: $19.35  Mid: $19.62  Ask: $19.90
      P&L: $-930.00 (-32.1%) │ Target: $57.85  Stop: $14.46  DTE: 0d
      ⚠️  Stop was triggered — continuing to track for data
      💭 $18.8M in put premium with 100% bearish flow bias into a zero-DTE TSLA...
      🌍 SPY +0.00%  QQQ +0.00%  VIX 18.3

  ⏰ CONTRACT EXPIRED — auto-closing #20

  🔴 #22 CRM260605C00100000  [▶ OPEN]
      Entry: $72.58 │ Bid: $66.75  Mid: $68.22  Ask: $69.70
      P&L: $-435.00 (-6.0%) │ Target: $145.15  Stop: $14.52  DTE: 23d
      💭 CRM $100 calls expiring today show $1.0M premium with 7.53 score in 10...
      🌍 SPY +0.00%  QQQ +0.00%  VIX 18.3

  🟢 #24 NVDA260513C00145000  [▶ OPEN]
      Entry: $72.97 │ Bid: $78.15  Mid: $80.75  Ask: $83.35
      P&L: +$777.50 (+10.7%) │ Target: $145.95  Stop: $36.49  DTE: 0d
      💭 NVDA $145 calls expiring today with $954K premium and 100% bullish flo...
      🌍 SPY +0.00%  QQQ +0.00%  VIX 18.3
  ⏰ EXPIRING SOON — 0 day(s) remaining

  🟢 #26 NFLX260515P00107000  [▶ OPEN]
      Entry: $18.35 │ Bid: $19.75  Mid: $20.48  Ask: $21.20
      P&L: +$212.50 (+11.6%) │ Target: $36.70  Stop: $9.18  DTE: 2d
      💭 $9.9M in put premium flowing into $107 OTM puts expiring today signals...
      🌍 SPY +0.00%  QQQ +0.00%  VIX 18.3

  🟢 #28 TSLA260513C00425000  [▶ OPEN]
      Entry: $6.95 │ Bid: $12.15  Mid: $12.30  Ask: $12.45
      P&L: +$535.00 (+77.0%) │ Target: $13.90  Stop: $3.48  DTE: 0d
      💭 TSLA 425 calls expiring today show $25.9M premium with 100% bullish fl...
      🌍 SPY +0.00%  QQQ +0.00%  VIX 18.3
  ⏰ EXPIRING SOON — 0 day(s) remaining

  🔴 #29 NVDA260513P00222500  [⏸ TRACKING]
      Entry: $5.03 │ Bid: $0.81  Mid: $0.82  Ask: $0.83
      P&L: $-420.50 (-83.7%) │ Target: $10.05  Stop: $2.51  DTE: 0d
      ⚠️  Stop was triggered — continuing to track for data
      💭 $8.0M premium concentrated in zero-DTE NVDA puts at 100% bearish flow ...
      🌍 SPY +0.00%  QQQ +0.00%  VIX 18.3

  ⏰ CONTRACT EXPIRED — auto-closing #29

  🔴 #30 TSLA260513P00435000  [⏸ TRACKING]
      Entry: $8.90 │ Bid: $4.30  Mid: $4.35  Ask: $4.40
      P&L: $-455.00 (-51.1%) │ Target: $17.80  Stop: $4.45  DTE: 0d
      ⚠️  Stop was triggered — continuing to track for data
      💭 $21.2M in put premium with 100% bearish flow and 0 DTE expiration crea...
      🌍 SPY +0.00%  QQQ +0.00%  VIX 18.3

  ⏰ CONTRACT EXPIRED — auto-closing #30

  🟢 #31 TSLA260513C00450000  [▶ OPEN]
      Entry: $1.04 │ Bid: $1.11  Mid: $1.12  Ask: $1.13
      P&L: +$8.00 (+7.7%) │ Target: $2.08  Stop: $0.52  DTE: 0d
      💭 $9.2M premium in TSLA calls expiring today with 100% bullish flow sign...
      🌍 SPY +0.00%  QQQ +0.00%  VIX 18.3
  ⏰ EXPIRING SOON — 0 day(s) remaining

  🔴 #32 TSLA260513P00427500  [⏸ TRACKING]
      Entry: $4.58 │ Bid: $1.74  Mid: $1.76  Ask: $1.78
      P&L: $-281.50 (-61.5%) │ Target: $9.15  Stop: $2.29  DTE: 0d
      ⚠️  Stop was triggered — continuing to track for data
      💭 TSLA put with $11.5M premium and 100% bearish flow skew warrants paper...
      🌍 SPY +0.00%  QQQ +0.00%  VIX 18.3

  ⏰ CONTRACT EXPIRED — auto-closing #32

  🟢 #33 TSLA260513C00427500  [▶ OPEN]
      Entry: $7.00 │ Bid: $10.15  Mid: $10.30  Ask: $10.45
      P&L: +$330.00 (+47.1%) │ Target: $14.00  Stop: $3.50  DTE: 0d
      💭 $8.5M premium on TSLA calls with 100% bullish flow bias warrants paper...
      🌍 SPY +0.00%  QQQ +0.00%  VIX 18.3
  ⏰ EXPIRING SOON — 0 day(s) remaining

  🟢 #34 TSLA260513C00432500  [▶ OPEN]
      Entry: $5.60 │ Bid: $6.80  Mid: $6.88  Ask: $6.95
      P&L: +$127.50 (+22.8%) │ Target: $11.20  Stop: $2.80  DTE: 0d
      💭 $17.4M premium accumulated on a single OTM call expiring today signals...
      🌍 SPY +0.00%  QQQ +0.00%  VIX 18.3
  ⏰ EXPIRING SOON — 0 day(s) remaining

  ⏳ Next check in 3 minutes...

  ─────────────────────────────────────────────────────────────────
  📡 POSITION CHECK — 09:42:08 EDT
  ─────────────────────────────────────────────────────────────────

  🔴 #10 SPY260511P00745000  [⏸ TRACKING]
      Entry: $9.88 │ Bid: $6.03  Mid: $6.17  Ask: $6.31
      P&L: $-370.50 (-37.5%) │ Target: $19.75  Stop: $4.94  DTE: -2d
      ⚠️  Stop was triggered — continuing to track for data
      💭 HIGH SPY put signal — score 8.0, $4.4M premium, 3 DTE, bearish thesis....
      🌍 SPY +0.00%  QQQ +0.00%  VIX 18.2

  ⏰ CONTRACT EXPIRED — auto-closing #10

  🔴 #11 TSLA260511P00425000  [⏸ TRACKING]
      Entry: $7.83 │ Bid: $0.00  Mid: $0.02  Ask: $0.01
      P&L: $-780.50 (-99.7%) │ Target: $15.65  Stop: $3.91  DTE: -2d
      ⚠️  Stop was triggered — continuing to track for data
      💭 HIGH TSLA put signal — score 5.62, $1.6M premium, 3 DTE, bearish thesi...
      🌍 SPY +0.00%  QQQ +0.00%  VIX 18.2

  ⏰ CONTRACT EXPIRED — auto-closing #11

  🔴 #13 TSLA260511P00430000  [⏸ TRACKING]
      Entry: $7.33 │ Bid: $0.00  Mid: $0.01  Ask: $0.01
      P&L: $-731.50 (-99.9%) │ Target: $14.65  Stop: $3.66  DTE: -2d
      ⚠️  Stop was triggered — continuing to track for data
      💭 $2.8M premium on TSLA puts with 100% bearish flow and 8.0 score warran...
      🌍 SPY +0.00%  QQQ +0.00%  VIX 18.2

  ⏰ CONTRACT EXPIRED — auto-closing #13

  🔴 #14 TSLA260513P00430000  [⏸ TRACKING]
      Entry: $11.70 │ Bid: $2.01  Mid: $2.04  Ask: $2.06
      P&L: $-966.50 (-82.6%) │ Target: $23.40  Stop: $5.85  DTE: 0d
      ⚠️  Stop was triggered — continuing to track for data
      💭 $1.1M premium on TSLA 430 puts expiring today with 100% bearish flow a...
      🌍 SPY +0.00%  QQQ +0.00%  VIX 18.2

  ⏰ CONTRACT EXPIRED — auto-closing #14

  🔴 #15 AMD260515P00457500  [⏸ TRACKING]
      Entry: $22.60 │ Bid: $18.00  Mid: $18.50  Ask: $19.00
      P&L: $-410.00 (-18.1%) │ Target: $45.20  Stop: $11.30  DTE: 2d
      ⚠️  Stop was triggered — continuing to track for data
      💭 $2.0M premium in AMD puts expiring today with 100% bearish flow and 8....
      🌍 SPY +0.00%  QQQ +0.00%  VIX 18.2

  🔴 #16 QQQ260511P00706000  [⏸ TRACKING]
      Entry: $2.11 │ Bid: $0.01  Mid: $0.02  Ask: $0.03
      P&L: $-209.00 (-99.0%) │ Target: $4.22  Stop: $1.05  DTE: -2d
      ⚠️  Stop was triggered — continuing to track for data
      💭 QQQ put with $1.8M premium and 8.0 score expiring today in 100% bearis...
      🌍 SPY +0.00%  QQQ +0.00%  VIX 18.2

  ⏰ CONTRACT EXPIRED — auto-closing #16

  🔴 #17 TSLA260515P00427500  [⏸ TRACKING]
      Entry: $11.00 │ Bid: $5.15  Mid: $5.20  Ask: $5.25
      P&L: $-580.00 (-52.7%) │ Target: $22.00  Stop: $5.50  DTE: 2d
      ⚠️  Stop was triggered — continuing to track for data
      💭 $6M premium on TSLA puts with 8.8 score and 100% bearish flow concentr...
      🌍 SPY +0.00%  QQQ +0.00%  VIX 18.2

  🟢 #18 NFLX260515P00106000  [▶ OPEN]
      Entry: $17.38 │ Bid: $18.85  Mid: $19.43  Ask: $20.00
      P&L: +$205.00 (+11.8%) │ Target: $34.75  Stop: $8.69  DTE: 2d
      💭 NFLX $106 puts expiring today generated $7.9M premium with 8.2 score i...
      🌍 SPY +0.00%  QQQ +0.00%  VIX 18.2

  🔴 #19 SPY260515P00755000  [▶ OPEN]
      Entry: $22.60 │ Bid: $16.54  Mid: $18.05  Ask: $19.57
      P&L: $-454.50 (-20.1%) │ Target: $45.20  Stop: $11.30  DTE: 2d
      💭 $1.5M premium accumulated in deep OTM SPY 755 puts expiring today with...
      🌍 SPY +0.00%  QQQ +0.00%  VIX 18.2

  🔴 #20 TSLA260513P00455000  [⏸ TRACKING]
      Entry: $28.93 │ Bid: $18.20  Mid: $19.07  Ask: $19.95
      P&L: $-985.00 (-34.0%) │ Target: $57.85  Stop: $14.46  DTE: 0d
      ⚠️  Stop was triggered — continuing to track for data
      💭 $18.8M in put premium with 100% bearish flow bias into a zero-DTE TSLA...
      🌍 SPY +0.00%  QQQ +0.00%  VIX 18.2

  ⏰ CONTRACT EXPIRED — auto-closing #20

  🔴 #22 CRM260605C00100000  [▶ OPEN]
      Entry: $72.58 │ Bid: $66.75  Mid: $68.22  Ask: $69.70
      P&L: $-435.00 (-6.0%) │ Target: $145.15  Stop: $14.52  DTE: 23d
      💭 CRM $100 calls expiring today show $1.0M premium with 7.53 score in 10...
      🌍 SPY +0.00%  QQQ +0.00%  VIX 18.2

  🟢 #24 NVDA260513C00145000  [▶ OPEN]
      Entry: $72.97 │ Bid: $77.30  Mid: $79.60  Ask: $81.90
      P&L: +$662.50 (+9.1%) │ Target: $145.95  Stop: $36.49  DTE: 0d
      💭 NVDA $145 calls expiring today with $954K premium and 100% bullish flo...
      🌍 SPY +0.00%  QQQ +0.00%  VIX 18.2
  ⏰ EXPIRING SOON — 0 day(s) remaining

  🟢 #26 NFLX260515P00107000  [▶ OPEN]
      Entry: $18.35 │ Bid: $19.85  Mid: $20.52  Ask: $21.20
      P&L: +$217.50 (+11.8%) │ Target: $36.70  Stop: $9.18  DTE: 2d
      💭 $9.9M in put premium flowing into $107 OTM puts expiring today signals...
      🌍 SPY +0.00%  QQQ +0.00%  VIX 18.2

  🟢 #28 TSLA260513C00425000  [▶ OPEN]
      Entry: $6.95 │ Bid: $12.50  Mid: $12.65  Ask: $12.80
      P&L: +$570.00 (+82.0%) │ Target: $13.90  Stop: $3.48  DTE: 0d
      💭 TSLA 425 calls expiring today show $25.9M premium with 100% bullish fl...
      🌍 SPY +0.00%  QQQ +0.00%  VIX 18.2
  ⚡ TARGET APPROACHING — $1.25 away (82%)
  ⏰ EXPIRING SOON — 0 day(s) remaining

  🔴 #29 NVDA260513P00222500  [⏸ TRACKING]
      Entry: $5.03 │ Bid: $0.89  Mid: $0.90  Ask: $0.91
      P&L: $-412.50 (-82.1%) │ Target: $10.05  Stop: $2.51  DTE: 0d
      ⚠️  Stop was triggered — continuing to track for data
      💭 $8.0M premium concentrated in zero-DTE NVDA puts at 100% bearish flow ...
      🌍 SPY +0.00%  QQQ +0.00%  VIX 18.2

  ⏰ CONTRACT EXPIRED — auto-closing #29

  🔴 #30 TSLA260513P00435000  [⏸ TRACKING]
      Entry: $8.90 │ Bid: $3.80  Mid: $3.85  Ask: $3.90
      P&L: $-505.00 (-56.7%) │ Target: $17.80  Stop: $4.45  DTE: 0d
      ⚠️  Stop was triggered — continuing to track for data
      💭 $21.2M in put premium with 100% bearish flow and 0 DTE expiration crea...
      🌍 SPY +0.00%  QQQ +0.00%  VIX 18.2

  ⏰ CONTRACT EXPIRED — auto-closing #30

  🟢 #31 TSLA260513C00450000  [▶ OPEN]
      Entry: $1.04 │ Bid: $1.11  Mid: $1.12  Ask: $1.14
      P&L: +$8.50 (+8.2%) │ Target: $2.08  Stop: $0.52  DTE: 0d
      💭 $9.2M premium in TSLA calls expiring today with 100% bullish flow sign...
      🌍 SPY +0.00%  QQQ +0.00%  VIX 18.2
  ⏰ EXPIRING SOON — 0 day(s) remaining

  🔴 #32 TSLA260513P00427500  [⏸ TRACKING]
      Entry: $4.58 │ Bid: $1.41  Mid: $1.43  Ask: $1.45
      P&L: $-314.50 (-68.7%) │ Target: $9.15  Stop: $2.29  DTE: 0d
      ⚠️  Stop was triggered — continuing to track for data
      💭 TSLA put with $11.5M premium and 100% bearish flow skew warrants paper...
      🌍 SPY +0.00%  QQQ +0.00%  VIX 18.2

  ⏰ CONTRACT EXPIRED — auto-closing #32

  🟢 #33 TSLA260513C00427500  [▶ OPEN]
      Entry: $7.00 │ Bid: $10.50  Mid: $10.62  Ask: $10.75
      P&L: +$362.50 (+51.8%) │ Target: $14.00  Stop: $3.50  DTE: 0d
      💭 $8.5M premium on TSLA calls with 100% bullish flow bias warrants paper...
      🌍 SPY +0.00%  QQQ +0.00%  VIX 18.2
  ⏰ EXPIRING SOON — 0 day(s) remaining

  🟢 #34 TSLA260513C00432500  [▶ OPEN]
      Entry: $5.60 │ Bid: $6.95  Mid: $7.05  Ask: $7.15
      P&L: +$145.00 (+25.9%) │ Target: $11.20  Stop: $2.80  DTE: 0d
      💭 $17.4M premium accumulated on a single OTM call expiring today signals...
      🌍 SPY +0.00%  QQQ +0.00%  VIX 18.2
  ⏰ EXPIRING SOON — 0 day(s) remaining

  🟢 #35 SPY260518C00717000  [▶ OPEN]
      Entry: $20.80 │ Bid: $21.15  Mid: $21.23  Ask: $21.31
      P&L: +$43.50 (+2.1%) │ Target: $41.59  Stop: $10.40  DTE: 5d
      💭 $4.0M call premium into SPY 717 strike with zero DTE and 100% bullish ...
      🌍 SPY +0.00%  QQQ +0.00%  VIX 18.2

  ⏳ Next check in 3 minutes...
