
[Session started: 2026-05-08 06:43:27]

=================================================================
  📡 POSITION MONITOR
  Started: 2026-05-08 06:43:27 EDT
  Check interval: every 3 minutes
  Auto-close: TARGET and STOP hits executed automatically
  Press Ctrl+C to stop
=================================================================

  Market closed. Next open: 2026-05-08 09:29 EDT (2h 46m)
  Sleeping until market open...

  =================================================================
  📊 SESSION SUMMARY — 2026-05-08 06:43 EDT
  =================================================================
  Price checks run:    0
  Auto-closes today:   0
  Open positions:      1
  Total P&L:           $-1,264.00
  Win rate:            14.3%  (1W/6L)
  =================================================================

[Session started: 2026-05-08 06:43:55]

=================================================================
  📡 POSITION MONITOR
  Started: 2026-05-08 06:43:55 EDT
  Check interval: every 3 minutes
  Auto-close: TARGET and STOP hits executed automatically
  Press Ctrl+C to stop
=================================================================

  Market closed. Next open: 2026-05-08 09:29 EDT (2h 46m)
  Sleeping until market open...

  =================================================================
  📊 SESSION SUMMARY — 2026-05-08 06:43 EDT
  =================================================================
  Price checks run:    0
  Auto-closes today:   0
  Open positions:      1
  Total P&L:           $-1,264.00
  Win rate:            14.3%  (1W/6L)
  =================================================================

  Market closed. Next open: 2026-05-08 09:29 EDT (1h 46m)
  Sleeping until market open...

  =================================================================
  📊 SESSION SUMMARY — 2026-05-08 07:43 EDT
  =================================================================
  Price checks run:    0
  Auto-closes today:   0
  Open positions:      1
  Total P&L:           $-1,264.00
  Win rate:            14.3%  (1W/6L)
  =================================================================

  Market closed. Next open: 2026-05-08 09:29 EDT (1h 46m)
  Sleeping until market open...

  =================================================================
  📊 SESSION SUMMARY — 2026-05-08 07:43 EDT
  =================================================================
  Price checks run:    0
  Auto-closes today:   0
  Open positions:      1
  Total P&L:           $-1,264.00
  Win rate:            14.3%  (1W/6L)
  =================================================================

  Market closed. Next open: 2026-05-08 09:29 EDT (0h 46m)
  Sleeping until market open...

  =================================================================
  📊 SESSION SUMMARY — 2026-05-08 08:43 EDT
  =================================================================
  Price checks run:    0
  Auto-closes today:   0
  Open positions:      1
  Total P&L:           $-1,264.00
  Win rate:            14.3%  (1W/6L)
  =================================================================

  Market closed. Next open: 2026-05-08 09:29 EDT (0h 46m)
  Sleeping until market open...

  =================================================================
  📊 SESSION SUMMARY — 2026-05-08 08:43 EDT
  =================================================================
  Price checks run:    0
  Auto-closes today:   0
  Open positions:      1
  Total P&L:           $-1,264.00
  Win rate:            14.3%  (1W/6L)
  =================================================================

  Market closed. Next open: 2026-05-08 09:29 EDT (0h 0m)
  Sleeping until market open...

  =================================================================
  📊 SESSION SUMMARY — 2026-05-08 09:29 EDT
  =================================================================
  Price checks run:    0
  Auto-closes today:   0
  Open positions:      1
  Total P&L:           $-1,264.00
  Win rate:            14.3%  (1W/6L)
  =================================================================

  Market closed. Next open: 2026-05-08 09:29 EDT (0h 0m)
  Sleeping until market open...

  =================================================================
  📊 SESSION SUMMARY — 2026-05-08 09:29 EDT
  =================================================================
  Price checks run:    0
  Auto-closes today:   0
  Open positions:      1
  Total P&L:           $-1,264.00
  Win rate:            14.3%  (1W/6L)
  =================================================================

  Market closed. Next open: 2026-05-08 09:29 EDT (0h 0m)
  Sleeping until market open...

  =================================================================
  📊 SESSION SUMMARY — 2026-05-08 09:29 EDT
  =================================================================
  Price checks run:    0
  Auto-closes today:   0
  Open positions:      1
  Total P&L:           $-1,264.00
  Win rate:            14.3%  (1W/6L)
  =================================================================

  Market closed. Next open: 2026-05-08 09:29 EDT (0h 0m)
  Sleeping until market open...

  =================================================================
  📊 SESSION SUMMARY — 2026-05-08 09:29 EDT
  =================================================================
  Price checks run:    0
  Auto-closes today:   0
  Open positions:      1
  Total P&L:           $-1,264.00
  Win rate:            14.3%  (1W/6L)
  =================================================================

  Market closed. Next open: 2026-05-08 09:29 EDT (0h 0m)
  Sleeping until market open...

  =================================================================
  📊 SESSION SUMMARY — 2026-05-08 09:29 EDT
  =================================================================
  Price checks run:    0
  Auto-closes today:   0
  Open positions:      1
  Total P&L:           $-1,264.00
  Win rate:            14.3%  (1W/6L)
  =================================================================

  Market closed. Next open: 2026-05-08 09:29 EDT (0h 0m)
  Sleeping until market open...

  =================================================================
  📊 SESSION SUMMARY — 2026-05-08 09:29 EDT
  =================================================================
  Price checks run:    0
  Auto-closes today:   0
  Open positions:      1
  Total P&L:           $-1,264.00
  Win rate:            14.3%  (1W/6L)
  =================================================================

  Market closed. Next open: 2026-05-08 09:29 EDT (0h 0m)
  Sleeping until market open...

  =================================================================
  📊 SESSION SUMMARY — 2026-05-08 09:29 EDT
  =================================================================
  Price checks run:    0
  Auto-closes today:   0
  Open positions:      1
  Total P&L:           $-1,264.00
  Win rate:            14.3%  (1W/6L)
  =================================================================

  Market closed. Next open: 2026-05-08 09:29 EDT (0h 0m)
  Sleeping until market open...

  =================================================================
  📊 SESSION SUMMARY — 2026-05-08 09:29 EDT
  =================================================================
  Price checks run:    0
  Auto-closes today:   0
  Open positions:      1
  Total P&L:           $-1,264.00
  Win rate:            14.3%  (1W/6L)
  =================================================================

  Market closed. Next open: 2026-05-08 09:29 EDT (0h 0m)
  Sleeping until market open...

  =================================================================
  📊 SESSION SUMMARY — 2026-05-08 09:29 EDT
  =================================================================
  Price checks run:    0
  Auto-closes today:   0
  Open positions:      1
  Total P&L:           $-1,264.00
  Win rate:            14.3%  (1W/6L)
  =================================================================

  Market closed. Next open: 2026-05-08 09:29 EDT (0h 0m)
  Sleeping until market open...

  =================================================================
  📊 SESSION SUMMARY — 2026-05-08 09:29 EDT
  =================================================================
  Price checks run:    0
  Auto-closes today:   0
  Open positions:      1
  Total P&L:           $-1,264.00
  Win rate:            14.3%  (1W/6L)
  =================================================================

  Market closed. Next open: 2026-05-08 09:29 EDT (0h 0m)
  Sleeping until market open...

  =================================================================
  📊 SESSION SUMMARY — 2026-05-08 09:29 EDT
  =================================================================
  Price checks run:    0
  Auto-closes today:   0
  Open positions:      1
  Total P&L:           $-1,264.00
  Win rate:            14.3%  (1W/6L)
  =================================================================

  Market closed. Next open: 2026-05-08 09:29 EDT (0h 0m)
  Sleeping until market open...

  =================================================================
  📊 SESSION SUMMARY — 2026-05-08 09:29 EDT
  =================================================================
  Price checks run:    0
  Auto-closes today:   0
  Open positions:      1
  Total P&L:           $-1,264.00
  Win rate:            14.3%  (1W/6L)
  =================================================================

  Market closed. Next open: 2026-05-08 09:29 EDT (0h 0m)
  Sleeping until market open...

  =================================================================
  📊 SESSION SUMMARY — 2026-05-08 09:29 EDT
  =================================================================
  Price checks run:    0
  Auto-closes today:   0
  Open positions:      1
  Total P&L:           $-1,264.00
  Win rate:            14.3%  (1W/6L)
  =================================================================

  Market closed. Next open: 2026-05-08 09:29 EDT (0h 0m)
  Sleeping until market open...

  =================================================================
  📊 SESSION SUMMARY — 2026-05-08 09:29 EDT
  =================================================================
  Price checks run:    0
  Auto-closes today:   0
  Open positions:      1
  Total P&L:           $-1,264.00
  Win rate:            14.3%  (1W/6L)
  =================================================================

  Market closed. Next open: 2026-05-08 09:29 EDT (0h 0m)
  Sleeping until market open...

  =================================================================
  📊 SESSION SUMMARY — 2026-05-08 09:29 EDT
  =================================================================
  Price checks run:    0
  Auto-closes today:   0
  Open positions:      1
  Total P&L:           $-1,264.00
  Win rate:            14.3%  (1W/6L)
  =================================================================

  Market closed. Next open: 2026-05-08 09:29 EDT (0h 0m)
  Sleeping until market open...

  =================================================================
  📊 SESSION SUMMARY — 2026-05-08 09:29 EDT
  =================================================================
  Price checks run:    0
  Auto-closes today:   0
  Open positions:      1
  Total P&L:           $-1,264.00
  Win rate:            14.3%  (1W/6L)
  =================================================================

  Market closed. Next open: 2026-05-08 09:29 EDT (0h 0m)
  Sleeping until market open...

  =================================================================
  📊 SESSION SUMMARY — 2026-05-08 09:29 EDT
  =================================================================
  Price checks run:    0
  Auto-closes today:   0
  Open positions:      1
  Total P&L:           $-1,264.00
  Win rate:            14.3%  (1W/6L)
  =================================================================

  Market closed. Next open: 2026-05-08 09:29 EDT (0h 0m)
  Sleeping until market open...

  =================================================================
  📊 SESSION SUMMARY — 2026-05-08 09:29 EDT
  =================================================================
  Price checks run:    0
  Auto-closes today:   0
  Open positions:      1
  Total P&L:           $-1,264.00
  Win rate:            14.3%  (1W/6L)
  =================================================================

  Market closed. Next open: 2026-05-08 09:29 EDT (0h 0m)
  Sleeping until market open...

  =================================================================
  📊 SESSION SUMMARY — 2026-05-08 09:29 EDT
  =================================================================
  Price checks run:    0
  Auto-closes today:   0
  Open positions:      1
  Total P&L:           $-1,264.00
  Win rate:            14.3%  (1W/6L)
  =================================================================

  Market closed. Next open: 2026-05-08 09:29 EDT (0h 0m)
  Sleeping until market open...

  =================================================================
  📊 SESSION SUMMARY — 2026-05-08 09:29 EDT
  =================================================================
  Price checks run:    0
  Auto-closes today:   0
  Open positions:      1
  Total P&L:           $-1,264.00
  Win rate:            14.3%  (1W/6L)
  =================================================================

  Market closed. Next open: 2026-05-08 09:29 EDT (0h 0m)
  Sleeping until market open...

  =================================================================
  📊 SESSION SUMMARY — 2026-05-08 09:29 EDT
  =================================================================
  Price checks run:    0
  Auto-closes today:   0
  Open positions:      1
  Total P&L:           $-1,264.00
  Win rate:            14.3%  (1W/6L)
  =================================================================

  Market closed. Next open: 2026-05-08 09:29 EDT (0h 0m)
  Sleeping until market open...

  =================================================================
  📊 SESSION SUMMARY — 2026-05-08 09:29 EDT
  =================================================================
  Price checks run:    0
  Auto-closes today:   0
  Open positions:      1
  Total P&L:           $-1,264.00
  Win rate:            14.3%  (1W/6L)
  =================================================================

  Market closed. Next open: 2026-05-08 09:29 EDT (0h 0m)
  Sleeping until market open...

  =================================================================
  📊 SESSION SUMMARY — 2026-05-08 09:29 EDT
  =================================================================
  Price checks run:    0
  Auto-closes today:   0
  Open positions:      1
  Total P&L:           $-1,264.00
  Win rate:            14.3%  (1W/6L)
  =================================================================

  Market closed. Next open: 2026-05-08 09:29 EDT (0h 0m)
  Sleeping until market open...

  =================================================================
  📊 SESSION SUMMARY — 2026-05-08 09:29 EDT
  =================================================================
  Price checks run:    0
  Auto-closes today:   0
  Open positions:      1
  Total P&L:           $-1,264.00
  Win rate:            14.3%  (1W/6L)
  =================================================================

  Market closed. Next open: 2026-05-08 09:29 EDT (0h 0m)
  Sleeping until market open...

  =================================================================
  📊 SESSION SUMMARY — 2026-05-08 09:29 EDT
  =================================================================
  Price checks run:    0
  Auto-closes today:   0
  Open positions:      1
  Total P&L:           $-1,264.00
  Win rate:            14.3%  (1W/6L)
  =================================================================

  Market closed. Next open: 2026-05-08 09:29 EDT (0h 0m)
  Sleeping until market open...

  =================================================================
  📊 SESSION SUMMARY — 2026-05-08 09:29 EDT
  =================================================================
  Price checks run:    0
  Auto-closes today:   0
  Open positions:      1
  Total P&L:           $-1,264.00
  Win rate:            14.3%  (1W/6L)
  =================================================================

  Market closed. Next open: 2026-05-08 09:29 EDT (0h 0m)
  Sleeping until market open...

  =================================================================
  📊 SESSION SUMMARY — 2026-05-08 09:29 EDT
  =================================================================
  Price checks run:    0
  Auto-closes today:   0
  Open positions:      1
  Total P&L:           $-1,264.00
  Win rate:            14.3%  (1W/6L)
  =================================================================

  Market closed. Next open: 2026-05-08 09:29 EDT (0h 0m)
  Sleeping until market open...

  =================================================================
  📊 SESSION SUMMARY — 2026-05-08 09:29 EDT
  =================================================================
  Price checks run:    0
  Auto-closes today:   0
  Open positions:      1
  Total P&L:           $-1,264.00
  Win rate:            14.3%  (1W/6L)
  =================================================================

  Market closed. Next open: 2026-05-08 09:29 EDT (0h 0m)
  Sleeping until market open...

  =================================================================
  📊 SESSION SUMMARY — 2026-05-08 09:29 EDT
  =================================================================
  Price checks run:    0
  Auto-closes today:   0
  Open positions:      1
  Total P&L:           $-1,264.00
  Win rate:            14.3%  (1W/6L)
  =================================================================

  Market closed. Next open: 2026-05-08 09:29 EDT (0h 0m)
  Sleeping until market open...

  =================================================================
  📊 SESSION SUMMARY — 2026-05-08 09:29 EDT
  =================================================================
  Price checks run:    0
  Auto-closes today:   0
  Open positions:      1
  Total P&L:           $-1,264.00
  Win rate:            14.3%  (1W/6L)
  =================================================================

  Market closed. Next open: 2026-05-08 09:29 EDT (0h 0m)
  Sleeping until market open...

  =================================================================
  📊 SESSION SUMMARY — 2026-05-08 09:29 EDT
  =================================================================
  Price checks run:    0
  Auto-closes today:   0
  Open positions:      1
  Total P&L:           $-1,264.00
  Win rate:            14.3%  (1W/6L)
  =================================================================

  Market closed. Next open: 2026-05-08 09:29 EDT (0h 0m)
  Sleeping until market open...

  =================================================================
  📊 SESSION SUMMARY — 2026-05-08 09:29 EDT
  =================================================================
  Price checks run:    0
  Auto-closes today:   0
  Open positions:      1
  Total P&L:           $-1,264.00
  Win rate:            14.3%  (1W/6L)
  =================================================================

  Market closed. Next open: 2026-05-08 09:29 EDT (0h 0m)
  Sleeping until market open...

  =================================================================
  📊 SESSION SUMMARY — 2026-05-08 09:29 EDT
  =================================================================
  Price checks run:    0
  Auto-closes today:   0
  Open positions:      1
  Total P&L:           $-1,264.00
  Win rate:            14.3%  (1W/6L)
  =================================================================

  Market closed. Next open: 2026-05-08 09:29 EDT (0h 0m)
  Sleeping until market open...

  =================================================================
  📊 SESSION SUMMARY — 2026-05-08 09:29 EDT
  =================================================================
  Price checks run:    0
  Auto-closes today:   0
  Open positions:      1
  Total P&L:           $-1,264.00
  Win rate:            14.3%  (1W/6L)
  =================================================================

  Market closed. Next open: 2026-05-08 09:29 EDT (0h 0m)
  Sleeping until market open...

  =================================================================
  📊 SESSION SUMMARY — 2026-05-08 09:29 EDT
  =================================================================
  Price checks run:    0
  Auto-closes today:   0
  Open positions:      1
  Total P&L:           $-1,264.00
  Win rate:            14.3%  (1W/6L)
  =================================================================

  Market closed. Next open: 2026-05-08 09:29 EDT (0h 0m)
  Sleeping until market open...

  =================================================================
  📊 SESSION SUMMARY — 2026-05-08 09:29 EDT
  =================================================================
  Price checks run:    0
  Auto-closes today:   0
  Open positions:      1
  Total P&L:           $-1,264.00
  Win rate:            14.3%  (1W/6L)
  =================================================================

  Market closed. Next open: 2026-05-08 09:29 EDT (0h 0m)
  Sleeping until market open...

  =================================================================
  📊 SESSION SUMMARY — 2026-05-08 09:29 EDT
  =================================================================
  Price checks run:    0
  Auto-closes today:   0
  Open positions:      1
  Total P&L:           $-1,264.00
  Win rate:            14.3%  (1W/6L)
  =================================================================

  Market closed. Next open: 2026-05-08 09:29 EDT (0h 0m)
  Sleeping until market open...

  =================================================================
  📊 SESSION SUMMARY — 2026-05-08 09:29 EDT
  =================================================================
  Price checks run:    0
  Auto-closes today:   0
  Open positions:      1
  Total P&L:           $-1,264.00
  Win rate:            14.3%  (1W/6L)
  =================================================================

  Market closed. Next open: 2026-05-08 09:29 EDT (0h 0m)
  Sleeping until market open...

  =================================================================
  📊 SESSION SUMMARY — 2026-05-08 09:29 EDT
  =================================================================
  Price checks run:    0
  Auto-closes today:   0
  Open positions:      1
  Total P&L:           $-1,264.00
  Win rate:            14.3%  (1W/6L)
  =================================================================

  Market closed. Next open: 2026-05-08 09:29 EDT (0h 0m)
  Sleeping until market open...

  =================================================================
  📊 SESSION SUMMARY — 2026-05-08 09:29 EDT
  =================================================================
  Price checks run:    0
  Auto-closes today:   0
  Open positions:      1
  Total P&L:           $-1,264.00
  Win rate:            14.3%  (1W/6L)
  =================================================================

  Market closed. Next open: 2026-05-08 09:29 EDT (0h 0m)
  Sleeping until market open...

  =================================================================
  📊 SESSION SUMMARY — 2026-05-08 09:29 EDT
  =================================================================
  Price checks run:    0
  Auto-closes today:   0
  Open positions:      1
  Total P&L:           $-1,264.00
  Win rate:            14.3%  (1W/6L)
  =================================================================

  Market closed. Next open: 2026-05-08 09:29 EDT (0h 0m)
  Sleeping until market open...

  =================================================================
  📊 SESSION SUMMARY — 2026-05-08 09:29 EDT
  =================================================================
  Price checks run:    0
  Auto-closes today:   0
  Open positions:      1
  Total P&L:           $-1,264.00
  Win rate:            14.3%  (1W/6L)
  =================================================================

  Market closed. Next open: 2026-05-08 09:29 EDT (0h 0m)
  Sleeping until market open...

  =================================================================
  📊 SESSION SUMMARY — 2026-05-08 09:29 EDT
  =================================================================
  Price checks run:    0
  Auto-closes today:   0
  Open positions:      1
  Total P&L:           $-1,264.00
  Win rate:            14.3%  (1W/6L)
  =================================================================

  Market closed. Next open: 2026-05-08 09:29 EDT (0h 0m)
  Sleeping until market open...

  =================================================================
  📊 SESSION SUMMARY — 2026-05-08 09:29 EDT
  =================================================================
  Price checks run:    0
  Auto-closes today:   0
  Open positions:      1
  Total P&L:           $-1,264.00
  Win rate:            14.3%  (1W/6L)
  =================================================================

  Market closed. Next open: 2026-05-08 09:29 EDT (0h 0m)
  Sleeping until market open...

  =================================================================
  📊 SESSION SUMMARY — 2026-05-08 09:29 EDT
  =================================================================
  Price checks run:    0
  Auto-closes today:   0
  Open positions:      1
  Total P&L:           $-1,264.00
  Win rate:            14.3%  (1W/6L)
  =================================================================

  Market closed. Next open: 2026-05-08 09:29 EDT (0h 0m)
  Sleeping until market open...

  =================================================================
  📊 SESSION SUMMARY — 2026-05-08 09:29 EDT
  =================================================================
  Price checks run:    0
  Auto-closes today:   0
  Open positions:      1
  Total P&L:           $-1,264.00
  Win rate:            14.3%  (1W/6L)
  =================================================================

  Market closed. Next open: 2026-05-08 09:29 EDT (0h 0m)
  Sleeping until market open...

  =================================================================
  📊 SESSION SUMMARY — 2026-05-08 09:29 EDT
  =================================================================
  Price checks run:    0
  Auto-closes today:   0
  Open positions:      1
  Total P&L:           $-1,264.00
  Win rate:            14.3%  (1W/6L)
  =================================================================

  Market closed. Next open: 2026-05-08 09:29 EDT (0h 0m)
  Sleeping until market open...

  =================================================================
  📊 SESSION SUMMARY — 2026-05-08 09:29 EDT
  =================================================================
  Price checks run:    0
  Auto-closes today:   0
  Open positions:      1
  Total P&L:           $-1,264.00
  Win rate:            14.3%  (1W/6L)
  =================================================================

  Market closed. Next open: 2026-05-08 09:29 EDT (0h 0m)
  Sleeping until market open...

  =================================================================
  📊 SESSION SUMMARY — 2026-05-08 09:29 EDT
  =================================================================
  Price checks run:    0
  Auto-closes today:   0
  Open positions:      1
  Total P&L:           $-1,264.00
  Win rate:            14.3%  (1W/6L)
  =================================================================

  Market closed. Next open: 2026-05-08 09:29 EDT (0h 0m)
  Sleeping until market open...

  =================================================================
  📊 SESSION SUMMARY — 2026-05-08 09:29 EDT
  =================================================================
  Price checks run:    0
  Auto-closes today:   0
  Open positions:      1
  Total P&L:           $-1,264.00
  Win rate:            14.3%  (1W/6L)
  =================================================================

  Market closed. Next open: 2026-05-08 09:29 EDT (0h 0m)
  Sleeping until market open...

  =================================================================
  📊 SESSION SUMMARY — 2026-05-08 09:29 EDT
  =================================================================
  Price checks run:    0
  Auto-closes today:   0
  Open positions:      1
  Total P&L:           $-1,264.00
  Win rate:            14.3%  (1W/6L)
  =================================================================

  Market closed. Next open: 2026-05-08 09:29 EDT (0h 0m)
  Sleeping until market open...

  =================================================================
  📊 SESSION SUMMARY — 2026-05-08 09:29 EDT
  =================================================================
  Price checks run:    0
  Auto-closes today:   0
  Open positions:      1
  Total P&L:           $-1,264.00
  Win rate:            14.3%  (1W/6L)
  =================================================================

  Market closed. Next open: 2026-05-08 09:29 EDT (0h 0m)
  Sleeping until market open...

  =================================================================
  📊 SESSION SUMMARY — 2026-05-08 09:29 EDT
  =================================================================
  Price checks run:    0
  Auto-closes today:   0
  Open positions:      1
  Total P&L:           $-1,264.00
  Win rate:            14.3%  (1W/6L)
  =================================================================

  Market closed. Next open: 2026-05-08 09:29 EDT (0h 0m)
  Sleeping until market open...

  =================================================================
  📊 SESSION SUMMARY — 2026-05-08 09:29 EDT
  =================================================================
  Price checks run:    0
  Auto-closes today:   0
  Open positions:      1
  Total P&L:           $-1,264.00
  Win rate:            14.3%  (1W/6L)
  =================================================================

  Market closed. Next open: 2026-05-08 09:29 EDT (0h 0m)
  Sleeping until market open...

  =================================================================
  📊 SESSION SUMMARY — 2026-05-08 09:29 EDT
  =================================================================
  Price checks run:    0
  Auto-closes today:   0
  Open positions:      1
  Total P&L:           $-1,264.00
  Win rate:            14.3%  (1W/6L)
  =================================================================

  Market closed. Next open: 2026-05-08 09:29 EDT (0h 0m)
  Sleeping until market open...

  =================================================================
  📊 SESSION SUMMARY — 2026-05-08 09:29 EDT
  =================================================================
  Price checks run:    0
  Auto-closes today:   0
  Open positions:      1
  Total P&L:           $-1,264.00
  Win rate:            14.3%  (1W/6L)
  =================================================================

  Market closed. Next open: 2026-05-08 09:29 EDT (0h 0m)
  Sleeping until market open...

  =================================================================
  📊 SESSION SUMMARY — 2026-05-08 09:29 EDT
  =================================================================
  Price checks run:    0
  Auto-closes today:   0
  Open positions:      1
  Total P&L:           $-1,264.00
  Win rate:            14.3%  (1W/6L)
  =================================================================

  Market closed. Next open: 2026-05-08 09:29 EDT (0h 0m)
  Sleeping until market open...

  =================================================================
  📊 SESSION SUMMARY — 2026-05-08 09:29 EDT
  =================================================================
  Price checks run:    0
  Auto-closes today:   0
  Open positions:      1
  Total P&L:           $-1,264.00
  Win rate:            14.3%  (1W/6L)
  =================================================================

  Market closed. Next open: 2026-05-08 09:29 EDT (0h 0m)
  Sleeping until market open...

  =================================================================
  📊 SESSION SUMMARY — 2026-05-08 09:29 EDT
  =================================================================
  Price checks run:    0
  Auto-closes today:   0
  Open positions:      1
  Total P&L:           $-1,264.00
  Win rate:            14.3%  (1W/6L)
  =================================================================

  Market closed. Next open: 2026-05-08 09:29 EDT (0h 0m)
  Sleeping until market open...

  =================================================================
  📊 SESSION SUMMARY — 2026-05-08 09:29 EDT
  =================================================================
  Price checks run:    0
  Auto-closes today:   0
  Open positions:      1
  Total P&L:           $-1,264.00
  Win rate:            14.3%  (1W/6L)
  =================================================================

  Market closed. Next open: 2026-05-08 09:29 EDT (0h 0m)
  Sleeping until market open...

  =================================================================
  📊 SESSION SUMMARY — 2026-05-08 09:29 EDT
  =================================================================
  Price checks run:    0
  Auto-closes today:   0
  Open positions:      1
  Total P&L:           $-1,264.00
  Win rate:            14.3%  (1W/6L)
  =================================================================

  Market closed. Next open: 2026-05-08 09:29 EDT (0h 0m)
  Sleeping until market open...

  =================================================================
  📊 SESSION SUMMARY — 2026-05-08 09:29 EDT
  =================================================================
  Price checks run:    0
  Auto-closes today:   0
  Open positions:      1
  Total P&L:           $-1,264.00
  Win rate:            14.3%  (1W/6L)
  =================================================================

  Market closed. Next open: 2026-05-08 09:29 EDT (0h 0m)
  Sleeping until market open...

  =================================================================
  📊 SESSION SUMMARY — 2026-05-08 09:29 EDT
  =================================================================
  Price checks run:    0
  Auto-closes today:   0
  Open positions:      1
  Total P&L:           $-1,264.00
  Win rate:            14.3%  (1W/6L)
  =================================================================

  Market closed. Next open: 2026-05-08 09:29 EDT (0h 0m)
  Sleeping until market open...

  =================================================================
  📊 SESSION SUMMARY — 2026-05-08 09:29 EDT
  =================================================================
  Price checks run:    0
  Auto-closes today:   0
  Open positions:      1
  Total P&L:           $-1,264.00
  Win rate:            14.3%  (1W/6L)
  =================================================================

  Market closed. Next open: 2026-05-08 09:29 EDT (0h 0m)
  Sleeping until market open...

  =================================================================
  📊 SESSION SUMMARY — 2026-05-08 09:29 EDT
  =================================================================
  Price checks run:    0
  Auto-closes today:   0
  Open positions:      1
  Total P&L:           $-1,264.00
  Win rate:            14.3%  (1W/6L)
  =================================================================

  Market closed. Next open: 2026-05-08 09:29 EDT (0h 0m)
  Sleeping until market open...

  =================================================================
  📊 SESSION SUMMARY — 2026-05-08 09:29 EDT
  =================================================================
  Price checks run:    0
  Auto-closes today:   0
  Open positions:      1
  Total P&L:           $-1,264.00
  Win rate:            14.3%  (1W/6L)
  =================================================================

  Market closed. Next open: 2026-05-08 09:29 EDT (0h 0m)
  Sleeping until market open...

  =================================================================
  📊 SESSION SUMMARY — 2026-05-08 09:29 EDT
  =================================================================
  Price checks run:    0
  Auto-closes today:   0
  Open positions:      1
  Total P&L:           $-1,264.00
  Win rate:            14.3%  (1W/6L)
  =================================================================

  Market closed. Next open: 2026-05-08 09:29 EDT (0h 0m)
  Sleeping until market open...

  =================================================================
  📊 SESSION SUMMARY — 2026-05-08 09:29 EDT
  =================================================================
  Price checks run:    0
  Auto-closes today:   0
  Open positions:      1
  Total P&L:           $-1,264.00
  Win rate:            14.3%  (1W/6L)
  =================================================================

  Market closed. Next open: 2026-05-08 09:29 EDT (0h 0m)
  Sleeping until market open...

  =================================================================
  📊 SESSION SUMMARY — 2026-05-08 09:29 EDT
  =================================================================
  Price checks run:    0
  Auto-closes today:   0
  Open positions:      1
  Total P&L:           $-1,264.00
  Win rate:            14.3%  (1W/6L)
  =================================================================

  Market closed. Next open: 2026-05-08 09:29 EDT (0h 0m)
  Sleeping until market open...

  =================================================================
  📊 SESSION SUMMARY — 2026-05-08 09:29 EDT
  =================================================================
  Price checks run:    0
  Auto-closes today:   0
  Open positions:      1
  Total P&L:           $-1,264.00
  Win rate:            14.3%  (1W/6L)
  =================================================================

  Market closed. Next open: 2026-05-08 09:29 EDT (0h 0m)
  Sleeping until market open...

  =================================================================
  📊 SESSION SUMMARY — 2026-05-08 09:29 EDT
  =================================================================
  Price checks run:    0
  Auto-closes today:   0
  Open positions:      1
  Total P&L:           $-1,264.00
  Win rate:            14.3%  (1W/6L)
  =================================================================

  Market closed. Next open: 2026-05-08 09:29 EDT (0h 0m)
  Sleeping until market open...

  =================================================================
  📊 SESSION SUMMARY — 2026-05-08 09:29 EDT
  =================================================================
  Price checks run:    0
  Auto-closes today:   0
  Open positions:      1
  Total P&L:           $-1,264.00
  Win rate:            14.3%  (1W/6L)
  =================================================================

  Market closed. Next open: 2026-05-08 09:29 EDT (0h 0m)
  Sleeping until market open...

  =================================================================
  📊 SESSION SUMMARY — 2026-05-08 09:29 EDT
  =================================================================
  Price checks run:    0
  Auto-closes today:   0
  Open positions:      1
  Total P&L:           $-1,264.00
  Win rate:            14.3%  (1W/6L)
  =================================================================

  Market closed. Next open: 2026-05-08 09:29 EDT (0h 0m)
  Sleeping until market open...

  =================================================================
  📊 SESSION SUMMARY — 2026-05-08 09:29 EDT
  =================================================================
  Price checks run:    0
  Auto-closes today:   0
  Open positions:      1
  Total P&L:           $-1,264.00
  Win rate:            14.3%  (1W/6L)
  =================================================================

  Market closed. Next open: 2026-05-08 09:29 EDT (0h 0m)
  Sleeping until market open...

  =================================================================
  📊 SESSION SUMMARY — 2026-05-08 09:29 EDT
  =================================================================
  Price checks run:    0
  Auto-closes today:   0
  Open positions:      1
  Total P&L:           $-1,264.00
  Win rate:            14.3%  (1W/6L)
  =================================================================

  Market closed. Next open: 2026-05-08 09:29 EDT (0h 0m)
  Sleeping until market open...

  =================================================================
  📊 SESSION SUMMARY — 2026-05-08 09:29 EDT
  =================================================================
  Price checks run:    0
  Auto-closes today:   0
  Open positions:      1
  Total P&L:           $-1,264.00
  Win rate:            14.3%  (1W/6L)
  =================================================================

  Market closed. Next open: 2026-05-08 09:29 EDT (0h 0m)
  Sleeping until market open...

  =================================================================
  📊 SESSION SUMMARY — 2026-05-08 09:29 EDT
  =================================================================
  Price checks run:    0
  Auto-closes today:   0
  Open positions:      1
  Total P&L:           $-1,264.00
  Win rate:            14.3%  (1W/6L)
  =================================================================

  Market closed. Next open: 2026-05-08 09:29 EDT (0h 0m)
  Sleeping until market open...

  =================================================================
  📊 SESSION SUMMARY — 2026-05-08 09:29 EDT
  =================================================================
  Price checks run:    0
  Auto-closes today:   0
  Open positions:      1
  Total P&L:           $-1,264.00
  Win rate:            14.3%  (1W/6L)
  =================================================================

  Market closed. Next open: 2026-05-08 09:29 EDT (0h 0m)
  Sleeping until market open...

  =================================================================
  📊 SESSION SUMMARY — 2026-05-08 09:29 EDT
  =================================================================
  Price checks run:    0
  Auto-closes today:   0
  Open positions:      1
  Total P&L:           $-1,264.00
  Win rate:            14.3%  (1W/6L)
  =================================================================

  Market closed. Next open: 2026-05-08 09:29 EDT (0h 0m)
  Sleeping until market open...

  =================================================================
  📊 SESSION SUMMARY — 2026-05-08 09:29 EDT
  =================================================================
  Price checks run:    0
  Auto-closes today:   0
  Open positions:      1
  Total P&L:           $-1,264.00
  Win rate:            14.3%  (1W/6L)
  =================================================================

  Market closed. Next open: 2026-05-08 09:29 EDT (0h 0m)
  Sleeping until market open...

  =================================================================
  📊 SESSION SUMMARY — 2026-05-08 09:29 EDT
  =================================================================
  Price checks run:    0
  Auto-closes today:   0
  Open positions:      1
  Total P&L:           $-1,264.00
  Win rate:            14.3%  (1W/6L)
  =================================================================

  Market closed. Next open: 2026-05-08 09:29 EDT (0h 0m)
  Sleeping until market open...

  =================================================================
  📊 SESSION SUMMARY — 2026-05-08 09:29 EDT
  =================================================================
  Price checks run:    0
  Auto-closes today:   0
  Open positions:      1
  Total P&L:           $-1,264.00
  Win rate:            14.3%  (1W/6L)
  =================================================================

  Market closed. Next open: 2026-05-08 09:29 EDT (0h 0m)
  Sleeping until market open...

  =================================================================
  📊 SESSION SUMMARY — 2026-05-08 09:29 EDT
  =================================================================
  Price checks run:    0
  Auto-closes today:   0
  Open positions:      1
  Total P&L:           $-1,264.00
  Win rate:            14.3%  (1W/6L)
  =================================================================

  Market closed. Next open: 2026-05-08 09:29 EDT (0h 0m)
  Sleeping until market open...

  =================================================================
  📊 SESSION SUMMARY — 2026-05-08 09:29 EDT
  =================================================================
  Price checks run:    0
  Auto-closes today:   0
  Open positions:      1
  Total P&L:           $-1,264.00
  Win rate:            14.3%  (1W/6L)
  =================================================================

  Market closed. Next open: 2026-05-08 09:29 EDT (0h 0m)
  Sleeping until market open...

  =================================================================
  📊 SESSION SUMMARY — 2026-05-08 09:29 EDT
  =================================================================
  Price checks run:    0
  Auto-closes today:   0
  Open positions:      1
  Total P&L:           $-1,264.00
  Win rate:            14.3%  (1W/6L)
  =================================================================

  Market closed. Next open: 2026-05-08 09:29 EDT (0h 0m)
  Sleeping until market open...

  =================================================================
  📊 SESSION SUMMARY — 2026-05-08 09:29 EDT
  =================================================================
  Price checks run:    0
  Auto-closes today:   0
  Open positions:      1
  Total P&L:           $-1,264.00
  Win rate:            14.3%  (1W/6L)
  =================================================================

  Market closed. Next open: 2026-05-08 09:29 EDT (0h 0m)
  Sleeping until market open...

  =================================================================
  📊 SESSION SUMMARY — 2026-05-08 09:29 EDT
  =================================================================
  Price checks run:    0
  Auto-closes today:   0
  Open positions:      1
  Total P&L:           $-1,264.00
  Win rate:            14.3%  (1W/6L)
  =================================================================

  Market closed. Next open: 2026-05-08 09:29 EDT (0h 0m)
  Sleeping until market open...

  =================================================================
  📊 SESSION SUMMARY — 2026-05-08 09:29 EDT
  =================================================================
  Price checks run:    0
  Auto-closes today:   0
  Open positions:      1
  Total P&L:           $-1,264.00
  Win rate:            14.3%  (1W/6L)
  =================================================================

  Market closed. Next open: 2026-05-08 09:29 EDT (0h 0m)
  Sleeping until market open...

  =================================================================
  📊 SESSION SUMMARY — 2026-05-08 09:29 EDT
  =================================================================
  Price checks run:    0
  Auto-closes today:   0
  Open positions:      1
  Total P&L:           $-1,264.00
  Win rate:            14.3%  (1W/6L)
  =================================================================

  Market closed. Next open: 2026-05-08 09:29 EDT (0h 0m)
  Sleeping until market open...

  =================================================================
  📊 SESSION SUMMARY — 2026-05-08 09:29 EDT
  =================================================================
  Price checks run:    0
  Auto-closes today:   0
  Open positions:      1
  Total P&L:           $-1,264.00
  Win rate:            14.3%  (1W/6L)
  =================================================================

  Market closed. Next open: 2026-05-08 09:29 EDT (0h 0m)
  Sleeping until market open...

  =================================================================
  📊 SESSION SUMMARY — 2026-05-08 09:29 EDT
  =================================================================
  Price checks run:    0
  Auto-closes today:   0
  Open positions:      1
  Total P&L:           $-1,264.00
  Win rate:            14.3%  (1W/6L)
  =================================================================

  Market closed. Next open: 2026-05-08 09:29 EDT (0h 0m)
  Sleeping until market open...

  =================================================================
  📊 SESSION SUMMARY — 2026-05-08 09:29 EDT
  =================================================================
  Price checks run:    0
  Auto-closes today:   0
  Open positions:      1
  Total P&L:           $-1,264.00
  Win rate:            14.3%  (1W/6L)
  =================================================================

  Market closed. Next open: 2026-05-08 09:29 EDT (0h 0m)
  Sleeping until market open...

  =================================================================
  📊 SESSION SUMMARY — 2026-05-08 09:29 EDT
  =================================================================
  Price checks run:    0
  Auto-closes today:   0
  Open positions:      1
  Total P&L:           $-1,264.00
  Win rate:            14.3%  (1W/6L)
  =================================================================

  Market closed. Next open: 2026-05-08 09:29 EDT (0h 0m)
  Sleeping until market open...

  =================================================================
  📊 SESSION SUMMARY — 2026-05-08 09:29 EDT
  =================================================================
  Price checks run:    0
  Auto-closes today:   0
  Open positions:      1
  Total P&L:           $-1,264.00
  Win rate:            14.3%  (1W/6L)
  =================================================================

  Market closed. Next open: 2026-05-08 09:29 EDT (0h 0m)
  Sleeping until market open...

  =================================================================
  📊 SESSION SUMMARY — 2026-05-08 09:29 EDT
  =================================================================
  Price checks run:    0
  Auto-closes today:   0
  Open positions:      1
  Total P&L:           $-1,264.00
  Win rate:            14.3%  (1W/6L)
  =================================================================

  Market closed. Next open: 2026-05-08 09:29 EDT (0h 0m)
  Sleeping until market open...

  =================================================================
  📊 SESSION SUMMARY — 2026-05-08 09:29 EDT
  =================================================================
  Price checks run:    0
  Auto-closes today:   0
  Open positions:      1
  Total P&L:           $-1,264.00
  Win rate:            14.3%  (1W/6L)
  =================================================================

  Market closed. Next open: 2026-05-08 09:29 EDT (0h 0m)
  Sleeping until market open...

  =================================================================
  📊 SESSION SUMMARY — 2026-05-08 09:29 EDT
  =================================================================
  Price checks run:    0
  Auto-closes today:   0
  Open positions:      1
  Total P&L:           $-1,264.00
  Win rate:            14.3%  (1W/6L)
  =================================================================

  Market closed. Next open: 2026-05-08 09:29 EDT (0h 0m)
  Sleeping until market open...

  =================================================================
  📊 SESSION SUMMARY — 2026-05-08 09:29 EDT
  =================================================================
  Price checks run:    0
  Auto-closes today:   0
  Open positions:      1
  Total P&L:           $-1,264.00
  Win rate:            14.3%  (1W/6L)
  =================================================================

  Market closed. Next open: 2026-05-08 09:29 EDT (0h 0m)
  Sleeping until market open...

  =================================================================
  📊 SESSION SUMMARY — 2026-05-08 09:29 EDT
  =================================================================
  Price checks run:    0
  Auto-closes today:   0
  Open positions:      1
  Total P&L:           $-1,264.00
  Win rate:            14.3%  (1W/6L)
  =================================================================

  Market closed. Next open: 2026-05-08 09:29 EDT (0h 0m)
  Sleeping until market open...

  =================================================================
  📊 SESSION SUMMARY — 2026-05-08 09:29 EDT
  =================================================================
  Price checks run:    0
  Auto-closes today:   0
  Open positions:      1
  Total P&L:           $-1,264.00
  Win rate:            14.3%  (1W/6L)
  =================================================================

  Market closed. Next open: 2026-05-08 09:29 EDT (0h 0m)
  Sleeping until market open...

  =================================================================
  📊 SESSION SUMMARY — 2026-05-08 09:29 EDT
  =================================================================
  Price checks run:    0
  Auto-closes today:   0
  Open positions:      1
  Total P&L:           $-1,264.00
  Win rate:            14.3%  (1W/6L)
  =================================================================

  Market closed. Next open: 2026-05-08 09:29 EDT (0h 0m)
  Sleeping until market open...

  =================================================================
  📊 SESSION SUMMARY — 2026-05-08 09:29 EDT
  =================================================================
  Price checks run:    0
  Auto-closes today:   0
  Open positions:      1
  Total P&L:           $-1,264.00
  Win rate:            14.3%  (1W/6L)
  =================================================================

  Market closed. Next open: 2026-05-08 09:29 EDT (0h 0m)
  Sleeping until market open...

  =================================================================
  📊 SESSION SUMMARY — 2026-05-08 09:29 EDT
  =================================================================
  Price checks run:    0
  Auto-closes today:   0
  Open positions:      1
  Total P&L:           $-1,264.00
  Win rate:            14.3%  (1W/6L)
  =================================================================

  Market closed. Next open: 2026-05-08 09:29 EDT (0h 0m)
  Sleeping until market open...

  =================================================================
  📊 SESSION SUMMARY — 2026-05-08 09:29 EDT
  =================================================================
  Price checks run:    0
  Auto-closes today:   0
  Open positions:      1
  Total P&L:           $-1,264.00
  Win rate:            14.3%  (1W/6L)
  =================================================================

  Market closed. Next open: 2026-05-08 09:29 EDT (0h 0m)
  Sleeping until market open...

  =================================================================
  📊 SESSION SUMMARY — 2026-05-08 09:29 EDT
  =================================================================
  Price checks run:    0
  Auto-closes today:   0
  Open positions:      1
  Total P&L:           $-1,264.00
  Win rate:            14.3%  (1W/6L)
  =================================================================

  Market closed. Next open: 2026-05-08 09:29 EDT (0h 0m)
  Sleeping until market open...

  =================================================================
  📊 SESSION SUMMARY — 2026-05-08 09:29 EDT
  =================================================================
  Price checks run:    0
  Auto-closes today:   0
  Open positions:      1
  Total P&L:           $-1,264.00
  Win rate:            14.3%  (1W/6L)
  =================================================================

  Market closed. Next open: 2026-05-08 09:29 EDT (0h 0m)
  Sleeping until market open...

  =================================================================
  📊 SESSION SUMMARY — 2026-05-08 09:29 EDT
  =================================================================
  Price checks run:    0
  Auto-closes today:   0
  Open positions:      1
  Total P&L:           $-1,264.00
  Win rate:            14.3%  (1W/6L)
  =================================================================

  Market closed. Next open: 2026-05-08 09:29 EDT (0h 0m)
  Sleeping until market open...

  =================================================================
  📊 SESSION SUMMARY — 2026-05-08 09:29 EDT
  =================================================================
  Price checks run:    0
  Auto-closes today:   0
  Open positions:      1
  Total P&L:           $-1,264.00
  Win rate:            14.3%  (1W/6L)
  =================================================================

  Market closed. Next open: 2026-05-08 09:29 EDT (0h 0m)
  Sleeping until market open...

  =================================================================
  📊 SESSION SUMMARY — 2026-05-08 09:29 EDT
  =================================================================
  Price checks run:    0
  Auto-closes today:   0
  Open positions:      1
  Total P&L:           $-1,264.00
  Win rate:            14.3%  (1W/6L)
  =================================================================

  Market closed. Next open: 2026-05-08 09:29 EDT (0h 0m)
  Sleeping until market open...

  =================================================================
  📊 SESSION SUMMARY — 2026-05-08 09:29 EDT
  =================================================================
  Price checks run:    0
  Auto-closes today:   0
  Open positions:      1
  Total P&L:           $-1,264.00
  Win rate:            14.3%  (1W/6L)
  =================================================================

  Market closed. Next open: 2026-05-08 09:29 EDT (0h 0m)
  Sleeping until market open...

  =================================================================
  📊 SESSION SUMMARY — 2026-05-08 09:29 EDT
  =================================================================
  Price checks run:    0
  Auto-closes today:   0
  Open positions:      1
  Total P&L:           $-1,264.00
  Win rate:            14.3%  (1W/6L)
  =================================================================

  Market closed. Next open: 2026-05-08 09:29 EDT (0h 0m)
  Sleeping until market open...

  =================================================================
  📊 SESSION SUMMARY — 2026-05-08 09:29 EDT
  =================================================================
  Price checks run:    0
  Auto-closes today:   0
  Open positions:      1
  Total P&L:           $-1,264.00
  Win rate:            14.3%  (1W/6L)
  =================================================================

  Market closed. Next open: 2026-05-08 09:29 EDT (0h 0m)
  Sleeping until market open...

  =================================================================
  📊 SESSION SUMMARY — 2026-05-08 09:29 EDT
  =================================================================
  Price checks run:    0
  Auto-closes today:   0
  Open positions:      1
  Total P&L:           $-1,264.00
  Win rate:            14.3%  (1W/6L)
  =================================================================

  Market closed. Next open: 2026-05-08 09:29 EDT (0h 0m)
  Sleeping until market open...

  =================================================================
  📊 SESSION SUMMARY — 2026-05-08 09:29 EDT
  =================================================================
  Price checks run:    0
  Auto-closes today:   0
  Open positions:      1
  Total P&L:           $-1,264.00
  Win rate:            14.3%  (1W/6L)
  =================================================================

  Market closed. Next open: 2026-05-08 09:29 EDT (0h 0m)
  Sleeping until market open...

  =================================================================
  📊 SESSION SUMMARY — 2026-05-08 09:29 EDT
  =================================================================
  Price checks run:    0
  Auto-closes today:   0
  Open positions:      1
  Total P&L:           $-1,264.00
  Win rate:            14.3%  (1W/6L)
  =================================================================

  Market closed. Next open: 2026-05-08 09:29 EDT (0h 0m)
  Sleeping until market open...

  =================================================================
  📊 SESSION SUMMARY — 2026-05-08 09:29 EDT
  =================================================================
  Price checks run:    0
  Auto-closes today:   0
  Open positions:      1
  Total P&L:           $-1,264.00
  Win rate:            14.3%  (1W/6L)
  =================================================================

  Market closed. Next open: 2026-05-08 09:29 EDT (0h 0m)
  Sleeping until market open...

  =================================================================
  📊 SESSION SUMMARY — 2026-05-08 09:29 EDT
  =================================================================
  Price checks run:    0
  Auto-closes today:   0
  Open positions:      1
  Total P&L:           $-1,264.00
  Win rate:            14.3%  (1W/6L)
  =================================================================

  Market closed. Next open: 2026-05-08 09:29 EDT (0h 0m)
  Sleeping until market open...

  =================================================================
  📊 SESSION SUMMARY — 2026-05-08 09:29 EDT
  =================================================================
  Price checks run:    0
  Auto-closes today:   0
  Open positions:      1
  Total P&L:           $-1,264.00
  Win rate:            14.3%  (1W/6L)
  =================================================================

  Market closed. Next open: 2026-05-08 09:29 EDT (0h 0m)
  Sleeping until market open...

  =================================================================
  📊 SESSION SUMMARY — 2026-05-08 09:29 EDT
  =================================================================
  Price checks run:    0
  Auto-closes today:   0
  Open positions:      1
  Total P&L:           $-1,264.00
  Win rate:            14.3%  (1W/6L)
  =================================================================

  Market closed. Next open: 2026-05-08 09:29 EDT (0h 0m)
  Sleeping until market open...

  =================================================================
  📊 SESSION SUMMARY — 2026-05-08 09:29 EDT
  =================================================================
  Price checks run:    0
  Auto-closes today:   0
  Open positions:      1
  Total P&L:           $-1,264.00
  Win rate:            14.3%  (1W/6L)
  =================================================================

  Market closed. Next open: 2026-05-08 09:29 EDT (0h 0m)
  Sleeping until market open...

  =================================================================
  📊 SESSION SUMMARY — 2026-05-08 09:29 EDT
  =================================================================
  Price checks run:    0
  Auto-closes today:   0
  Open positions:      1
  Total P&L:           $-1,264.00
  Win rate:            14.3%  (1W/6L)
  =================================================================

  Market closed. Next open: 2026-05-08 09:29 EDT (0h 0m)
  Sleeping until market open...

  =================================================================
  📊 SESSION SUMMARY — 2026-05-08 09:29 EDT
  =================================================================
  Price checks run:    0
  Auto-closes today:   0
  Open positions:      1
  Total P&L:           $-1,264.00
  Win rate:            14.3%  (1W/6L)
  =================================================================

  Market closed. Next open: 2026-05-08 09:29 EDT (0h 0m)
  Sleeping until market open...

  =================================================================
  📊 SESSION SUMMARY — 2026-05-08 09:29 EDT
  =================================================================
  Price checks run:    0
  Auto-closes today:   0
  Open positions:      1
  Total P&L:           $-1,264.00
  Win rate:            14.3%  (1W/6L)
  =================================================================

  Market closed. Next open: 2026-05-08 09:29 EDT (0h 0m)
  Sleeping until market open...

  =================================================================
  📊 SESSION SUMMARY — 2026-05-08 09:29 EDT
  =================================================================
  Price checks run:    0
  Auto-closes today:   0
  Open positions:      1
  Total P&L:           $-1,264.00
  Win rate:            14.3%  (1W/6L)
  =================================================================

  Market closed. Next open: 2026-05-08 09:29 EDT (0h 0m)
  Sleeping until market open...

  =================================================================
  📊 SESSION SUMMARY — 2026-05-08 09:29 EDT
  =================================================================
  Price checks run:    0
  Auto-closes today:   0
  Open positions:      1
  Total P&L:           $-1,264.00
  Win rate:            14.3%  (1W/6L)
  =================================================================

  Market closed. Next open: 2026-05-08 09:29 EDT (0h 0m)
  Sleeping until market open...

  =================================================================
  📊 SESSION SUMMARY — 2026-05-08 09:29 EDT
  =================================================================
  Price checks run:    0
  Auto-closes today:   0
  Open positions:      1
  Total P&L:           $-1,264.00
  Win rate:            14.3%  (1W/6L)
  =================================================================

  Market closed. Next open: 2026-05-08 09:29 EDT (0h 0m)
  Sleeping until market open...

  =================================================================
  📊 SESSION SUMMARY — 2026-05-08 09:29 EDT
  =================================================================
  Price checks run:    0
  Auto-closes today:   0
  Open positions:      1
  Total P&L:           $-1,264.00
  Win rate:            14.3%  (1W/6L)
  =================================================================

  Market closed. Next open: 2026-05-08 09:29 EDT (0h 0m)
  Sleeping until market open...

  =================================================================
  📊 SESSION SUMMARY — 2026-05-08 09:29 EDT
  =================================================================
  Price checks run:    0
  Auto-closes today:   0
  Open positions:      1
  Total P&L:           $-1,264.00
  Win rate:            14.3%  (1W/6L)
  =================================================================

  Market closed. Next open: 2026-05-08 09:29 EDT (0h 0m)
  Sleeping until market open...

  =================================================================
  📊 SESSION SUMMARY — 2026-05-08 09:29 EDT
  =================================================================
  Price checks run:    0
  Auto-closes today:   0
  Open positions:      1
  Total P&L:           $-1,264.00
  Win rate:            14.3%  (1W/6L)
  =================================================================

  Market closed. Next open: 2026-05-08 09:29 EDT (0h 0m)
  Sleeping until market open...

  =================================================================
  📊 SESSION SUMMARY — 2026-05-08 09:29 EDT
  =================================================================
  Price checks run:    0
  Auto-closes today:   0
  Open positions:      1
  Total P&L:           $-1,264.00
  Win rate:            14.3%  (1W/6L)
  =================================================================

  Market closed. Next open: 2026-05-08 09:29 EDT (0h 0m)
  Sleeping until market open...

  =================================================================
  📊 SESSION SUMMARY — 2026-05-08 09:29 EDT
  =================================================================
  Price checks run:    0
  Auto-closes today:   0
  Open positions:      1
  Total P&L:           $-1,264.00
  Win rate:            14.3%  (1W/6L)
  =================================================================

  Market closed. Next open: 2026-05-08 09:29 EDT (0h 0m)
  Sleeping until market open...

  =================================================================
  📊 SESSION SUMMARY — 2026-05-08 09:29 EDT
  =================================================================
  Price checks run:    0
  Auto-closes today:   0
  Open positions:      1
  Total P&L:           $-1,264.00
  Win rate:            14.3%  (1W/6L)
  =================================================================

  Market closed. Next open: 2026-05-08 09:29 EDT (0h 0m)
  Sleeping until market open...

  =================================================================
  📊 SESSION SUMMARY — 2026-05-08 09:29 EDT
  =================================================================
  Price checks run:    0
  Auto-closes today:   0
  Open positions:      1
  Total P&L:           $-1,264.00
  Win rate:            14.3%  (1W/6L)
  =================================================================

  Market closed. Next open: 2026-05-08 09:29 EDT (0h 0m)
  Sleeping until market open...

  =================================================================
  📊 SESSION SUMMARY — 2026-05-08 09:29 EDT
  =================================================================
  Price checks run:    0
  Auto-closes today:   0
  Open positions:      1
  Total P&L:           $-1,264.00
  Win rate:            14.3%  (1W/6L)
  =================================================================

  Market closed. Next open: 2026-05-08 09:29 EDT (0h 0m)
  Sleeping until market open...

  =================================================================
  📊 SESSION SUMMARY — 2026-05-08 09:29 EDT
  =================================================================
  Price checks run:    0
  Auto-closes today:   0
  Open positions:      1
  Total P&L:           $-1,264.00
  Win rate:            14.3%  (1W/6L)
  =================================================================

  Market closed. Next open: 2026-05-08 09:29 EDT (0h 0m)
  Sleeping until market open...

  =================================================================
  📊 SESSION SUMMARY — 2026-05-08 09:29 EDT
  =================================================================
  Price checks run:    0
  Auto-closes today:   0
  Open positions:      1
  Total P&L:           $-1,264.00
  Win rate:            14.3%  (1W/6L)
  =================================================================

  Market closed. Next open: 2026-05-08 09:29 EDT (0h 0m)
  Sleeping until market open...

  =================================================================
  📊 SESSION SUMMARY — 2026-05-08 09:29 EDT
  =================================================================
  Price checks run:    0
  Auto-closes today:   0
  Open positions:      1
  Total P&L:           $-1,264.00
  Win rate:            14.3%  (1W/6L)
  =================================================================

  Market closed. Next open: 2026-05-08 09:29 EDT (0h 0m)
  Sleeping until market open...

  =================================================================
  📊 SESSION SUMMARY — 2026-05-08 09:29 EDT
  =================================================================
  Price checks run:    0
  Auto-closes today:   0
  Open positions:      1
  Total P&L:           $-1,264.00
  Win rate:            14.3%  (1W/6L)
  =================================================================

  Market closed. Next open: 2026-05-08 09:29 EDT (0h 0m)
  Sleeping until market open...

  =================================================================
  📊 SESSION SUMMARY — 2026-05-08 09:29 EDT
  =================================================================
  Price checks run:    0
  Auto-closes today:   0
  Open positions:      1
  Total P&L:           $-1,264.00
  Win rate:            14.3%  (1W/6L)
  =================================================================

  Market closed. Next open: 2026-05-08 09:29 EDT (0h 0m)
  Sleeping until market open...

  =================================================================
  📊 SESSION SUMMARY — 2026-05-08 09:29 EDT
  =================================================================
  Price checks run:    0
  Auto-closes today:   0
  Open positions:      1
  Total P&L:           $-1,264.00
  Win rate:            14.3%  (1W/6L)
  =================================================================

  Market closed. Next open: 2026-05-08 09:29 EDT (0h 0m)
  Sleeping until market open...

  =================================================================
  📊 SESSION SUMMARY — 2026-05-08 09:29 EDT
  =================================================================
  Price checks run:    0
  Auto-closes today:   0
  Open positions:      1
  Total P&L:           $-1,264.00
  Win rate:            14.3%  (1W/6L)
  =================================================================

  Market closed. Next open: 2026-05-08 09:29 EDT (0h 0m)
  Sleeping until market open...

  =================================================================
  📊 SESSION SUMMARY — 2026-05-08 09:29 EDT
  =================================================================
  Price checks run:    0
  Auto-closes today:   0
  Open positions:      1
  Total P&L:           $-1,264.00
  Win rate:            14.3%  (1W/6L)
  =================================================================

  Market closed. Next open: 2026-05-08 09:29 EDT (0h 0m)
  Sleeping until market open...

  =================================================================
  📊 SESSION SUMMARY — 2026-05-08 09:29 EDT
  =================================================================
  Price checks run:    0
  Auto-closes today:   0
  Open positions:      1
  Total P&L:           $-1,264.00
  Win rate:            14.3%  (1W/6L)
  =================================================================

  Market closed. Next open: 2026-05-08 09:29 EDT (0h 0m)
  Sleeping until market open...

  =================================================================
  📊 SESSION SUMMARY — 2026-05-08 09:29 EDT
  =================================================================
  Price checks run:    0
  Auto-closes today:   0
  Open positions:      1
  Total P&L:           $-1,264.00
  Win rate:            14.3%  (1W/6L)
  =================================================================

  Market closed. Next open: 2026-05-08 09:29 EDT (0h 0m)
  Sleeping until market open...

  =================================================================
  📊 SESSION SUMMARY — 2026-05-08 09:29 EDT
  =================================================================
  Price checks run:    0
  Auto-closes today:   0
  Open positions:      1
  Total P&L:           $-1,264.00
  Win rate:            14.3%  (1W/6L)
  =================================================================

  Market closed. Next open: 2026-05-08 09:29 EDT (0h 0m)
  Sleeping until market open...

  =================================================================
  📊 SESSION SUMMARY — 2026-05-08 09:29 EDT
  =================================================================
  Price checks run:    0
  Auto-closes today:   0
  Open positions:      1
  Total P&L:           $-1,264.00
  Win rate:            14.3%  (1W/6L)
  =================================================================

  Market closed. Next open: 2026-05-08 09:29 EDT (0h 0m)
  Sleeping until market open...

  =================================================================
  📊 SESSION SUMMARY — 2026-05-08 09:29 EDT
  =================================================================
  Price checks run:    0
  Auto-closes today:   0
  Open positions:      1
  Total P&L:           $-1,264.00
  Win rate:            14.3%  (1W/6L)
  =================================================================

  Market closed. Next open: 2026-05-08 09:29 EDT (0h 0m)
  Sleeping until market open...

  =================================================================
  📊 SESSION SUMMARY — 2026-05-08 09:29 EDT
  =================================================================
  Price checks run:    0
  Auto-closes today:   0
  Open positions:      1
  Total P&L:           $-1,264.00
  Win rate:            14.3%  (1W/6L)
  =================================================================

  Market closed. Next open: 2026-05-08 09:29 EDT (0h 0m)
  Sleeping until market open...

  =================================================================
  📊 SESSION SUMMARY — 2026-05-08 09:29 EDT
  =================================================================
  Price checks run:    0
  Auto-closes today:   0
  Open positions:      1
  Total P&L:           $-1,264.00
  Win rate:            14.3%  (1W/6L)
  =================================================================

  Market closed. Next open: 2026-05-08 09:29 EDT (0h 0m)
  Sleeping until market open...

  =================================================================
  📊 SESSION SUMMARY — 2026-05-08 09:29 EDT
  =================================================================
  Price checks run:    0
  Auto-closes today:   0
  Open positions:      1
  Total P&L:           $-1,264.00
  Win rate:            14.3%  (1W/6L)
  =================================================================

  Market closed. Next open: 2026-05-08 09:29 EDT (0h 0m)
  Sleeping until market open...

  =================================================================
  📊 SESSION SUMMARY — 2026-05-08 09:29 EDT
  =================================================================
  Price checks run:    0
  Auto-closes today:   0
  Open positions:      1
  Total P&L:           $-1,264.00
  Win rate:            14.3%  (1W/6L)
  =================================================================

  Market closed. Next open: 2026-05-08 09:29 EDT (0h 0m)
  Sleeping until market open...

  =================================================================
  📊 SESSION SUMMARY — 2026-05-08 09:29 EDT
  =================================================================
  Price checks run:    0
  Auto-closes today:   0
  Open positions:      1
  Total P&L:           $-1,264.00
  Win rate:            14.3%  (1W/6L)
  =================================================================

  Market closed. Next open: 2026-05-08 09:29 EDT (0h 0m)
  Sleeping until market open...

  =================================================================
  📊 SESSION SUMMARY — 2026-05-08 09:29 EDT
  =================================================================
  Price checks run:    0
  Auto-closes today:   0
  Open positions:      1
  Total P&L:           $-1,264.00
  Market closed. Next open: 2026-05-08 09:29 EDT (0h 0m)  Win rate:            14.3%  (1W/6L)
  =================================================================

  Market closed. Next open: 2026-05-08 09:29 EDT (0h 0m)
  Sleeping until market open...

  =================================================================
  📊 SESSION SUMMARY — 2026-05-08 09:29 EDT
  =================================================================
  Price checks run:    0
  Auto-closes today:   0
  Open positions:      1
  Total P&L:           $-1,264.00
  Win rate:            14.3%  (1W/6L)
  =================================================================

  Market closed. Next open: 2026-05-08 09:29 EDT (0h 0m)
  Sleeping until market open...

  =================================================================
  📊 SESSION SUMMARY — 2026-05-08 09:29 EDT
  =================================================================
  Price checks run:    0
  Auto-closes today:   0
  Open positions:      1
  Total P&L:           $-1,264.00
  Win rate:            14.3%  (1W/6L)
  =================================================================

  Market closed. Next open: 2026-05-08 09:29 EDT (0h 0m)
  Sleeping until market open...

  =================================================================
  📊 SESSION SUMMARY — 2026-05-08 09:29 EDT
  =================================================================
  Price checks run:    0
  Auto-closes today:   0
  Open positions:      1
  Total P&L:           $-1,264.00
  Win rate:            14.3%  (1W/6L)
  =================================================================

  Market closed. Next open: 2026-05-08 09:29 EDT (0h 0m)
  Sleeping until market open...

  =================================================================
  📊 SESSION SUMMARY — 2026-05-08 09:29 EDT
  =================================================================
  Price checks run:    0
  Auto-closes today:   0
  Open positions:      1
  Total P&L:           $-1,264.00
  Win rate:            14.3%  (1W/6L)
  =================================================================

  Market closed. Next open: 2026-05-08 09:29 EDT (0h 0m)
  Sleeping until market open...

  =================================================================
  📊 SESSION SUMMARY — 2026-05-08 09:29 EDT
  =================================================================
  Price checks run:    0
  Auto-closes today:   0
  Open positions:      1
  Total P&L:           $-1,264.00
  Win rate:            14.3%  (1W/6L)
  =================================================================

  Market closed. Next open: 2026-05-08 09:29 EDT (0h 0m)
  Sleeping until market open...

  =================================================================
  📊 SESSION SUMMARY — 2026-05-08 09:29 EDT
  =================================================================
  Price checks run:    0
  Auto-closes today:   0

  Open positions:      1
  Total P&L:           $-1,264.00
  Win rate:            14.3%  (1W/6L)  Sleeping until market open...
  =================================================================


  Market closed. Next open: 2026-05-08 09:29 EDT (0h 0m)

  =================================================================

  =================================================================
  📊 SESSION SUMMARY — 2026-05-08 09:29 EDT
  =================================================================
  Price checks run:    0

Auto-closes today:   0
  📊 SESSION SUMMARY — 2026-05-08 09:29 EDT
  =================================================================
  Price checks run:    0
  Auto-closes today:   0
  Open positions:      1
  Total P&L:           $-1,264.00
  Win rate:            14.3%  (1W/6L)
  =================================================================

  Market closed. Next open: 2026-05-08 09:29 EDT (0h 0m)
  Sleeping until market open...

  =================================================================
  📊 SESSION SUMMARY — 2026-05-08 09:29 EDT
  =================================================================
  Price checks run:    0
  Auto-closes today:   0
  Open positions:      1
  Total P&L:           $-1,264.00
  Win rate:            14.3%  (1W/6L)
  =================================================================

  Market closed. Next open: 2026-05-08 09:29 EDT (0h 0m)
  Sleeping until market open...

  =================================================================
  📊 SESSION SUMMARY — 2026-05-08 09:29 EDT
  =================================================================
  Price checks run:    0
Open positions:      1  Auto-closes today:   0

  Total P&L:           $-1,264.00
  Win rate:            14.3%  (1W/6L)
  =================================================================

  Market closed. Next open: 2026-05-08 09:29 EDT (0h 0m)
  Open positions:      1
  Sleeping until market open...  Total P&L:           $-1,264.00

  Win rate:            14.3%  (1W/6L)
  =================================================================

  =================================================================
  Market closed. Next open: 2026-05-08 09:29 EDT (0h 0m)

  Sleeping until market open...

  =================================================================
  📊 SESSION SUMMARY — 2026-05-08 09:29 EDT  📊 SESSION SUMMARY — 2026-05-08 09:29 EDT
  =================================================================
  Price checks run:    0

  Auto-closes today:   0
  =================================================================
  Price checks run:    0
  Auto-closes today:   0
  Open positions:      1
  Total P&L:           $-1,264.00
  Win rate:            14.3%  (1W/6L)
  =================================================================

  Market closed. Next open: 2026-05-08 09:29 EDT (0h 0m)
  Sleeping until market open...

  =================================================================
  📊 SESSION SUMMARY — 2026-05-08 09:29 EDT
  =================================================================
  Price checks run:    0
  Auto-closes today:   0  Open positions:      1

  Total P&L:           $-1,264.00
  Win rate:            14.3%  (1W/6L)
  =================================================================

  Market closed. Next open: 2026-05-08 09:29 EDT (0h 0m)
  Sleeping until market open...
  Open positions:      1

  =================================================================  Total P&L:           $-1,264.00
  Win rate:            14.3%  (1W/6L)

  =================================================================

  Market closed. Next open: 2026-05-08 09:29 EDT (0h 0m)  📊 SESSION SUMMARY — 2026-05-08 09:29 EDT
  Sleeping until market open...

  =================================================================  =================================================================

  📊 SESSION SUMMARY — 2026-05-08 09:29 EDT
  =================================================================
Price checks run:    0  Price checks run:    0
  Auto-closes today:   0

  Auto-closes today:   0
  Open positions:      1
  Total P&L:           $-1,264.00
  Win rate:            14.3%  (1W/6L)
  =================================================================

  Market closed. Next open: 2026-05-08 09:29 EDT (0h 0m)
  Sleeping until market open...

  =================================================================
  Open positions:      1  📊 SESSION SUMMARY — 2026-05-08 09:29 EDT

  =================================================================
  Price checks run:    0  Total P&L:           $-1,264.00
  Auto-closes today:   0

  Win rate:            14.3%  (1W/6L)
  =================================================================

  Market closed. Next open: 2026-05-08 09:29 EDT (0h 0m)
  Sleeping until market open...

  =================================================================  Open positions:      1

  Total P&L:           $-1,264.00
  📊 SESSION SUMMARY — 2026-05-08 09:29 EDT  Win rate:            14.3%  (1W/6L)

  =================================================================
  =================================================================

  Market closed. Next open: 2026-05-08 09:29 EDT (0h 0m)
  Price checks run:    0  Sleeping until market open...


  =================================================================
  Auto-closes today:   0  📊 SESSION SUMMARY — 2026-05-08 09:29 EDT

  =================================================================
  Price checks run:    0
  Auto-closes today:   0
  Open positions:      1
  Total P&L:           $-1,264.00
  Win rate:            14.3%  (1W/6L)
  =================================================================

  Market closed. Next open: 2026-05-08 09:29 EDT (0h 0m)
  Sleeping until market open...

  =================================================================
  📊 SESSION SUMMARY — 2026-05-08 09:29 EDT
  =================================================================
  Price checks run:    0
  Auto-closes today:   0
  Open positions:      1
  Total P&L:           $-1,264.00
  Win rate:            14.3%  (1W/6L)
  =================================================================

  Market closed. Next open: 2026-05-08 09:29 EDT (0h 0m)
  Sleeping until market open...

  =================================================================
  📊 SESSION SUMMARY — 2026-05-08 09:29 EDT
  =================================================================
  Price checks run:    0
  Auto-closes today:   0
  Open positions:      1
  Total P&L:           $-1,264.00
  Win rate:            14.3%  (1W/6L)
  =================================================================

  Market closed. Next open: 2026-05-08 09:29 EDT (0h 0m)
  Sleeping until market open...

  =================================================================
  📊 SESSION SUMMARY — 2026-05-08 09:29 EDT
  =================================================================
  Price checks run:    0
  Auto-closes today:   0
  Open positions:      1
  Total P&L:           $-1,264.00
  Win rate:            14.3%  (1W/6L)
  =================================================================

  Market closed. Next open: 2026-05-08 09:29 EDT (0h 0m)
  Sleeping until market open...

  =================================================================
  📊 SESSION SUMMARY — 2026-05-08 09:29 EDT
  =================================================================
  Price checks run:    0
  Auto-closes today:   0
  Open positions:      1
  Total P&L:           $-1,264.00
  Win rate:            14.3%  (1W/6L)
  =================================================================

  Market closed. Next open: 2026-05-08 09:29 EDT (0h 0m)
  Sleeping until market open...

  =================================================================
  📊 SESSION SUMMARY — 2026-05-08 09:29 EDT
  =================================================================
  Price checks run:    0
  Auto-closes today:   0
  Open positions:      1
  Total P&L:           $-1,264.00
  Win rate:            14.3%  (1W/6L)
  =================================================================

  Market closed. Next open: 2026-05-08 09:29 EDT (0h 0m)
  Sleeping until market open...

  =================================================================
  📊 SESSION SUMMARY — 2026-05-08 09:29 EDT
  =================================================================
  Price checks run:    0
  Auto-closes today:   0
  Open positions:      1
  Total P&L:           $-1,264.00  Open positions:      1
  Total P&L:           $-1,264.00
  Win rate:            14.3%  (1W/6L)  Win rate:            14.3%  (1W/6L)
  =================================================================


  Market closed. Next open: 2026-05-08 09:29 EDT (0h 0m)
  Sleeping until market open...
  =================================================================
  =================================================================

📊 SESSION SUMMARY — 2026-05-08 09:29 EDT
  =================================================================
  Price checks run:    0
  Auto-closes today:   0

  Market closed. Next open: 2026-05-08 09:29 EDT (0h 0m)
  Sleeping until market open...

  =================================================================
  📊 SESSION SUMMARY — 2026-05-08 09:29 EDT
  Open positions:      1
  Total P&L:           $-1,264.00
  Win rate:            14.3%  (1W/6L)
  =================================================================
  =================================================================
  Market closed. Next open: 2026-05-08 09:29 EDT (0h 0m)
  Sleeping until market open...
  Price checks run:    0=============================================
  📊 SESSION SUMMARY — 2026-05-08 09:29 EDT
  =================================================================
  Price checks run:    0
  Auto-closes today:   0

  Auto-closes today:   0
  Open positions:      1
  Total P&L:           $-1,264.00
  Win rate:            14.3%  (1W/6L)
  =================================================================

  Market closed. Next open: 2026-05-08 09:29 EDT (0h 0m)
  Sleeping until market open...
  Open positions:      1
  =================================================================

📊 SESSION SUMMARY — 2026-05-08 09:29 EDT
  =================================================================
  Price checks run:    0

  Auto-closes today:   0
  Win rate:            14.3%  (1W/6L)
  =================================================================

  Market closed. Next open: 2026-05-08 09:29 EDT (0h 0m)
  Open positions:      1
  Total P&L:           $-1,264.00
  Win rate:            14.3%  (1W/6L)
  Sleeping until market open...====================================

  Market closed. Next open: 2026-05-08 09:29 EDT (0h 0m)
  Sleeping until market open...

  =================================================================

  =================================================================  📊 SESSION SUMMARY — 2026-05-08 09:29 EDT
  =================================================================
  Price checks run:    0

  Auto-closes today:   0
  📊 SESSION SUMMARY — 2026-05-08 09:29 EDT
  =================================================================
  Price checks run:    0
  Auto-closes today:   0
  Open positions:      1
  Total P&L:           $-1,264.00
  Win rate:            14.3%  (1W/6L)
  =================================================================

  Market closed. Next open: 2026-05-08 09:29 EDT (0h 0m)
  Sleeping until market open...

  =================================================================
  📊 SESSION SUMMARY — 2026-05-08 09:29 EDT
  =================================================================
  Price checks run:    0
  Auto-closes today:   0
  Open positions:      1
  Total P&L:           $-1,264.00
  Win rate:            14.3%  (1W/6L)
  =================================================================
  Open positions:      1
  Total P&L:           $-1,264.00
  Win rate:            14.3%  (1W/6L)
  =================================================================
  Market closed. Next open: 2026-05-08 09:29 EDT (0h 0m)


  Market closed. Next open: 2026-05-08 09:29 EDT (0h 0m)
  Sleeping until market open...  Sleeping until market open...

  =================================================================

  📊 SESSION SUMMARY — 2026-05-08 09:29 EDT
  =================================================================

  =================================================================  Price checks run:    0

  Auto-closes today:   0
  📊 SESSION SUMMARY — 2026-05-08 09:29 EDT
  =================================================================
  Price checks run:    0
  Auto-closes today:   0
  Open positions:      1
  Total P&L:           $-1,264.00
  Win rate:            14.3%  (1W/6L)
  =================================================================

  Market closed. Next open: 2026-05-08 09:29 EDT (0h 0m)
  Sleeping until market open...

  =================================================================
  📊 SESSION SUMMARY — 2026-05-08 09:29 EDT
  =================================================================
  Price checks run:    0  Open positions:      1
  Auto-closes today:   0

  Total P&L:           $-1,264.00
  Win rate:            14.3%  (1W/6L)
  =================================================================

  Market closed. Next open: 2026-05-08 09:29 EDT (0h 0m)  Open positions:      1
  Total P&L:           $-1,264.00
  Win rate:            14.3%  (1W/6L)
  =================================================================

  Market closed. Next open: 2026-05-08 09:29 EDT (0h 0m)
  Sleeping until market open...

  =================================================================
  📊 SESSION SUMMARY — 2026-05-08 09:29 EDT
  =================================================================
  Price checks run:    0
  Auto-closes today:   0
  Open positions:      1
  Total P&L:           $-1,264.00
  Win rate:            14.3%  (1W/6L)
  =================================================================

  Market closed. Next open: 2026-05-08 09:29 EDT (0h 0m)
  Sleeping until market open...

  =================================================================
  📊 SESSION SUMMARY — 2026-05-08 09:29 EDT
  =================================================================
  Price checks run:    0
  Auto-closes today:   0
  Open positions:      1
  Total P&L:           $-1,264.00
  Win rate:            14.3%  (1W/6L)
  =================================================================

  Market closed. Next open: 2026-05-08 09:29 EDT (0h 0m)
  Sleeping until market open...

  =================================================================
  📊 SESSION SUMMARY — 2026-05-08 09:29 EDT
  =================================================================
  Price checks run:    0
  Auto-closes today:   0
  Open positions:      1
  Total P&L:           $-1,264.00
  Win rate:            14.3%  (1W/6L)
  =================================================================

  Market closed. Next open: 2026-05-08 09:29 EDT (0h 0m)
  Sleeping until market open...

  =================================================================
  📊 SESSION SUMMARY — 2026-05-08 09:29 EDT
  =================================================================
  Price checks run:    0
  Auto-closes today:   0
  Open positions:      1
  Total P&L:           $-1,264.00
  Win rate:            14.3%  (1W/6L)
  =================================================================

  Market closed. Next open: 2026-05-08 09:29 EDT (0h 0m)
  Sleeping until market open...

  =================================================================
  📊 SESSION SUMMARY — 2026-05-08 09:29 EDT
  =================================================================
  Price checks run:    0
  Auto-closes today:   0
  Open positions:      1
  Total P&L:           $-1,264.00
  Win rate:            14.3%  (1W/6L)
  =================================================================

  Market closed. Next open: 2026-05-08 09:29 EDT (0h 0m)
  Sleeping until market open...

  =================================================================
  📊 SESSION SUMMARY — 2026-05-08 09:29 EDT
  =================================================================
  Price checks run:    0
  Auto-closes today:   0

  Open positions:      1  Sleeping until market open...
  Total P&L:           $-1,264.00
  Win rate:            14.3%  (1W/6L)
  =================================================================

  Market closed. Next open: 2026-05-08 09:29 EDT (0h 0m)
  Sleeping until market open...

  =================================================================
  📊 SESSION SUMMARY — 2026-05-08 09:29 EDT
  =================================================================
  Price checks run:    0
  Auto-closes today:   0


  =================================================================
  📊 SESSION SUMMARY — 2026-05-08 09:29 EDT
  =================================================================
  Price checks run:    0
  Open positions:      1
  Total P&L:           $-1,264.00
  Win rate:            14.3%  (1W/6L)
  Auto-closes today:   0===========================================

  Market closed. Next open: 2026-05-08 09:29 EDT (0h 0m)
  Sleeping until market open...

  =================================================================

  📊 SESSION SUMMARY — 2026-05-08 09:29 EDT
  =================================================================
  Price checks run:    0
  Auto-closes today:   0
  Open positions:      1
  Total P&L:           $-1,264.00
  Win rate:            14.3%  (1W/6L)
  =================================================================

  Market closed. Next open: 2026-05-08 09:29 EDT (0h 0m)
  Sleeping until market open...

  =================================================================
  📊 SESSION SUMMARY — 2026-05-08 09:29 EDT
  =================================================================
  Price checks run:    0
  Auto-closes today:   0
  Open positions:      1
  Total P&L:           $-1,264.00
  Win rate:            14.3%  (1W/6L)
  =================================================================

  Market closed. Next open: 2026-05-08 09:29 EDT (0h 0m)
  Sleeping until market open...

  =================================================================
  📊 SESSION SUMMARY — 2026-05-08 09:29 EDT
  =================================================================
  Price checks run:    0
  Auto-closes today:   0
  Open positions:      1
  Total P&L:           $-1,264.00
  Win rate:            14.3%  (1W/6L)
  =================================================================

  Market closed. Next open: 2026-05-08 09:29 EDT (0h 0m)
  Sleeping until market open...

  =================================================================
  📊 SESSION SUMMARY — 2026-05-08 09:29 EDT
  =================================================================
  Price checks run:    0
  Auto-closes today:   0
  Open positions:      1
  Total P&L:           $-1,264.00
  Win rate:            14.3%  (1W/6L)
  =================================================================

  Market closed. Next open: 2026-05-08 09:29 EDT (0h 0m)
  Sleeping until market open...

  =================================================================
  📊 SESSION SUMMARY — 2026-05-08 09:29 EDT
  =================================================================
  Price checks run:    0
  Auto-closes today:   0
  Open positions:      1
  Total P&L:           $-1,264.00
  Win rate:            14.3%  (1W/6L)
  =================================================================

  Market closed. Next open: 2026-05-08 09:29 EDT (0h 0m)
  Sleeping until market open...

  =================================================================
  📊 SESSION SUMMARY — 2026-05-08 09:29 EDT
  =================================================================
  Price checks run:    0
  Auto-closes today:   0
  Open positions:      1
  Total P&L:           $-1,264.00
  Win rate:            14.3%  (1W/6L)
  =================================================================

  Market closed. Next open: 2026-05-08 09:29 EDT (0h 0m)
  Sleeping until market open...

  =================================================================
  📊 SESSION SUMMARY — 2026-05-08 09:29 EDT
  =================================================================
  Price checks run:    0
  Auto-closes today:   0
  Open positions:      1
  Total P&L:           $-1,264.00
  Win rate:            14.3%  (1W/6L)
  =================================================================

  Market closed. Next open: 2026-05-08 09:29 EDT (0h 0m)
  Sleeping until market open...

  =================================================================
  📊 SESSION SUMMARY — 2026-05-08 09:29 EDT
  =================================================================
  Price checks run:    0
  Auto-closes today:   0
  Open positions:      1
  Total P&L:           $-1,264.00
  Win rate:            14.3%  (1W/6L)
  =================================================================

  Market closed. Next open: 2026-05-08 09:29 EDT (0h 0m)
  Sleeping until market open...

  =================================================================
  Open positions:      1  📊 SESSION SUMMARY — 2026-05-08 09:29 EDT

  =================================================================
  Price checks run:    0
  Auto-closes today:   0
  Total P&L:           $-1,264.00
  Win rate:            14.3%  (1W/6L)
  =================================================================
  Total P&L:           $-1,264.00

  Win rate:            14.3%  (1W/6L)
  =================================================================

  Market closed. Next open: 2026-05-08 09:29 EDT (0h 0m)
  Market closed. Next open: 2026-05-08 09:29 EDT (0h 0m)

  Sleeping until market open...  Sleeping until market open...

  =================================================================


  =================================================================  📊 SESSION SUMMARY — 2026-05-08 09:29 EDT
  =================================================================

  Price checks run:    0
  Auto-closes today:   0
  📊 SESSION SUMMARY — 2026-05-08 09:29 EDT
  =================================================================
  Price checks run:    0
  Auto-closes today:   0
  Open positions:      1
  Total P&L:           $-1,264.00
  Win rate:            14.3%  (1W/6L)
  =================================================================

  Market closed. Next open: 2026-05-08 09:29 EDT (0h 0m)
  Sleeping until market open...

  =================================================================
  Open positions:      1  📊 SESSION SUMMARY — 2026-05-08 09:29 EDT
  =================================================================  Total P&L:           $-1,264.00
  Price checks run:    0
  Auto-closes today:   0

  Win rate:            14.3%  (1W/6L)
  =================================================================

  Market closed. Next open: 2026-05-08 09:29 EDT (0h 0m)
  Sleeping until market open...

  =================================================================
  📊 SESSION SUMMARY — 2026-05-08 09:29 EDT  Open positions:      1

  Total P&L:           $-1,264.00
=================================================================  Win rate:            14.3%  (1W/6L)
  =================================================================


  Market closed. Next open: 2026-05-08 09:29 EDT (0h 0m)  Price checks run:    0

  Sleeping until market open...

  =================================================================
  📊 SESSION SUMMARY — 2026-05-08 09:29 EDT
  =================================================================  Auto-closes today:   0
  Price checks run:    0
  Auto-closes today:   0
  Open positions:      1
  Total P&L:           $-1,264.00
  Win rate:            14.3%  (1W/6L)
  =================================================================

  Market closed. Next open: 2026-05-08 09:29 EDT (0h 0m)
  Sleeping until market open...

  =================================================================
  📊 SESSION SUMMARY — 2026-05-08 09:29 EDT
  =================================================================
  Price checks run:    0
  Auto-closes today:   0
  Open positions:      1
  Total P&L:           $-1,264.00
  Win rate:            14.3%  (1W/6L)
  =================================================================

  Market closed. Next open: 2026-05-08 09:29 EDT (0h 0m)
  Sleeping until market open...

  =================================================================
  📊 SESSION SUMMARY — 2026-05-08 09:29 EDT
  =================================================================
  Price checks run:    0
  Auto-closes today:   0
  Open positions:      1
  Total P&L:           $-1,264.00
  Win rate:            14.3%  (1W/6L)
  =================================================================

  Market closed. Next open: 2026-05-08 09:29 EDT (0h 0m)
  Sleeping until market open...

  =================================================================
  📊 SESSION SUMMARY — 2026-05-08 09:29 EDT
  =================================================================
  Price checks run:    0
  Auto-closes today:   0
  Open positions:      1
  Total P&L:           $-1,264.00
  Win rate:            14.3%  (1W/6L)
  =================================================================

  Market closed. Next open: 2026-05-08 09:29 EDT (0h 0m)
  Sleeping until market open...

  =================================================================
  📊 SESSION SUMMARY — 2026-05-08 09:29 EDT
  =================================================================
  Price checks run:    0
  Auto-closes today:   0

  Open positions:      1
  Total P&L:           $-1,264.00
  Win rate:            14.3%  (1W/6L)
  =================================================================
  Open positions:      1
  Market closed. Next open: 2026-05-08 09:29 EDT (0h 0m)

  Sleeping until market open...
  Total P&L:           $-1,264.00
  =================================================================
  📊 SESSION SUMMARY — 2026-05-08 09:29 EDT
  =================================================================
  Price checks run:    0

  Auto-closes today:   0
  =================================================================

  Market closed. Next open: 2026-05-08 09:29 EDT (0h 0m)
  Sleeping until market open...
  Open positions:      1
  =================================================================  Total P&L:           $-1,264.00

  Win rate:            14.3%  (1W/6L)
  =================================================================

  Market closed. Next open: 2026-05-08 09:29 EDT (0h 0m)
  Sleeping until market open...  📊 SESSION SUMMARY — 2026-05-08 09:29 EDT

  =================================================================
  📊 SESSION SUMMARY — 2026-05-08 09:29 EDT
  =================================================================
  Price checks run:    0
  Auto-closes today:   0

  Open positions:      1
  Total P&L:           $-1,264.00
  Win rate:            14.3%  (1W/6L)
  =================================================================
  =================================================================
  Market closed. Next open: 2026-05-08 09:29 EDT (0h 0m)
  Sleeping until market open...

  =================================================================
  📊 SESSION SUMMARY — 2026-05-08 09:29 EDT
  =================================================================
  Price checks run:    0
  Auto-closes today:   0

  Price checks run:    0
  Auto-closes today:   0
  Open positions:      1
  Total P&L:           $-1,264.00
  Win rate:            14.3%  (1W/6L)
  =================================================================

  Market closed. Next open: 2026-05-08 09:29 EDT (0h 0m)
  Sleeping until market open...

  =================================================================
  📊 SESSION SUMMARY — 2026-05-08 09:29 EDT
  =================================================================  Open positions:      1
  Price checks run:    0

  Total P&L:           $-1,264.00

  Win rate:            14.3%  (1W/6L)
  =================================================================

  Market closed. Next open: 2026-05-08 09:29 EDT (0h 0m)
  Sleeping until market open...

  =================================================================
  Open positions:      1  📊 SESSION SUMMARY — 2026-05-08 09:29 EDT
  Total P&L:           $-1,264.00

  Win rate:            14.3%  (1W/6L)
  =================================================================  =================================================================


  Market closed. Next open: 2026-05-08 09:29 EDT (0h 0m)
Price checks run:    0  Sleeping until market open...


  =================================================================  Auto-closes today:   0  📊 SESSION SUMMARY — 2026-05-08 09:29 EDT

  =================================================================
  Price checks run:    0
  Auto-closes today:   0
  Open positions:      1
  Open positions:      1-1,264.00
  Total P&L:           $-1,264.00
  Win rate:            14.3%  (1W/6L)
  =================================================================

  Win rate:            14.3%  (1W/6L)
  Market closed. Next open: 2026-05-08 09:29 EDT (0h 0m)

  Sleeping until market open...  =================================================================


  =================================================================
  📊 SESSION SUMMARY — 2026-05-08 09:29 EDT

  Market closed. Next open: 2026-05-08 09:29 EDT (0h 0m)  =================================================================
  Price checks run:    0  Sleeping until market open...
  Auto-closes today:   0


  =================================================================
  📊 SESSION SUMMARY — 2026-05-08 09:29 EDT
  =================================================================
  Price checks run:    0
  Auto-closes today:   0
  Open positions:      1
  Total P&L:           $-1,264.00
  Win rate:            14.3%  (1W/6L)
  =================================================================

  Market closed. Next open: 2026-05-08 09:29 EDT (0h 0m)
  Sleeping until market open...

  =================================================================
  📊 SESSION SUMMARY — 2026-05-08 09:29 EDT
  =================================================================
  Price checks run:    0
  Auto-closes today:   0
  Open positions:      1
  Total P&L:           $-1,264.00
  Win rate:            14.3%  (1W/6L)
  =================================================================

  Market closed. Next open: 2026-05-08 09:29 EDT (0h 0m)
  Sleeping until market open...  Open positions:      1

  Total P&L:           $-1,264.00
  =================================================================
  Win rate:            14.3%  (1W/6L)
  =================================================================

  Market closed. Next open: 2026-05-08 09:29 EDT (0h 0m)  📊 SESSION SUMMARY — 2026-05-08 09:29 EDT
  Sleeping until market open...

  =================================================================
  📊 SESSION SUMMARY — 2026-05-08 09:29 EDT
  =================================================================
  Price checks run:    0
  Auto-closes today:   0
  Open positions:      1
  Total P&L:           $-1,264.00
  Win rate:            14.3%  (1W/6L)
  =================================================================

  Market closed. Next open: 2026-05-08 09:29 EDT (0h 0m)
  Sleeping until market open...

  =================================================================
  📊 SESSION SUMMARY — 2026-05-08 09:29 EDT
  =================================================================
  Price checks run:    0
  Auto-closes today:   0
  Open positions:      1
  Total P&L:           $-1,264.00
  Win rate:            14.3%  (1W/6L)
  =================================================================

  Market closed. Next open: 2026-05-08 09:29 EDT (0h 0m)
  Sleeping until market open...

  =================================================================
  📊 SESSION SUMMARY — 2026-05-08 09:29 EDT
  =================================================================
  Price checks run:    0
  Auto-closes today:   0
  Open positions:      1
  Total P&L:           $-1,264.00
  Win rate:            14.3%  (1W/6L)
  =================================================================

  Market closed. Next open: 2026-05-08 09:29 EDT (0h 0m)
  Sleeping until market open...

  =================================================================
  📊 SESSION SUMMARY — 2026-05-08 09:29 EDT
  =================================================================
  Price checks run:    0
  Auto-closes today:   0
  Open positions:      1
  Total P&L:           $-1,264.00
  Win rate:            14.3%  (1W/6L)
  =================================================================

  Market closed. Next open: 2026-05-08 09:29 EDT (0h 0m)
  Sleeping until market open...

  =================================================================
  📊 SESSION SUMMARY — 2026-05-08 09:29 EDT
  =================================================================
  Price checks run:    0
  Auto-closes today:   0
  Open positions:      1
  Total P&L:           $-1,264.00
  Win rate:            14.3%  (1W/6L)
  =================================================================


  Market closed. Next open: 2026-05-08 09:29 EDT (0h 0m)
  Sleeping until market open...
  =================================================================
  =================================================================
  📊 SESSION SUMMARY — 2026-05-08 09:29 EDT

  =================================================================
Price checks run:    0  Price checks run:    0

  Auto-closes today:   0
  Auto-closes today:   0
  Open positions:      1
  Total P&L:           $-1,264.00
  Win rate:            14.3%  (1W/6L)
  =================================================================

  Market closed. Next open: 2026-05-08 09:29 EDT (0h 0m)
  Sleeping until market open...

  =================================================================  Open positions:      1
  📊 SESSION SUMMARY — 2026-05-08 09:29 EDT
  =================================================================
  Price checks run:    0
  Auto-closes today:   0

  Total P&L:           $-1,264.00
  Win rate:            14.3%  (1W/6L)
  =================================================================
  Open positions:      1
  Market closed. Next open: 2026-05-08 09:29 EDT (0h 0m)

Total P&L:           $-1,264.00
  Win rate:            14.3%  (1W/6L)  Sleeping until market open...
  =================================================================


  Market closed. Next open: 2026-05-08 09:29 EDT (0h 0m)

  =================================================================

  =================================================================

  📊 SESSION SUMMARY — 2026-05-08 09:29 EDT
  📊 SESSION SUMMARY — 2026-05-08 09:29 EDT  =================================================================
  Price checks run:    0

  Auto-closes today:   0  =================================================================

  Price checks run:    0
  Auto-closes today:   0
  Open positions:      1
  Total P&L:           $-1,264.00
  Win rate:            14.3%  (1W/6L)
  =================================================================

  Market closed. Next open: 2026-05-08 09:29 EDT (0h 0m)
  Sleeping until market open...

  =================================================================
  📊 SESSION SUMMARY — 2026-05-08 09:29 EDT
  =================================================================  Open positions:      1  Price checks run:    0

  Auto-closes today:   0
  Total P&L:           $-1,264.00
  Win rate:            14.3%  (1W/6L)
  =================================================================

  Market closed. Next open: 2026-05-08 09:29 EDT (0h 0m)
  Sleeping until market open...

  =================================================================
  Open positions:      1
  Total P&L:           $-1,264.00  📊 SESSION SUMMARY — 2026-05-08 09:29 EDT
  Win rate:            14.3%  (1W/6L)

  =================================================================  =================================================================
  Market closed. Next open: 2026-05-08 09:29 EDT (0h 0m)
  Price checks run:    0  Sleeping until market open...

  Auto-closes today:   0
  =================================================================

  📊 SESSION SUMMARY — 2026-05-08 09:29 EDT
  =================================================================
  Price checks run:    0
  Auto-closes today:   0
  Open positions:      1  Open positions:      1
  Total P&L:           $-1,264.00

  Win rate:            14.3%  (1W/6L)
  =================================================================
  Total P&L:           $-1,264.00
  Market closed. Next open: 2026-05-08 09:29 EDT (0h 0m)

  Sleeping until market open...  Win rate:            14.3%  (1W/6L)


  =================================================================  =================================================================
📊 SESSION SUMMARY — 2026-05-08 09:29 EDT
  =================================================================
  Price checks run:    0
  Auto-closes today:   0

  Market closed. Next open: 2026-05-08 09:29 EDT (0h 0m)
  Sleeping until market open...

  =================================================================
  📊 SESSION SUMMARY — 2026-05-08 09:29 EDT
  =================================================================
  Open positions:      1
  Price checks run:    0  Total P&L:           $-1,264.00

  Win rate:            14.3%  (1W/6L)
  Auto-closes today:   0  =================================================================


  Market closed. Next open: 2026-05-08 09:29 EDT (0h 0m)
  Sleeping until market open...

  =================================================================
  📊 SESSION SUMMARY — 2026-05-08 09:29 EDT
  =================================================================
  Price checks run:    0
  Auto-closes today:   0
  Open positions:      1
  Open positions:      1  Total P&L:           $-1,264.00

Win rate:            14.3%  (1W/6L)
  =================================================================  Total P&L:           $-1,264.00

  Market closed. Next open: 2026-05-08 09:29 EDT (0h 0m)

  Sleeping until market open...

  =================================================================
  📊 SESSION SUMMARY — 2026-05-08 09:29 EDT
  =================================================================
  Price checks run:    0
  Auto-closes today:   0
  Open positions:      1
  Total P&L:           $-1,264.00
  Win rate:            14.3%  (1W/6L)
  =================================================================

  Market closed. Next open: 2026-05-08 09:29 EDT (0h 0m)
  Sleeping until market open...

  =================================================================
  📊 SESSION SUMMARY — 2026-05-08 09:29 EDT
  =================================================================
  Price checks run:    0
  Auto-closes today:   0
  Open positions:      1
  Total P&L:           $-1,264.00
  Win rate:            14.3%  (1W/6L)
  =================================================================

  Market closed. Next open: 2026-05-08 09:29 EDT (0h 0m)
  Sleeping until market open...

  =================================================================
  📊 SESSION SUMMARY — 2026-05-08 09:29 EDT
  =================================================================
  Price checks run:    0
  Auto-closes today:   0
  Open positions:      1
  Total P&L:           $-1,264.00
  Win rate:            14.3%  (1W/6L)
  =================================================================

  Market closed. Next open: 2026-05-08 09:29 EDT (0h 0m)
  Sleeping until market open...

  =================================================================
  📊 SESSION SUMMARY — 2026-05-08 09:29 EDT
  =================================================================
  Price checks run:    0
  Auto-closes today:   0
  Open positions:      1
  Total P&L:           $-1,264.00
  Win rate:            14.3%  (1W/6L)
  =================================================================

  Market closed. Next open: 2026-05-08 09:29 EDT (0h 0m)
  Sleeping until market open...

  =================================================================
  📊 SESSION SUMMARY — 2026-05-08 09:29 EDT
  =================================================================
  Price checks run:    0
  Auto-closes today:   0  Win rate:            14.3%  (1W/6L)
  =================================================================

  Market closed. Next open: 2026-05-08 09:29 EDT (0h 0m)
  Sleeping until market open...

  =================================================================
  📊 SESSION SUMMARY — 2026-05-08 09:29 EDT
  Open positions:      1
=================================================================  Total P&L:           $-1,264.00

  Win rate:            14.3%  (1W/6L)
  =================================================================
Price checks run:    0
  Market closed. Next open: 2026-05-08 09:29 EDT (0h 0m)
  Sleeping until market open...  Auto-closes today:   0
  =================================================================

  📊 SESSION SUMMARY — 2026-05-08 09:29 EDT
  =================================================================
  Price checks run:    0
  Auto-closes today:   0
  Open positions:      1  Open positions:      1
  Total P&L:           $-1,264.00
  Win rate:            14.3%  (1W/6L)
  =================================================================

  Market closed. Next open: 2026-05-08 09:29 EDT (0h 0m)
  Sleeping until market open...

  =================================================================
  📊 SESSION SUMMARY — 2026-05-08 09:29 EDT
  =================================================================
  Price checks run:    0
  Auto-closes today:   0
  Total P&L:           $-1,264.00
  Win rate:            14.3%  (1W/6L)
  =================================================================

  Market closed. Next open: 2026-05-08 09:29 EDT (0h 0m)  Open positions:      1

  Total P&L:           $-1,264.00
  Win rate:            14.3%  (1W/6L)
Sleeping until market open...  =================================================================


  Market closed. Next open: 2026-05-08 09:29 EDT (0h 0m)
  Sleeping until market open...
  =================================================================
  =================================================================
  📊 SESSION SUMMARY — 2026-05-08 09:29 EDT
  =================================================================  📊 SESSION SUMMARY — 2026-05-08 09:29 EDT  Price checks run:    0
  Auto-closes today:   0

  =================================================================
  Price checks run:    0
  Auto-closes today:   0
  Open positions:      1
  Total P&L:           $-1,264.00
  Win rate:            14.3%  (1W/6L)
  =================================================================

  Market closed. Next open: 2026-05-08 09:29 EDT (0h 0m)
  Sleeping until market open...

  =================================================================
  📊 SESSION SUMMARY — 2026-05-08 09:29 EDT

=================================================================
  Total P&L:           $-1,264.00
  Auto-closes today:   0

  Win rate:            14.3%  (1W/6L)
  =================================================================

  Market closed. Next open: 2026-05-08 09:29 EDT (0h 0m)
  Sleeping until market open...
  Open positions:      1
  Total P&L:           $-1,264.00
  =================================================================
  Win rate:            14.3%  (1W/6L)
  =================================================================

  Market closed. Next open: 2026-05-08 09:29 EDT (0h 0m)  📊 SESSION SUMMARY — 2026-05-08 09:29 EDT  Sleeping until market open...

  =================================================================
  =================================================================  📊 SESSION SUMMARY — 2026-05-08 09:29 EDT
  =================================================================  Price checks run:    0
  Price checks run:    0
  Auto-closes today:   0
  Auto-closes today:   0
  Open positions:      1
  Total P&L:           $-1,264.00
  Win rate:            14.3%  (1W/6L)
  =================================================================

  Market closed. Next open: 2026-05-08 09:29 EDT (0h 0m)
  Sleeping until market open...  Open positions:      1

  =================================================================
  📊 SESSION SUMMARY — 2026-05-08 09:29 EDT
  =================================================================
  Price checks run:    0
  Auto-closes today:   0

  Total P&L:           $-1,264.00
  Win rate:            14.3%  (1W/6L)
  =================================================================
  Open positions:      1
  Total P&L:           $-1,264.00
  Win rate:            14.3%  (1W/6L)
  Market closed. Next open: 2026-05-08 09:29 EDT (0h 0m)
  =================================================================


  Market closed. Next open: 2026-05-08 09:29 EDT (0h 0m)
  Sleeping until market open...

  =================================================================
  📊 SESSION SUMMARY — 2026-05-08 09:29 EDT
  =================================================================
  Price checks run:    0
  Auto-closes today:   0
  =================================================================
  📊 SESSION SUMMARY — 2026-05-08 09:29 EDT
  Open positions:      1
  Total P&L:           $-1,264.00
  Win rate:            14.3%  (1W/6L)
  =================================================================

  Market closed. Next open: 2026-05-08 09:29 EDT (0h 0m)
  Sleeping until market open...

  =================================================================
  📊 SESSION SUMMARY — 2026-05-08 09:29 EDT
  =================================================================
  Price checks run:    0
  Auto-closes today:   0
  Open positions:      1
  Total P&L:           $-1,264.00
  Win rate:            14.3%  (1W/6L)
  =================================================================

  Market closed. Next open: 2026-05-08 09:29 EDT (0h 0m)
  Sleeping until market open...

  =================================================================
  📊 SESSION SUMMARY — 2026-05-08 09:29 EDT
  =================================================================
  Price checks run:    0
  Auto-closes today:   0
  Open positions:      1
  Total P&L:           $-1,264.00
  Win rate:            14.3%  (1W/6L)
  =================================================================

  Market closed. Next open: 2026-05-08 09:29 EDT (0h 0m)
  Sleeping until market open...

  =================================================================
  📊 SESSION SUMMARY — 2026-05-08 09:29 EDT
  =================================================================
  Price checks run:    0
  Auto-closes today:   0
  Open positions:      1
  Total P&L:           $-1,264.00
  Win rate:            14.3%  (1W/6L)
  =================================================================

  Market closed. Next open: 2026-05-08 09:29 EDT (0h 0m)
  Sleeping until market open...

  =================================================================
  📊 SESSION SUMMARY — 2026-05-08 09:29 EDT
  =================================================================
  Price checks run:    0
  Auto-closes today:   0
  Open positions:      1
  Total P&L:           $-1,264.00
  Win rate:            14.3%  (1W/6L)
  =================================================================

  Market closed. Next open: 2026-05-08 09:29 EDT (0h 0m)
  Sleeping until market open...

  =================================================================
  📊 SESSION SUMMARY — 2026-05-08 09:29 EDT
  =================================================================
  Price checks run:    0
  Auto-closes today:   0
  =================================================================
  Price checks run:    0
  Open positions:      1
  Total P&L:           $-1,264.00
  Win rate:            14.3%  (1W/6L)
  =================================================================

  Market closed. Next open: 2026-05-08 09:29 EDT (0h 0m)
  Sleeping until market open...  Auto-closes today:   0

  =================================================================
  📊 SESSION SUMMARY — 2026-05-08 09:29 EDT
  =================================================================
  Price checks run:    0
  Auto-closes today:   0

  Open positions:      1
  Total P&L:           $-1,264.00
  Win rate:            14.3%  (1W/6L)
  =================================================================

  Market closed. Next open: 2026-05-08 09:29 EDT (0h 0m)
  Open positions:      1open...

  =================================================================
  📊 SESSION SUMMARY — 2026-05-08 09:29 EDT
  =================================================================

Price checks run:    0
  Auto-closes today:   0
  Total P&L:           $-1,264.00
  Win rate:            14.3%  (1W/6L)
  Open positions:      1
  Total P&L:           $-1,264.00
  Win rate:            14.3%  (1W/6L)==============================
  =================================================================


  Market closed. Next open: 2026-05-08 09:29 EDT (0h 0m)
  Sleeping until market open...

  =================================================================
  📊 SESSION SUMMARY — 2026-05-08 09:29 EDT
  =================================================================
  Price checks run:    0
  Market closed. Next open: 2026-05-08 09:29 EDT (0h 0m)  Auto-closes today:   0

  Sleeping until market open...

  =================================================================  Open positions:      1
  Total P&L:           $-1,264.00

Win rate:            14.3%  (1W/6L)
  =================================================================

  Market closed. Next open: 2026-05-08 09:29 EDT (0h 0m)
  Sleeping until market open...  📊 SESSION SUMMARY — 2026-05-08 09:29 EDT

  =================================================================
  📊 SESSION SUMMARY — 2026-05-08 09:29 EDT
  =================================================================
  Price checks run:    0

  Auto-closes today:   0
  Open positions:      1
  Total P&L:           $-1,264.00
  Win rate:            14.3%  (1W/6L)
  =================================================================

  Market closed. Next open: 2026-05-08 09:29 EDT (0h 0m)
  Sleeping until market open...

  =================================================================
  📊 SESSION SUMMARY — 2026-05-08 09:29 EDT
  =================================================================
  Price checks run:    0
  Auto-closes today:   0
  Open positions:      1
  Total P&L:           $-1,264.00
  Win rate:            14.3%  (1W/6L)
  =================================================================

  Market closed. Next open: 2026-05-08 09:29 EDT (0h 0m)
  Sleeping until market open...

  =================================================================
  📊 SESSION SUMMARY — 2026-05-08 09:29 EDT
  =================================================================
  Price checks run:    0
  Auto-closes today:   0
  Open positions:      1
  Total P&L:           $-1,264.00
  Win rate:            14.3%  (1W/6L)
  =================================================================

  Market closed. Next open: 2026-05-08 09:29 EDT (0h 0m)
  Sleeping until market open...

  =================================================================
  📊 SESSION SUMMARY — 2026-05-08 09:29 EDT
  =================================================================
  Price checks run:    0
  Auto-closes today:   0
  =================================================================  Open positions:      1
  Total P&L:           $-1,264.00
  Win rate:            14.3%  (1W/6L)
  =================================================================


  Market closed. Next open: 2026-05-08 09:29 EDT (0h 0m)
  Sleeping until market open...

  =================================================================
  📊 SESSION SUMMARY — 2026-05-08 09:29 EDT
  =================================================================
  Price checks run:    0
  Auto-closes today:   0
  Open positions:      1
  Total P&L:           $-1,264.00
  Win rate:            14.3%  (1W/6L)
  =================================================================

  Market closed. Next open: 2026-05-08 09:29 EDT (0h 0m)
  Sleeping until market open...

  =================================================================
  📊 SESSION SUMMARY — 2026-05-08 09:30 EDT
  =================================================================
  Price checks run:    0
  Auto-closes today:   0
  Open positions:      1
  Total P&L:           $-1,264.00
  Win rate:            14.3%  (1W/6L)
  =================================================================
  Price checks run:    0
  Refreshing auth token...

  Auto-closes today:   0
  Open positions:      1
  Total P&L:           $-1,264.00
  Win rate:            14.3%  (1W/6L)
  =================================================================

  Refreshing auth token...

  ─────────────────────────────────────────────────────────────────
  📡 POSITION CHECK — 09:30:05 EDT
  ─────────────────────────────────────────────────────────────────

  🟢 #7 NFLX260515P00092000  [▶ OPEN]
      Entry: $3.72 │ Bid: $4.05  Mid: $4.53  Ask: $5.00
      P&L: +$80.50 (+21.6%) │ Target: $7.44  Stop: $1.12  DTE: 7d
      💭 Deep ITM put with 0.73 delta and 10 days to expiration offers defined ...
      🌍 SPY +0.00%  QQQ +0.00%  VIX 17.1

  ─────────────────────────────────────────────────────────────────
  📡 POSITION CHECK — 09:30:14 EDT
  ─────────────────────────────────────────────────────────────────

  🟢 #7 NFLX260515P00092000  [▶ OPEN]
      Entry: $3.72 │ Bid: $4.10  Mid: $4.55  Ask: $5.00
      P&L: +$83.00 (+22.3%) │ Target: $7.44  Stop: $1.12  DTE: 7d
      💭 Deep ITM put with 0.73 delta and 10 days to expiration offers defined ...
      🌍 SPY +0.00%  QQQ +0.00%  VIX 17.1

[Session started: 2026-05-08 09:37:07]

=================================================================
  📡 POSITION MONITOR
  Started: 2026-05-08 09:37:07 EDT
  Check interval: every 3 minutes
  Auto-close: TARGET and STOP hits executed automatically
  Press Ctrl+C to stop
=================================================================

  Refreshing auth token...

  ─────────────────────────────────────────────────────────────────
  📡 POSITION CHECK — 09:37:09 EDT
  ─────────────────────────────────────────────────────────────────

  🟢 #7 NFLX260515P00092000  [▶ OPEN]
      Entry: $3.72 │ Bid: $4.25  Mid: $4.42  Ask: $4.60
      P&L: +$70.50 (+18.9%) │ Target: $7.44  Stop: $1.12  DTE: 7d
      💭 Deep ITM put with 0.73 delta and 10 days to expiration offers defined ...
      🌍 SPY +0.00%  QQQ +0.00%  VIX 16.9

  🔴 #10 SPY260511P00745000  [▶ OPEN]
      Entry: $9.88 │ Bid: $9.74  Mid: $9.81  Ask: $9.88
      P&L: $-6.50 (-0.7%) │ Target: $19.75  Stop: $4.94  DTE: 3d
      💭 HIGH SPY put signal — score 8.0, $4.4M premium, 3 DTE, bearish thesis....
      🌍 SPY +0.00%  QQQ +0.00%  VIX 16.9

  ⏳ Next check in 3 minutes...

  ─────────────────────────────────────────────────────────────────
  📡 POSITION CHECK — 09:40:10 EDT
  ─────────────────────────────────────────────────────────────────

  🟢 #7 NFLX260515P00092000  [▶ OPEN]
      Entry: $3.72 │ Bid: $4.40  Mid: $4.55  Ask: $4.70
      P&L: +$83.00 (+22.3%) │ Target: $7.44  Stop: $1.12  DTE: 7d
      💭 Deep ITM put with 0.73 delta and 10 days to expiration offers defined ...
      🌍 SPY +0.00%  QQQ +0.00%  VIX 17.0

  🟢 #10 SPY260511P00745000  [▶ OPEN]
      Entry: $9.88 │ Bid: $10.24  Mid: $10.30  Ask: $10.36
      P&L: +$42.50 (+4.3%) │ Target: $19.75  Stop: $4.94  DTE: 3d
      💭 HIGH SPY put signal — score 8.0, $4.4M premium, 3 DTE, bearish thesis....
      🌍 SPY +0.00%  QQQ +0.00%  VIX 17.0

  🟢 #11 TSLA260511P00425000  [▶ OPEN]
      Entry: $7.83 │ Bid: $7.95  Mid: $8.05  Ask: $8.15
      P&L: +$22.50 (+2.9%) │ Target: $15.65  Stop: $3.91  DTE: 3d
      💭 HIGH TSLA put signal — score 5.62, $1.6M premium, 3 DTE, bearish thesi...
      🌍 SPY +0.00%  QQQ +0.00%  VIX 17.0

  ⏳ Next check in 3 minutes...

  ─────────────────────────────────────────────────────────────────
  📡 POSITION CHECK — 09:43:12 EDT
  ─────────────────────────────────────────────────────────────────

  🟢 #7 NFLX260515P00092000  [▶ OPEN]
      Entry: $3.72 │ Bid: $4.40  Mid: $4.55  Ask: $4.70
      P&L: +$83.00 (+22.3%) │ Target: $7.44  Stop: $1.12  DTE: 7d
      💭 Deep ITM put with 0.73 delta and 10 days to expiration offers defined ...
      🌍 SPY +0.00%  QQQ +0.00%  VIX 16.9

  🟢 #10 SPY260511P00745000  [▶ OPEN]
      Entry: $9.88 │ Bid: $9.81  Mid: $9.88  Ask: $9.94
      P&L: +$0.00 (+0.0%) │ Target: $19.75  Stop: $4.94  DTE: 3d
      💭 HIGH SPY put signal — score 8.0, $4.4M premium, 3 DTE, bearish thesis....
      🌍 SPY +0.00%  QQQ +0.00%  VIX 16.9

  🟢 #11 TSLA260511P00425000  [▶ OPEN]
      Entry: $7.83 │ Bid: $8.15  Mid: $8.25  Ask: $8.35
      P&L: +$42.50 (+5.4%) │ Target: $15.65  Stop: $3.91  DTE: 3d
      💭 HIGH TSLA put signal — score 5.62, $1.6M premium, 3 DTE, bearish thesi...
      🌍 SPY +0.00%  QQQ +0.00%  VIX 16.9

  🟢 #12 TSLA260515C00437500  [▶ OPEN]
      Entry: $4.40 │ Bid: $4.55  Mid: $4.62  Ask: $4.70
      P&L: +$22.50 (+5.1%) │ Target: $8.80  Stop: $1.32  DTE: 7d
      💭 TSLA $437.50 call with 0.30 delta and 46% IV offers defined-risk entry...
      🌍 SPY +0.00%  QQQ +0.00%  VIX 16.9

  ⏳ Next check in 3 minutes...

  ─────────────────────────────────────────────────────────────────
  📡 POSITION CHECK — 09:46:13 EDT
  ─────────────────────────────────────────────────────────────────

  🟢 #7 NFLX260515P00092000  [▶ OPEN]
      Entry: $3.72 │ Bid: $4.40  Mid: $4.58  Ask: $4.75
      P&L: +$85.50 (+23.0%) │ Target: $7.44  Stop: $1.12  DTE: 7d
      💭 Deep ITM put with 0.73 delta and 10 days to expiration offers defined ...
      🌍 SPY +0.00%  QQQ +0.00%  VIX 16.9

  🔴 #10 SPY260511P00745000  [▶ OPEN]
      Entry: $9.88 │ Bid: $9.37  Mid: $9.52  Ask: $9.66
      P&L: $-36.00 (-3.6%) │ Target: $19.75  Stop: $4.94  DTE: 3d
      💭 HIGH SPY put signal — score 8.0, $4.4M premium, 3 DTE, bearish thesis....
      🌍 SPY +0.00%  QQQ +0.00%  VIX 16.9

  🔴 #11 TSLA260511P00425000  [▶ OPEN]
      Entry: $7.83 │ Bid: $6.55  Mid: $6.67  Ask: $6.80
      P&L: $-115.00 (-14.7%) │ Target: $15.65  Stop: $3.91  DTE: 3d
      💭 HIGH TSLA put signal — score 5.62, $1.6M premium, 3 DTE, bearish thesi...
      🌍 SPY +0.00%  QQQ +0.00%  VIX 16.9

  🟢 #12 TSLA260515C00437500  [▶ OPEN]
      Entry: $4.40 │ Bid: $5.40  Mid: $5.47  Ask: $5.55
      P&L: +$107.50 (+24.4%) │ Target: $8.80  Stop: $1.32  DTE: 7d
      💭 OI confirmed overnight 89→4258, institutional conviction bet on TSLA c...
      🌍 SPY +0.00%  QQQ +0.00%  VIX 16.9

  ⏳ Next check in 3 minutes...
