
[Session started: 2026-05-06 06:36:09]

=================================================================
  📡 POSITION MONITOR
  Started: 2026-05-06 06:36:11 EDT
  Check interval: every 3 minutes
  Auto-close: TARGET and STOP hits executed automatically
  Press Ctrl+C to stop
=================================================================

  Market closed. Next open: 2026-05-06 09:29 EDT (2h 53m)
  Sleeping until market open...

  =================================================================
  📊 SESSION SUMMARY — 2026-05-06 06:36 EDT
  =================================================================
  Price checks run:    0
  Auto-closes today:   0
  Open positions:      3
  Total P&L:           +$69,982.00
  Win rate:            20.0%  (1W/4L)
  =================================================================

  Market closed. Next open: 2026-05-06 09:29 EDT (1h 53m)
  Sleeping until market open...

  =================================================================
  📊 SESSION SUMMARY — 2026-05-06 07:36 EDT
  =================================================================
  Price checks run:    0
  Auto-closes today:   0
  Open positions:      3
  Total P&L:           +$69,982.00
  Win rate:            20.0%  (1W/4L)
  =================================================================

  Market closed. Next open: 2026-05-06 09:29 EDT (0h 53m)
  Sleeping until market open...

  =================================================================
  📊 SESSION SUMMARY — 2026-05-06 08:36 EDT
  =================================================================
  Price checks run:    0
  Auto-closes today:   0
  Open positions:      3
  Total P&L:           +$69,982.00
  Win rate:            20.0%  (1W/4L)
  =================================================================

  Market closed. Next open: 2026-05-06 09:29 EDT (0h 0m)
  Sleeping until market open...

  =================================================================
  📊 SESSION SUMMARY — 2026-05-06 09:29 EDT
  =================================================================
  Price checks run:    0
  Auto-closes today:   0
  Open positions:      3
  Total P&L:           +$69,982.00
  Win rate:            20.0%  (1W/4L)
  =================================================================

  Market closed. Next open: 2026-05-06 09:29 EDT (0h 0m)
  Sleeping until market open...

  =================================================================
  📊 SESSION SUMMARY — 2026-05-06 09:29 EDT
  =================================================================
  Price checks run:    0
  Auto-closes today:   0
  Open positions:      3
  Total P&L:           +$69,982.00
  Win rate:            20.0%  (1W/4L)
  =================================================================

  Market closed. Next open: 2026-05-06 09:29 EDT (0h 0m)
  Sleeping until market open...

  =================================================================
  📊 SESSION SUMMARY — 2026-05-06 09:29 EDT
  =================================================================
  Price checks run:    0
  Auto-closes today:   0
  Open positions:      3
  Total P&L:           +$69,982.00
  Win rate:            20.0%  (1W/4L)
  =================================================================

  Market closed. Next open: 2026-05-06 09:29 EDT (0h 0m)
  Sleeping until market open...

  =================================================================
  📊 SESSION SUMMARY — 2026-05-06 09:29 EDT
  =================================================================
  Price checks run:    0
  Auto-closes today:   0
  Open positions:      3
  Total P&L:           +$69,982.00
  Win rate:            20.0%  (1W/4L)
  =================================================================

  Market closed. Next open: 2026-05-06 09:29 EDT (0h 0m)
  Sleeping until market open...

  =================================================================
  📊 SESSION SUMMARY — 2026-05-06 09:29 EDT
  =================================================================
  Price checks run:    0
  Auto-closes today:   0
  Open positions:      3
  Total P&L:           +$69,982.00
  Win rate:            20.0%  (1W/4L)
  =================================================================

  Market closed. Next open: 2026-05-06 09:29 EDT (0h 0m)
  Sleeping until market open...

  =================================================================
  📊 SESSION SUMMARY — 2026-05-06 09:29 EDT
  =================================================================
  Price checks run:    0
  Auto-closes today:   0
  Open positions:      3
  Total P&L:           +$69,982.00
  Win rate:            20.0%  (1W/4L)
  =================================================================

  Market closed. Next open: 2026-05-06 09:29 EDT (0h 0m)
  Sleeping until market open...

  =================================================================
  📊 SESSION SUMMARY — 2026-05-06 09:29 EDT
  =================================================================
  Price checks run:    0
  Auto-closes today:   0
  Open positions:      3
  Total P&L:           +$69,982.00
  Win rate:            20.0%  (1W/4L)
  =================================================================

  Market closed. Next open: 2026-05-06 09:29 EDT (0h 0m)
  Sleeping until market open...

  =================================================================
  📊 SESSION SUMMARY — 2026-05-06 09:29 EDT
  =================================================================
  Price checks run:    0
  Auto-closes today:   0
  Open positions:      3
  Total P&L:           +$69,982.00
  Win rate:            20.0%  (1W/4L)
  =================================================================

  Market closed. Next open: 2026-05-06 09:29 EDT (0h 0m)
  Sleeping until market open...

  =================================================================
  📊 SESSION SUMMARY — 2026-05-06 09:29 EDT
  =================================================================
  Price checks run:    0
  Auto-closes today:   0
  Open positions:      3
  Total P&L:           +$69,982.00
  Win rate:            20.0%  (1W/4L)
  =================================================================

  Market closed. Next open: 2026-05-06 09:29 EDT (0h 0m)
  Sleeping until market open...

  =================================================================
  📊 SESSION SUMMARY — 2026-05-06 09:29 EDT
  =================================================================
  Price checks run:    0
  Auto-closes today:   0
  Open positions:      3
  Total P&L:           +$69,982.00
  Win rate:            20.0%  (1W/4L)
  =================================================================

  Market closed. Next open: 2026-05-06 09:29 EDT (0h 0m)
  Sleeping until market open...

  =================================================================
  📊 SESSION SUMMARY — 2026-05-06 09:29 EDT
  =================================================================
  Price checks run:    0
  Auto-closes today:   0
  Open positions:      3
  Total P&L:           +$69,982.00
  Win rate:            20.0%  (1W/4L)
  =================================================================

  Market closed. Next open: 2026-05-06 09:29 EDT (0h 0m)
  Sleeping until market open...

  =================================================================
  📊 SESSION SUMMARY — 2026-05-06 09:29 EDT
  =================================================================
  Price checks run:    0
  Auto-closes today:   0
  Open positions:      3
  Total P&L:           +$69,982.00
  Win rate:            20.0%  (1W/4L)
  =================================================================

  Market closed. Next open: 2026-05-06 09:29 EDT (0h 0m)
  Sleeping until market open...

  =================================================================
  📊 SESSION SUMMARY — 2026-05-06 09:29 EDT
  =================================================================
  Price checks run:    0
  Auto-closes today:   0
  Open positions:      3
  Total P&L:           +$69,982.00
  Win rate:            20.0%  (1W/4L)
  =================================================================

  Market closed. Next open: 2026-05-06 09:29 EDT (0h 0m)
  Sleeping until market open...

  =================================================================
  📊 SESSION SUMMARY — 2026-05-06 09:29 EDT
  =================================================================
  Price checks run:    0
  Auto-closes today:   0
  Open positions:      3
  Total P&L:           +$69,982.00
  Win rate:            20.0%  (1W/4L)
  =================================================================

  Market closed. Next open: 2026-05-06 09:29 EDT (0h 0m)
  Sleeping until market open...

  =================================================================
  📊 SESSION SUMMARY — 2026-05-06 09:29 EDT
  =================================================================
  Price checks run:    0
  Auto-closes today:   0
  Open positions:      3
  Total P&L:           +$69,982.00
  Win rate:            20.0%  (1W/4L)
  =================================================================

  Market closed. Next open: 2026-05-06 09:29 EDT (0h 0m)
  Sleeping until market open...

  =================================================================
  📊 SESSION SUMMARY — 2026-05-06 09:29 EDT
  =================================================================
  Price checks run:    0
  Auto-closes today:   0
  Open positions:      3
  Total P&L:           +$69,982.00
  Win rate:            20.0%  (1W/4L)
  =================================================================

  Refreshing auth token...

  ─────────────────────────────────────────────────────────────────
  📡 POSITION CHECK — 09:30:02 EDT
  ─────────────────────────────────────────────────────────────────

  🟢 #7  NFLX260515P00092000
     Entry: $3.72  │  Bid: $4.50  Mid: $4.60  Ask: $4.70
     P&L:   +$88.00 (+23.7%)  │  Target: $7.44  Stop: $1.86
     [─────────●───────────]  Stop ←→ Target
     💭 Deep ITM put with 0.73 delta and 10 days to expiration offers defined ...

  🔴 #8  QQQ260508P00675000
     Entry: $2.68  │  Bid: $2.36  Mid: $2.40  Ask: $2.43
     P&L:   $-28.50 (-10.6%)  │  Target: $5.36  Stop: $1.34
     [─────●───────────────]  Stop ←→ Target
     💭 QQQ 675 puts with 3 DTE and 29.7 delta offer defined-risk downside exp...

  🔴 #9  MSFT260513C00420000
     Entry: $3.40  │  Bid: $0.09  Mid: $2.57  Ask: $5.05
     P&L:   $-83.00 (-24.4%)  │  Target: $6.80  Stop: $1.70
     [───●─────────────────]  Stop ←→ Target
     💭 MSFT 420 call with 8 DTE and 0.3189 delta offers defined-risk premium ...

  =================================================================
  🛑 STOP HIT — #9 MSFT260513C00420000
     Entry: $3.40  →  Current: $2.57
     P&L: $-83.00 (-24.4%)
  =================================================================
  ✅ Position auto-closed at STOP

  ⏳ Next check in 3 minutes...

[Session started: 2026-05-06 09:32:24]

=================================================================
  📡 POSITION MONITOR
  Started: 2026-05-06 09:32:24 EDT
  Check interval: every 3 minutes
  Auto-close: TARGET and STOP hits executed automatically
  Press Ctrl+C to stop
=================================================================

  Refreshing auth token...

  ─────────────────────────────────────────────────────────────────
  📡 POSITION CHECK — 09:32:25 EDT
  ─────────────────────────────────────────────────────────────────

  🟢 #7  NFLX260515P00092000
     Entry: $3.72  │  Bid: $4.75  Mid: $5.03  Ask: $5.30
     P&L:   +$130.50 (+35.1%)  │  Target: $7.44  Stop: $1.86
     [───────────●─────────]  Stop ←→ Target
     💭 Deep ITM put with 0.73 delta and 10 days to expiration offers defined ...

  🔴 #8  QQQ260508P00675000
     Entry: $2.68  │  Bid: $1.11  Mid: $1.12  Ask: $1.13
     P&L:   $-156.00 (-58.2%)  │  Target: $5.36  Stop: $1.34
     [●────────────────────]  Stop ←→ Target
     💭 QQQ 675 puts with 3 DTE and 29.7 delta offer defined-risk downside exp...

  =================================================================
  🛑 STOP HIT — #8 QQQ260508P00675000
     Entry: $2.68  →  Current: $1.12
     P&L: $-156.00 (-58.2%)
  =================================================================
  ✅ Position auto-closed at STOP

  ⏳ Next check in 3 minutes...

  ─────────────────────────────────────────────────────────────────
  📡 POSITION CHECK — 09:33:03 EDT
  ─────────────────────────────────────────────────────────────────

  🟢 #7  NFLX260515P00092000
     Entry: $3.72  │  Bid: $4.90  Mid: $5.20  Ask: $5.50
     P&L:   +$148.00 (+39.8%)  │  Target: $7.44  Stop: $1.86
     [───────────●─────────]  Stop ←→ Target
     💭 Deep ITM put with 0.73 delta and 10 days to expiration offers defined ...

  ⏳ Next check in 3 minutes...

  ─────────────────────────────────────────────────────────────────
  📡 POSITION CHECK — 09:35:26 EDT
  ─────────────────────────────────────────────────────────────────

  🟢 #7  NFLX260515P00092000
     Entry: $3.72  │  Bid: $5.30  Mid: $5.42  Ask: $5.55
     P&L:   +$170.50 (+45.8%)  │  Target: $7.44  Stop: $1.86
     [────────────●────────]  Stop ←→ Target
     💭 Deep ITM put with 0.73 delta and 10 days to expiration offers defined ...

  ⏳ Next check in 3 minutes...

  ─────────────────────────────────────────────────────────────────
  📡 POSITION CHECK — 09:36:03 EDT
  ─────────────────────────────────────────────────────────────────

  🟢 #7  NFLX260515P00092000
     Entry: $3.72  │  Bid: $5.20  Mid: $5.38  Ask: $5.55
     P&L:   +$165.50 (+44.5%)  │  Target: $7.44  Stop: $1.86
     [────────────●────────]  Stop ←→ Target
     💭 Deep ITM put with 0.73 delta and 10 days to expiration offers defined ...

  ⏳ Next check in 3 minutes...

  ─────────────────────────────────────────────────────────────────
  📡 POSITION CHECK — 09:38:26 EDT
  ─────────────────────────────────────────────────────────────────

  🟢 #7  NFLX260515P00092000
     Entry: $3.72  │  Bid: $4.85  Mid: $5.00  Ask: $5.15
     P&L:   +$128.00 (+34.4%)  │  Target: $7.44  Stop: $1.86
     [───────────●─────────]  Stop ←→ Target
     💭 Deep ITM put with 0.73 delta and 10 days to expiration offers defined ...

  ⏳ Next check in 3 minutes...

  ─────────────────────────────────────────────────────────────────
  📡 POSITION CHECK — 09:39:04 EDT
  ─────────────────────────────────────────────────────────────────

  🟢 #7  NFLX260515P00092000
     Entry: $3.72  │  Bid: $4.85  Mid: $5.03  Ask: $5.20
     P&L:   +$130.50 (+35.1%)  │  Target: $7.44  Stop: $1.86
     [───────────●─────────]  Stop ←→ Target
     💭 Deep ITM put with 0.73 delta and 10 days to expiration offers defined ...

  ⏳ Next check in 3 minutes...

  ─────────────────────────────────────────────────────────────────
  📡 POSITION CHECK — 09:41:27 EDT
  ─────────────────────────────────────────────────────────────────

  🟢 #7  NFLX260515P00092000
     Entry: $3.72  │  Bid: $4.65  Mid: $4.78  Ask: $4.90
     P&L:   +$105.50 (+28.4%)  │  Target: $7.44  Stop: $1.86
     [──────────●──────────]  Stop ←→ Target
     💭 Deep ITM put with 0.73 delta and 10 days to expiration offers defined ...

  ⏳ Next check in 3 minutes...

  ─────────────────────────────────────────────────────────────────
  📡 POSITION CHECK — 09:42:05 EDT
  ─────────────────────────────────────────────────────────────────

  🟢 #7  NFLX260515P00092000
     Entry: $3.72  │  Bid: $4.60  Mid: $4.75  Ask: $4.90
     P&L:   +$103.00 (+27.7%)  │  Target: $7.44  Stop: $1.86
     [──────────●──────────]  Stop ←→ Target
     💭 Deep ITM put with 0.73 delta and 10 days to expiration offers defined ...

  ⏳ Next check in 3 minutes...

  ─────────────────────────────────────────────────────────────────
  📡 POSITION CHECK — 09:44:27 EDT
  ─────────────────────────────────────────────────────────────────

  🟢 #7  NFLX260515P00092000
     Entry: $3.72  │  Bid: $4.60  Mid: $4.75  Ask: $4.90
     P&L:   +$103.00 (+27.7%)  │  Target: $7.44  Stop: $1.86
     [──────────●──────────]  Stop ←→ Target
     💭 Deep ITM put with 0.73 delta and 10 days to expiration offers defined ...

  ⏳ Next check in 3 minutes...

  ─────────────────────────────────────────────────────────────────
  📡 POSITION CHECK — 09:45:05 EDT
  ─────────────────────────────────────────────────────────────────

  🟢 #7  NFLX260515P00092000
     Entry: $3.72  │  Bid: $4.55  Mid: $4.72  Ask: $4.90
     P&L:   +$100.50 (+27.0%)  │  Target: $7.44  Stop: $1.86
     [──────────●──────────]  Stop ←→ Target
     💭 Deep ITM put with 0.73 delta and 10 days to expiration offers defined ...

  ⏳ Next check in 3 minutes...

  ─────────────────────────────────────────────────────────────────
  📡 POSITION CHECK — 09:47:27 EDT
  ─────────────────────────────────────────────────────────────────

  🟢 #7  NFLX260515P00092000
     Entry: $3.72  │  Bid: $4.50  Mid: $4.62  Ask: $4.75
     P&L:   +$90.50 (+24.3%)  │  Target: $7.44  Stop: $1.86
     [─────────●───────────]  Stop ←→ Target
     💭 Deep ITM put with 0.73 delta and 10 days to expiration offers defined ...

  ⏳ Next check in 3 minutes...

  ─────────────────────────────────────────────────────────────────
  📡 POSITION CHECK — 09:48:06 EDT
  ─────────────────────────────────────────────────────────────────

  🟢 #7  NFLX260515P00092000
     Entry: $3.72  │  Bid: $4.50  Mid: $4.62  Ask: $4.75
     P&L:   +$90.50 (+24.3%)  │  Target: $7.44  Stop: $1.86
     [─────────●───────────]  Stop ←→ Target
     💭 Deep ITM put with 0.73 delta and 10 days to expiration offers defined ...

  ⏳ Next check in 3 minutes...

  ─────────────────────────────────────────────────────────────────
  📡 POSITION CHECK — 09:50:28 EDT
  ─────────────────────────────────────────────────────────────────

  🟢 #7  NFLX260515P00092000
     Entry: $3.72  │  Bid: $4.50  Mid: $4.60  Ask: $4.70
     P&L:   +$88.00 (+23.7%)  │  Target: $7.44  Stop: $1.86
     [─────────●───────────]  Stop ←→ Target
     💭 Deep ITM put with 0.73 delta and 10 days to expiration offers defined ...

  ⏳ Next check in 3 minutes...

  ─────────────────────────────────────────────────────────────────
  📡 POSITION CHECK — 09:51:06 EDT
  ─────────────────────────────────────────────────────────────────

  🟢 #7  NFLX260515P00092000
     Entry: $3.72  │  Bid: $4.55  Mid: $4.67  Ask: $4.80
     P&L:   +$95.50 (+25.7%)  │  Target: $7.44  Stop: $1.86
     [──────────●──────────]  Stop ←→ Target
     💭 Deep ITM put with 0.73 delta and 10 days to expiration offers defined ...

  ⏳ Next check in 3 minutes...

  ─────────────────────────────────────────────────────────────────
  📡 POSITION CHECK — 09:53:28 EDT
  ─────────────────────────────────────────────────────────────────

  🟢 #7  NFLX260515P00092000
     Entry: $3.72  │  Bid: $4.70  Mid: $4.83  Ask: $4.95
     P&L:   +$110.50 (+29.7%)  │  Target: $7.44  Stop: $1.86
     [──────────●──────────]  Stop ←→ Target
     💭 Deep ITM put with 0.73 delta and 10 days to expiration offers defined ...

  ⏳ Next check in 3 minutes...

  ─────────────────────────────────────────────────────────────────
  📡 POSITION CHECK — 09:54:07 EDT
  ─────────────────────────────────────────────────────────────────

  🟢 #7  NFLX260515P00092000
     Entry: $3.72  │  Bid: $4.70  Mid: $4.83  Ask: $4.95
     P&L:   +$110.50 (+29.7%)  │  Target: $7.44  Stop: $1.86
     [──────────●──────────]  Stop ←→ Target
     💭 Deep ITM put with 0.73 delta and 10 days to expiration offers defined ...

  ⏳ Next check in 3 minutes...

  ─────────────────────────────────────────────────────────────────
  📡 POSITION CHECK — 09:56:29 EDT
  ─────────────────────────────────────────────────────────────────

  🟢 #7  NFLX260515P00092000
     Entry: $3.72  │  Bid: $4.70  Mid: $4.85  Ask: $5.00
     P&L:   +$113.00 (+30.4%)  │  Target: $7.44  Stop: $1.86
     [──────────●──────────]  Stop ←→ Target
     💭 Deep ITM put with 0.73 delta and 10 days to expiration offers defined ...

  ⏳ Next check in 3 minutes...

  ─────────────────────────────────────────────────────────────────
  📡 POSITION CHECK — 09:57:07 EDT
  ─────────────────────────────────────────────────────────────────

  🟢 #7  NFLX260515P00092000
     Entry: $3.72  │  Bid: $4.70  Mid: $4.85  Ask: $5.00
     P&L:   +$113.00 (+30.4%)  │  Target: $7.44  Stop: $1.86
     [──────────●──────────]  Stop ←→ Target
     💭 Deep ITM put with 0.73 delta and 10 days to expiration offers defined ...

  ⏳ Next check in 3 minutes...

  ─────────────────────────────────────────────────────────────────
  📡 POSITION CHECK — 09:59:29 EDT
  ─────────────────────────────────────────────────────────────────

  🟢 #7  NFLX260515P00092000
     Entry: $3.72  │  Bid: $4.85  Mid: $4.97  Ask: $5.10
     P&L:   +$125.50 (+33.7%)  │  Target: $7.44  Stop: $1.86
     [───────────●─────────]  Stop ←→ Target
     💭 Deep ITM put with 0.73 delta and 10 days to expiration offers defined ...

  ⏳ Next check in 3 minutes...

  ─────────────────────────────────────────────────────────────────
  📡 POSITION CHECK — 10:00:08 EDT
  ─────────────────────────────────────────────────────────────────

  🟢 #7  NFLX260515P00092000
     Entry: $3.72  │  Bid: $4.85  Mid: $4.97  Ask: $5.10
     P&L:   +$125.50 (+33.7%)  │  Target: $7.44  Stop: $1.86
     [───────────●─────────]  Stop ←→ Target
     💭 Deep ITM put with 0.73 delta and 10 days to expiration offers defined ...

  ⏳ Next check in 3 minutes...

  ─────────────────────────────────────────────────────────────────
  📡 POSITION CHECK — 10:02:30 EDT
  ─────────────────────────────────────────────────────────────────

  🟢 #7  NFLX260515P00092000
     Entry: $3.72  │  Bid: $4.70  Mid: $4.88  Ask: $5.05
     P&L:   +$115.50 (+31.1%)  │  Target: $7.44  Stop: $1.86
     [──────────●──────────]  Stop ←→ Target
     💭 Deep ITM put with 0.73 delta and 10 days to expiration offers defined ...

  ⏳ Next check in 3 minutes...

  ─────────────────────────────────────────────────────────────────
  📡 POSITION CHECK — 10:03:09 EDT
  ─────────────────────────────────────────────────────────────────

  🟢 #7  NFLX260515P00092000
     Entry: $3.72  │  Bid: $4.75  Mid: $4.90  Ask: $5.05
     P&L:   +$118.00 (+31.7%)  │  Target: $7.44  Stop: $1.86
     [──────────●──────────]  Stop ←→ Target
     💭 Deep ITM put with 0.73 delta and 10 days to expiration offers defined ...

  ⏳ Next check in 3 minutes...

  ─────────────────────────────────────────────────────────────────
  📡 POSITION CHECK — 10:05:30 EDT
  ─────────────────────────────────────────────────────────────────

  🟢 #7  NFLX260515P00092000
     Entry: $3.72  │  Bid: $4.60  Mid: $4.80  Ask: $5.00
     P&L:   +$108.00 (+29.0%)  │  Target: $7.44  Stop: $1.86
     [──────────●──────────]  Stop ←→ Target
     💭 Deep ITM put with 0.73 delta and 10 days to expiration offers defined ...

  ⏳ Next check in 3 minutes...

  ─────────────────────────────────────────────────────────────────
  📡 POSITION CHECK — 10:06:09 EDT
  ─────────────────────────────────────────────────────────────────

  🟢 #7  NFLX260515P00092000
     Entry: $3.72  │  Bid: $4.60  Mid: $4.78  Ask: $4.95
     P&L:   +$105.50 (+28.4%)  │  Target: $7.44  Stop: $1.86
     [──────────●──────────]  Stop ←→ Target
     💭 Deep ITM put with 0.73 delta and 10 days to expiration offers defined ...

  ⏳ Next check in 3 minutes...

  ─────────────────────────────────────────────────────────────────
  📡 POSITION CHECK — 10:08:30 EDT
  ─────────────────────────────────────────────────────────────────

  🟢 #7  NFLX260515P00092000
     Entry: $3.72  │  Bid: $4.55  Mid: $4.75  Ask: $4.95
     P&L:   +$103.00 (+27.7%)  │  Target: $7.44  Stop: $1.86
     [──────────●──────────]  Stop ←→ Target
     💭 Deep ITM put with 0.73 delta and 10 days to expiration offers defined ...

  ⏳ Next check in 3 minutes...

  ─────────────────────────────────────────────────────────────────
  📡 POSITION CHECK — 10:09:10 EDT
  ─────────────────────────────────────────────────────────────────

  🟢 #7  NFLX260515P00092000
     Entry: $3.72  │  Bid: $4.55  Mid: $4.75  Ask: $4.95
     P&L:   +$103.00 (+27.7%)  │  Target: $7.44  Stop: $1.86
     [──────────●──────────]  Stop ←→ Target
     💭 Deep ITM put with 0.73 delta and 10 days to expiration offers defined ...

  ⏳ Next check in 3 minutes...

  ─────────────────────────────────────────────────────────────────
  📡 POSITION CHECK — 10:11:31 EDT
  ─────────────────────────────────────────────────────────────────

  🟢 #7  NFLX260515P00092000
     Entry: $3.72  │  Bid: $4.60  Mid: $4.78  Ask: $4.95
     P&L:   +$105.50 (+28.4%)  │  Target: $7.44  Stop: $1.86
     [──────────●──────────]  Stop ←→ Target
     💭 Deep ITM put with 0.73 delta and 10 days to expiration offers defined ...

  ⏳ Next check in 3 minutes...

  ─────────────────────────────────────────────────────────────────
  📡 POSITION CHECK — 10:12:10 EDT
  ─────────────────────────────────────────────────────────────────

  🟢 #7  NFLX260515P00092000
     Entry: $3.72  │  Bid: $4.55  Mid: $4.75  Ask: $4.95
     P&L:   +$103.00 (+27.7%)  │  Target: $7.44  Stop: $1.86
     [──────────●──────────]  Stop ←→ Target
     💭 Deep ITM put with 0.73 delta and 10 days to expiration offers defined ...

  ⏳ Next check in 3 minutes...

  ─────────────────────────────────────────────────────────────────
  📡 POSITION CHECK — 10:14:31 EDT
  ─────────────────────────────────────────────────────────────────

  🟢 #7  NFLX260515P00092000
     Entry: $3.72  │  Bid: $4.55  Mid: $4.75  Ask: $4.95
     P&L:   +$103.00 (+27.7%)  │  Target: $7.44  Stop: $1.86
     [──────────●──────────]  Stop ←→ Target
     💭 Deep ITM put with 0.73 delta and 10 days to expiration offers defined ...

  ⏳ Next check in 3 minutes...

  ─────────────────────────────────────────────────────────────────
  📡 POSITION CHECK — 10:15:11 EDT
  ─────────────────────────────────────────────────────────────────

  🟢 #7  NFLX260515P00092000
     Entry: $3.72  │  Bid: $4.60  Mid: $4.78  Ask: $4.95
     P&L:   +$105.50 (+28.4%)  │  Target: $7.44  Stop: $1.86
     [──────────●──────────]  Stop ←→ Target
     💭 Deep ITM put with 0.73 delta and 10 days to expiration offers defined ...

  ⏳ Next check in 3 minutes...

  ─────────────────────────────────────────────────────────────────
  📡 POSITION CHECK — 10:17:32 EDT
  ─────────────────────────────────────────────────────────────────

  🟢 #7  NFLX260515P00092000
     Entry: $3.72  │  Bid: $4.55  Mid: $4.67  Ask: $4.80
     P&L:   +$95.50 (+25.7%)  │  Target: $7.44  Stop: $1.86
     [──────────●──────────]  Stop ←→ Target
     💭 Deep ITM put with 0.73 delta and 10 days to expiration offers defined ...

  ⏳ Next check in 3 minutes...

  ─────────────────────────────────────────────────────────────────
  📡 POSITION CHECK — 10:18:11 EDT
  ─────────────────────────────────────────────────────────────────

  🟢 #7  NFLX260515P00092000
     Entry: $3.72  │  Bid: $4.50  Mid: $4.58  Ask: $4.65
     P&L:   +$85.50 (+23.0%)  │  Target: $7.44  Stop: $1.86
     [─────────●───────────]  Stop ←→ Target
     💭 Deep ITM put with 0.73 delta and 10 days to expiration offers defined ...

  ⏳ Next check in 3 minutes...

  ─────────────────────────────────────────────────────────────────
  📡 POSITION CHECK — 10:20:32 EDT
  ─────────────────────────────────────────────────────────────────

  🟢 #7  NFLX260515P00092000
     Entry: $3.72  │  Bid: $4.20  Mid: $4.28  Ask: $4.35
     P&L:   +$55.50 (+14.9%)  │  Target: $7.44  Stop: $1.86
     [────────●────────────]  Stop ←→ Target
     💭 Deep ITM put with 0.73 delta and 10 days to expiration offers defined ...

  ⏳ Next check in 3 minutes...

  ─────────────────────────────────────────────────────────────────
  📡 POSITION CHECK — 10:21:13 EDT
  ─────────────────────────────────────────────────────────────────

  🟢 #7  NFLX260515P00092000
     Entry: $3.72  │  Bid: $4.15  Mid: $4.22  Ask: $4.30
     P&L:   +$50.50 (+13.6%)  │  Target: $7.44  Stop: $1.86
     [────────●────────────]  Stop ←→ Target
     💭 Deep ITM put with 0.73 delta and 10 days to expiration offers defined ...

  ⏳ Next check in 3 minutes...

  ─────────────────────────────────────────────────────────────────
  📡 POSITION CHECK — 10:23:33 EDT
  ─────────────────────────────────────────────────────────────────

  🟢 #7  NFLX260515P00092000
     Entry: $3.72  │  Bid: $4.05  Mid: $4.15  Ask: $4.25
     P&L:   +$43.00 (+11.6%)  │  Target: $7.44  Stop: $1.86
     [────────●────────────]  Stop ←→ Target
     💭 Deep ITM put with 0.73 delta and 10 days to expiration offers defined ...

  ⏳ Next check in 3 minutes...

  ─────────────────────────────────────────────────────────────────
  📡 POSITION CHECK — 10:24:13 EDT
  ─────────────────────────────────────────────────────────────────

  🟢 #7  NFLX260515P00092000
     Entry: $3.72  │  Bid: $4.05  Mid: $4.15  Ask: $4.25
     P&L:   +$43.00 (+11.6%)  │  Target: $7.44  Stop: $1.86
     [────────●────────────]  Stop ←→ Target
     💭 Deep ITM put with 0.73 delta and 10 days to expiration offers defined ...

  ⏳ Next check in 3 minutes...

  ─────────────────────────────────────────────────────────────────
  📡 POSITION CHECK — 10:26:33 EDT
  ─────────────────────────────────────────────────────────────────

  🟢 #7  NFLX260515P00092000
     Entry: $3.72  │  Bid: $4.00  Mid: $4.12  Ask: $4.25
     P&L:   +$40.50 (+10.9%)  │  Target: $7.44  Stop: $1.86
     [────────●────────────]  Stop ←→ Target
     💭 Deep ITM put with 0.73 delta and 10 days to expiration offers defined ...

  ⏳ Next check in 3 minutes...

  Refreshing auth token...

  ─────────────────────────────────────────────────────────────────
  📡 POSITION CHECK — 10:27:15 EDT
  ─────────────────────────────────────────────────────────────────

  🟢 #7  NFLX260515P00092000
     Entry: $3.72  │  Bid: $4.00  Mid: $4.12  Ask: $4.25
     P&L:   +$40.50 (+10.9%)  │  Target: $7.44  Stop: $1.86
     [────────●────────────]  Stop ←→ Target
     💭 Deep ITM put with 0.73 delta and 10 days to expiration offers defined ...

  ⏳ Next check in 3 minutes...

  Refreshing auth token...

  ─────────────────────────────────────────────────────────────────
  📡 POSITION CHECK — 10:29:35 EDT
  ─────────────────────────────────────────────────────────────────

  🟢 #7  NFLX260515P00092000
     Entry: $3.72  │  Bid: $4.10  Mid: $4.22  Ask: $4.35
     P&L:   +$50.50 (+13.6%)  │  Target: $7.44  Stop: $1.86
     [────────●────────────]  Stop ←→ Target
     💭 Deep ITM put with 0.73 delta and 10 days to expiration offers defined ...

  ⏳ Next check in 3 minutes...

  ─────────────────────────────────────────────────────────────────
  📡 POSITION CHECK — 10:30:16 EDT
  ─────────────────────────────────────────────────────────────────

  🟢 #7  NFLX260515P00092000
     Entry: $3.72  │  Bid: $4.05  Mid: $4.15  Ask: $4.25
     P&L:   +$43.00 (+11.6%)  │  Target: $7.44  Stop: $1.86
     [────────●────────────]  Stop ←→ Target
     💭 Deep ITM put with 0.73 delta and 10 days to expiration offers defined ...

  ⏳ Next check in 3 minutes...

  ─────────────────────────────────────────────────────────────────
  📡 POSITION CHECK — 10:32:35 EDT
  ─────────────────────────────────────────────────────────────────

  🟢 #7  NFLX260515P00092000
     Entry: $3.72  │  Bid: $4.00  Mid: $4.08  Ask: $4.15
     P&L:   +$35.50 (+9.5%)  │  Target: $7.44  Stop: $1.86
     [───────●─────────────]  Stop ←→ Target
     💭 Deep ITM put with 0.73 delta and 10 days to expiration offers defined ...

  ⏳ Next check in 3 minutes...

  ─────────────────────────────────────────────────────────────────
  📡 POSITION CHECK — 10:33:16 EDT
  ─────────────────────────────────────────────────────────────────

  🟢 #7  NFLX260515P00092000
     Entry: $3.72  │  Bid: $3.95  Mid: $4.05  Ask: $4.15
     P&L:   +$33.00 (+8.9%)  │  Target: $7.44  Stop: $1.86
     [───────●─────────────]  Stop ←→ Target
     💭 Deep ITM put with 0.73 delta and 10 days to expiration offers defined ...

  ⏳ Next check in 3 minutes...

  ─────────────────────────────────────────────────────────────────
  📡 POSITION CHECK — 10:35:36 EDT
  ─────────────────────────────────────────────────────────────────

  🟢 #7  NFLX260515P00092000
     Entry: $3.72  │  Bid: $4.05  Mid: $4.15  Ask: $4.25
     P&L:   +$43.00 (+11.6%)  │  Target: $7.44  Stop: $1.86
     [────────●────────────]  Stop ←→ Target
     💭 Deep ITM put with 0.73 delta and 10 days to expiration offers defined ...

  ⏳ Next check in 3 minutes...

  ─────────────────────────────────────────────────────────────────
  📡 POSITION CHECK — 10:36:17 EDT
  ─────────────────────────────────────────────────────────────────

  🟢 #7  NFLX260515P00092000
     Entry: $3.72  │  Bid: $4.05  Mid: $4.15  Ask: $4.25
     P&L:   +$43.00 (+11.6%)  │  Target: $7.44  Stop: $1.86
     [────────●────────────]  Stop ←→ Target
     💭 Deep ITM put with 0.73 delta and 10 days to expiration offers defined ...

  ⏳ Next check in 3 minutes...

  ─────────────────────────────────────────────────────────────────
  📡 POSITION CHECK — 10:38:36 EDT
  ─────────────────────────────────────────────────────────────────

  🟢 #7  NFLX260515P00092000
     Entry: $3.72  │  Bid: $4.05  Mid: $4.20  Ask: $4.35
     P&L:   +$48.00 (+12.9%)  │  Target: $7.44  Stop: $1.86
     [────────●────────────]  Stop ←→ Target
     💭 Deep ITM put with 0.73 delta and 10 days to expiration offers defined ...

  ⏳ Next check in 3 minutes...
  ✗ Price fetch error: HTTPSConnectionPool(host='api.public.com', port=443): Max retries exceeded with url: /userapigateway/marketdata/5LT39200/quotes (Caused by ConnectTimeoutError(<HTTPSConnection(host='api.public.com', port=443) at 0x248a20d66c0>, 'Connection to api.public.com timed out. (connect timeout=None)'))

  ─────────────────────────────────────────────────────────────────
  📡 POSITION CHECK — 10:40:42 EDT
  ─────────────────────────────────────────────────────────────────

  ⚠️  #7 NFLX260515P00092000
     Price unavailable — skipping this cycle

  ⏳ Next check in 3 minutes...
  ✗ Price fetch error: HTTPSConnectionPool(host='api.public.com', port=443): Max retries exceeded with url: /userapigateway/marketdata/5LT39200/quotes (Caused by NameResolutionError("HTTPSConnection(host='api.public.com', port=443): Failed to resolve 'api.public.com' ([Errno 11001] getaddrinfo failed)"))

  ─────────────────────────────────────────────────────────────────
  📡 POSITION CHECK — 10:41:36 EDT
  ─────────────────────────────────────────────────────────────────

  ⚠️  #7 NFLX260515P00092000
     Price unavailable — skipping this cycle

  ⏳ Next check in 3 minutes...
  ✗ Price fetch error: HTTPSConnectionPool(host='api.public.com', port=443): Max retries exceeded with url: /userapigateway/marketdata/5LT39200/quotes (Caused by NameResolutionError("HTTPSConnection(host='api.public.com', port=443): Failed to resolve 'api.public.com' ([Errno 11001] getaddrinfo failed)"))

  ─────────────────────────────────────────────────────────────────
  📡 POSITION CHECK — 10:43:53 EDT
  ─────────────────────────────────────────────────────────────────

  ⚠️  #7 NFLX260515P00092000
     Price unavailable — skipping this cycle

  ⏳ Next check in 3 minutes...
  ✗ Price fetch error: HTTPSConnectionPool(host='api.public.com', port=443): Max retries exceeded with url: /userapigateway/marketdata/5LT39200/quotes (Caused by NameResolutionError("HTTPSConnection(host='api.public.com', port=443): Failed to resolve 'api.public.com' ([Errno 11001] getaddrinfo failed)"))

  ─────────────────────────────────────────────────────────────────
  📡 POSITION CHECK — 10:44:47 EDT
  ─────────────────────────────────────────────────────────────────

  ⚠️  #7 NFLX260515P00092000
     Price unavailable — skipping this cycle

  ⏳ Next check in 3 minutes...

  ─────────────────────────────────────────────────────────────────
  📡 POSITION CHECK — 10:46:57 EDT
  ─────────────────────────────────────────────────────────────────

  🟢 #7  NFLX260515P00092000
     Entry: $3.72  │  Bid: $4.10  Mid: $4.25  Ask: $4.40
     P&L:   +$53.00 (+14.2%)  │  Target: $7.44  Stop: $1.86
     [────────●────────────]  Stop ←→ Target
     💭 Deep ITM put with 0.73 delta and 10 days to expiration offers defined ...

  ⏳ Next check in 3 minutes...
  ✗ Price fetch error: HTTPSConnectionPool(host='api.public.com', port=443): Max retries exceeded with url: /userapigateway/marketdata/5LT39200/quotes (Caused by ConnectTimeoutError(<HTTPSConnection(host='api.public.com', port=443) at 0x263fd0eb080>, 'Connection to api.public.com timed out. (connect timeout=None)'))

  ─────────────────────────────────────────────────────────────────
  📡 POSITION CHECK — 10:49:11 EDT
  ─────────────────────────────────────────────────────────────────

  ⚠️  #7 NFLX260515P00092000
     Price unavailable — skipping this cycle

  ⏳ Next check in 3 minutes...

  ─────────────────────────────────────────────────────────────────
  📡 POSITION CHECK — 10:49:57 EDT
  ─────────────────────────────────────────────────────────────────

  🟢 #7  NFLX260515P00092000
     Entry: $3.72  │  Bid: $4.20  Mid: $4.38  Ask: $4.55
     P&L:   +$65.50 (+17.6%)  │  Target: $7.44  Stop: $1.86
     [─────────●───────────]  Stop ←→ Target
     💭 Deep ITM put with 0.73 delta and 10 days to expiration offers defined ...

  ⏳ Next check in 3 minutes...

  ─────────────────────────────────────────────────────────────────
  📡 POSITION CHECK — 10:52:12 EDT
  ─────────────────────────────────────────────────────────────────

  🟢 #7  NFLX260515P00092000
     Entry: $3.72  │  Bid: $4.20  Mid: $4.38  Ask: $4.55
     P&L:   +$65.50 (+17.6%)  │  Target: $7.44  Stop: $1.86
     [─────────●───────────]  Stop ←→ Target
     💭 Deep ITM put with 0.73 delta and 10 days to expiration offers defined ...

  ⏳ Next check in 3 minutes...

  ─────────────────────────────────────────────────────────────────
  📡 POSITION CHECK — 10:52:58 EDT
  ─────────────────────────────────────────────────────────────────

  🟢 #7  NFLX260515P00092000
     Entry: $3.72  │  Bid: $4.20  Mid: $4.38  Ask: $4.55
     P&L:   +$65.50 (+17.6%)  │  Target: $7.44  Stop: $1.86
     [─────────●───────────]  Stop ←→ Target
     💭 Deep ITM put with 0.73 delta and 10 days to expiration offers defined ...

  ⏳ Next check in 3 minutes...

  ─────────────────────────────────────────────────────────────────
  📡 POSITION CHECK — 10:55:12 EDT
  ─────────────────────────────────────────────────────────────────

  🟢 #7  NFLX260515P00092000
     Entry: $3.72  │  Bid: $4.20  Mid: $4.38  Ask: $4.55
     P&L:   +$65.50 (+17.6%)  │  Target: $7.44  Stop: $1.86
     [─────────●───────────]  Stop ←→ Target
     💭 Deep ITM put with 0.73 delta and 10 days to expiration offers defined ...

  ⏳ Next check in 3 minutes...

  ─────────────────────────────────────────────────────────────────
  📡 POSITION CHECK — 10:55:59 EDT
  ─────────────────────────────────────────────────────────────────

  🟢 #7  NFLX260515P00092000
     Entry: $3.72  │  Bid: $4.25  Mid: $4.38  Ask: $4.50
     P&L:   +$65.50 (+17.6%)  │  Target: $7.44  Stop: $1.86
     [─────────●───────────]  Stop ←→ Target
     💭 Deep ITM put with 0.73 delta and 10 days to expiration offers defined ...

  ⏳ Next check in 3 minutes...

  ─────────────────────────────────────────────────────────────────
  📡 POSITION CHECK — 10:58:13 EDT
  ─────────────────────────────────────────────────────────────────

  🟢 #7  NFLX260515P00092000
     Entry: $3.72  │  Bid: $4.25  Mid: $4.38  Ask: $4.50
     P&L:   +$65.50 (+17.6%)  │  Target: $7.44  Stop: $1.86
     [─────────●───────────]  Stop ←→ Target
     💭 Deep ITM put with 0.73 delta and 10 days to expiration offers defined ...

  ⏳ Next check in 3 minutes...

  ─────────────────────────────────────────────────────────────────
  📡 POSITION CHECK — 10:58:59 EDT
  ─────────────────────────────────────────────────────────────────

  🟢 #7  NFLX260515P00092000
     Entry: $3.72  │  Bid: $4.25  Mid: $4.38  Ask: $4.50
     P&L:   +$65.50 (+17.6%)  │  Target: $7.44  Stop: $1.86
     [─────────●───────────]  Stop ←→ Target
     💭 Deep ITM put with 0.73 delta and 10 days to expiration offers defined ...

  ⏳ Next check in 3 minutes...

  ─────────────────────────────────────────────────────────────────
  📡 POSITION CHECK — 11:01:13 EDT
  ─────────────────────────────────────────────────────────────────

  🟢 #7  NFLX260515P00092000
     Entry: $3.72  │  Bid: $4.20  Mid: $4.35  Ask: $4.50
     P&L:   +$63.00 (+16.9%)  │  Target: $7.44  Stop: $1.86
     [────────●────────────]  Stop ←→ Target
     💭 Deep ITM put with 0.73 delta and 10 days to expiration offers defined ...

  ⏳ Next check in 3 minutes...

  ─────────────────────────────────────────────────────────────────
  📡 POSITION CHECK — 11:02:00 EDT
  ─────────────────────────────────────────────────────────────────

  🟢 #7  NFLX260515P00092000
     Entry: $3.72  │  Bid: $4.20  Mid: $4.35  Ask: $4.50
     P&L:   +$63.00 (+16.9%)  │  Target: $7.44  Stop: $1.86
     [────────●────────────]  Stop ←→ Target
     💭 Deep ITM put with 0.73 delta and 10 days to expiration offers defined ...

  ⏳ Next check in 3 minutes...

  ─────────────────────────────────────────────────────────────────
  📡 POSITION CHECK — 11:04:13 EDT
  ─────────────────────────────────────────────────────────────────

  🟢 #7  NFLX260515P00092000
     Entry: $3.72  │  Bid: $4.30  Mid: $4.35  Ask: $4.40
     P&L:   +$63.00 (+16.9%)  │  Target: $7.44  Stop: $1.86
     [────────●────────────]  Stop ←→ Target
     💭 Deep ITM put with 0.73 delta and 10 days to expiration offers defined ...

  ⏳ Next check in 3 minutes...

  ─────────────────────────────────────────────────────────────────
  📡 POSITION CHECK — 11:05:01 EDT
  ─────────────────────────────────────────────────────────────────

  🟢 #7  NFLX260515P00092000
     Entry: $3.72  │  Bid: $4.25  Mid: $4.35  Ask: $4.45
     P&L:   +$63.00 (+16.9%)  │  Target: $7.44  Stop: $1.86
     [────────●────────────]  Stop ←→ Target
     💭 Deep ITM put with 0.73 delta and 10 days to expiration offers defined ...

  ⏳ Next check in 3 minutes...

  ─────────────────────────────────────────────────────────────────
  📡 POSITION CHECK — 11:07:14 EDT
  ─────────────────────────────────────────────────────────────────

  🟢 #7  NFLX260515P00092000
     Entry: $3.72  │  Bid: $4.25  Mid: $4.35  Ask: $4.45
     P&L:   +$63.00 (+16.9%)  │  Target: $7.44  Stop: $1.86
     [────────●────────────]  Stop ←→ Target
     💭 Deep ITM put with 0.73 delta and 10 days to expiration offers defined ...

  ⏳ Next check in 3 minutes...

  ─────────────────────────────────────────────────────────────────
  📡 POSITION CHECK — 11:08:01 EDT
  ─────────────────────────────────────────────────────────────────

  🟢 #7  NFLX260515P00092000
     Entry: $3.72  │  Bid: $4.25  Mid: $4.35  Ask: $4.45
     P&L:   +$63.00 (+16.9%)  │  Target: $7.44  Stop: $1.86
     [────────●────────────]  Stop ←→ Target
     💭 Deep ITM put with 0.73 delta and 10 days to expiration offers defined ...

  ⏳ Next check in 3 minutes...

  ─────────────────────────────────────────────────────────────────
  📡 POSITION CHECK — 11:10:14 EDT
  ─────────────────────────────────────────────────────────────────

  🟢 #7  NFLX260515P00092000
     Entry: $3.72  │  Bid: $4.35  Mid: $4.42  Ask: $4.50
     P&L:   +$70.50 (+18.9%)  │  Target: $7.44  Stop: $1.86
     [─────────●───────────]  Stop ←→ Target
     💭 Deep ITM put with 0.73 delta and 10 days to expiration offers defined ...

  ⏳ Next check in 3 minutes...

  ─────────────────────────────────────────────────────────────────
  📡 POSITION CHECK — 11:11:02 EDT
  ─────────────────────────────────────────────────────────────────

  🟢 #7  NFLX260515P00092000
     Entry: $3.72  │  Bid: $4.35  Mid: $4.45  Ask: $4.55
     P&L:   +$73.00 (+19.6%)  │  Target: $7.44  Stop: $1.86
     [─────────●───────────]  Stop ←→ Target
     💭 Deep ITM put with 0.73 delta and 10 days to expiration offers defined ...

  ⏳ Next check in 3 minutes...

  ─────────────────────────────────────────────────────────────────
  📡 POSITION CHECK — 11:13:15 EDT
  ─────────────────────────────────────────────────────────────────

  🟢 #7  NFLX260515P00092000
     Entry: $3.72  │  Bid: $4.35  Mid: $4.47  Ask: $4.60
     P&L:   +$75.50 (+20.3%)  │  Target: $7.44  Stop: $1.86
     [─────────●───────────]  Stop ←→ Target
     💭 Deep ITM put with 0.73 delta and 10 days to expiration offers defined ...

  ⏳ Next check in 3 minutes...

  ─────────────────────────────────────────────────────────────────
  📡 POSITION CHECK — 11:14:02 EDT
  ─────────────────────────────────────────────────────────────────

  🟢 #7  NFLX260515P00092000
     Entry: $3.72  │  Bid: $4.35  Mid: $4.50  Ask: $4.65
     P&L:   +$78.00 (+21.0%)  │  Target: $7.44  Stop: $1.86
     [─────────●───────────]  Stop ←→ Target
     💭 Deep ITM put with 0.73 delta and 10 days to expiration offers defined ...

  ⏳ Next check in 3 minutes...

  ─────────────────────────────────────────────────────────────────
  📡 POSITION CHECK — 11:16:15 EDT
  ─────────────────────────────────────────────────────────────────

  🟢 #7  NFLX260515P00092000
     Entry: $3.72  │  Bid: $4.35  Mid: $4.50  Ask: $4.65
     P&L:   +$78.00 (+21.0%)  │  Target: $7.44  Stop: $1.86
     [─────────●───────────]  Stop ←→ Target
     💭 Deep ITM put with 0.73 delta and 10 days to expiration offers defined ...

  ⏳ Next check in 3 minutes...

  ─────────────────────────────────────────────────────────────────
  📡 POSITION CHECK — 11:17:03 EDT
  ─────────────────────────────────────────────────────────────────

  🟢 #7  NFLX260515P00092000
     Entry: $3.72  │  Bid: $4.35  Mid: $4.50  Ask: $4.65
     P&L:   +$78.00 (+21.0%)  │  Target: $7.44  Stop: $1.86
     [─────────●───────────]  Stop ←→ Target
     💭 Deep ITM put with 0.73 delta and 10 days to expiration offers defined ...

  ⏳ Next check in 3 minutes...

  ─────────────────────────────────────────────────────────────────
  📡 POSITION CHECK — 11:19:16 EDT
  ─────────────────────────────────────────────────────────────────

  🟢 #7  NFLX260515P00092000
     Entry: $3.72  │  Bid: $4.35  Mid: $4.50  Ask: $4.65
     P&L:   +$78.00 (+21.0%)  │  Target: $7.44  Stop: $1.86
     [─────────●───────────]  Stop ←→ Target
     💭 Deep ITM put with 0.73 delta and 10 days to expiration offers defined ...

  ⏳ Next check in 3 minutes...

  ─────────────────────────────────────────────────────────────────
  📡 POSITION CHECK — 11:20:03 EDT
  ─────────────────────────────────────────────────────────────────

  🟢 #7  NFLX260515P00092000
     Entry: $3.72  │  Bid: $4.40  Mid: $4.53  Ask: $4.65
     P&L:   +$80.50 (+21.6%)  │  Target: $7.44  Stop: $1.86
     [─────────●───────────]  Stop ←→ Target
     💭 Deep ITM put with 0.73 delta and 10 days to expiration offers defined ...

  ⏳ Next check in 3 minutes...

  ─────────────────────────────────────────────────────────────────
  📡 POSITION CHECK — 11:22:16 EDT
  ─────────────────────────────────────────────────────────────────

  🟢 #7  NFLX260515P00092000
     Entry: $3.72  │  Bid: $4.40  Mid: $4.47  Ask: $4.55
     P&L:   +$75.50 (+20.3%)  │  Target: $7.44  Stop: $1.86
     [─────────●───────────]  Stop ←→ Target
     💭 Deep ITM put with 0.73 delta and 10 days to expiration offers defined ...

  ⏳ Next check in 3 minutes...

  Refreshing auth token...

  ─────────────────────────────────────────────────────────────────
  📡 POSITION CHECK — 11:23:05 EDT
  ─────────────────────────────────────────────────────────────────

  🟢 #7  NFLX260515P00092000
     Entry: $3.72  │  Bid: $4.40  Mid: $4.50  Ask: $4.60
     P&L:   +$78.00 (+21.0%)  │  Target: $7.44  Stop: $1.86
     [─────────●───────────]  Stop ←→ Target
     💭 Deep ITM put with 0.73 delta and 10 days to expiration offers defined ...

  ⏳ Next check in 3 minutes...

  Refreshing auth token...

  ─────────────────────────────────────────────────────────────────
  📡 POSITION CHECK — 11:25:17 EDT
  ─────────────────────────────────────────────────────────────────

  🟢 #7  NFLX260515P00092000
     Entry: $3.72  │  Bid: $4.40  Mid: $4.50  Ask: $4.60
     P&L:   +$78.00 (+21.0%)  │  Target: $7.44  Stop: $1.86
     [─────────●───────────]  Stop ←→ Target
     💭 Deep ITM put with 0.73 delta and 10 days to expiration offers defined ...

  ⏳ Next check in 3 minutes...

  ─────────────────────────────────────────────────────────────────
  📡 POSITION CHECK — 11:26:06 EDT
  ─────────────────────────────────────────────────────────────────

  🟢 #7  NFLX260515P00092000
     Entry: $3.72  │  Bid: $4.40  Mid: $4.50  Ask: $4.60
     P&L:   +$78.00 (+21.0%)  │  Target: $7.44  Stop: $1.86
     [─────────●───────────]  Stop ←→ Target
     💭 Deep ITM put with 0.73 delta and 10 days to expiration offers defined ...

  ⏳ Next check in 3 minutes...

  ─────────────────────────────────────────────────────────────────
  📡 POSITION CHECK — 11:28:18 EDT
  ─────────────────────────────────────────────────────────────────

  🟢 #7  NFLX260515P00092000
     Entry: $3.72  │  Bid: $4.40  Mid: $4.50  Ask: $4.60
     P&L:   +$78.00 (+21.0%)  │  Target: $7.44  Stop: $1.86
     [─────────●───────────]  Stop ←→ Target
     💭 Deep ITM put with 0.73 delta and 10 days to expiration offers defined ...

  ⏳ Next check in 3 minutes...

  ─────────────────────────────────────────────────────────────────
  📡 POSITION CHECK — 11:29:06 EDT
  ─────────────────────────────────────────────────────────────────

  🟢 #7  NFLX260515P00092000
     Entry: $3.72  │  Bid: $4.50  Mid: $4.58  Ask: $4.65
     P&L:   +$85.50 (+23.0%)  │  Target: $7.44  Stop: $1.86
     [─────────●───────────]  Stop ←→ Target
     💭 Deep ITM put with 0.73 delta and 10 days to expiration offers defined ...

  ⏳ Next check in 3 minutes...

  ─────────────────────────────────────────────────────────────────
  📡 POSITION CHECK — 11:31:18 EDT
  ─────────────────────────────────────────────────────────────────

  🟢 #7  NFLX260515P00092000
     Entry: $3.72  │  Bid: $4.50  Mid: $4.60  Ask: $4.70
     P&L:   +$88.00 (+23.7%)  │  Target: $7.44  Stop: $1.86
     [─────────●───────────]  Stop ←→ Target
     💭 Deep ITM put with 0.73 delta and 10 days to expiration offers defined ...

  ⏳ Next check in 3 minutes...

  ─────────────────────────────────────────────────────────────────
  📡 POSITION CHECK — 11:32:07 EDT
  ─────────────────────────────────────────────────────────────────

  🟢 #7  NFLX260515P00092000
     Entry: $3.72  │  Bid: $4.50  Mid: $4.60  Ask: $4.70
     P&L:   +$88.00 (+23.7%)  │  Target: $7.44  Stop: $1.86
     [─────────●───────────]  Stop ←→ Target
     💭 Deep ITM put with 0.73 delta and 10 days to expiration offers defined ...

  ⏳ Next check in 3 minutes...

  ─────────────────────────────────────────────────────────────────
  📡 POSITION CHECK — 11:34:18 EDT
  ─────────────────────────────────────────────────────────────────

  🟢 #7  NFLX260515P00092000
     Entry: $3.72  │  Bid: $4.50  Mid: $4.60  Ask: $4.70
     P&L:   +$88.00 (+23.7%)  │  Target: $7.44  Stop: $1.86
     [─────────●───────────]  Stop ←→ Target
     💭 Deep ITM put with 0.73 delta and 10 days to expiration offers defined ...

  ⏳ Next check in 3 minutes...

  ─────────────────────────────────────────────────────────────────
  📡 POSITION CHECK — 11:35:07 EDT
  ─────────────────────────────────────────────────────────────────

  🟢 #7  NFLX260515P00092000
     Entry: $3.72  │  Bid: $4.50  Mid: $4.60  Ask: $4.70
     P&L:   +$88.00 (+23.7%)  │  Target: $7.44  Stop: $1.86
     [─────────●───────────]  Stop ←→ Target
     💭 Deep ITM put with 0.73 delta and 10 days to expiration offers defined ...

  ⏳ Next check in 3 minutes...

  ─────────────────────────────────────────────────────────────────
  📡 POSITION CHECK — 11:37:19 EDT
  ─────────────────────────────────────────────────────────────────

  🟢 #7  NFLX260515P00092000
     Entry: $3.72  │  Bid: $4.45  Mid: $4.58  Ask: $4.70
     P&L:   +$85.50 (+23.0%)  │  Target: $7.44  Stop: $1.86
     [─────────●───────────]  Stop ←→ Target
     💭 Deep ITM put with 0.73 delta and 10 days to expiration offers defined ...

  ⏳ Next check in 3 minutes...

  ─────────────────────────────────────────────────────────────────
  📡 POSITION CHECK — 11:38:08 EDT
  ─────────────────────────────────────────────────────────────────

  🟢 #7  NFLX260515P00092000
     Entry: $3.72  │  Bid: $4.45  Mid: $4.58  Ask: $4.70
     P&L:   +$85.50 (+23.0%)  │  Target: $7.44  Stop: $1.86
     [─────────●───────────]  Stop ←→ Target
     💭 Deep ITM put with 0.73 delta and 10 days to expiration offers defined ...

  ⏳ Next check in 3 minutes...

  ─────────────────────────────────────────────────────────────────
  📡 POSITION CHECK — 11:40:19 EDT
  ─────────────────────────────────────────────────────────────────

  🟢 #7  NFLX260515P00092000
     Entry: $3.72  │  Bid: $4.45  Mid: $4.55  Ask: $4.65
     P&L:   +$83.00 (+22.3%)  │  Target: $7.44  Stop: $1.86
     [─────────●───────────]  Stop ←→ Target
     💭 Deep ITM put with 0.73 delta and 10 days to expiration offers defined ...

  ⏳ Next check in 3 minutes...

  ─────────────────────────────────────────────────────────────────
  📡 POSITION CHECK — 11:41:09 EDT
  ─────────────────────────────────────────────────────────────────

  🟢 #7  NFLX260515P00092000
     Entry: $3.72  │  Bid: $4.45  Mid: $4.55  Ask: $4.65
     P&L:   +$83.00 (+22.3%)  │  Target: $7.44  Stop: $1.86
     [─────────●───────────]  Stop ←→ Target
     💭 Deep ITM put with 0.73 delta and 10 days to expiration offers defined ...

  ⏳ Next check in 3 minutes...

  ─────────────────────────────────────────────────────────────────
  📡 POSITION CHECK — 11:43:20 EDT
  ─────────────────────────────────────────────────────────────────

  🟢 #7  NFLX260515P00092000
     Entry: $3.72  │  Bid: $4.40  Mid: $4.53  Ask: $4.65
     P&L:   +$80.50 (+21.6%)  │  Target: $7.44  Stop: $1.86
     [─────────●───────────]  Stop ←→ Target
     💭 Deep ITM put with 0.73 delta and 10 days to expiration offers defined ...

  ⏳ Next check in 3 minutes...

  ─────────────────────────────────────────────────────────────────
  📡 POSITION CHECK — 11:44:09 EDT
  ─────────────────────────────────────────────────────────────────

  🟢 #7  NFLX260515P00092000
     Entry: $3.72  │  Bid: $4.40  Mid: $4.53  Ask: $4.65
     P&L:   +$80.50 (+21.6%)  │  Target: $7.44  Stop: $1.86
     [─────────●───────────]  Stop ←→ Target
     💭 Deep ITM put with 0.73 delta and 10 days to expiration offers defined ...

  ⏳ Next check in 3 minutes...

  ─────────────────────────────────────────────────────────────────
  📡 POSITION CHECK — 11:46:20 EDT
  ─────────────────────────────────────────────────────────────────

  🟢 #7  NFLX260515P00092000
     Entry: $3.72  │  Bid: $4.45  Mid: $4.62  Ask: $4.80
     P&L:   +$90.50 (+24.3%)  │  Target: $7.44  Stop: $1.86
     [─────────●───────────]  Stop ←→ Target
     💭 Deep ITM put with 0.73 delta and 10 days to expiration offers defined ...

  ⏳ Next check in 3 minutes...

  ─────────────────────────────────────────────────────────────────
  📡 POSITION CHECK — 11:47:10 EDT
  ─────────────────────────────────────────────────────────────────

  🟢 #7  NFLX260515P00092000
     Entry: $3.72  │  Bid: $4.45  Mid: $4.62  Ask: $4.80
     P&L:   +$90.50 (+24.3%)  │  Target: $7.44  Stop: $1.86
     [─────────●───────────]  Stop ←→ Target
     💭 Deep ITM put with 0.73 delta and 10 days to expiration offers defined ...

  ⏳ Next check in 3 minutes...

  ─────────────────────────────────────────────────────────────────
  📡 POSITION CHECK — 11:49:21 EDT
  ─────────────────────────────────────────────────────────────────

  🟢 #7  NFLX260515P00092000
     Entry: $3.72  │  Bid: $4.45  Mid: $4.60  Ask: $4.75
     P&L:   +$88.00 (+23.7%)  │  Target: $7.44  Stop: $1.86
     [─────────●───────────]  Stop ←→ Target
     💭 Deep ITM put with 0.73 delta and 10 days to expiration offers defined ...

  ⏳ Next check in 3 minutes...

  ─────────────────────────────────────────────────────────────────
  📡 POSITION CHECK — 11:50:10 EDT
  ─────────────────────────────────────────────────────────────────

  🟢 #7  NFLX260515P00092000
     Entry: $3.72  │  Bid: $4.45  Mid: $4.60  Ask: $4.75
     P&L:   +$88.00 (+23.7%)  │  Target: $7.44  Stop: $1.86
     [─────────●───────────]  Stop ←→ Target
     💭 Deep ITM put with 0.73 delta and 10 days to expiration offers defined ...

  ⏳ Next check in 3 minutes...

  ─────────────────────────────────────────────────────────────────
  📡 POSITION CHECK — 11:52:21 EDT
  ─────────────────────────────────────────────────────────────────

  🟢 #7  NFLX260515P00092000
     Entry: $3.72  │  Bid: $4.45  Mid: $4.60  Ask: $4.75
     P&L:   +$88.00 (+23.7%)  │  Target: $7.44  Stop: $1.86
     [─────────●───────────]  Stop ←→ Target
     💭 Deep ITM put with 0.73 delta and 10 days to expiration offers defined ...

  ⏳ Next check in 3 minutes...

  ─────────────────────────────────────────────────────────────────
  📡 POSITION CHECK — 11:53:11 EDT
  ─────────────────────────────────────────────────────────────────

  🟢 #7  NFLX260515P00092000
     Entry: $3.72  │  Bid: $4.45  Mid: $4.60  Ask: $4.75
     P&L:   +$88.00 (+23.7%)  │  Target: $7.44  Stop: $1.86
     [─────────●───────────]  Stop ←→ Target
     💭 Deep ITM put with 0.73 delta and 10 days to expiration offers defined ...

  ⏳ Next check in 3 minutes...

  ─────────────────────────────────────────────────────────────────
  📡 POSITION CHECK — 11:55:21 EDT
  ─────────────────────────────────────────────────────────────────

  🟢 #7  NFLX260515P00092000
     Entry: $3.72  │  Bid: $4.45  Mid: $4.58  Ask: $4.70
     P&L:   +$85.50 (+23.0%)  │  Target: $7.44  Stop: $1.86
     [─────────●───────────]  Stop ←→ Target
     💭 Deep ITM put with 0.73 delta and 10 days to expiration offers defined ...

  ⏳ Next check in 3 minutes...

  ─────────────────────────────────────────────────────────────────
  📡 POSITION CHECK — 11:56:12 EDT
  ─────────────────────────────────────────────────────────────────

  🟢 #7  NFLX260515P00092000
     Entry: $3.72  │  Bid: $4.45  Mid: $4.58  Ask: $4.70
     P&L:   +$85.50 (+23.0%)  │  Target: $7.44  Stop: $1.86
     [─────────●───────────]  Stop ←→ Target
     💭 Deep ITM put with 0.73 delta and 10 days to expiration offers defined ...

  ⏳ Next check in 3 minutes...

  ─────────────────────────────────────────────────────────────────
  📡 POSITION CHECK — 11:58:22 EDT
  ─────────────────────────────────────────────────────────────────

  🟢 #7  NFLX260515P00092000
     Entry: $3.72  │  Bid: $4.40  Mid: $4.55  Ask: $4.70
     P&L:   +$83.00 (+22.3%)  │  Target: $7.44  Stop: $1.86
     [─────────●───────────]  Stop ←→ Target
     💭 Deep ITM put with 0.73 delta and 10 days to expiration offers defined ...

  ⏳ Next check in 3 minutes...

  ─────────────────────────────────────────────────────────────────
  📡 POSITION CHECK — 11:59:12 EDT
  ─────────────────────────────────────────────────────────────────

  🟢 #7  NFLX260515P00092000
     Entry: $3.72  │  Bid: $4.40  Mid: $4.55  Ask: $4.70
     P&L:   +$83.00 (+22.3%)  │  Target: $7.44  Stop: $1.86
     [─────────●───────────]  Stop ←→ Target
     💭 Deep ITM put with 0.73 delta and 10 days to expiration offers defined ...

  ⏳ Next check in 3 minutes...

  ─────────────────────────────────────────────────────────────────
  📡 POSITION CHECK — 12:01:22 EDT
  ─────────────────────────────────────────────────────────────────

  🟢 #7  NFLX260515P00092000
     Entry: $3.72  │  Bid: $4.40  Mid: $4.55  Ask: $4.70
     P&L:   +$83.00 (+22.3%)  │  Target: $7.44  Stop: $1.86
     [─────────●───────────]  Stop ←→ Target
     💭 Deep ITM put with 0.73 delta and 10 days to expiration offers defined ...

  ⏳ Next check in 3 minutes...

  ─────────────────────────────────────────────────────────────────
  📡 POSITION CHECK — 12:02:13 EDT
  ─────────────────────────────────────────────────────────────────

  🟢 #7  NFLX260515P00092000
     Entry: $3.72  │  Bid: $4.40  Mid: $4.55  Ask: $4.70
     P&L:   +$83.00 (+22.3%)  │  Target: $7.44  Stop: $1.86
     [─────────●───────────]  Stop ←→ Target
     💭 Deep ITM put with 0.73 delta and 10 days to expiration offers defined ...

  ⏳ Next check in 3 minutes...

  ─────────────────────────────────────────────────────────────────
  📡 POSITION CHECK — 12:04:23 EDT
  ─────────────────────────────────────────────────────────────────

  🟢 #7  NFLX260515P00092000
     Entry: $3.72  │  Bid: $4.40  Mid: $4.55  Ask: $4.70
     P&L:   +$83.00 (+22.3%)  │  Target: $7.44  Stop: $1.86
     [─────────●───────────]  Stop ←→ Target
     💭 Deep ITM put with 0.73 delta and 10 days to expiration offers defined ...

  ⏳ Next check in 3 minutes...

  ─────────────────────────────────────────────────────────────────
  📡 POSITION CHECK — 12:05:13 EDT
  ─────────────────────────────────────────────────────────────────

  🟢 #7  NFLX260515P00092000
     Entry: $3.72  │  Bid: $4.40  Mid: $4.55  Ask: $4.70
     P&L:   +$83.00 (+22.3%)  │  Target: $7.44  Stop: $1.86
     [─────────●───────────]  Stop ←→ Target
     💭 Deep ITM put with 0.73 delta and 10 days to expiration offers defined ...

  ⏳ Next check in 3 minutes...

  ─────────────────────────────────────────────────────────────────
  📡 POSITION CHECK — 12:07:23 EDT
  ─────────────────────────────────────────────────────────────────

  🟢 #7  NFLX260515P00092000
     Entry: $3.72  │  Bid: $4.40  Mid: $4.55  Ask: $4.70
     P&L:   +$83.00 (+22.3%)  │  Target: $7.44  Stop: $1.86
     [─────────●───────────]  Stop ←→ Target
     💭 Deep ITM put with 0.73 delta and 10 days to expiration offers defined ...

  ⏳ Next check in 3 minutes...

  ─────────────────────────────────────────────────────────────────
  📡 POSITION CHECK — 12:08:14 EDT
  ─────────────────────────────────────────────────────────────────

  🟢 #7  NFLX260515P00092000
     Entry: $3.72  │  Bid: $4.40  Mid: $4.55  Ask: $4.70
     P&L:   +$83.00 (+22.3%)  │  Target: $7.44  Stop: $1.86
     [─────────●───────────]  Stop ←→ Target
     💭 Deep ITM put with 0.73 delta and 10 days to expiration offers defined ...

  ⏳ Next check in 3 minutes...

  ─────────────────────────────────────────────────────────────────
  📡 POSITION CHECK — 12:10:24 EDT
  ─────────────────────────────────────────────────────────────────

  🟢 #7  NFLX260515P00092000
     Entry: $3.72  │  Bid: $4.40  Mid: $4.55  Ask: $4.70
     P&L:   +$83.00 (+22.3%)  │  Target: $7.44  Stop: $1.86
     [─────────●───────────]  Stop ←→ Target
     💭 Deep ITM put with 0.73 delta and 10 days to expiration offers defined ...

  ⏳ Next check in 3 minutes...

  ─────────────────────────────────────────────────────────────────
  📡 POSITION CHECK — 12:11:15 EDT
  ─────────────────────────────────────────────────────────────────

  🟢 #7  NFLX260515P00092000
     Entry: $3.72  │  Bid: $4.40  Mid: $4.55  Ask: $4.70
     P&L:   +$83.00 (+22.3%)  │  Target: $7.44  Stop: $1.86
     [─────────●───────────]  Stop ←→ Target
     💭 Deep ITM put with 0.73 delta and 10 days to expiration offers defined ...

  ⏳ Next check in 3 minutes...

  ─────────────────────────────────────────────────────────────────
  📡 POSITION CHECK — 12:13:24 EDT
  ─────────────────────────────────────────────────────────────────

  🟢 #7  NFLX260515P00092000
     Entry: $3.72  │  Bid: $4.40  Mid: $4.55  Ask: $4.70
     P&L:   +$83.00 (+22.3%)  │  Target: $7.44  Stop: $1.86
     [─────────●───────────]  Stop ←→ Target
     💭 Deep ITM put with 0.73 delta and 10 days to expiration offers defined ...

  ⏳ Next check in 3 minutes...

  ─────────────────────────────────────────────────────────────────
  📡 POSITION CHECK — 12:14:15 EDT
  ─────────────────────────────────────────────────────────────────

  🟢 #7  NFLX260515P00092000
     Entry: $3.72  │  Bid: $4.40  Mid: $4.55  Ask: $4.70
     P&L:   +$83.00 (+22.3%)  │  Target: $7.44  Stop: $1.86
     [─────────●───────────]  Stop ←→ Target
     💭 Deep ITM put with 0.73 delta and 10 days to expiration offers defined ...

  ⏳ Next check in 3 minutes...

  ─────────────────────────────────────────────────────────────────
  📡 POSITION CHECK — 12:16:24 EDT
  ─────────────────────────────────────────────────────────────────

  🟢 #7  NFLX260515P00092000
     Entry: $3.72  │  Bid: $4.40  Mid: $4.55  Ask: $4.70
     P&L:   +$83.00 (+22.3%)  │  Target: $7.44  Stop: $1.86
     [─────────●───────────]  Stop ←→ Target
     💭 Deep ITM put with 0.73 delta and 10 days to expiration offers defined ...

  ⏳ Next check in 3 minutes...

  ─────────────────────────────────────────────────────────────────
  📡 POSITION CHECK — 12:17:16 EDT
  ─────────────────────────────────────────────────────────────────

  🟢 #7  NFLX260515P00092000
     Entry: $3.72  │  Bid: $4.40  Mid: $4.55  Ask: $4.70
     P&L:   +$83.00 (+22.3%)  │  Target: $7.44  Stop: $1.86
     [─────────●───────────]  Stop ←→ Target
     💭 Deep ITM put with 0.73 delta and 10 days to expiration offers defined ...

  ⏳ Next check in 3 minutes...

  ─────────────────────────────────────────────────────────────────
  📡 POSITION CHECK — 12:19:25 EDT
  ─────────────────────────────────────────────────────────────────

  🟢 #7  NFLX260515P00092000
     Entry: $3.72  │  Bid: $4.40  Mid: $4.55  Ask: $4.70
     P&L:   +$83.00 (+22.3%)  │  Target: $7.44  Stop: $1.86
     [─────────●───────────]  Stop ←→ Target
     💭 Deep ITM put with 0.73 delta and 10 days to expiration offers defined ...

  ⏳ Next check in 3 minutes...

  Refreshing auth token...

  ─────────────────────────────────────────────────────────────────
  📡 POSITION CHECK — 12:20:18 EDT
  ─────────────────────────────────────────────────────────────────

  🟢 #7  NFLX260515P00092000
     Entry: $3.72  │  Bid: $4.40  Mid: $4.55  Ask: $4.70
     P&L:   +$83.00 (+22.3%)  │  Target: $7.44  Stop: $1.86
     [─────────●───────────]  Stop ←→ Target
     💭 Deep ITM put with 0.73 delta and 10 days to expiration offers defined ...

  ⏳ Next check in 3 minutes...

  Refreshing auth token...

  ─────────────────────────────────────────────────────────────────
  📡 POSITION CHECK — 12:22:26 EDT
  ─────────────────────────────────────────────────────────────────

  🟢 #7  NFLX260515P00092000
     Entry: $3.72  │  Bid: $4.40  Mid: $4.55  Ask: $4.70
     P&L:   +$83.00 (+22.3%)  │  Target: $7.44  Stop: $1.86
     [─────────●───────────]  Stop ←→ Target
     💭 Deep ITM put with 0.73 delta and 10 days to expiration offers defined ...

  ⏳ Next check in 3 minutes...

  ─────────────────────────────────────────────────────────────────
  📡 POSITION CHECK — 12:23:18 EDT
  ─────────────────────────────────────────────────────────────────

  🟢 #7  NFLX260515P00092000
     Entry: $3.72  │  Bid: $4.40  Mid: $4.55  Ask: $4.70
     P&L:   +$83.00 (+22.3%)  │  Target: $7.44  Stop: $1.86
     [─────────●───────────]  Stop ←→ Target
     💭 Deep ITM put with 0.73 delta and 10 days to expiration offers defined ...

  ⏳ Next check in 3 minutes...

  ─────────────────────────────────────────────────────────────────
  📡 POSITION CHECK — 12:25:27 EDT
  ─────────────────────────────────────────────────────────────────

  🟢 #7  NFLX260515P00092000
     Entry: $3.72  │  Bid: $4.40  Mid: $4.55  Ask: $4.70
     P&L:   +$83.00 (+22.3%)  │  Target: $7.44  Stop: $1.86
     [─────────●───────────]  Stop ←→ Target
     💭 Deep ITM put with 0.73 delta and 10 days to expiration offers defined ...

  ⏳ Next check in 3 minutes...

  ─────────────────────────────────────────────────────────────────
  📡 POSITION CHECK — 12:26:19 EDT
  ─────────────────────────────────────────────────────────────────

  🟢 #7  NFLX260515P00092000
     Entry: $3.72  │  Bid: $4.40  Mid: $4.55  Ask: $4.70
     P&L:   +$83.00 (+22.3%)  │  Target: $7.44  Stop: $1.86
     [─────────●───────────]  Stop ←→ Target
     💭 Deep ITM put with 0.73 delta and 10 days to expiration offers defined ...

  ⏳ Next check in 3 minutes...

  ─────────────────────────────────────────────────────────────────
  📡 POSITION CHECK — 12:28:27 EDT
  ─────────────────────────────────────────────────────────────────

  🟢 #7  NFLX260515P00092000
     Entry: $3.72  │  Bid: $4.40  Mid: $4.55  Ask: $4.70
     P&L:   +$83.00 (+22.3%)  │  Target: $7.44  Stop: $1.86
     [─────────●───────────]  Stop ←→ Target
     💭 Deep ITM put with 0.73 delta and 10 days to expiration offers defined ...

  ⏳ Next check in 3 minutes...

  ─────────────────────────────────────────────────────────────────
  📡 POSITION CHECK — 12:29:20 EDT
  ─────────────────────────────────────────────────────────────────

  🟢 #7  NFLX260515P00092000
     Entry: $3.72  │  Bid: $4.40  Mid: $4.55  Ask: $4.70
     P&L:   +$83.00 (+22.3%)  │  Target: $7.44  Stop: $1.86
     [─────────●───────────]  Stop ←→ Target
     💭 Deep ITM put with 0.73 delta and 10 days to expiration offers defined ...

  ⏳ Next check in 3 minutes...

  ─────────────────────────────────────────────────────────────────
  📡 POSITION CHECK — 12:31:28 EDT
  ─────────────────────────────────────────────────────────────────

  🟢 #7  NFLX260515P00092000
     Entry: $3.72  │  Bid: $4.40  Mid: $4.55  Ask: $4.70
     P&L:   +$83.00 (+22.3%)  │  Target: $7.44  Stop: $1.86
     [─────────●───────────]  Stop ←→ Target
     💭 Deep ITM put with 0.73 delta and 10 days to expiration offers defined ...

  ⏳ Next check in 3 minutes...

  ─────────────────────────────────────────────────────────────────
  📡 POSITION CHECK — 12:32:20 EDT
  ─────────────────────────────────────────────────────────────────

  🟢 #7  NFLX260515P00092000
     Entry: $3.72  │  Bid: $4.45  Mid: $4.58  Ask: $4.70
     P&L:   +$85.50 (+23.0%)  │  Target: $7.44  Stop: $1.86
     [─────────●───────────]  Stop ←→ Target
     💭 Deep ITM put with 0.73 delta and 10 days to expiration offers defined ...

  ⏳ Next check in 3 minutes...

  ─────────────────────────────────────────────────────────────────
  📡 POSITION CHECK — 12:34:28 EDT
  ─────────────────────────────────────────────────────────────────

  🟢 #7  NFLX260515P00092000
     Entry: $3.72  │  Bid: $4.40  Mid: $4.50  Ask: $4.60
     P&L:   +$78.00 (+21.0%)  │  Target: $7.44  Stop: $1.86
     [─────────●───────────]  Stop ←→ Target
     💭 Deep ITM put with 0.73 delta and 10 days to expiration offers defined ...

  ⏳ Next check in 3 minutes...

  ─────────────────────────────────────────────────────────────────
  📡 POSITION CHECK — 12:35:21 EDT
  ─────────────────────────────────────────────────────────────────

  🟢 #7  NFLX260515P00092000
     Entry: $3.72  │  Bid: $4.40  Mid: $4.50  Ask: $4.60
     P&L:   +$78.00 (+21.0%)  │  Target: $7.44  Stop: $1.86
     [─────────●───────────]  Stop ←→ Target
     💭 Deep ITM put with 0.73 delta and 10 days to expiration offers defined ...

  ⏳ Next check in 3 minutes...

  ─────────────────────────────────────────────────────────────────
  📡 POSITION CHECK — 12:37:28 EDT
  ─────────────────────────────────────────────────────────────────

  🟢 #7  NFLX260515P00092000
     Entry: $3.72  │  Bid: $4.40  Mid: $4.50  Ask: $4.60
     P&L:   +$78.00 (+21.0%)  │  Target: $7.44  Stop: $1.86
     [─────────●───────────]  Stop ←→ Target
     💭 Deep ITM put with 0.73 delta and 10 days to expiration offers defined ...

  ⏳ Next check in 3 minutes...

  ─────────────────────────────────────────────────────────────────
  📡 POSITION CHECK — 12:38:21 EDT
  ─────────────────────────────────────────────────────────────────

  🟢 #7  NFLX260515P00092000
     Entry: $3.72  │  Bid: $4.30  Mid: $4.45  Ask: $4.60
     P&L:   +$73.00 (+19.6%)  │  Target: $7.44  Stop: $1.86
     [─────────●───────────]  Stop ←→ Target
     💭 Deep ITM put with 0.73 delta and 10 days to expiration offers defined ...

  ⏳ Next check in 3 minutes...

  ─────────────────────────────────────────────────────────────────
  📡 POSITION CHECK — 12:40:29 EDT
  ─────────────────────────────────────────────────────────────────

  🟢 #7  NFLX260515P00092000
     Entry: $3.72  │  Bid: $4.25  Mid: $4.33  Ask: $4.40
     P&L:   +$60.50 (+16.3%)  │  Target: $7.44  Stop: $1.86
     [────────●────────────]  Stop ←→ Target
     💭 Deep ITM put with 0.73 delta and 10 days to expiration offers defined ...

  ⏳ Next check in 3 minutes...

  ─────────────────────────────────────────────────────────────────
  📡 POSITION CHECK — 12:41:22 EDT
  ─────────────────────────────────────────────────────────────────

  🟢 #7  NFLX260515P00092000
     Entry: $3.72  │  Bid: $4.25  Mid: $4.33  Ask: $4.40
     P&L:   +$60.50 (+16.3%)  │  Target: $7.44  Stop: $1.86
     [────────●────────────]  Stop ←→ Target
     💭 Deep ITM put with 0.73 delta and 10 days to expiration offers defined ...

  ⏳ Next check in 3 minutes...

  ─────────────────────────────────────────────────────────────────
  📡 POSITION CHECK — 12:43:30 EDT
  ─────────────────────────────────────────────────────────────────

  🟢 #7  NFLX260515P00092000
     Entry: $3.72  │  Bid: $4.20  Mid: $4.30  Ask: $4.40
     P&L:   +$58.00 (+15.6%)  │  Target: $7.44  Stop: $1.86
     [────────●────────────]  Stop ←→ Target
     💭 Deep ITM put with 0.73 delta and 10 days to expiration offers defined ...

  ⏳ Next check in 3 minutes...

  ─────────────────────────────────────────────────────────────────
  📡 POSITION CHECK — 12:44:23 EDT
  ─────────────────────────────────────────────────────────────────

  🟢 #7  NFLX260515P00092000
     Entry: $3.72  │  Bid: $4.20  Mid: $4.30  Ask: $4.40
     P&L:   +$58.00 (+15.6%)  │  Target: $7.44  Stop: $1.86
     [────────●────────────]  Stop ←→ Target
     💭 Deep ITM put with 0.73 delta and 10 days to expiration offers defined ...

  ⏳ Next check in 3 minutes...

  ─────────────────────────────────────────────────────────────────
  📡 POSITION CHECK — 12:46:30 EDT
  ─────────────────────────────────────────────────────────────────

  🟢 #7  NFLX260515P00092000
     Entry: $3.72  │  Bid: $4.25  Mid: $4.35  Ask: $4.45
     P&L:   +$63.00 (+16.9%)  │  Target: $7.44  Stop: $1.86
     [────────●────────────]  Stop ←→ Target
     💭 Deep ITM put with 0.73 delta and 10 days to expiration offers defined ...

  ⏳ Next check in 3 minutes...

  ─────────────────────────────────────────────────────────────────
  📡 POSITION CHECK — 12:47:23 EDT
  ─────────────────────────────────────────────────────────────────

  🟢 #7  NFLX260515P00092000
     Entry: $3.72  │  Bid: $4.25  Mid: $4.35  Ask: $4.45
     P&L:   +$63.00 (+16.9%)  │  Target: $7.44  Stop: $1.86
     [────────●────────────]  Stop ←→ Target
     💭 Deep ITM put with 0.73 delta and 10 days to expiration offers defined ...

  ⏳ Next check in 3 minutes...

  ─────────────────────────────────────────────────────────────────
  📡 POSITION CHECK — 12:49:31 EDT
  ─────────────────────────────────────────────────────────────────

  🟢 #7  NFLX260515P00092000
     Entry: $3.72  │  Bid: $4.25  Mid: $4.35  Ask: $4.45
     P&L:   +$63.00 (+16.9%)  │  Target: $7.44  Stop: $1.86
     [────────●────────────]  Stop ←→ Target
     💭 Deep ITM put with 0.73 delta and 10 days to expiration offers defined ...

  ⏳ Next check in 3 minutes...

  ─────────────────────────────────────────────────────────────────
  📡 POSITION CHECK — 12:50:24 EDT
  ─────────────────────────────────────────────────────────────────

  🟢 #7  NFLX260515P00092000
     Entry: $3.72  │  Bid: $4.25  Mid: $4.35  Ask: $4.45
     P&L:   +$63.00 (+16.9%)  │  Target: $7.44  Stop: $1.86
     [────────●────────────]  Stop ←→ Target
     💭 Deep ITM put with 0.73 delta and 10 days to expiration offers defined ...

  ⏳ Next check in 3 minutes...

  ─────────────────────────────────────────────────────────────────
  📡 POSITION CHECK — 12:52:31 EDT
  ─────────────────────────────────────────────────────────────────

  🟢 #7  NFLX260515P00092000
     Entry: $3.72  │  Bid: $4.25  Mid: $4.35  Ask: $4.45
     P&L:   +$63.00 (+16.9%)  │  Target: $7.44  Stop: $1.86
     [────────●────────────]  Stop ←→ Target
     💭 Deep ITM put with 0.73 delta and 10 days to expiration offers defined ...

  ⏳ Next check in 3 minutes...

  ─────────────────────────────────────────────────────────────────
  📡 POSITION CHECK — 12:53:24 EDT
  ─────────────────────────────────────────────────────────────────

  🟢 #7  NFLX260515P00092000
     Entry: $3.72  │  Bid: $4.25  Mid: $4.35  Ask: $4.45
     P&L:   +$63.00 (+16.9%)  │  Target: $7.44  Stop: $1.86
     [────────●────────────]  Stop ←→ Target
     💭 Deep ITM put with 0.73 delta and 10 days to expiration offers defined ...

  ⏳ Next check in 3 minutes...

  ─────────────────────────────────────────────────────────────────
  📡 POSITION CHECK — 12:55:31 EDT
  ─────────────────────────────────────────────────────────────────

  🟢 #7  NFLX260515P00092000
     Entry: $3.72  │  Bid: $4.25  Mid: $4.33  Ask: $4.40
     P&L:   +$60.50 (+16.3%)  │  Target: $7.44  Stop: $1.86
     [────────●────────────]  Stop ←→ Target
     💭 Deep ITM put with 0.73 delta and 10 days to expiration offers defined ...

  ⏳ Next check in 3 minutes...

  ─────────────────────────────────────────────────────────────────
  📡 POSITION CHECK — 12:56:25 EDT
  ─────────────────────────────────────────────────────────────────

  🟢 #7  NFLX260515P00092000
     Entry: $3.72  │  Bid: $4.25  Mid: $4.33  Ask: $4.40
     P&L:   +$60.50 (+16.3%)  │  Target: $7.44  Stop: $1.86
     [────────●────────────]  Stop ←→ Target
     💭 Deep ITM put with 0.73 delta and 10 days to expiration offers defined ...

  ⏳ Next check in 3 minutes...

  ─────────────────────────────────────────────────────────────────
  📡 POSITION CHECK — 12:58:32 EDT
  ─────────────────────────────────────────────────────────────────

  🟢 #7  NFLX260515P00092000
     Entry: $3.72  │  Bid: $4.25  Mid: $4.35  Ask: $4.45
     P&L:   +$63.00 (+16.9%)  │  Target: $7.44  Stop: $1.86
     [────────●────────────]  Stop ←→ Target
     💭 Deep ITM put with 0.73 delta and 10 days to expiration offers defined ...

  ⏳ Next check in 3 minutes...

  ─────────────────────────────────────────────────────────────────
  📡 POSITION CHECK — 12:59:25 EDT
  ─────────────────────────────────────────────────────────────────

  🟢 #7  NFLX260515P00092000
     Entry: $3.72  │  Bid: $4.25  Mid: $4.35  Ask: $4.45
     P&L:   +$63.00 (+16.9%)  │  Target: $7.44  Stop: $1.86
     [────────●────────────]  Stop ←→ Target
     💭 Deep ITM put with 0.73 delta and 10 days to expiration offers defined ...

  ⏳ Next check in 3 minutes...

  ─────────────────────────────────────────────────────────────────
  📡 POSITION CHECK — 13:01:32 EDT
  ─────────────────────────────────────────────────────────────────

  🟢 #7  NFLX260515P00092000
     Entry: $3.72  │  Bid: $4.25  Mid: $4.38  Ask: $4.50
     P&L:   +$65.50 (+17.6%)  │  Target: $7.44  Stop: $1.86
     [─────────●───────────]  Stop ←→ Target
     💭 Deep ITM put with 0.73 delta and 10 days to expiration offers defined ...

  ⏳ Next check in 3 minutes...

  ─────────────────────────────────────────────────────────────────
  📡 POSITION CHECK — 13:02:26 EDT
  ─────────────────────────────────────────────────────────────────

  🟢 #7  NFLX260515P00092000
     Entry: $3.72  │  Bid: $4.25  Mid: $4.38  Ask: $4.50
     P&L:   +$65.50 (+17.6%)  │  Target: $7.44  Stop: $1.86
     [─────────●───────────]  Stop ←→ Target
     💭 Deep ITM put with 0.73 delta and 10 days to expiration offers defined ...

  ⏳ Next check in 3 minutes...

  ─────────────────────────────────────────────────────────────────
  📡 POSITION CHECK — 13:04:33 EDT
  ─────────────────────────────────────────────────────────────────

  🟢 #7  NFLX260515P00092000
     Entry: $3.72  │  Bid: $4.30  Mid: $4.42  Ask: $4.55
     P&L:   +$70.50 (+18.9%)  │  Target: $7.44  Stop: $1.86
     [─────────●───────────]  Stop ←→ Target
     💭 Deep ITM put with 0.73 delta and 10 days to expiration offers defined ...

  ⏳ Next check in 3 minutes...

  ─────────────────────────────────────────────────────────────────
  📡 POSITION CHECK — 13:05:27 EDT
  ─────────────────────────────────────────────────────────────────

  🟢 #7  NFLX260515P00092000
     Entry: $3.72  │  Bid: $4.30  Mid: $4.42  Ask: $4.55
     P&L:   +$70.50 (+18.9%)  │  Target: $7.44  Stop: $1.86
     [─────────●───────────]  Stop ←→ Target
     💭 Deep ITM put with 0.73 delta and 10 days to expiration offers defined ...

  ⏳ Next check in 3 minutes...

  ─────────────────────────────────────────────────────────────────
  📡 POSITION CHECK — 13:07:33 EDT
  ─────────────────────────────────────────────────────────────────

  🟢 #7  NFLX260515P00092000
     Entry: $3.72  │  Bid: $4.30  Mid: $4.42  Ask: $4.55
     P&L:   +$70.50 (+18.9%)  │  Target: $7.44  Stop: $1.86
     [─────────●───────────]  Stop ←→ Target
     💭 Deep ITM put with 0.73 delta and 10 days to expiration offers defined ...

  ⏳ Next check in 3 minutes...

  ─────────────────────────────────────────────────────────────────
  📡 POSITION CHECK — 13:08:27 EDT
  ─────────────────────────────────────────────────────────────────

  🟢 #7  NFLX260515P00092000
     Entry: $3.72  │  Bid: $4.30  Mid: $4.42  Ask: $4.55
     P&L:   +$70.50 (+18.9%)  │  Target: $7.44  Stop: $1.86
     [─────────●───────────]  Stop ←→ Target
     💭 Deep ITM put with 0.73 delta and 10 days to expiration offers defined ...

  ⏳ Next check in 3 minutes...

  ─────────────────────────────────────────────────────────────────
  📡 POSITION CHECK — 13:10:34 EDT
  ─────────────────────────────────────────────────────────────────

  🟢 #7  NFLX260515P00092000
     Entry: $3.72  │  Bid: $4.30  Mid: $4.42  Ask: $4.55
     P&L:   +$70.50 (+18.9%)  │  Target: $7.44  Stop: $1.86
     [─────────●───────────]  Stop ←→ Target
     💭 Deep ITM put with 0.73 delta and 10 days to expiration offers defined ...

  ⏳ Next check in 3 minutes...

  ─────────────────────────────────────────────────────────────────
  📡 POSITION CHECK — 13:11:28 EDT
  ─────────────────────────────────────────────────────────────────

  🟢 #7  NFLX260515P00092000
     Entry: $3.72  │  Bid: $4.30  Mid: $4.42  Ask: $4.55
     P&L:   +$70.50 (+18.9%)  │  Target: $7.44  Stop: $1.86
     [─────────●───────────]  Stop ←→ Target
     💭 Deep ITM put with 0.73 delta and 10 days to expiration offers defined ...

  ⏳ Next check in 3 minutes...

  ─────────────────────────────────────────────────────────────────
  📡 POSITION CHECK — 13:13:34 EDT
  ─────────────────────────────────────────────────────────────────

  🟢 #7  NFLX260515P00092000
     Entry: $3.72  │  Bid: $4.30  Mid: $4.42  Ask: $4.55
     P&L:   +$70.50 (+18.9%)  │  Target: $7.44  Stop: $1.86
     [─────────●───────────]  Stop ←→ Target
     💭 Deep ITM put with 0.73 delta and 10 days to expiration offers defined ...

  ⏳ Next check in 3 minutes...

  ─────────────────────────────────────────────────────────────────
  📡 POSITION CHECK — 13:14:28 EDT
  ─────────────────────────────────────────────────────────────────

  🟢 #7  NFLX260515P00092000
     Entry: $3.72  │  Bid: $4.30  Mid: $4.42  Ask: $4.55
     P&L:   +$70.50 (+18.9%)  │  Target: $7.44  Stop: $1.86
     [─────────●───────────]  Stop ←→ Target
     💭 Deep ITM put with 0.73 delta and 10 days to expiration offers defined ...

  ⏳ Next check in 3 minutes...

  ─────────────────────────────────────────────────────────────────
  📡 POSITION CHECK — 13:16:34 EDT
  ─────────────────────────────────────────────────────────────────

  🟢 #7  NFLX260515P00092000
     Entry: $3.72  │  Bid: $4.30  Mid: $4.45  Ask: $4.60
     P&L:   +$73.00 (+19.6%)  │  Target: $7.44  Stop: $1.86
     [─────────●───────────]  Stop ←→ Target
     💭 Deep ITM put with 0.73 delta and 10 days to expiration offers defined ...

  ⏳ Next check in 3 minutes...

  Refreshing auth token...

  ─────────────────────────────────────────────────────────────────
  📡 POSITION CHECK — 13:17:30 EDT
  ─────────────────────────────────────────────────────────────────

  🟢 #7  NFLX260515P00092000
     Entry: $3.72  │  Bid: $4.30  Mid: $4.45  Ask: $4.60
     P&L:   +$73.00 (+19.6%)  │  Target: $7.44  Stop: $1.86
     [─────────●───────────]  Stop ←→ Target
     💭 Deep ITM put with 0.73 delta and 10 days to expiration offers defined ...

  ⏳ Next check in 3 minutes...

  Refreshing auth token...

  ─────────────────────────────────────────────────────────────────
  📡 POSITION CHECK — 13:19:36 EDT
  ─────────────────────────────────────────────────────────────────

  🟢 #7  NFLX260515P00092000
     Entry: $3.72  │  Bid: $4.30  Mid: $4.45  Ask: $4.60
     P&L:   +$73.00 (+19.6%)  │  Target: $7.44  Stop: $1.86
     [─────────●───────────]  Stop ←→ Target
     💭 Deep ITM put with 0.73 delta and 10 days to expiration offers defined ...

  ⏳ Next check in 3 minutes...

  ─────────────────────────────────────────────────────────────────
  📡 POSITION CHECK — 13:20:31 EDT
  ─────────────────────────────────────────────────────────────────

  🟢 #7  NFLX260515P00092000
     Entry: $3.72  │  Bid: $4.30  Mid: $4.45  Ask: $4.60
     P&L:   +$73.00 (+19.6%)  │  Target: $7.44  Stop: $1.86
     [─────────●───────────]  Stop ←→ Target
     💭 Deep ITM put with 0.73 delta and 10 days to expiration offers defined ...

  ⏳ Next check in 3 minutes...

  ─────────────────────────────────────────────────────────────────
  📡 POSITION CHECK — 13:22:36 EDT
  ─────────────────────────────────────────────────────────────────

  🟢 #7  NFLX260515P00092000
     Entry: $3.72  │  Bid: $4.30  Mid: $4.45  Ask: $4.60
     P&L:   +$73.00 (+19.6%)  │  Target: $7.44  Stop: $1.86
     [─────────●───────────]  Stop ←→ Target
     💭 Deep ITM put with 0.73 delta and 10 days to expiration offers defined ...

  ⏳ Next check in 3 minutes...

  ─────────────────────────────────────────────────────────────────
  📡 POSITION CHECK — 13:23:31 EDT
  ─────────────────────────────────────────────────────────────────

  🟢 #7  NFLX260515P00092000
     Entry: $3.72  │  Bid: $4.40  Mid: $4.50  Ask: $4.60
     P&L:   +$78.00 (+21.0%)  │  Target: $7.44  Stop: $1.86
     [─────────●───────────]  Stop ←→ Target
     💭 Deep ITM put with 0.73 delta and 10 days to expiration offers defined ...

  ⏳ Next check in 3 minutes...

  ─────────────────────────────────────────────────────────────────
  📡 POSITION CHECK — 13:25:36 EDT
  ─────────────────────────────────────────────────────────────────

  🟢 #7  NFLX260515P00092000
     Entry: $3.72  │  Bid: $4.40  Mid: $4.50  Ask: $4.60
     P&L:   +$78.00 (+21.0%)  │  Target: $7.44  Stop: $1.86
     [─────────●───────────]  Stop ←→ Target
     💭 Deep ITM put with 0.73 delta and 10 days to expiration offers defined ...

  ⏳ Next check in 3 minutes...

  ─────────────────────────────────────────────────────────────────
  📡 POSITION CHECK — 13:26:32 EDT
  ─────────────────────────────────────────────────────────────────

  🟢 #7  NFLX260515P00092000
     Entry: $3.72  │  Bid: $4.35  Mid: $4.47  Ask: $4.60
     P&L:   +$75.50 (+20.3%)  │  Target: $7.44  Stop: $1.86
     [─────────●───────────]  Stop ←→ Target
     💭 Deep ITM put with 0.73 delta and 10 days to expiration offers defined ...

  ⏳ Next check in 3 minutes...

  ─────────────────────────────────────────────────────────────────
  📡 POSITION CHECK — 13:28:37 EDT
  ─────────────────────────────────────────────────────────────────

  🟢 #7  NFLX260515P00092000
     Entry: $3.72  │  Bid: $4.35  Mid: $4.45  Ask: $4.55
     P&L:   +$73.00 (+19.6%)  │  Target: $7.44  Stop: $1.86
     [─────────●───────────]  Stop ←→ Target
     💭 Deep ITM put with 0.73 delta and 10 days to expiration offers defined ...

  ⏳ Next check in 3 minutes...

  ─────────────────────────────────────────────────────────────────
  📡 POSITION CHECK — 13:29:33 EDT
  ─────────────────────────────────────────────────────────────────

  🟢 #7  NFLX260515P00092000
     Entry: $3.72  │  Bid: $4.35  Mid: $4.45  Ask: $4.55
     P&L:   +$73.00 (+19.6%)  │  Target: $7.44  Stop: $1.86
     [─────────●───────────]  Stop ←→ Target
     💭 Deep ITM put with 0.73 delta and 10 days to expiration offers defined ...

  ⏳ Next check in 3 minutes...

  ─────────────────────────────────────────────────────────────────
  📡 POSITION CHECK — 13:31:37 EDT
  ─────────────────────────────────────────────────────────────────

  🟢 #7  NFLX260515P00092000
     Entry: $3.72  │  Bid: $4.30  Mid: $4.40  Ask: $4.50
     P&L:   +$68.00 (+18.3%)  │  Target: $7.44  Stop: $1.86
     [─────────●───────────]  Stop ←→ Target
     💭 Deep ITM put with 0.73 delta and 10 days to expiration offers defined ...

  ⏳ Next check in 3 minutes...

  ─────────────────────────────────────────────────────────────────
  📡 POSITION CHECK — 13:32:33 EDT
  ─────────────────────────────────────────────────────────────────

  🟢 #7  NFLX260515P00092000
     Entry: $3.72  │  Bid: $4.30  Mid: $4.40  Ask: $4.50
     P&L:   +$68.00 (+18.3%)  │  Target: $7.44  Stop: $1.86
     [─────────●───────────]  Stop ←→ Target
     💭 Deep ITM put with 0.73 delta and 10 days to expiration offers defined ...

  ⏳ Next check in 3 minutes...

  ─────────────────────────────────────────────────────────────────
  📡 POSITION CHECK — 13:34:38 EDT
  ─────────────────────────────────────────────────────────────────

  🟢 #7  NFLX260515P00092000
     Entry: $3.72  │  Bid: $4.25  Mid: $4.35  Ask: $4.45
     P&L:   +$63.00 (+16.9%)  │  Target: $7.44  Stop: $1.86
     [────────●────────────]  Stop ←→ Target
     💭 Deep ITM put with 0.73 delta and 10 days to expiration offers defined ...

  ⏳ Next check in 3 minutes...

  ─────────────────────────────────────────────────────────────────
  📡 POSITION CHECK — 13:35:34 EDT
  ─────────────────────────────────────────────────────────────────

  🟢 #7  NFLX260515P00092000
     Entry: $3.72  │  Bid: $4.25  Mid: $4.35  Ask: $4.45
     P&L:   +$63.00 (+16.9%)  │  Target: $7.44  Stop: $1.86
     [────────●────────────]  Stop ←→ Target
     💭 Deep ITM put with 0.73 delta and 10 days to expiration offers defined ...

  ⏳ Next check in 3 minutes...

  ─────────────────────────────────────────────────────────────────
  📡 POSITION CHECK — 13:37:38 EDT
  ─────────────────────────────────────────────────────────────────

  🟢 #7  NFLX260515P00092000
     Entry: $3.72  │  Bid: $4.25  Mid: $4.35  Ask: $4.45
     P&L:   +$63.00 (+16.9%)  │  Target: $7.44  Stop: $1.86
     [────────●────────────]  Stop ←→ Target
     💭 Deep ITM put with 0.73 delta and 10 days to expiration offers defined ...

  ⏳ Next check in 3 minutes...

  ─────────────────────────────────────────────────────────────────
  📡 POSITION CHECK — 13:38:34 EDT
  ─────────────────────────────────────────────────────────────────

  🟢 #7  NFLX260515P00092000
     Entry: $3.72  │  Bid: $4.25  Mid: $4.35  Ask: $4.45
     P&L:   +$63.00 (+16.9%)  │  Target: $7.44  Stop: $1.86
     [────────●────────────]  Stop ←→ Target
     💭 Deep ITM put with 0.73 delta and 10 days to expiration offers defined ...

  ⏳ Next check in 3 minutes...

  ─────────────────────────────────────────────────────────────────
  📡 POSITION CHECK — 13:40:39 EDT
  ─────────────────────────────────────────────────────────────────

  🟢 #7  NFLX260515P00092000
     Entry: $3.72  │  Bid: $4.30  Mid: $4.42  Ask: $4.55
     P&L:   +$70.50 (+18.9%)  │  Target: $7.44  Stop: $1.86
     [─────────●───────────]  Stop ←→ Target
     💭 Deep ITM put with 0.73 delta and 10 days to expiration offers defined ...

  ⏳ Next check in 3 minutes...

  ─────────────────────────────────────────────────────────────────
  📡 POSITION CHECK — 13:41:35 EDT
  ─────────────────────────────────────────────────────────────────

  🟢 #7  NFLX260515P00092000
     Entry: $3.72  │  Bid: $4.30  Mid: $4.42  Ask: $4.55
     P&L:   +$70.50 (+18.9%)  │  Target: $7.44  Stop: $1.86
     [─────────●───────────]  Stop ←→ Target
     💭 Deep ITM put with 0.73 delta and 10 days to expiration offers defined ...

  ⏳ Next check in 3 minutes...

  ─────────────────────────────────────────────────────────────────
  📡 POSITION CHECK — 13:43:39 EDT
  ─────────────────────────────────────────────────────────────────

  🟢 #7  NFLX260515P00092000
     Entry: $3.72  │  Bid: $4.30  Mid: $4.42  Ask: $4.55
     P&L:   +$70.50 (+18.9%)  │  Target: $7.44  Stop: $1.86
     [─────────●───────────]  Stop ←→ Target
     💭 Deep ITM put with 0.73 delta and 10 days to expiration offers defined ...

  ⏳ Next check in 3 minutes...

  ─────────────────────────────────────────────────────────────────
  📡 POSITION CHECK — 13:44:36 EDT
  ─────────────────────────────────────────────────────────────────

  🟢 #7  NFLX260515P00092000
     Entry: $3.72  │  Bid: $4.30  Mid: $4.42  Ask: $4.55
     P&L:   +$70.50 (+18.9%)  │  Target: $7.44  Stop: $1.86
     [─────────●───────────]  Stop ←→ Target
     💭 Deep ITM put with 0.73 delta and 10 days to expiration offers defined ...

  ⏳ Next check in 3 minutes...

  ─────────────────────────────────────────────────────────────────
  📡 POSITION CHECK — 13:46:39 EDT
  ─────────────────────────────────────────────────────────────────

  🟢 #7  NFLX260515P00092000
     Entry: $3.72  │  Bid: $4.35  Mid: $4.47  Ask: $4.60
     P&L:   +$75.50 (+20.3%)  │  Target: $7.44  Stop: $1.86
     [─────────●───────────]  Stop ←→ Target
     💭 Deep ITM put with 0.73 delta and 10 days to expiration offers defined ...

  ⏳ Next check in 3 minutes...

  ─────────────────────────────────────────────────────────────────
  📡 POSITION CHECK — 13:47:37 EDT
  ─────────────────────────────────────────────────────────────────

  🟢 #7  NFLX260515P00092000
     Entry: $3.72  │  Bid: $4.35  Mid: $4.47  Ask: $4.60
     P&L:   +$75.50 (+20.3%)  │  Target: $7.44  Stop: $1.86
     [─────────●───────────]  Stop ←→ Target
     💭 Deep ITM put with 0.73 delta and 10 days to expiration offers defined ...

  ⏳ Next check in 3 minutes...

  ─────────────────────────────────────────────────────────────────
  📡 POSITION CHECK — 13:49:40 EDT
  ─────────────────────────────────────────────────────────────────

  🟢 #7  NFLX260515P00092000
     Entry: $3.72  │  Bid: $4.30  Mid: $4.45  Ask: $4.60
     P&L:   +$73.00 (+19.6%)  │  Target: $7.44  Stop: $1.86
     [─────────●───────────]  Stop ←→ Target
     💭 Deep ITM put with 0.73 delta and 10 days to expiration offers defined ...

  ⏳ Next check in 3 minutes...

  ─────────────────────────────────────────────────────────────────
  📡 POSITION CHECK — 13:50:37 EDT
  ─────────────────────────────────────────────────────────────────

  🟢 #7  NFLX260515P00092000
     Entry: $3.72  │  Bid: $4.30  Mid: $4.45  Ask: $4.60
     P&L:   +$73.00 (+19.6%)  │  Target: $7.44  Stop: $1.86
     [─────────●───────────]  Stop ←→ Target
     💭 Deep ITM put with 0.73 delta and 10 days to expiration offers defined ...

  ⏳ Next check in 3 minutes...

  ─────────────────────────────────────────────────────────────────
  📡 POSITION CHECK — 13:52:41 EDT
  ─────────────────────────────────────────────────────────────────

  🟢 #7  NFLX260515P00092000
     Entry: $3.72  │  Bid: $4.30  Mid: $4.40  Ask: $4.50
     P&L:   +$68.00 (+18.3%)  │  Target: $7.44  Stop: $1.86
     [─────────●───────────]  Stop ←→ Target
     💭 Deep ITM put with 0.73 delta and 10 days to expiration offers defined ...

  ⏳ Next check in 3 minutes...

  ─────────────────────────────────────────────────────────────────
  📡 POSITION CHECK — 13:53:38 EDT
  ─────────────────────────────────────────────────────────────────

  🟢 #7  NFLX260515P00092000
     Entry: $3.72  │  Bid: $4.30  Mid: $4.40  Ask: $4.50
     P&L:   +$68.00 (+18.3%)  │  Target: $7.44  Stop: $1.86
     [─────────●───────────]  Stop ←→ Target
     💭 Deep ITM put with 0.73 delta and 10 days to expiration offers defined ...

  ⏳ Next check in 3 minutes...

  ─────────────────────────────────────────────────────────────────
  📡 POSITION CHECK — 13:55:42 EDT
  ─────────────────────────────────────────────────────────────────

  🟢 #7  NFLX260515P00092000
     Entry: $3.72  │  Bid: $4.25  Mid: $4.38  Ask: $4.50
     P&L:   +$65.50 (+17.6%)  │  Target: $7.44  Stop: $1.86
     [─────────●───────────]  Stop ←→ Target
     💭 Deep ITM put with 0.73 delta and 10 days to expiration offers defined ...

  ⏳ Next check in 3 minutes...

  ─────────────────────────────────────────────────────────────────
  📡 POSITION CHECK — 13:56:38 EDT
  ─────────────────────────────────────────────────────────────────

  🟢 #7  NFLX260515P00092000
     Entry: $3.72  │  Bid: $4.25  Mid: $4.38  Ask: $4.50
     P&L:   +$65.50 (+17.6%)  │  Target: $7.44  Stop: $1.86
     [─────────●───────────]  Stop ←→ Target
     💭 Deep ITM put with 0.73 delta and 10 days to expiration offers defined ...

  ⏳ Next check in 3 minutes...

  ─────────────────────────────────────────────────────────────────
  📡 POSITION CHECK — 13:58:42 EDT
  ─────────────────────────────────────────────────────────────────

  🟢 #7  NFLX260515P00092000
     Entry: $3.72  │  Bid: $4.25  Mid: $4.38  Ask: $4.50
     P&L:   +$65.50 (+17.6%)  │  Target: $7.44  Stop: $1.86
     [─────────●───────────]  Stop ←→ Target
     💭 Deep ITM put with 0.73 delta and 10 days to expiration offers defined ...

  ⏳ Next check in 3 minutes...

  ─────────────────────────────────────────────────────────────────
  📡 POSITION CHECK — 13:59:39 EDT
  ─────────────────────────────────────────────────────────────────

  🟢 #7  NFLX260515P00092000
     Entry: $3.72  │  Bid: $4.25  Mid: $4.38  Ask: $4.50
     P&L:   +$65.50 (+17.6%)  │  Target: $7.44  Stop: $1.86
     [─────────●───────────]  Stop ←→ Target
     💭 Deep ITM put with 0.73 delta and 10 days to expiration offers defined ...

  ⏳ Next check in 3 minutes...

  ─────────────────────────────────────────────────────────────────
  📡 POSITION CHECK — 14:01:43 EDT
  ─────────────────────────────────────────────────────────────────

  🟢 #7  NFLX260515P00092000
     Entry: $3.72  │  Bid: $4.30  Mid: $4.40  Ask: $4.50
     P&L:   +$68.00 (+18.3%)  │  Target: $7.44  Stop: $1.86
     [─────────●───────────]  Stop ←→ Target
     💭 Deep ITM put with 0.73 delta and 10 days to expiration offers defined ...

  ⏳ Next check in 3 minutes...

  ─────────────────────────────────────────────────────────────────
  📡 POSITION CHECK — 14:02:39 EDT
  ─────────────────────────────────────────────────────────────────

  🟢 #7  NFLX260515P00092000
     Entry: $3.72  │  Bid: $4.30  Mid: $4.40  Ask: $4.50
     P&L:   +$68.00 (+18.3%)  │  Target: $7.44  Stop: $1.86
     [─────────●───────────]  Stop ←→ Target
     💭 Deep ITM put with 0.73 delta and 10 days to expiration offers defined ...

  ⏳ Next check in 3 minutes...

  ─────────────────────────────────────────────────────────────────
  📡 POSITION CHECK — 14:04:43 EDT
  ─────────────────────────────────────────────────────────────────

  🟢 #7  NFLX260515P00092000
     Entry: $3.72  │  Bid: $4.35  Mid: $4.42  Ask: $4.50
     P&L:   +$70.50 (+18.9%)  │  Target: $7.44  Stop: $1.86
     [─────────●───────────]  Stop ←→ Target
     💭 Deep ITM put with 0.73 delta and 10 days to expiration offers defined ...

  ⏳ Next check in 3 minutes...

  ─────────────────────────────────────────────────────────────────
  📡 POSITION CHECK — 14:05:40 EDT
  ─────────────────────────────────────────────────────────────────

  🟢 #7  NFLX260515P00092000
     Entry: $3.72  │  Bid: $4.35  Mid: $4.42  Ask: $4.50
     P&L:   +$70.50 (+18.9%)  │  Target: $7.44  Stop: $1.86
     [─────────●───────────]  Stop ←→ Target
     💭 Deep ITM put with 0.73 delta and 10 days to expiration offers defined ...

  ⏳ Next check in 3 minutes...

  ─────────────────────────────────────────────────────────────────
  📡 POSITION CHECK — 14:07:44 EDT
  ─────────────────────────────────────────────────────────────────

  🟢 #7  NFLX260515P00092000
     Entry: $3.72  │  Bid: $4.35  Mid: $4.42  Ask: $4.50
     P&L:   +$70.50 (+18.9%)  │  Target: $7.44  Stop: $1.86
     [─────────●───────────]  Stop ←→ Target
     💭 Deep ITM put with 0.73 delta and 10 days to expiration offers defined ...

  ⏳ Next check in 3 minutes...

  ─────────────────────────────────────────────────────────────────
  📡 POSITION CHECK — 14:08:40 EDT
  ─────────────────────────────────────────────────────────────────

  🟢 #7  NFLX260515P00092000
     Entry: $3.72  │  Bid: $4.35  Mid: $4.45  Ask: $4.55
     P&L:   +$73.00 (+19.6%)  │  Target: $7.44  Stop: $1.86
     [─────────●───────────]  Stop ←→ Target
     💭 Deep ITM put with 0.73 delta and 10 days to expiration offers defined ...

  ⏳ Next check in 3 minutes...

  ─────────────────────────────────────────────────────────────────
  📡 POSITION CHECK — 14:10:44 EDT
  ─────────────────────────────────────────────────────────────────

  🟢 #7  NFLX260515P00092000
     Entry: $3.72  │  Bid: $4.35  Mid: $4.45  Ask: $4.55
     P&L:   +$73.00 (+19.6%)  │  Target: $7.44  Stop: $1.86
     [─────────●───────────]  Stop ←→ Target
     💭 Deep ITM put with 0.73 delta and 10 days to expiration offers defined ...

  ⏳ Next check in 3 minutes...

  ─────────────────────────────────────────────────────────────────
  📡 POSITION CHECK — 14:11:41 EDT
  ─────────────────────────────────────────────────────────────────

  🟢 #7  NFLX260515P00092000
     Entry: $3.72  │  Bid: $4.35  Mid: $4.45  Ask: $4.55
     P&L:   +$73.00 (+19.6%)  │  Target: $7.44  Stop: $1.86
     [─────────●───────────]  Stop ←→ Target
     💭 Deep ITM put with 0.73 delta and 10 days to expiration offers defined ...

  ⏳ Next check in 3 minutes...

  ─────────────────────────────────────────────────────────────────
  📡 POSITION CHECK — 14:13:45 EDT
  ─────────────────────────────────────────────────────────────────

  🟢 #7  NFLX260515P00092000
     Entry: $3.72  │  Bid: $4.35  Mid: $4.45  Ask: $4.55
     P&L:   +$73.00 (+19.6%)  │  Target: $7.44  Stop: $1.86
     [─────────●───────────]  Stop ←→ Target
     💭 Deep ITM put with 0.73 delta and 10 days to expiration offers defined ...

  ⏳ Next check in 3 minutes...

  Refreshing auth token...

  ─────────────────────────────────────────────────────────────────
  📡 POSITION CHECK — 14:14:43 EDT
  ─────────────────────────────────────────────────────────────────

  🟢 #7  NFLX260515P00092000
     Entry: $3.72  │  Bid: $4.35  Mid: $4.45  Ask: $4.55
     P&L:   +$73.00 (+19.6%)  │  Target: $7.44  Stop: $1.86
     [─────────●───────────]  Stop ←→ Target
     💭 Deep ITM put with 0.73 delta and 10 days to expiration offers defined ...

  ⏳ Next check in 3 minutes...

  Refreshing auth token...

  ─────────────────────────────────────────────────────────────────
  📡 POSITION CHECK — 14:16:46 EDT
  ─────────────────────────────────────────────────────────────────

  🟢 #7  NFLX260515P00092000
     Entry: $3.72  │  Bid: $4.30  Mid: $4.40  Ask: $4.50
     P&L:   +$68.00 (+18.3%)  │  Target: $7.44  Stop: $1.86
     [─────────●───────────]  Stop ←→ Target
     💭 Deep ITM put with 0.73 delta and 10 days to expiration offers defined ...

  ⏳ Next check in 3 minutes...

  ─────────────────────────────────────────────────────────────────
  📡 POSITION CHECK — 14:17:44 EDT
  ─────────────────────────────────────────────────────────────────

  🟢 #7  NFLX260515P00092000
     Entry: $3.72  │  Bid: $4.30  Mid: $4.38  Ask: $4.45
     P&L:   +$65.50 (+17.6%)  │  Target: $7.44  Stop: $1.86
     [─────────●───────────]  Stop ←→ Target
     💭 Deep ITM put with 0.73 delta and 10 days to expiration offers defined ...

  ⏳ Next check in 3 minutes...

  ─────────────────────────────────────────────────────────────────
  📡 POSITION CHECK — 14:19:46 EDT
  ─────────────────────────────────────────────────────────────────

  🟢 #7  NFLX260515P00092000
     Entry: $3.72  │  Bid: $4.30  Mid: $4.40  Ask: $4.50
     P&L:   +$68.00 (+18.3%)  │  Target: $7.44  Stop: $1.86
     [─────────●───────────]  Stop ←→ Target
     💭 Deep ITM put with 0.73 delta and 10 days to expiration offers defined ...

  ⏳ Next check in 3 minutes...

  ─────────────────────────────────────────────────────────────────
  📡 POSITION CHECK — 14:20:44 EDT
  ─────────────────────────────────────────────────────────────────

  🟢 #7  NFLX260515P00092000
     Entry: $3.72  │  Bid: $4.30  Mid: $4.42  Ask: $4.55
     P&L:   +$70.50 (+18.9%)  │  Target: $7.44  Stop: $1.86
     [─────────●───────────]  Stop ←→ Target
     💭 Deep ITM put with 0.73 delta and 10 days to expiration offers defined ...

  ⏳ Next check in 3 minutes...

  ─────────────────────────────────────────────────────────────────
  📡 POSITION CHECK — 14:22:47 EDT
  ─────────────────────────────────────────────────────────────────

  🟢 #7  NFLX260515P00092000
     Entry: $3.72  │  Bid: $4.30  Mid: $4.42  Ask: $4.55
     P&L:   +$70.50 (+18.9%)  │  Target: $7.44  Stop: $1.86
     [─────────●───────────]  Stop ←→ Target
     💭 Deep ITM put with 0.73 delta and 10 days to expiration offers defined ...

  ⏳ Next check in 3 minutes...

  ─────────────────────────────────────────────────────────────────
  📡 POSITION CHECK — 14:23:45 EDT
  ─────────────────────────────────────────────────────────────────

  🟢 #7  NFLX260515P00092000
     Entry: $3.72  │  Bid: $4.30  Mid: $4.42  Ask: $4.55
     P&L:   +$70.50 (+18.9%)  │  Target: $7.44  Stop: $1.86
     [─────────●───────────]  Stop ←→ Target
     💭 Deep ITM put with 0.73 delta and 10 days to expiration offers defined ...

  ⏳ Next check in 3 minutes...

  ─────────────────────────────────────────────────────────────────
  📡 POSITION CHECK — 14:25:47 EDT
  ─────────────────────────────────────────────────────────────────

  🟢 #7  NFLX260515P00092000
     Entry: $3.72  │  Bid: $4.30  Mid: $4.40  Ask: $4.50
     P&L:   +$68.00 (+18.3%)  │  Target: $7.44  Stop: $1.86
     [─────────●───────────]  Stop ←→ Target
     💭 Deep ITM put with 0.73 delta and 10 days to expiration offers defined ...

  ⏳ Next check in 3 minutes...

  ─────────────────────────────────────────────────────────────────
  📡 POSITION CHECK — 14:26:45 EDT
  ─────────────────────────────────────────────────────────────────

  🟢 #7  NFLX260515P00092000
     Entry: $3.72  │  Bid: $4.30  Mid: $4.40  Ask: $4.50
     P&L:   +$68.00 (+18.3%)  │  Target: $7.44  Stop: $1.86
     [─────────●───────────]  Stop ←→ Target
     💭 Deep ITM put with 0.73 delta and 10 days to expiration offers defined ...

  ⏳ Next check in 3 minutes...

  ─────────────────────────────────────────────────────────────────
  📡 POSITION CHECK — 14:28:47 EDT
  ─────────────────────────────────────────────────────────────────

  🟢 #7  NFLX260515P00092000
     Entry: $3.72  │  Bid: $4.30  Mid: $4.40  Ask: $4.50
     P&L:   +$68.00 (+18.3%)  │  Target: $7.44  Stop: $1.86
     [─────────●───────────]  Stop ←→ Target
     💭 Deep ITM put with 0.73 delta and 10 days to expiration offers defined ...

  ⏳ Next check in 3 minutes...

  ─────────────────────────────────────────────────────────────────
  📡 POSITION CHECK — 14:29:46 EDT
  ─────────────────────────────────────────────────────────────────

  🟢 #7  NFLX260515P00092000
     Entry: $3.72  │  Bid: $4.25  Mid: $4.38  Ask: $4.50
     P&L:   +$65.50 (+17.6%)  │  Target: $7.44  Stop: $1.86
     [─────────●───────────]  Stop ←→ Target
     💭 Deep ITM put with 0.73 delta and 10 days to expiration offers defined ...

  ⏳ Next check in 3 minutes...

  ─────────────────────────────────────────────────────────────────
  📡 POSITION CHECK — 14:31:48 EDT
  ─────────────────────────────────────────────────────────────────

  🟢 #7  NFLX260515P00092000
     Entry: $3.72  │  Bid: $4.25  Mid: $4.35  Ask: $4.45
     P&L:   +$63.00 (+16.9%)  │  Target: $7.44  Stop: $1.86
     [────────●────────────]  Stop ←→ Target
     💭 Deep ITM put with 0.73 delta and 10 days to expiration offers defined ...

  ⏳ Next check in 3 minutes...

  ─────────────────────────────────────────────────────────────────
  📡 POSITION CHECK — 14:32:47 EDT
  ─────────────────────────────────────────────────────────────────

  🟢 #7  NFLX260515P00092000
     Entry: $3.72  │  Bid: $4.25  Mid: $4.35  Ask: $4.45
     P&L:   +$63.00 (+16.9%)  │  Target: $7.44  Stop: $1.86
     [────────●────────────]  Stop ←→ Target
     💭 Deep ITM put with 0.73 delta and 10 days to expiration offers defined ...

  ⏳ Next check in 3 minutes...

  ─────────────────────────────────────────────────────────────────
  📡 POSITION CHECK — 14:34:48 EDT
  ─────────────────────────────────────────────────────────────────

  🟢 #7  NFLX260515P00092000
     Entry: $3.72  │  Bid: $4.25  Mid: $4.35  Ask: $4.45
     P&L:   +$63.00 (+16.9%)  │  Target: $7.44  Stop: $1.86
     [────────●────────────]  Stop ←→ Target
     💭 Deep ITM put with 0.73 delta and 10 days to expiration offers defined ...

  ⏳ Next check in 3 minutes...

  ─────────────────────────────────────────────────────────────────
  📡 POSITION CHECK — 14:35:47 EDT
  ─────────────────────────────────────────────────────────────────

  🟢 #7  NFLX260515P00092000
     Entry: $3.72  │  Bid: $4.25  Mid: $4.35  Ask: $4.45
     P&L:   +$63.00 (+16.9%)  │  Target: $7.44  Stop: $1.86
     [────────●────────────]  Stop ←→ Target
     💭 Deep ITM put with 0.73 delta and 10 days to expiration offers defined ...

  ⏳ Next check in 3 minutes...

  ─────────────────────────────────────────────────────────────────
  📡 POSITION CHECK — 14:37:49 EDT
  ─────────────────────────────────────────────────────────────────

  🟢 #7  NFLX260515P00092000
     Entry: $3.72  │  Bid: $4.25  Mid: $4.35  Ask: $4.45
     P&L:   +$63.00 (+16.9%)  │  Target: $7.44  Stop: $1.86
     [────────●────────────]  Stop ←→ Target
     💭 Deep ITM put with 0.73 delta and 10 days to expiration offers defined ...

  ⏳ Next check in 3 minutes...

  ─────────────────────────────────────────────────────────────────
  📡 POSITION CHECK — 14:38:48 EDT
  ─────────────────────────────────────────────────────────────────

  🟢 #7  NFLX260515P00092000
     Entry: $3.72  │  Bid: $4.30  Mid: $4.38  Ask: $4.45
     P&L:   +$65.50 (+17.6%)  │  Target: $7.44  Stop: $1.86
     [─────────●───────────]  Stop ←→ Target
     💭 Deep ITM put with 0.73 delta and 10 days to expiration offers defined ...

  ⏳ Next check in 3 minutes...

  ─────────────────────────────────────────────────────────────────
  📡 POSITION CHECK — 14:40:49 EDT
  ─────────────────────────────────────────────────────────────────

  🟢 #7  NFLX260515P00092000
     Entry: $3.72  │  Bid: $4.30  Mid: $4.38  Ask: $4.45
     P&L:   +$65.50 (+17.6%)  │  Target: $7.44  Stop: $1.86
     [─────────●───────────]  Stop ←→ Target
     💭 Deep ITM put with 0.73 delta and 10 days to expiration offers defined ...

  ⏳ Next check in 3 minutes...

  ─────────────────────────────────────────────────────────────────
  📡 POSITION CHECK — 14:41:48 EDT
  ─────────────────────────────────────────────────────────────────

  🟢 #7  NFLX260515P00092000
     Entry: $3.72  │  Bid: $4.30  Mid: $4.38  Ask: $4.45
     P&L:   +$65.50 (+17.6%)  │  Target: $7.44  Stop: $1.86
     [─────────●───────────]  Stop ←→ Target
     💭 Deep ITM put with 0.73 delta and 10 days to expiration offers defined ...

  ⏳ Next check in 3 minutes...

  ─────────────────────────────────────────────────────────────────
  📡 POSITION CHECK — 14:43:50 EDT
  ─────────────────────────────────────────────────────────────────

  🟢 #7  NFLX260515P00092000
     Entry: $3.72  │  Bid: $4.30  Mid: $4.38  Ask: $4.45
     P&L:   +$65.50 (+17.6%)  │  Target: $7.44  Stop: $1.86
     [─────────●───────────]  Stop ←→ Target
     💭 Deep ITM put with 0.73 delta and 10 days to expiration offers defined ...

  ⏳ Next check in 3 minutes...

  ─────────────────────────────────────────────────────────────────
  📡 POSITION CHECK — 14:44:49 EDT
  ─────────────────────────────────────────────────────────────────

  🟢 #7  NFLX260515P00092000
     Entry: $3.72  │  Bid: $4.30  Mid: $4.38  Ask: $4.45
     P&L:   +$65.50 (+17.6%)  │  Target: $7.44  Stop: $1.86
     [─────────●───────────]  Stop ←→ Target
     💭 Deep ITM put with 0.73 delta and 10 days to expiration offers defined ...

  ⏳ Next check in 3 minutes...

  ─────────────────────────────────────────────────────────────────
  📡 POSITION CHECK — 14:46:50 EDT
  ─────────────────────────────────────────────────────────────────

  🟢 #7  NFLX260515P00092000
     Entry: $3.72  │  Bid: $4.30  Mid: $4.38  Ask: $4.45
     P&L:   +$65.50 (+17.6%)  │  Target: $7.44  Stop: $1.86
     [─────────●───────────]  Stop ←→ Target
     💭 Deep ITM put with 0.73 delta and 10 days to expiration offers defined ...

  ⏳ Next check in 3 minutes...

  ─────────────────────────────────────────────────────────────────
  📡 POSITION CHECK — 14:47:50 EDT
  ─────────────────────────────────────────────────────────────────

  🟢 #7  NFLX260515P00092000
     Entry: $3.72  │  Bid: $4.30  Mid: $4.38  Ask: $4.45
     P&L:   +$65.50 (+17.6%)  │  Target: $7.44  Stop: $1.86
     [─────────●───────────]  Stop ←→ Target
     💭 Deep ITM put with 0.73 delta and 10 days to expiration offers defined ...

  ⏳ Next check in 3 minutes...

  ─────────────────────────────────────────────────────────────────
  📡 POSITION CHECK — 14:49:50 EDT
  ─────────────────────────────────────────────────────────────────

  🟢 #7  NFLX260515P00092000
     Entry: $3.72  │  Bid: $4.30  Mid: $4.38  Ask: $4.45
     P&L:   +$65.50 (+17.6%)  │  Target: $7.44  Stop: $1.86
     [─────────●───────────]  Stop ←→ Target
     💭 Deep ITM put with 0.73 delta and 10 days to expiration offers defined ...

  ⏳ Next check in 3 minutes...

  ─────────────────────────────────────────────────────────────────
  📡 POSITION CHECK — 14:50:50 EDT
  ─────────────────────────────────────────────────────────────────

  🟢 #7  NFLX260515P00092000
     Entry: $3.72  │  Bid: $4.35  Mid: $4.42  Ask: $4.50
     P&L:   +$70.50 (+18.9%)  │  Target: $7.44  Stop: $1.86
     [─────────●───────────]  Stop ←→ Target
     💭 Deep ITM put with 0.73 delta and 10 days to expiration offers defined ...

  ⏳ Next check in 3 minutes...

  ─────────────────────────────────────────────────────────────────
  📡 POSITION CHECK — 14:52:51 EDT
  ─────────────────────────────────────────────────────────────────

  🟢 #7  NFLX260515P00092000
     Entry: $3.72  │  Bid: $4.35  Mid: $4.42  Ask: $4.50
     P&L:   +$70.50 (+18.9%)  │  Target: $7.44  Stop: $1.86
     [─────────●───────────]  Stop ←→ Target
     💭 Deep ITM put with 0.73 delta and 10 days to expiration offers defined ...

  ⏳ Next check in 3 minutes...

  ─────────────────────────────────────────────────────────────────
  📡 POSITION CHECK — 14:53:51 EDT
  ─────────────────────────────────────────────────────────────────

  🟢 #7  NFLX260515P00092000
     Entry: $3.72  │  Bid: $4.35  Mid: $4.42  Ask: $4.50
     P&L:   +$70.50 (+18.9%)  │  Target: $7.44  Stop: $1.86
     [─────────●───────────]  Stop ←→ Target
     💭 Deep ITM put with 0.73 delta and 10 days to expiration offers defined ...

  ⏳ Next check in 3 minutes...

  ─────────────────────────────────────────────────────────────────
  📡 POSITION CHECK — 14:55:51 EDT
  ─────────────────────────────────────────────────────────────────

  🟢 #7  NFLX260515P00092000
     Entry: $3.72  │  Bid: $4.35  Mid: $4.42  Ask: $4.50
     P&L:   +$70.50 (+18.9%)  │  Target: $7.44  Stop: $1.86
     [─────────●───────────]  Stop ←→ Target
     💭 Deep ITM put with 0.73 delta and 10 days to expiration offers defined ...

  ⏳ Next check in 3 minutes...

  ─────────────────────────────────────────────────────────────────
  📡 POSITION CHECK — 14:56:51 EDT
  ─────────────────────────────────────────────────────────────────

  🟢 #7  NFLX260515P00092000
     Entry: $3.72  │  Bid: $4.35  Mid: $4.42  Ask: $4.50
     P&L:   +$70.50 (+18.9%)  │  Target: $7.44  Stop: $1.86
     [─────────●───────────]  Stop ←→ Target
     💭 Deep ITM put with 0.73 delta and 10 days to expiration offers defined ...

  ⏳ Next check in 3 minutes...

  ─────────────────────────────────────────────────────────────────
  📡 POSITION CHECK — 14:58:52 EDT
  ─────────────────────────────────────────────────────────────────

  🟢 #7  NFLX260515P00092000
     Entry: $3.72  │  Bid: $4.35  Mid: $4.42  Ask: $4.50
     P&L:   +$70.50 (+18.9%)  │  Target: $7.44  Stop: $1.86
     [─────────●───────────]  Stop ←→ Target
     💭 Deep ITM put with 0.73 delta and 10 days to expiration offers defined ...

  ⏳ Next check in 3 minutes...

  ─────────────────────────────────────────────────────────────────
  📡 POSITION CHECK — 14:59:52 EDT
  ─────────────────────────────────────────────────────────────────

  🟢 #7  NFLX260515P00092000
     Entry: $3.72  │  Bid: $4.35  Mid: $4.42  Ask: $4.50
     P&L:   +$70.50 (+18.9%)  │  Target: $7.44  Stop: $1.86
     [─────────●───────────]  Stop ←→ Target
     💭 Deep ITM put with 0.73 delta and 10 days to expiration offers defined ...

  ⏳ Next check in 3 minutes...

  ─────────────────────────────────────────────────────────────────
  📡 POSITION CHECK — 15:01:52 EDT
  ─────────────────────────────────────────────────────────────────

  🟢 #7  NFLX260515P00092000
     Entry: $3.72  │  Bid: $4.35  Mid: $4.42  Ask: $4.50
     P&L:   +$70.50 (+18.9%)  │  Target: $7.44  Stop: $1.86
     [─────────●───────────]  Stop ←→ Target
     💭 Deep ITM put with 0.73 delta and 10 days to expiration offers defined ...

  ⏳ Next check in 3 minutes...

  ─────────────────────────────────────────────────────────────────
  📡 POSITION CHECK — 15:02:53 EDT
  ─────────────────────────────────────────────────────────────────

  🟢 #7  NFLX260515P00092000
     Entry: $3.72  │  Bid: $4.35  Mid: $4.42  Ask: $4.50
     P&L:   +$70.50 (+18.9%)  │  Target: $7.44  Stop: $1.86
     [─────────●───────────]  Stop ←→ Target
     💭 Deep ITM put with 0.73 delta and 10 days to expiration offers defined ...

  ⏳ Next check in 3 minutes...

  ─────────────────────────────────────────────────────────────────
  📡 POSITION CHECK — 15:04:53 EDT
  ─────────────────────────────────────────────────────────────────

  🟢 #7  NFLX260515P00092000
     Entry: $3.72  │  Bid: $4.35  Mid: $4.42  Ask: $4.50
     P&L:   +$70.50 (+18.9%)  │  Target: $7.44  Stop: $1.86
     [─────────●───────────]  Stop ←→ Target
     💭 Deep ITM put with 0.73 delta and 10 days to expiration offers defined ...

  ⏳ Next check in 3 minutes...

  ─────────────────────────────────────────────────────────────────
  📡 POSITION CHECK — 15:05:53 EDT
  ─────────────────────────────────────────────────────────────────

  🟢 #7  NFLX260515P00092000
     Entry: $3.72  │  Bid: $4.35  Mid: $4.42  Ask: $4.50
     P&L:   +$70.50 (+18.9%)  │  Target: $7.44  Stop: $1.86
     [─────────●───────────]  Stop ←→ Target
     💭 Deep ITM put with 0.73 delta and 10 days to expiration offers defined ...

  ⏳ Next check in 3 minutes...

  ─────────────────────────────────────────────────────────────────
  📡 POSITION CHECK — 15:07:53 EDT
  ─────────────────────────────────────────────────────────────────

  🟢 #7  NFLX260515P00092000
     Entry: $3.72  │  Bid: $4.35  Mid: $4.42  Ask: $4.50
     P&L:   +$70.50 (+18.9%)  │  Target: $7.44  Stop: $1.86
     [─────────●───────────]  Stop ←→ Target
     💭 Deep ITM put with 0.73 delta and 10 days to expiration offers defined ...

  ⏳ Next check in 3 minutes...

  ─────────────────────────────────────────────────────────────────
  📡 POSITION CHECK — 15:08:54 EDT
  ─────────────────────────────────────────────────────────────────

  🟢 #7  NFLX260515P00092000
     Entry: $3.72  │  Bid: $4.35  Mid: $4.42  Ask: $4.50
     P&L:   +$70.50 (+18.9%)  │  Target: $7.44  Stop: $1.86
     [─────────●───────────]  Stop ←→ Target
     💭 Deep ITM put with 0.73 delta and 10 days to expiration offers defined ...

  ⏳ Next check in 3 minutes...

  ─────────────────────────────────────────────────────────────────
  📡 POSITION CHECK — 15:10:53 EDT
  ─────────────────────────────────────────────────────────────────

  🟢 #7  NFLX260515P00092000
     Entry: $3.72  │  Bid: $4.35  Mid: $4.45  Ask: $4.55
     P&L:   +$73.00 (+19.6%)  │  Target: $7.44  Stop: $1.86
     [─────────●───────────]  Stop ←→ Target
     💭 Deep ITM put with 0.73 delta and 10 days to expiration offers defined ...

  ⏳ Next check in 3 minutes...

  Refreshing auth token...

  ─────────────────────────────────────────────────────────────────
  📡 POSITION CHECK — 15:11:56 EDT
  ─────────────────────────────────────────────────────────────────

  🟢 #7  NFLX260515P00092000
     Entry: $3.72  │  Bid: $4.35  Mid: $4.45  Ask: $4.55
     P&L:   +$73.00 (+19.6%)  │  Target: $7.44  Stop: $1.86
     [─────────●───────────]  Stop ←→ Target
     💭 Deep ITM put with 0.73 delta and 10 days to expiration offers defined ...

  ⏳ Next check in 3 minutes...

  Refreshing auth token...

  ─────────────────────────────────────────────────────────────────
  📡 POSITION CHECK — 15:13:55 EDT
  ─────────────────────────────────────────────────────────────────

  🟢 #7  NFLX260515P00092000
     Entry: $3.72  │  Bid: $4.35  Mid: $4.42  Ask: $4.50
     P&L:   +$70.50 (+18.9%)  │  Target: $7.44  Stop: $1.86
     [─────────●───────────]  Stop ←→ Target
     💭 Deep ITM put with 0.73 delta and 10 days to expiration offers defined ...

  ⏳ Next check in 3 minutes...

  ─────────────────────────────────────────────────────────────────
  📡 POSITION CHECK — 15:14:56 EDT
  ─────────────────────────────────────────────────────────────────

  🟢 #7  NFLX260515P00092000
     Entry: $3.72  │  Bid: $4.35  Mid: $4.42  Ask: $4.50
     P&L:   +$70.50 (+18.9%)  │  Target: $7.44  Stop: $1.86
     [─────────●───────────]  Stop ←→ Target
     💭 Deep ITM put with 0.73 delta and 10 days to expiration offers defined ...

  ⏳ Next check in 3 minutes...

  ─────────────────────────────────────────────────────────────────
  📡 POSITION CHECK — 15:16:55 EDT
  ─────────────────────────────────────────────────────────────────

  🟢 #7  NFLX260515P00092000
     Entry: $3.72  │  Bid: $4.35  Mid: $4.42  Ask: $4.50
     P&L:   +$70.50 (+18.9%)  │  Target: $7.44  Stop: $1.86
     [─────────●───────────]  Stop ←→ Target
     💭 Deep ITM put with 0.73 delta and 10 days to expiration offers defined ...

  ⏳ Next check in 3 minutes...

  ─────────────────────────────────────────────────────────────────
  📡 POSITION CHECK — 15:17:57 EDT
  ─────────────────────────────────────────────────────────────────

  🟢 #7  NFLX260515P00092000
     Entry: $3.72  │  Bid: $4.35  Mid: $4.42  Ask: $4.50
     P&L:   +$70.50 (+18.9%)  │  Target: $7.44  Stop: $1.86
     [─────────●───────────]  Stop ←→ Target
     💭 Deep ITM put with 0.73 delta and 10 days to expiration offers defined ...

  ⏳ Next check in 3 minutes...

  ─────────────────────────────────────────────────────────────────
  📡 POSITION CHECK — 15:19:56 EDT
  ─────────────────────────────────────────────────────────────────

  🟢 #7  NFLX260515P00092000
     Entry: $3.72  │  Bid: $4.35  Mid: $4.42  Ask: $4.50
     P&L:   +$70.50 (+18.9%)  │  Target: $7.44  Stop: $1.86
     [─────────●───────────]  Stop ←→ Target
     💭 Deep ITM put with 0.73 delta and 10 days to expiration offers defined ...

  ⏳ Next check in 3 minutes...

  ─────────────────────────────────────────────────────────────────
  📡 POSITION CHECK — 15:20:58 EDT
  ─────────────────────────────────────────────────────────────────

  🟢 #7  NFLX260515P00092000
     Entry: $3.72  │  Bid: $4.35  Mid: $4.42  Ask: $4.50
     P&L:   +$70.50 (+18.9%)  │  Target: $7.44  Stop: $1.86
     [─────────●───────────]  Stop ←→ Target
     💭 Deep ITM put with 0.73 delta and 10 days to expiration offers defined ...

  ⏳ Next check in 3 minutes...

  ─────────────────────────────────────────────────────────────────
  📡 POSITION CHECK — 15:22:56 EDT
  ─────────────────────────────────────────────────────────────────

  🟢 #7  NFLX260515P00092000
     Entry: $3.72  │  Bid: $4.30  Mid: $4.40  Ask: $4.50
     P&L:   +$68.00 (+18.3%)  │  Target: $7.44  Stop: $1.86
     [─────────●───────────]  Stop ←→ Target
     💭 Deep ITM put with 0.73 delta and 10 days to expiration offers defined ...

  ⏳ Next check in 3 minutes...

  ─────────────────────────────────────────────────────────────────
  📡 POSITION CHECK — 15:23:58 EDT
  ─────────────────────────────────────────────────────────────────

  🟢 #7  NFLX260515P00092000
     Entry: $3.72  │  Bid: $4.30  Mid: $4.38  Ask: $4.45
     P&L:   +$65.50 (+17.6%)  │  Target: $7.44  Stop: $1.86
     [─────────●───────────]  Stop ←→ Target
     💭 Deep ITM put with 0.73 delta and 10 days to expiration offers defined ...

  ⏳ Next check in 3 minutes...

  ─────────────────────────────────────────────────────────────────
  📡 POSITION CHECK — 15:25:56 EDT
  ─────────────────────────────────────────────────────────────────

  🟢 #7  NFLX260515P00092000
     Entry: $3.72  │  Bid: $4.30  Mid: $4.38  Ask: $4.45
     P&L:   +$65.50 (+17.6%)  │  Target: $7.44  Stop: $1.86
     [─────────●───────────]  Stop ←→ Target
     💭 Deep ITM put with 0.73 delta and 10 days to expiration offers defined ...

  ⏳ Next check in 3 minutes...

  ─────────────────────────────────────────────────────────────────
  📡 POSITION CHECK — 15:26:59 EDT
  ─────────────────────────────────────────────────────────────────

  🟢 #7  NFLX260515P00092000
     Entry: $3.72  │  Bid: $4.30  Mid: $4.38  Ask: $4.45
     P&L:   +$65.50 (+17.6%)  │  Target: $7.44  Stop: $1.86
     [─────────●───────────]  Stop ←→ Target
     💭 Deep ITM put with 0.73 delta and 10 days to expiration offers defined ...

  ⏳ Next check in 3 minutes...

  ─────────────────────────────────────────────────────────────────
  📡 POSITION CHECK — 15:28:57 EDT
  ─────────────────────────────────────────────────────────────────

  🟢 #7  NFLX260515P00092000
     Entry: $3.72  │  Bid: $4.30  Mid: $4.38  Ask: $4.45
     P&L:   +$65.50 (+17.6%)  │  Target: $7.44  Stop: $1.86
     [─────────●───────────]  Stop ←→ Target
     💭 Deep ITM put with 0.73 delta and 10 days to expiration offers defined ...

  ⏳ Next check in 3 minutes...

  ─────────────────────────────────────────────────────────────────
  📡 POSITION CHECK — 15:29:59 EDT
  ─────────────────────────────────────────────────────────────────

  🟢 #7  NFLX260515P00092000
     Entry: $3.72  │  Bid: $4.30  Mid: $4.38  Ask: $4.45
     P&L:   +$65.50 (+17.6%)  │  Target: $7.44  Stop: $1.86
     [─────────●───────────]  Stop ←→ Target
     💭 Deep ITM put with 0.73 delta and 10 days to expiration offers defined ...

  ⏳ Next check in 3 minutes...

  ─────────────────────────────────────────────────────────────────
  📡 POSITION CHECK — 15:31:57 EDT
  ─────────────────────────────────────────────────────────────────

  🟢 #7  NFLX260515P00092000
     Entry: $3.72  │  Bid: $4.30  Mid: $4.38  Ask: $4.45
     P&L:   +$65.50 (+17.6%)  │  Target: $7.44  Stop: $1.86
     [─────────●───────────]  Stop ←→ Target
     💭 Deep ITM put with 0.73 delta and 10 days to expiration offers defined ...

  ⏳ Next check in 3 minutes...

  ─────────────────────────────────────────────────────────────────
  📡 POSITION CHECK — 15:33:00 EDT
  ─────────────────────────────────────────────────────────────────

  🟢 #7  NFLX260515P00092000
     Entry: $3.72  │  Bid: $4.30  Mid: $4.40  Ask: $4.50
     P&L:   +$68.00 (+18.3%)  │  Target: $7.44  Stop: $1.86
     [─────────●───────────]  Stop ←→ Target
     💭 Deep ITM put with 0.73 delta and 10 days to expiration offers defined ...

  ⏳ Next check in 3 minutes...

  ─────────────────────────────────────────────────────────────────
  📡 POSITION CHECK — 15:34:58 EDT
  ─────────────────────────────────────────────────────────────────

  🟢 #7  NFLX260515P00092000
     Entry: $3.72  │  Bid: $4.25  Mid: $4.33  Ask: $4.40
     P&L:   +$60.50 (+16.3%)  │  Target: $7.44  Stop: $1.86
     [────────●────────────]  Stop ←→ Target
     💭 Deep ITM put with 0.73 delta and 10 days to expiration offers defined ...

  ⏳ Next check in 3 minutes...

  ─────────────────────────────────────────────────────────────────
  📡 POSITION CHECK — 15:36:01 EDT
  ─────────────────────────────────────────────────────────────────

  🟢 #7  NFLX260515P00092000
     Entry: $3.72  │  Bid: $4.25  Mid: $4.33  Ask: $4.40
     P&L:   +$60.50 (+16.3%)  │  Target: $7.44  Stop: $1.86
     [────────●────────────]  Stop ←→ Target
     💭 Deep ITM put with 0.73 delta and 10 days to expiration offers defined ...

  ⏳ Next check in 3 minutes...

  ─────────────────────────────────────────────────────────────────
  📡 POSITION CHECK — 15:37:58 EDT
  ─────────────────────────────────────────────────────────────────

  🟢 #7  NFLX260515P00092000
     Entry: $3.72  │  Bid: $4.20  Mid: $4.30  Ask: $4.40
     P&L:   +$58.00 (+15.6%)  │  Target: $7.44  Stop: $1.86
     [────────●────────────]  Stop ←→ Target
     💭 Deep ITM put with 0.73 delta and 10 days to expiration offers defined ...

  ⏳ Next check in 3 minutes...

  ─────────────────────────────────────────────────────────────────
  📡 POSITION CHECK — 15:39:01 EDT
  ─────────────────────────────────────────────────────────────────

  🟢 #7  NFLX260515P00092000
     Entry: $3.72  │  Bid: $4.20  Mid: $4.30  Ask: $4.40
     P&L:   +$58.00 (+15.6%)  │  Target: $7.44  Stop: $1.86
     [────────●────────────]  Stop ←→ Target
     💭 Deep ITM put with 0.73 delta and 10 days to expiration offers defined ...

  ⏳ Next check in 3 minutes...

  ─────────────────────────────────────────────────────────────────
  📡 POSITION CHECK — 15:40:59 EDT
  ─────────────────────────────────────────────────────────────────

  🟢 #7  NFLX260515P00092000
     Entry: $3.72  │  Bid: $4.20  Mid: $4.30  Ask: $4.40
     P&L:   +$58.00 (+15.6%)  │  Target: $7.44  Stop: $1.86
     [────────●────────────]  Stop ←→ Target
     💭 Deep ITM put with 0.73 delta and 10 days to expiration offers defined ...

  ⏳ Next check in 3 minutes...

  ─────────────────────────────────────────────────────────────────
  📡 POSITION CHECK — 15:42:02 EDT
  ─────────────────────────────────────────────────────────────────

  🟢 #7  NFLX260515P00092000
     Entry: $3.72  │  Bid: $4.20  Mid: $4.30  Ask: $4.40
     P&L:   +$58.00 (+15.6%)  │  Target: $7.44  Stop: $1.86
     [────────●────────────]  Stop ←→ Target
     💭 Deep ITM put with 0.73 delta and 10 days to expiration offers defined ...

  ⏳ Next check in 3 minutes...

  ─────────────────────────────────────────────────────────────────
  📡 POSITION CHECK — 15:43:59 EDT
  ─────────────────────────────────────────────────────────────────

  🟢 #7  NFLX260515P00092000
     Entry: $3.72  │  Bid: $4.20  Mid: $4.30  Ask: $4.40
     P&L:   +$58.00 (+15.6%)  │  Target: $7.44  Stop: $1.86
     [────────●────────────]  Stop ←→ Target
     💭 Deep ITM put with 0.73 delta and 10 days to expiration offers defined ...

  ⏳ Next check in 3 minutes...

  ─────────────────────────────────────────────────────────────────
  📡 POSITION CHECK — 15:45:03 EDT
  ─────────────────────────────────────────────────────────────────

  🟢 #7  NFLX260515P00092000
     Entry: $3.72  │  Bid: $4.20  Mid: $4.30  Ask: $4.40
     P&L:   +$58.00 (+15.6%)  │  Target: $7.44  Stop: $1.86
     [────────●────────────]  Stop ←→ Target
     💭 Deep ITM put with 0.73 delta and 10 days to expiration offers defined ...

  ⏳ Next check in 3 minutes...

  ─────────────────────────────────────────────────────────────────
  📡 POSITION CHECK — 15:46:59 EDT
  ─────────────────────────────────────────────────────────────────

  🟢 #7  NFLX260515P00092000
     Entry: $3.72  │  Bid: $4.20  Mid: $4.30  Ask: $4.40
     P&L:   +$58.00 (+15.6%)  │  Target: $7.44  Stop: $1.86
     [────────●────────────]  Stop ←→ Target
     💭 Deep ITM put with 0.73 delta and 10 days to expiration offers defined ...

  ⏳ Next check in 3 minutes...

  ─────────────────────────────────────────────────────────────────
  📡 POSITION CHECK — 15:48:04 EDT
  ─────────────────────────────────────────────────────────────────

  🟢 #7  NFLX260515P00092000
     Entry: $3.72  │  Bid: $4.15  Mid: $4.28  Ask: $4.40
     P&L:   +$55.50 (+14.9%)  │  Target: $7.44  Stop: $1.86
     [────────●────────────]  Stop ←→ Target
     💭 Deep ITM put with 0.73 delta and 10 days to expiration offers defined ...

  ⏳ Next check in 3 minutes...

  ─────────────────────────────────────────────────────────────────
  📡 POSITION CHECK — 15:50:00 EDT
  ─────────────────────────────────────────────────────────────────

  🟢 #7  NFLX260515P00092000
     Entry: $3.72  │  Bid: $4.15  Mid: $4.22  Ask: $4.30
     P&L:   +$50.50 (+13.6%)  │  Target: $7.44  Stop: $1.86
     [────────●────────────]  Stop ←→ Target
     💭 Deep ITM put with 0.73 delta and 10 days to expiration offers defined ...

  ⏳ Next check in 3 minutes...

  ─────────────────────────────────────────────────────────────────
  📡 POSITION CHECK — 15:51:04 EDT
  ─────────────────────────────────────────────────────────────────

  🟢 #7  NFLX260515P00092000
     Entry: $3.72  │  Bid: $4.05  Mid: $4.25  Ask: $4.45
     P&L:   +$53.00 (+14.2%)  │  Target: $7.44  Stop: $1.86
     [────────●────────────]  Stop ←→ Target
     💭 Deep ITM put with 0.73 delta and 10 days to expiration offers defined ...

  ⏳ Next check in 3 minutes...

  ─────────────────────────────────────────────────────────────────
  📡 POSITION CHECK — 15:53:00 EDT
  ─────────────────────────────────────────────────────────────────

  🟢 #7  NFLX260515P00092000
     Entry: $3.72  │  Bid: $4.05  Mid: $4.22  Ask: $4.40
     P&L:   +$50.50 (+13.6%)  │  Target: $7.44  Stop: $1.86
     [────────●────────────]  Stop ←→ Target
     💭 Deep ITM put with 0.73 delta and 10 days to expiration offers defined ...

  ⏳ Next check in 3 minutes...

  ─────────────────────────────────────────────────────────────────
  📡 POSITION CHECK — 15:54:05 EDT
  ─────────────────────────────────────────────────────────────────

  🟢 #7  NFLX260515P00092000
     Entry: $3.72  │  Bid: $4.05  Mid: $4.22  Ask: $4.40
     P&L:   +$50.50 (+13.6%)  │  Target: $7.44  Stop: $1.86
     [────────●────────────]  Stop ←→ Target
     💭 Deep ITM put with 0.73 delta and 10 days to expiration offers defined ...

  ⏳ Next check in 3 minutes...

  ─────────────────────────────────────────────────────────────────
  📡 POSITION CHECK — 15:56:01 EDT
  ─────────────────────────────────────────────────────────────────

  🟢 #7  NFLX260515P00092000
     Entry: $3.72  │  Bid: $4.05  Mid: $4.22  Ask: $4.40
     P&L:   +$50.50 (+13.6%)  │  Target: $7.44  Stop: $1.86
     [────────●────────────]  Stop ←→ Target
     💭 Deep ITM put with 0.73 delta and 10 days to expiration offers defined ...

  ⏳ Next check in 3 minutes...

  ─────────────────────────────────────────────────────────────────
  📡 POSITION CHECK — 15:57:05 EDT
  ─────────────────────────────────────────────────────────────────

  🟢 #7  NFLX260515P00092000
     Entry: $3.72  │  Bid: $4.15  Mid: $4.28  Ask: $4.40
     P&L:   +$55.50 (+14.9%)  │  Target: $7.44  Stop: $1.86
     [────────●────────────]  Stop ←→ Target
     💭 Deep ITM put with 0.73 delta and 10 days to expiration offers defined ...

  ⏳ Next check in 3 minutes...

  ─────────────────────────────────────────────────────────────────
  📡 POSITION CHECK — 15:59:01 EDT
  ─────────────────────────────────────────────────────────────────

  🟢 #7  NFLX260515P00092000
     Entry: $3.72  │  Bid: $4.15  Mid: $4.28  Ask: $4.40
     P&L:   +$55.50 (+14.9%)  │  Target: $7.44  Stop: $1.86
     [────────●────────────]  Stop ←→ Target
     💭 Deep ITM put with 0.73 delta and 10 days to expiration offers defined ...

  ⏳ Next check in 3 minutes...

  Market closed. Next open: 2026-05-07 09:29 EDT (17h 29m)
  Sleeping until market open...

  =================================================================
  📊 SESSION SUMMARY — 2026-05-06 16:00 EDT
  =================================================================
  Price checks run:    129
  Auto-closes today:   1
  Open positions:      1
  Total P&L:           +$69,743.00
  Win rate:            14.3%  (1W/6L)
  =================================================================

  Market closed. Next open: 2026-05-07 09:29 EDT (17h 27m)
  Sleeping until market open...

  =================================================================
  📊 SESSION SUMMARY — 2026-05-06 16:02 EDT
  =================================================================
  Price checks run:    129
  Auto-closes today:   1
  Open positions:      1
  Total P&L:           +$69,743.00
  Win rate:            14.3%  (1W/6L)
  =================================================================

  Market closed. Next open: 2026-05-07 09:29 EDT (16h 29m)
  Sleeping until market open...

  =================================================================
  📊 SESSION SUMMARY — 2026-05-06 17:00 EDT
  =================================================================
  Price checks run:    129
  Auto-closes today:   1
  Open positions:      1
  Total P&L:           +$69,743.00
  Win rate:            14.3%  (1W/6L)
  =================================================================

  Market closed. Next open: 2026-05-07 09:29 EDT (16h 27m)
  Sleeping until market open...

  =================================================================
  📊 SESSION SUMMARY — 2026-05-06 17:02 EDT
  =================================================================
  Price checks run:    129
  Auto-closes today:   1
  Open positions:      1
  Total P&L:           +$69,743.00
  Win rate:            14.3%  (1W/6L)
  =================================================================

  Market closed. Next open: 2026-05-07 09:29 EDT (15h 29m)
  Sleeping until market open...

  =================================================================
  📊 SESSION SUMMARY — 2026-05-06 18:00 EDT
  =================================================================
  Price checks run:    129
  Auto-closes today:   1
  Open positions:      1
  Total P&L:           +$69,743.00
  Win rate:            14.3%  (1W/6L)
  =================================================================

  Market closed. Next open: 2026-05-07 09:29 EDT (15h 27m)
  Sleeping until market open...

  =================================================================
  📊 SESSION SUMMARY — 2026-05-06 18:02 EDT
  =================================================================
  Price checks run:    129
  Auto-closes today:   1
  Open positions:      1
  Total P&L:           +$69,743.00
  Win rate:            14.3%  (1W/6L)
  =================================================================

  Market closed. Next open: 2026-05-07 09:29 EDT (14h 29m)
  Sleeping until market open...

  =================================================================
  📊 SESSION SUMMARY — 2026-05-06 19:00 EDT
  =================================================================
  Price checks run:    129
  Auto-closes today:   1
  Open positions:      1
  Total P&L:           +$69,743.00
  Win rate:            14.3%  (1W/6L)
  =================================================================

  Market closed. Next open: 2026-05-07 09:29 EDT (14h 27m)
  Sleeping until market open...

  =================================================================
  📊 SESSION SUMMARY — 2026-05-06 19:02 EDT
  =================================================================
  Price checks run:    129
  Auto-closes today:   1
  Open positions:      1
  Total P&L:           +$69,743.00
  Win rate:            14.3%  (1W/6L)
  =================================================================

  Market closed. Next open: 2026-05-07 09:29 EDT (13h 29m)
  Sleeping until market open...

  =================================================================
  📊 SESSION SUMMARY — 2026-05-06 20:00 EDT
  =================================================================
  Price checks run:    129
  Auto-closes today:   1
  Open positions:      1
  Total P&L:           +$69,743.00
  Win rate:            14.3%  (1W/6L)
  =================================================================

  Market closed. Next open: 2026-05-07 09:29 EDT (13h 27m)
  Sleeping until market open...

  =================================================================
  📊 SESSION SUMMARY — 2026-05-06 20:02 EDT
  =================================================================
  Price checks run:    129
  Auto-closes today:   1
  Open positions:      1
  Total P&L:           +$69,743.00
  Win rate:            14.3%  (1W/6L)
  =================================================================

  Market closed. Next open: 2026-05-07 09:29 EDT (12h 29m)
  Sleeping until market open...

  =================================================================
  📊 SESSION SUMMARY — 2026-05-06 21:00 EDT
  =================================================================
  Price checks run:    129
  Auto-closes today:   1
  Open positions:      1
  Total P&L:           +$69,743.00
  Win rate:            14.3%  (1W/6L)
  =================================================================

  Market closed. Next open: 2026-05-07 09:29 EDT (11h 57m)
  Sleeping until market open...

  =================================================================
  📊 SESSION SUMMARY — 2026-05-06 21:32 EDT
  =================================================================
  Price checks run:    129
  Auto-closes today:   1
  Open positions:      1
  Total P&L:           +$69,743.00
  Win rate:            14.3%  (1W/6L)
  =================================================================
