
[Session started: 2026-05-04 07:29:09]

=================================================================
  📡 POSITION MONITOR
  Started: 2026-05-04 07:29:09 EDT
  Check interval: every 3 minutes
  Auto-close: TARGET and STOP hits executed automatically
  Press Ctrl+C to stop
=================================================================

  Market closed. Next open: 2026-05-04 09:29 EDT (2h 0m)
  Sleeping until market open...

  =================================================================
  📊 SESSION SUMMARY — 2026-05-04 07:29 EDT
  =================================================================
  Price checks run:    0
  Auto-closes today:   0
  Open positions:      1
  Total P&L:           $-1,148.50
  Win rate:            0.0%  (0W/3L)
  =================================================================

  Market closed. Next open: 2026-05-04 09:29 EDT (1h 0m)
  Sleeping until market open...

  =================================================================
  📊 SESSION SUMMARY — 2026-05-04 08:29 EDT
  =================================================================
  Price checks run:    0
  Auto-closes today:   0
  Open positions:      1
  Total P&L:           $-1,148.50
  Win rate:            0.0%  (0W/3L)
  =================================================================

  Market closed. Next open: 2026-05-04 09:29 EDT (0h 0m)
  Sleeping until market open...

  =================================================================
  📊 SESSION SUMMARY — 2026-05-04 09:29 EDT
  =================================================================
  Price checks run:    0
  Auto-closes today:   0
  Open positions:      1
  Total P&L:           $-1,148.50
  Win rate:            0.0%  (0W/3L)
  =================================================================

  Market closed. Next open: 2026-05-04 09:29 EDT (0h 0m)
  Sleeping until market open...

  =================================================================
  📊 SESSION SUMMARY — 2026-05-04 09:29 EDT
  =================================================================
  Price checks run:    0
  Auto-closes today:   0
  Open positions:      1
  Total P&L:           $-1,148.50
  Win rate:            0.0%  (0W/3L)
  =================================================================

  Market closed. Next open: 2026-05-04 09:29 EDT (0h 0m)
  Sleeping until market open...

  =================================================================
  📊 SESSION SUMMARY — 2026-05-04 09:29 EDT
  =================================================================
  Price checks run:    0
  Auto-closes today:   0
  Open positions:      1
  Total P&L:           $-1,148.50
  Win rate:            0.0%  (0W/3L)
  =================================================================

  Market closed. Next open: 2026-05-04 09:29 EDT (0h 0m)
  Sleeping until market open...

  =================================================================
  📊 SESSION SUMMARY — 2026-05-04 09:29 EDT
  =================================================================
  Price checks run:    0
  Auto-closes today:   0
  Open positions:      1
  Total P&L:           $-1,148.50
  Win rate:            0.0%  (0W/3L)
  =================================================================

  Market closed. Next open: 2026-05-04 09:29 EDT (0h 0m)
  Sleeping until market open...

  =================================================================
  📊 SESSION SUMMARY — 2026-05-04 09:29 EDT
  =================================================================
  Price checks run:    0
  Auto-closes today:   0
  Open positions:      1
  Total P&L:           $-1,148.50
  Win rate:            0.0%  (0W/3L)
  =================================================================

  Market closed. Next open: 2026-05-04 09:29 EDT (0h 0m)
  Sleeping until market open...

  =================================================================
  📊 SESSION SUMMARY — 2026-05-04 09:29 EDT
  =================================================================
  Price checks run:    0
  Auto-closes today:   0
  Open positions:      1
  Total P&L:           $-1,148.50
  Win rate:            0.0%  (0W/3L)
  =================================================================

  Market closed. Next open: 2026-05-04 09:29 EDT (0h 0m)
  Sleeping until market open...

  =================================================================
  📊 SESSION SUMMARY — 2026-05-04 09:29 EDT
  =================================================================
  Price checks run:    0
  Auto-closes today:   0
  Open positions:      1
  Total P&L:           $-1,148.50
  Win rate:            0.0%  (0W/3L)
  =================================================================

  Market closed. Next open: 2026-05-04 09:29 EDT (0h 0m)
  Sleeping until market open...

  =================================================================
  📊 SESSION SUMMARY — 2026-05-04 09:29 EDT
  =================================================================
  Price checks run:    0
  Auto-closes today:   0
  Open positions:      1
  Total P&L:           $-1,148.50
  Win rate:            0.0%  (0W/3L)
  =================================================================

  Market closed. Next open: 2026-05-04 09:29 EDT (0h 0m)
  Sleeping until market open...

  =================================================================
  📊 SESSION SUMMARY — 2026-05-04 09:29 EDT
  =================================================================
  Price checks run:    0
  Auto-closes today:   0
  Open positions:      1
  Total P&L:           $-1,148.50
  Win rate:            0.0%  (0W/3L)
  =================================================================

  Market closed. Next open: 2026-05-04 09:29 EDT (0h 0m)
  Sleeping until market open...

  =================================================================
  📊 SESSION SUMMARY — 2026-05-04 09:29 EDT
  =================================================================
  Price checks run:    0
  Auto-closes today:   0
  Open positions:      1
  Total P&L:           $-1,148.50
  Win rate:            0.0%  (0W/3L)
  =================================================================

  Market closed. Next open: 2026-05-04 09:29 EDT (0h 0m)
  Sleeping until market open...

  =================================================================
  📊 SESSION SUMMARY — 2026-05-04 09:30 EDT
  =================================================================
  Price checks run:    0
  Auto-closes today:   0
  Open positions:      1
  Total P&L:           $-1,148.50
  Win rate:            0.0%  (0W/3L)
  =================================================================

  Refreshing auth token...

  ─────────────────────────────────────────────────────────────────
  📡 POSITION CHECK — 09:30:02 EDT
  ─────────────────────────────────────────────────────────────────

  🔴 #5  SPY260504P00725000
     Entry: $5.02  │  Bid: $4.91  Mid: $4.96  Ask: $5.02
     P&L:   $-5.50 (-1.1%)  │  Target: $10.04  Stop: $2.51
     [──────●──────────────]  Stop ←→ Target
     💭 Deep ITM put with -0.75 delta and 2 DTE offers high intrinsic value de...
  ⏰ EXPIRING SOON — 0 day(s) remaining

  ⏳ Next check in 3 minutes...

  ─────────────────────────────────────────────────────────────────
  📡 POSITION CHECK — 09:33:02 EDT
  ─────────────────────────────────────────────────────────────────

  🟢 #5  SPY260504P00725000
     Entry: $5.02  │  Bid: $5.12  Mid: $5.22  Ask: $5.32
     P&L:   +$20.00 (+4.0%)  │  Target: $10.04  Stop: $2.51
     [───────●─────────────]  Stop ←→ Target
     💭 Deep ITM put with -0.75 delta and 2 DTE offers high intrinsic value de...
  ⏰ EXPIRING SOON — 0 day(s) remaining

  ⏳ Next check in 3 minutes...

  ─────────────────────────────────────────────────────────────────
  📡 POSITION CHECK — 09:36:03 EDT
  ─────────────────────────────────────────────────────────────────

  🟢 #5  SPY260504P00725000
     Entry: $5.02  │  Bid: $5.16  Mid: $5.22  Ask: $5.29
     P&L:   +$20.50 (+4.1%)  │  Target: $10.04  Stop: $2.51
     [───────●─────────────]  Stop ←→ Target
     💭 Deep ITM put with -0.75 delta and 2 DTE offers high intrinsic value de...
  ⏰ EXPIRING SOON — 0 day(s) remaining

  ⏳ Next check in 3 minutes...

  ─────────────────────────────────────────────────────────────────
  📡 POSITION CHECK — 09:39:04 EDT
  ─────────────────────────────────────────────────────────────────

  🟢 #5  SPY260504P00725000
     Entry: $5.02  │  Bid: $5.37  Mid: $5.42  Ask: $5.47
     P&L:   +$40.00 (+8.0%)  │  Target: $10.04  Stop: $2.51
     [───────●─────────────]  Stop ←→ Target
     💭 Deep ITM put with -0.75 delta and 2 DTE offers high intrinsic value de...
  ⏰ EXPIRING SOON — 0 day(s) remaining

  ⏳ Next check in 3 minutes...

  ─────────────────────────────────────────────────────────────────
  📡 POSITION CHECK — 09:42:05 EDT
  ─────────────────────────────────────────────────────────────────

  🔴 #5  SPY260504P00725000
     Entry: $5.02  │  Bid: $4.92  Mid: $4.96  Ask: $5.01
     P&L:   $-5.50 (-1.1%)  │  Target: $10.04  Stop: $2.51
     [──────●──────────────]  Stop ←→ Target
     💭 Deep ITM put with -0.75 delta and 2 DTE offers high intrinsic value de...
  ⏰ EXPIRING SOON — 0 day(s) remaining

  ⏳ Next check in 3 minutes...

  ─────────────────────────────────────────────────────────────────
  📡 POSITION CHECK — 09:45:05 EDT
  ─────────────────────────────────────────────────────────────────

  🟢 #5  SPY260504P00725000
     Entry: $5.02  │  Bid: $5.12  Mid: $5.17  Ask: $5.22
     P&L:   +$15.00 (+3.0%)  │  Target: $10.04  Stop: $2.51
     [───────●─────────────]  Stop ←→ Target
     💭 Deep ITM put with -0.75 delta and 2 DTE offers high intrinsic value de...
  ⏰ EXPIRING SOON — 0 day(s) remaining

  ⏳ Next check in 3 minutes...

  ─────────────────────────────────────────────────────────────────
  📡 POSITION CHECK — 09:48:06 EDT
  ─────────────────────────────────────────────────────────────────

  🔴 #5  SPY260504P00725000
     Entry: $5.02  │  Bid: $4.62  Mid: $4.68  Ask: $4.75
     P&L:   $-33.50 (-6.7%)  │  Target: $10.04  Stop: $2.51
     [─────●───────────────]  Stop ←→ Target
     💭 Deep ITM put with -0.75 delta and 2 DTE offers high intrinsic value de...
  ⏰ EXPIRING SOON — 0 day(s) remaining

  ⏳ Next check in 3 minutes...

  ─────────────────────────────────────────────────────────────────
  📡 POSITION CHECK — 09:51:07 EDT
  ─────────────────────────────────────────────────────────────────

  🔴 #5  SPY260504P00725000
     Entry: $5.02  │  Bid: $4.45  Mid: $4.50  Ask: $4.54
     P&L:   $-52.50 (-10.5%)  │  Target: $10.04  Stop: $2.51
     [─────●───────────────]  Stop ←→ Target
     💭 Deep ITM put with -0.75 delta and 2 DTE offers high intrinsic value de...
  ⏰ EXPIRING SOON — 0 day(s) remaining

  ⏳ Next check in 3 minutes...

  ─────────────────────────────────────────────────────────────────
  📡 POSITION CHECK — 09:54:08 EDT
  ─────────────────────────────────────────────────────────────────

  🔴 #5  SPY260504P00725000
     Entry: $5.02  │  Bid: $4.50  Mid: $4.54  Ask: $4.58
     P&L:   $-48.00 (-9.6%)  │  Target: $10.04  Stop: $2.51
     [─────●───────────────]  Stop ←→ Target
     💭 Deep ITM put with -0.75 delta and 2 DTE offers high intrinsic value de...
  ⏰ EXPIRING SOON — 0 day(s) remaining

  ⏳ Next check in 3 minutes...

  ─────────────────────────────────────────────────────────────────
  📡 POSITION CHECK — 09:57:08 EDT
  ─────────────────────────────────────────────────────────────────

  🔴 #5  SPY260504P00725000
     Entry: $5.02  │  Bid: $4.61  Mid: $4.66  Ask: $4.71
     P&L:   $-36.00 (-7.2%)  │  Target: $10.04  Stop: $2.51
     [─────●───────────────]  Stop ←→ Target
     💭 Deep ITM put with -0.75 delta and 2 DTE offers high intrinsic value de...
  ⏰ EXPIRING SOON — 0 day(s) remaining

  ⏳ Next check in 3 minutes...

  ─────────────────────────────────────────────────────────────────
  📡 POSITION CHECK — 10:00:09 EDT
  ─────────────────────────────────────────────────────────────────

  🔴 #5  SPY260504P00725000
     Entry: $5.02  │  Bid: $4.00  Mid: $4.33  Ask: $4.65
     P&L:   $-69.50 (-13.8%)  │  Target: $10.04  Stop: $2.51
     [────●────────────────]  Stop ←→ Target
     💭 Deep ITM put with -0.75 delta and 2 DTE offers high intrinsic value de...
  ⏰ EXPIRING SOON — 0 day(s) remaining

  ⏳ Next check in 3 minutes...

  ─────────────────────────────────────────────────────────────────
  📡 POSITION CHECK — 10:03:10 EDT
  ─────────────────────────────────────────────────────────────────

  🔴 #5  SPY260504P00725000
     Entry: $5.02  │  Bid: $4.52  Mid: $4.56  Ask: $4.60
     P&L:   $-46.00 (-9.2%)  │  Target: $10.04  Stop: $2.51
     [─────●───────────────]  Stop ←→ Target
     💭 Deep ITM put with -0.75 delta and 2 DTE offers high intrinsic value de...
  ⏰ EXPIRING SOON — 0 day(s) remaining

  ⏳ Next check in 3 minutes...

  ─────────────────────────────────────────────────────────────────
  📡 POSITION CHECK — 10:06:11 EDT
  ─────────────────────────────────────────────────────────────────

  🔴 #5  SPY260504P00725000
     Entry: $5.02  │  Bid: $4.70  Mid: $4.72  Ask: $4.75
     P&L:   $-29.50 (-5.9%)  │  Target: $10.04  Stop: $2.51
     [─────●───────────────]  Stop ←→ Target
     💭 Deep ITM put with -0.75 delta and 2 DTE offers high intrinsic value de...
  ⏰ EXPIRING SOON — 0 day(s) remaining

  ⏳ Next check in 3 minutes...

  ─────────────────────────────────────────────────────────────────
  📡 POSITION CHECK — 10:09:11 EDT
  ─────────────────────────────────────────────────────────────────

  🔴 #5  SPY260504P00725000
     Entry: $5.02  │  Bid: $4.61  Mid: $4.70  Ask: $4.79
     P&L:   $-32.00 (-6.4%)  │  Target: $10.04  Stop: $2.51
     [─────●───────────────]  Stop ←→ Target
     💭 Deep ITM put with -0.75 delta and 2 DTE offers high intrinsic value de...
  ⏰ EXPIRING SOON — 0 day(s) remaining

  ⏳ Next check in 3 minutes...

  ─────────────────────────────────────────────────────────────────
  📡 POSITION CHECK — 10:12:12 EDT
  ─────────────────────────────────────────────────────────────────

  🔴 #5  SPY260504P00725000
     Entry: $5.02  │  Bid: $4.36  Mid: $4.39  Ask: $4.43
     P&L:   $-62.50 (-12.4%)  │  Target: $10.04  Stop: $2.51
     [─────●───────────────]  Stop ←→ Target
     💭 Deep ITM put with -0.75 delta and 2 DTE offers high intrinsic value de...
  ⏰ EXPIRING SOON — 0 day(s) remaining

  ⏳ Next check in 3 minutes...

  ─────────────────────────────────────────────────────────────────
  📡 POSITION CHECK — 10:15:13 EDT
  ─────────────────────────────────────────────────────────────────

  🔴 #5  SPY260504P00725000
     Entry: $5.02  │  Bid: $4.10  Mid: $4.13  Ask: $4.17
     P&L:   $-88.50 (-17.6%)  │  Target: $10.04  Stop: $2.51
     [────●────────────────]  Stop ←→ Target
     💭 Deep ITM put with -0.75 delta and 2 DTE offers high intrinsic value de...
  ⏰ EXPIRING SOON — 0 day(s) remaining

  ⏳ Next check in 3 minutes...

  ─────────────────────────────────────────────────────────────────
  📡 POSITION CHECK — 10:18:14 EDT
  ─────────────────────────────────────────────────────────────────

  🔴 #5  SPY260504P00725000
     Entry: $5.02  │  Bid: $3.93  Mid: $3.98  Ask: $4.03
     P&L:   $-104.00 (-20.7%)  │  Target: $10.04  Stop: $2.51
     [───●─────────────────]  Stop ←→ Target
     💭 Deep ITM put with -0.75 delta and 2 DTE offers high intrinsic value de...
  ⏰ EXPIRING SOON — 0 day(s) remaining

  ⏳ Next check in 3 minutes...

  ─────────────────────────────────────────────────────────────────
  📡 POSITION CHECK — 10:21:15 EDT
  ─────────────────────────────────────────────────────────────────

  🔴 #5  SPY260504P00725000
     Entry: $5.02  │  Bid: $3.61  Mid: $3.66  Ask: $3.71
     P&L:   $-136.00 (-27.1%)  │  Target: $10.04  Stop: $2.51
     [───●─────────────────]  Stop ←→ Target
     💭 Deep ITM put with -0.75 delta and 2 DTE offers high intrinsic value de...
  ⏰ EXPIRING SOON — 0 day(s) remaining

  ⏳ Next check in 3 minutes...

  ─────────────────────────────────────────────────────────────────
  📡 POSITION CHECK — 10:24:15 EDT
  ─────────────────────────────────────────────────────────────────

  🔴 #5  SPY260504P00725000
     Entry: $5.02  │  Bid: $3.79  Mid: $3.83  Ask: $3.88
     P&L:   $-118.50 (-23.6%)  │  Target: $10.04  Stop: $2.51
     [───●─────────────────]  Stop ←→ Target
     💭 Deep ITM put with -0.75 delta and 2 DTE offers high intrinsic value de...
  ⏰ EXPIRING SOON — 0 day(s) remaining

  ⏳ Next check in 3 minutes...

  Refreshing auth token...

  ─────────────────────────────────────────────────────────────────
  📡 POSITION CHECK — 10:27:18 EDT
  ─────────────────────────────────────────────────────────────────

  🔴 #5  SPY260504P00725000
     Entry: $5.02  │  Bid: $3.51  Mid: $3.60  Ask: $3.68
     P&L:   $-142.50 (-28.4%)  │  Target: $10.04  Stop: $2.51
     [──●──────────────────]  Stop ←→ Target
     💭 Deep ITM put with -0.75 delta and 2 DTE offers high intrinsic value de...
  ⏰ EXPIRING SOON — 0 day(s) remaining

  ⏳ Next check in 3 minutes...

  ─────────────────────────────────────────────────────────────────
  📡 POSITION CHECK — 10:30:19 EDT
  ─────────────────────────────────────────────────────────────────

  🔴 #5  SPY260504P00725000
     Entry: $5.02  │  Bid: $3.80  Mid: $3.85  Ask: $3.90
     P&L:   $-117.00 (-23.3%)  │  Target: $10.04  Stop: $2.51
     [───●─────────────────]  Stop ←→ Target
     💭 Deep ITM put with -0.75 delta and 2 DTE offers high intrinsic value de...
  ⏰ EXPIRING SOON — 0 day(s) remaining

  ⏳ Next check in 3 minutes...

  ─────────────────────────────────────────────────────────────────
  📡 POSITION CHECK — 10:33:19 EDT
  ─────────────────────────────────────────────────────────────────

  🔴 #5  SPY260504P00725000
     Entry: $5.02  │  Bid: $3.30  Mid: $3.31  Ask: $3.33
     P&L:   $-170.50 (-34.0%)  │  Target: $10.04  Stop: $2.51
     [──●──────────────────]  Stop ←→ Target
     💭 Deep ITM put with -0.75 delta and 2 DTE offers high intrinsic value de...
  ⏰ EXPIRING SOON — 0 day(s) remaining

  ⏳ Next check in 3 minutes...

  ─────────────────────────────────────────────────────────────────
  📡 POSITION CHECK — 10:36:20 EDT
  ─────────────────────────────────────────────────────────────────

  🔴 #5  SPY260504P00725000
     Entry: $5.02  │  Bid: $3.52  Mid: $3.54  Ask: $3.55
     P&L:   $-148.50 (-29.6%)  │  Target: $10.04  Stop: $2.51
     [──●──────────────────]  Stop ←→ Target
     💭 Deep ITM put with -0.75 delta and 2 DTE offers high intrinsic value de...
  ⏰ EXPIRING SOON — 0 day(s) remaining

  ⏳ Next check in 3 minutes...

  ─────────────────────────────────────────────────────────────────
  📡 POSITION CHECK — 10:39:21 EDT
  ─────────────────────────────────────────────────────────────────

  🔴 #5  SPY260504P00725000
     Entry: $5.02  │  Bid: $3.18  Mid: $3.19  Ask: $3.21
     P&L:   $-182.50 (-36.4%)  │  Target: $10.04  Stop: $2.51
     [─●───────────────────]  Stop ←→ Target
     💭 Deep ITM put with -0.75 delta and 2 DTE offers high intrinsic value de...
  ⏰ EXPIRING SOON — 0 day(s) remaining

  ⏳ Next check in 3 minutes...

  ─────────────────────────────────────────────────────────────────
  📡 POSITION CHECK — 10:42:22 EDT
  ─────────────────────────────────────────────────────────────────

  🔴 #5  SPY260504P00725000
     Entry: $5.02  │  Bid: $3.10  Mid: $3.12  Ask: $3.13
     P&L:   $-190.50 (-38.0%)  │  Target: $10.04  Stop: $2.51
     [─●───────────────────]  Stop ←→ Target
     💭 Deep ITM put with -0.75 delta and 2 DTE offers high intrinsic value de...
  ⏰ EXPIRING SOON — 0 day(s) remaining

  ⏳ Next check in 3 minutes...

  ─────────────────────────────────────────────────────────────────
  📡 POSITION CHECK — 10:45:22 EDT
  ─────────────────────────────────────────────────────────────────

  🔴 #5  SPY260504P00725000
     Entry: $5.02  │  Bid: $3.14  Mid: $3.15  Ask: $3.16
     P&L:   $-187.00 (-37.2%)  │  Target: $10.04  Stop: $2.51
     [─●───────────────────]  Stop ←→ Target
     💭 Deep ITM put with -0.75 delta and 2 DTE offers high intrinsic value de...
  ⏰ EXPIRING SOON — 0 day(s) remaining

  ⏳ Next check in 3 minutes...

  ─────────────────────────────────────────────────────────────────
  📡 POSITION CHECK — 10:48:23 EDT
  ─────────────────────────────────────────────────────────────────

  🔴 #5  SPY260504P00725000
     Entry: $5.02  │  Bid: $3.28  Mid: $3.29  Ask: $3.31
     P&L:   $-172.50 (-34.4%)  │  Target: $10.04  Stop: $2.51
     [──●──────────────────]  Stop ←→ Target
     💭 Deep ITM put with -0.75 delta and 2 DTE offers high intrinsic value de...
  ⏰ EXPIRING SOON — 0 day(s) remaining

  ⏳ Next check in 3 minutes...

  ─────────────────────────────────────────────────────────────────
  📡 POSITION CHECK — 10:51:24 EDT
  ─────────────────────────────────────────────────────────────────

  🔴 #5  SPY260504P00725000
     Entry: $5.02  │  Bid: $3.16  Mid: $3.17  Ask: $3.19
     P&L:   $-184.50 (-36.8%)  │  Target: $10.04  Stop: $2.51
     [─●───────────────────]  Stop ←→ Target
     💭 Deep ITM put with -0.75 delta and 2 DTE offers high intrinsic value de...
  ⏰ EXPIRING SOON — 0 day(s) remaining

  ⏳ Next check in 3 minutes...

  ─────────────────────────────────────────────────────────────────
  📡 POSITION CHECK — 10:54:25 EDT
  ─────────────────────────────────────────────────────────────────

  🔴 #5  SPY260504P00725000
     Entry: $5.02  │  Bid: $3.26  Mid: $3.31  Ask: $3.36
     P&L:   $-171.00 (-34.1%)  │  Target: $10.04  Stop: $2.51
     [──●──────────────────]  Stop ←→ Target
     💭 Deep ITM put with -0.75 delta and 2 DTE offers high intrinsic value de...
  ⏰ EXPIRING SOON — 0 day(s) remaining

  ⏳ Next check in 3 minutes...

  ─────────────────────────────────────────────────────────────────
  📡 POSITION CHECK — 10:57:25 EDT
  ─────────────────────────────────────────────────────────────────

  🔴 #5  SPY260504P00725000
     Entry: $5.02  │  Bid: $3.60  Mid: $3.73  Ask: $3.85
     P&L:   $-129.50 (-25.8%)  │  Target: $10.04  Stop: $2.51
     [───●─────────────────]  Stop ←→ Target
     💭 Deep ITM put with -0.75 delta and 2 DTE offers high intrinsic value de...
  ⏰ EXPIRING SOON — 0 day(s) remaining

  ⏳ Next check in 3 minutes...

  ─────────────────────────────────────────────────────────────────
  📡 POSITION CHECK — 11:00:26 EDT
  ─────────────────────────────────────────────────────────────────

  🔴 #5  SPY260504P00725000
     Entry: $5.02  │  Bid: $4.60  Mid: $4.67  Ask: $4.73
     P&L:   $-35.50 (-7.1%)  │  Target: $10.04  Stop: $2.51
     [─────●───────────────]  Stop ←→ Target
     💭 Deep ITM put with -0.75 delta and 2 DTE offers high intrinsic value de...
  ⏰ EXPIRING SOON — 0 day(s) remaining

  ⏳ Next check in 3 minutes...

  ─────────────────────────────────────────────────────────────────
  📡 POSITION CHECK — 11:03:27 EDT
  ─────────────────────────────────────────────────────────────────

  🔴 #5  SPY260504P00725000
     Entry: $5.02  │  Bid: $3.85  Mid: $3.95  Ask: $4.05
     P&L:   $-107.00 (-21.3%)  │  Target: $10.04  Stop: $2.51
     [───●─────────────────]  Stop ←→ Target
     💭 Deep ITM put with -0.75 delta and 2 DTE offers high intrinsic value de...
  ⏰ EXPIRING SOON — 0 day(s) remaining

  ⏳ Next check in 3 minutes...

  ─────────────────────────────────────────────────────────────────
  📡 POSITION CHECK — 11:06:28 EDT
  ─────────────────────────────────────────────────────────────────

  🔴 #5  SPY260504P00725000
     Entry: $5.02  │  Bid: $4.14  Mid: $4.20  Ask: $4.25
     P&L:   $-82.50 (-16.4%)  │  Target: $10.04  Stop: $2.51
     [────●────────────────]  Stop ←→ Target
     💭 Deep ITM put with -0.75 delta and 2 DTE offers high intrinsic value de...
  ⏰ EXPIRING SOON — 0 day(s) remaining

  ⏳ Next check in 3 minutes...

  ─────────────────────────────────────────────────────────────────
  📡 POSITION CHECK — 11:09:28 EDT
  ─────────────────────────────────────────────────────────────────

  🔴 #5  SPY260504P00725000
     Entry: $5.02  │  Bid: $4.36  Mid: $4.42  Ask: $4.47
     P&L:   $-60.50 (-12.1%)  │  Target: $10.04  Stop: $2.51
     [─────●───────────────]  Stop ←→ Target
     💭 Deep ITM put with -0.75 delta and 2 DTE offers high intrinsic value de...
  ⏰ EXPIRING SOON — 0 day(s) remaining

  ⏳ Next check in 3 minutes...

  ─────────────────────────────────────────────────────────────────
  📡 POSITION CHECK — 11:12:29 EDT
  ─────────────────────────────────────────────────────────────────

  🔴 #5  SPY260504P00725000
     Entry: $5.02  │  Bid: $4.47  Mid: $4.51  Ask: $4.56
     P&L:   $-50.50 (-10.1%)  │  Target: $10.04  Stop: $2.51
     [─────●───────────────]  Stop ←→ Target
     💭 Deep ITM put with -0.75 delta and 2 DTE offers high intrinsic value de...
  ⏰ EXPIRING SOON — 0 day(s) remaining

  ⏳ Next check in 3 minutes...

  ─────────────────────────────────────────────────────────────────
  📡 POSITION CHECK — 11:15:30 EDT
  ─────────────────────────────────────────────────────────────────

  🔴 #5  SPY260504P00725000
     Entry: $5.02  │  Bid: $4.65  Mid: $4.72  Ask: $4.80
     P&L:   $-29.50 (-5.9%)  │  Target: $10.04  Stop: $2.51
     [─────●───────────────]  Stop ←→ Target
     💭 Deep ITM put with -0.75 delta and 2 DTE offers high intrinsic value de...
  ⏰ EXPIRING SOON — 0 day(s) remaining

  ⏳ Next check in 3 minutes...

  ─────────────────────────────────────────────────────────────────
  📡 POSITION CHECK — 11:18:31 EDT
  ─────────────────────────────────────────────────────────────────

  🟢 #5  SPY260504P00725000
     Entry: $5.02  │  Bid: $5.25  Mid: $5.31  Ask: $5.37
     P&L:   +$29.00 (+5.8%)  │  Target: $10.04  Stop: $2.51
     [───────●─────────────]  Stop ←→ Target
     💭 Deep ITM put with -0.75 delta and 2 DTE offers high intrinsic value de...
  ⏰ EXPIRING SOON — 0 day(s) remaining

  ⏳ Next check in 3 minutes...

  ─────────────────────────────────────────────────────────────────
  📡 POSITION CHECK — 11:21:31 EDT
  ─────────────────────────────────────────────────────────────────

  🟢 #5  SPY260504P00725000
     Entry: $5.02  │  Bid: $7.13  Mid: $7.20  Ask: $7.26
     P&L:   +$217.50 (+43.3%)  │  Target: $10.04  Stop: $2.51
     [────────────●────────]  Stop ←→ Target
     💭 Deep ITM put with -0.75 delta and 2 DTE offers high intrinsic value de...
  ⏰ EXPIRING SOON — 0 day(s) remaining

  ⏳ Next check in 3 minutes...

  Refreshing auth token...

  ─────────────────────────────────────────────────────────────────
  📡 POSITION CHECK — 11:24:34 EDT
  ─────────────────────────────────────────────────────────────────

  🟢 #5  SPY260504P00725000
     Entry: $5.02  │  Bid: $7.21  Mid: $7.28  Ask: $7.34
     P&L:   +$225.50 (+44.9%)  │  Target: $10.04  Stop: $2.51
     [────────────●────────]  Stop ←→ Target
     💭 Deep ITM put with -0.75 delta and 2 DTE offers high intrinsic value de...
  ⏰ EXPIRING SOON — 0 day(s) remaining

  ⏳ Next check in 3 minutes...

  ─────────────────────────────────────────────────────────────────
  📡 POSITION CHECK — 11:27:34 EDT
  ─────────────────────────────────────────────────────────────────

  🟢 #5  SPY260504P00725000
     Entry: $5.02  │  Bid: $6.52  Mid: $6.60  Ask: $6.68
     P&L:   +$158.00 (+31.5%)  │  Target: $10.04  Stop: $2.51
     [──────────●──────────]  Stop ←→ Target
     💭 Deep ITM put with -0.75 delta and 2 DTE offers high intrinsic value de...
  ⏰ EXPIRING SOON — 0 day(s) remaining

  ⏳ Next check in 3 minutes...

  ─────────────────────────────────────────────────────────────────
  📡 POSITION CHECK — 11:30:35 EDT
  ─────────────────────────────────────────────────────────────────

  🟢 #5  SPY260504P00725000
     Entry: $5.02  │  Bid: $6.71  Mid: $6.76  Ask: $6.81
     P&L:   +$174.00 (+34.7%)  │  Target: $10.04  Stop: $2.51
     [───────────●─────────]  Stop ←→ Target
     💭 Deep ITM put with -0.75 delta and 2 DTE offers high intrinsic value de...
  ⏰ EXPIRING SOON — 0 day(s) remaining

  ⏳ Next check in 3 minutes...

  ─────────────────────────────────────────────────────────────────
  📡 POSITION CHECK — 11:33:36 EDT
  ─────────────────────────────────────────────────────────────────

  🟢 #5  SPY260504P00725000
     Entry: $5.02  │  Bid: $7.26  Mid: $7.34  Ask: $7.42
     P&L:   +$232.00 (+46.2%)  │  Target: $10.04  Stop: $2.51
     [────────────●────────]  Stop ←→ Target
     💭 Deep ITM put with -0.75 delta and 2 DTE offers high intrinsic value de...
  ⏰ EXPIRING SOON — 0 day(s) remaining

  ⏳ Next check in 3 minutes...

  ─────────────────────────────────────────────────────────────────
  📡 POSITION CHECK — 11:36:37 EDT
  ─────────────────────────────────────────────────────────────────

  🟢 #5  SPY260504P00725000
     Entry: $5.02  │  Bid: $7.20  Mid: $7.30  Ask: $7.41
     P&L:   +$228.50 (+45.5%)  │  Target: $10.04  Stop: $2.51
     [────────────●────────]  Stop ←→ Target
     💭 Deep ITM put with -0.75 delta and 2 DTE offers high intrinsic value de...
  ⏰ EXPIRING SOON — 0 day(s) remaining

  ⏳ Next check in 3 minutes...

  ─────────────────────────────────────────────────────────────────
  📡 POSITION CHECK — 11:39:37 EDT
  ─────────────────────────────────────────────────────────────────

  🟢 #5  SPY260504P00725000
     Entry: $5.02  │  Bid: $6.85  Mid: $6.97  Ask: $7.10
     P&L:   +$195.50 (+38.9%)  │  Target: $10.04  Stop: $2.51
     [───────────●─────────]  Stop ←→ Target
     💭 Deep ITM put with -0.75 delta and 2 DTE offers high intrinsic value de...
  ⏰ EXPIRING SOON — 0 day(s) remaining

  ⏳ Next check in 3 minutes...

  ─────────────────────────────────────────────────────────────────
  📡 POSITION CHECK — 11:42:38 EDT
  ─────────────────────────────────────────────────────────────────

  🟢 #5  SPY260504P00725000
     Entry: $5.02  │  Bid: $7.02  Mid: $7.07  Ask: $7.11
     P&L:   +$204.50 (+40.7%)  │  Target: $10.04  Stop: $2.51
     [────────────●────────]  Stop ←→ Target
     💭 Deep ITM put with -0.75 delta and 2 DTE offers high intrinsic value de...
  ⏰ EXPIRING SOON — 0 day(s) remaining

  ⏳ Next check in 3 minutes...

  ─────────────────────────────────────────────────────────────────
  📡 POSITION CHECK — 11:45:39 EDT
  ─────────────────────────────────────────────────────────────────

  🟢 #5  SPY260504P00725000
     Entry: $5.02  │  Bid: $6.64  Mid: $6.75  Ask: $6.86
     P&L:   +$173.00 (+34.5%)  │  Target: $10.04  Stop: $2.51
     [───────────●─────────]  Stop ←→ Target
     💭 Deep ITM put with -0.75 delta and 2 DTE offers high intrinsic value de...
  ⏰ EXPIRING SOON — 0 day(s) remaining

  ⏳ Next check in 3 minutes...

  ─────────────────────────────────────────────────────────────────
  📡 POSITION CHECK — 11:48:39 EDT
  ─────────────────────────────────────────────────────────────────

  🟢 #5  SPY260504P00725000
     Entry: $5.02  │  Bid: $7.07  Mid: $7.12  Ask: $7.17
     P&L:   +$210.00 (+41.8%)  │  Target: $10.04  Stop: $2.51
     [────────────●────────]  Stop ←→ Target
     💭 Deep ITM put with -0.75 delta and 2 DTE offers high intrinsic value de...
  ⏰ EXPIRING SOON — 0 day(s) remaining

  ⏳ Next check in 3 minutes...

  ─────────────────────────────────────────────────────────────────
  📡 POSITION CHECK — 11:51:40 EDT
  ─────────────────────────────────────────────────────────────────

  🟢 #5  SPY260504P00725000
     Entry: $5.02  │  Bid: $7.74  Mid: $7.79  Ask: $7.85
     P&L:   +$277.50 (+55.3%)  │  Target: $10.04  Stop: $2.51
     [──────────────●──────]  Stop ←→ Target
     💭 Deep ITM put with -0.75 delta and 2 DTE offers high intrinsic value de...
  ⏰ EXPIRING SOON — 0 day(s) remaining

  ⏳ Next check in 3 minutes...

  ─────────────────────────────────────────────────────────────────
  📡 POSITION CHECK — 11:54:41 EDT
  ─────────────────────────────────────────────────────────────────

  🟢 #5  SPY260504P00725000
     Entry: $5.02  │  Bid: $6.91  Mid: $7.04  Ask: $7.18
     P&L:   +$202.50 (+40.3%)  │  Target: $10.04  Stop: $2.51
     [────────────●────────]  Stop ←→ Target
     💭 Deep ITM put with -0.75 delta and 2 DTE offers high intrinsic value de...
  ⏰ EXPIRING SOON — 0 day(s) remaining

  ⏳ Next check in 3 minutes...

  ─────────────────────────────────────────────────────────────────
  📡 POSITION CHECK — 11:57:41 EDT
  ─────────────────────────────────────────────────────────────────

  🟢 #5  SPY260504P00725000
     Entry: $5.02  │  Bid: $7.10  Mid: $7.16  Ask: $7.21
     P&L:   +$213.50 (+42.5%)  │  Target: $10.04  Stop: $2.51
     [────────────●────────]  Stop ←→ Target
     💭 Deep ITM put with -0.75 delta and 2 DTE offers high intrinsic value de...
  ⏰ EXPIRING SOON — 0 day(s) remaining

  ⏳ Next check in 3 minutes...

  ─────────────────────────────────────────────────────────────────
  📡 POSITION CHECK — 12:00:42 EDT
  ─────────────────────────────────────────────────────────────────

  🟢 #5  SPY260504P00725000
     Entry: $5.02  │  Bid: $7.24  Mid: $7.42  Ask: $7.61
     P&L:   +$240.50 (+47.9%)  │  Target: $10.04  Stop: $2.51
     [─────────────●───────]  Stop ←→ Target
     💭 Deep ITM put with -0.75 delta and 2 DTE offers high intrinsic value de...
  ⏰ EXPIRING SOON — 0 day(s) remaining

  ⏳ Next check in 3 minutes...

  ─────────────────────────────────────────────────────────────────
  📡 POSITION CHECK — 12:03:43 EDT
  ─────────────────────────────────────────────────────────────────

  🟢 #5  SPY260504P00725000
     Entry: $5.02  │  Bid: $7.79  Mid: $7.88  Ask: $7.96
     P&L:   +$285.50 (+56.9%)  │  Target: $10.04  Stop: $2.51
     [──────────────●──────]  Stop ←→ Target
     💭 Deep ITM put with -0.75 delta and 2 DTE offers high intrinsic value de...
  ⏰ EXPIRING SOON — 0 day(s) remaining

  ⏳ Next check in 3 minutes...

  ─────────────────────────────────────────────────────────────────
  📡 POSITION CHECK — 12:06:44 EDT
  ─────────────────────────────────────────────────────────────────

  🟢 #5  SPY260504P00725000
     Entry: $5.02  │  Bid: $7.73  Mid: $7.78  Ask: $7.83
     P&L:   +$276.00 (+55.0%)  │  Target: $10.04  Stop: $2.51
     [─────────────●───────]  Stop ←→ Target
     💭 Deep ITM put with -0.75 delta and 2 DTE offers high intrinsic value de...
  ⏰ EXPIRING SOON — 0 day(s) remaining

  ⏳ Next check in 3 minutes...

  ─────────────────────────────────────────────────────────────────
  📡 POSITION CHECK — 12:09:45 EDT
  ─────────────────────────────────────────────────────────────────

  🟢 #5  SPY260504P00725000
     Entry: $5.02  │  Bid: $8.97  Mid: $9.04  Ask: $9.12
     P&L:   +$402.50 (+80.2%)  │  Target: $10.04  Stop: $2.51
     [─────────────────●───]  Stop ←→ Target
     💭 Deep ITM put with -0.75 delta and 2 DTE offers high intrinsic value de...
  ⚡ TARGET APPROACHING — $0.99 away (80% of the way there)
  ⏰ EXPIRING SOON — 0 day(s) remaining

  ⏳ Next check in 3 minutes...

  ─────────────────────────────────────────────────────────────────
  📡 POSITION CHECK — 12:12:45 EDT
  ─────────────────────────────────────────────────────────────────

  🟢 #5  SPY260504P00725000
     Entry: $5.02  │  Bid: $8.50  Mid: $8.63  Ask: $8.76
     P&L:   +$361.00 (+71.9%)  │  Target: $10.04  Stop: $2.51
     [────────────────●────]  Stop ←→ Target
     💭 Deep ITM put with -0.75 delta and 2 DTE offers high intrinsic value de...
  ⏰ EXPIRING SOON — 0 day(s) remaining

  ⏳ Next check in 3 minutes...

  ─────────────────────────────────────────────────────────────────
  📡 POSITION CHECK — 12:15:46 EDT
  ─────────────────────────────────────────────────────────────────

  🟢 #5  SPY260504P00725000
     Entry: $5.02  │  Bid: $8.99  Mid: $9.11  Ask: $9.23
     P&L:   +$409.00 (+81.5%)  │  Target: $10.04  Stop: $2.51
     [─────────────────●───]  Stop ←→ Target
     💭 Deep ITM put with -0.75 delta and 2 DTE offers high intrinsic value de...
  ⚡ TARGET APPROACHING — $0.93 away (81% of the way there)
  ⏰ EXPIRING SOON — 0 day(s) remaining

  ⏳ Next check in 3 minutes...

  ─────────────────────────────────────────────────────────────────
  📡 POSITION CHECK — 12:18:47 EDT
  ─────────────────────────────────────────────────────────────────

  🟢 #5  SPY260504P00725000
     Entry: $5.02  │  Bid: $8.05  Mid: $8.14  Ask: $8.24
     P&L:   +$312.50 (+62.2%)  │  Target: $10.04  Stop: $2.51
     [──────────────●──────]  Stop ←→ Target
     💭 Deep ITM put with -0.75 delta and 2 DTE offers high intrinsic value de...
  ⏰ EXPIRING SOON — 0 day(s) remaining

  ⏳ Next check in 3 minutes...

  Refreshing auth token...

  ─────────────────────────────────────────────────────────────────
  📡 POSITION CHECK — 12:21:49 EDT
  ─────────────────────────────────────────────────────────────────

  🟢 #5  SPY260504P00725000
     Entry: $5.02  │  Bid: $7.56  Mid: $7.63  Ask: $7.70
     P&L:   +$261.00 (+52.0%)  │  Target: $10.04  Stop: $2.51
     [─────────────●───────]  Stop ←→ Target
     💭 Deep ITM put with -0.75 delta and 2 DTE offers high intrinsic value de...
  ⏰ EXPIRING SOON — 0 day(s) remaining

  ⏳ Next check in 3 minutes...

  ─────────────────────────────────────────────────────────────────
  📡 POSITION CHECK — 12:24:50 EDT
  ─────────────────────────────────────────────────────────────────

  🟢 #5  SPY260504P00725000
     Entry: $5.02  │  Bid: $7.58  Mid: $7.65  Ask: $7.72
     P&L:   +$263.00 (+52.4%)  │  Target: $10.04  Stop: $2.51
     [─────────────●───────]  Stop ←→ Target
     💭 Deep ITM put with -0.75 delta and 2 DTE offers high intrinsic value de...
  ⏰ EXPIRING SOON — 0 day(s) remaining

  ⏳ Next check in 3 minutes...

  ─────────────────────────────────────────────────────────────────
  📡 POSITION CHECK — 12:27:51 EDT
  ─────────────────────────────────────────────────────────────────

  🟢 #5  SPY260504P00725000
     Entry: $5.02  │  Bid: $7.93  Mid: $7.99  Ask: $8.05
     P&L:   +$297.00 (+59.2%)  │  Target: $10.04  Stop: $2.51
     [──────────────●──────]  Stop ←→ Target
     💭 Deep ITM put with -0.75 delta and 2 DTE offers high intrinsic value de...
  ⏰ EXPIRING SOON — 0 day(s) remaining

  ⏳ Next check in 3 minutes...

  ─────────────────────────────────────────────────────────────────
  📡 POSITION CHECK — 12:30:51 EDT
  ─────────────────────────────────────────────────────────────────

  🟢 #5  SPY260504P00725000
     Entry: $5.02  │  Bid: $7.68  Mid: $7.73  Ask: $7.78
     P&L:   +$271.00 (+54.0%)  │  Target: $10.04  Stop: $2.51
     [─────────────●───────]  Stop ←→ Target
     💭 Deep ITM put with -0.75 delta and 2 DTE offers high intrinsic value de...
  ⏰ EXPIRING SOON — 0 day(s) remaining

  ⏳ Next check in 3 minutes...

  ─────────────────────────────────────────────────────────────────
  📡 POSITION CHECK — 12:33:52 EDT
  ─────────────────────────────────────────────────────────────────

  🟢 #5  SPY260504P00725000
     Entry: $5.02  │  Bid: $7.62  Mid: $7.69  Ask: $7.76
     P&L:   +$267.00 (+53.2%)  │  Target: $10.04  Stop: $2.51
     [─────────────●───────]  Stop ←→ Target
     💭 Deep ITM put with -0.75 delta and 2 DTE offers high intrinsic value de...
  ⏰ EXPIRING SOON — 0 day(s) remaining

  ⏳ Next check in 3 minutes...

  ─────────────────────────────────────────────────────────────────
  📡 POSITION CHECK — 12:36:53 EDT
  ─────────────────────────────────────────────────────────────────

  🟢 #5  SPY260504P00725000
     Entry: $5.02  │  Bid: $7.59  Mid: $7.67  Ask: $7.74
     P&L:   +$264.50 (+52.7%)  │  Target: $10.04  Stop: $2.51
     [─────────────●───────]  Stop ←→ Target
     💭 Deep ITM put with -0.75 delta and 2 DTE offers high intrinsic value de...
  ⏰ EXPIRING SOON — 0 day(s) remaining

  ⏳ Next check in 3 minutes...

  ─────────────────────────────────────────────────────────────────
  📡 POSITION CHECK — 12:39:54 EDT
  ─────────────────────────────────────────────────────────────────

  🟢 #5  SPY260504P00725000
     Entry: $5.02  │  Bid: $8.04  Mid: $8.09  Ask: $8.14
     P&L:   +$307.00 (+61.2%)  │  Target: $10.04  Stop: $2.51
     [──────────────●──────]  Stop ←→ Target
     💭 Deep ITM put with -0.75 delta and 2 DTE offers high intrinsic value de...
  ⏰ EXPIRING SOON — 0 day(s) remaining

  ⏳ Next check in 3 minutes...

  ─────────────────────────────────────────────────────────────────
  📡 POSITION CHECK — 12:42:54 EDT
  ─────────────────────────────────────────────────────────────────

  🟢 #5  SPY260504P00725000
     Entry: $5.02  │  Bid: $7.97  Mid: $8.02  Ask: $8.07
     P&L:   +$300.00 (+59.8%)  │  Target: $10.04  Stop: $2.51
     [──────────────●──────]  Stop ←→ Target
     💭 Deep ITM put with -0.75 delta and 2 DTE offers high intrinsic value de...
  ⏰ EXPIRING SOON — 0 day(s) remaining

  ⏳ Next check in 3 minutes...

  ─────────────────────────────────────────────────────────────────
  📡 POSITION CHECK — 12:45:55 EDT
  ─────────────────────────────────────────────────────────────────

  🟢 #5  SPY260504P00725000
     Entry: $5.02  │  Bid: $7.94  Mid: $8.02  Ask: $8.09
     P&L:   +$299.50 (+59.7%)  │  Target: $10.04  Stop: $2.51
     [──────────────●──────]  Stop ←→ Target
     💭 Deep ITM put with -0.75 delta and 2 DTE offers high intrinsic value de...
  ⏰ EXPIRING SOON — 0 day(s) remaining

  ⏳ Next check in 3 minutes...

  ─────────────────────────────────────────────────────────────────
  📡 POSITION CHECK — 12:48:56 EDT
  ─────────────────────────────────────────────────────────────────

  🟢 #5  SPY260504P00725000
     Entry: $5.02  │  Bid: $8.17  Mid: $8.23  Ask: $8.30
     P&L:   +$321.50 (+64.0%)  │  Target: $10.04  Stop: $2.51
     [───────────────●─────]  Stop ←→ Target
     💭 Deep ITM put with -0.75 delta and 2 DTE offers high intrinsic value de...
  ⏰ EXPIRING SOON — 0 day(s) remaining

  ⏳ Next check in 3 minutes...

  ─────────────────────────────────────────────────────────────────
  📡 POSITION CHECK — 12:51:56 EDT
  ─────────────────────────────────────────────────────────────────

  🟢 #5  SPY260504P00725000
     Entry: $5.02  │  Bid: $8.34  Mid: $8.41  Ask: $8.48
     P&L:   +$339.00 (+67.5%)  │  Target: $10.04  Stop: $2.51
     [───────────────●─────]  Stop ←→ Target
     💭 Deep ITM put with -0.75 delta and 2 DTE offers high intrinsic value de...
  ⏰ EXPIRING SOON — 0 day(s) remaining

  ⏳ Next check in 3 minutes...

  ─────────────────────────────────────────────────────────────────
  📡 POSITION CHECK — 12:54:57 EDT
  ─────────────────────────────────────────────────────────────────

  🟢 #5  SPY260504P00725000
     Entry: $5.02  │  Bid: $8.33  Mid: $8.43  Ask: $8.52
     P&L:   +$340.50 (+67.8%)  │  Target: $10.04  Stop: $2.51
     [───────────────●─────]  Stop ←→ Target
     💭 Deep ITM put with -0.75 delta and 2 DTE offers high intrinsic value de...
  ⏰ EXPIRING SOON — 0 day(s) remaining

  ⏳ Next check in 3 minutes...

  ─────────────────────────────────────────────────────────────────
  📡 POSITION CHECK — 12:57:58 EDT
  ─────────────────────────────────────────────────────────────────

  🟢 #5  SPY260504P00725000
     Entry: $5.02  │  Bid: $8.35  Mid: $8.40  Ask: $8.45
     P&L:   +$338.00 (+67.3%)  │  Target: $10.04  Stop: $2.51
     [───────────────●─────]  Stop ←→ Target
     💭 Deep ITM put with -0.75 delta and 2 DTE offers high intrinsic value de...
  ⏰ EXPIRING SOON — 0 day(s) remaining

  ⏳ Next check in 3 minutes...

  ─────────────────────────────────────────────────────────────────
  📡 POSITION CHECK — 13:00:59 EDT
  ─────────────────────────────────────────────────────────────────

  🟢 #5  SPY260504P00725000
     Entry: $5.02  │  Bid: $8.22  Mid: $8.26  Ask: $8.29
     P&L:   +$323.50 (+64.4%)  │  Target: $10.04  Stop: $2.51
     [───────────────●─────]  Stop ←→ Target
     💭 Deep ITM put with -0.75 delta and 2 DTE offers high intrinsic value de...
  ⏰ EXPIRING SOON — 0 day(s) remaining

  ⏳ Next check in 3 minutes...

  ─────────────────────────────────────────────────────────────────
  📡 POSITION CHECK — 13:03:59 EDT
  ─────────────────────────────────────────────────────────────────

  🟢 #5  SPY260504P00725000
     Entry: $5.02  │  Bid: $7.92  Mid: $7.98  Ask: $8.04
     P&L:   +$296.00 (+59.0%)  │  Target: $10.04  Stop: $2.51
     [──────────────●──────]  Stop ←→ Target
     💭 Deep ITM put with -0.75 delta and 2 DTE offers high intrinsic value de...
  ⏰ EXPIRING SOON — 0 day(s) remaining

  ⏳ Next check in 3 minutes...

  ─────────────────────────────────────────────────────────────────
  📡 POSITION CHECK — 13:07:00 EDT
  ─────────────────────────────────────────────────────────────────

  🟢 #5  SPY260504P00725000
     Entry: $5.02  │  Bid: $7.62  Mid: $7.70  Ask: $7.77
     P&L:   +$267.50 (+53.3%)  │  Target: $10.04  Stop: $2.51
     [─────────────●───────]  Stop ←→ Target
     💭 Deep ITM put with -0.75 delta and 2 DTE offers high intrinsic value de...
  ⏰ EXPIRING SOON — 0 day(s) remaining

  ⏳ Next check in 3 minutes...

  ─────────────────────────────────────────────────────────────────
  📡 POSITION CHECK — 13:10:01 EDT
  ─────────────────────────────────────────────────────────────────

  🟢 #5  SPY260504P00725000
     Entry: $5.02  │  Bid: $7.51  Mid: $7.57  Ask: $7.63
     P&L:   +$255.00 (+50.8%)  │  Target: $10.04  Stop: $2.51
     [─────────────●───────]  Stop ←→ Target
     💭 Deep ITM put with -0.75 delta and 2 DTE offers high intrinsic value de...
  ⏰ EXPIRING SOON — 0 day(s) remaining

  ⏳ Next check in 3 minutes...

  ─────────────────────────────────────────────────────────────────
  📡 POSITION CHECK — 13:13:02 EDT
  ─────────────────────────────────────────────────────────────────

  🟢 #5  SPY260504P00725000
     Entry: $5.02  │  Bid: $7.72  Mid: $7.76  Ask: $7.80
     P&L:   +$274.00 (+54.6%)  │  Target: $10.04  Stop: $2.51
     [─────────────●───────]  Stop ←→ Target
     💭 Deep ITM put with -0.75 delta and 2 DTE offers high intrinsic value de...
  ⏰ EXPIRING SOON — 0 day(s) remaining

  ⏳ Next check in 3 minutes...

  ─────────────────────────────────────────────────────────────────
  📡 POSITION CHECK — 13:16:02 EDT
  ─────────────────────────────────────────────────────────────────

  🟢 #5  SPY260504P00725000
     Entry: $5.02  │  Bid: $7.57  Mid: $7.62  Ask: $7.67
     P&L:   +$260.00 (+51.8%)  │  Target: $10.04  Stop: $2.51
     [─────────────●───────]  Stop ←→ Target
     💭 Deep ITM put with -0.75 delta and 2 DTE offers high intrinsic value de...
  ⏰ EXPIRING SOON — 0 day(s) remaining

  ⏳ Next check in 3 minutes...

  Refreshing auth token...

  ─────────────────────────────────────────────────────────────────
  📡 POSITION CHECK — 13:19:05 EDT
  ─────────────────────────────────────────────────────────────────

  🟢 #5  SPY260504P00725000
     Entry: $5.02  │  Bid: $6.44  Mid: $6.66  Ask: $6.88
     P&L:   +$164.00 (+32.7%)  │  Target: $10.04  Stop: $2.51
     [───────────●─────────]  Stop ←→ Target
     💭 Deep ITM put with -0.75 delta and 2 DTE offers high intrinsic value de...
  ⏰ EXPIRING SOON — 0 day(s) remaining

  ⏳ Next check in 3 minutes...

  ─────────────────────────────────────────────────────────────────
  📡 POSITION CHECK — 13:22:05 EDT
  ─────────────────────────────────────────────────────────────────

  🟢 #5  SPY260504P00725000
     Entry: $5.02  │  Bid: $6.53  Mid: $6.65  Ask: $6.77
     P&L:   +$163.00 (+32.5%)  │  Target: $10.04  Stop: $2.51
     [──────────●──────────]  Stop ←→ Target
     💭 Deep ITM put with -0.75 delta and 2 DTE offers high intrinsic value de...
  ⏰ EXPIRING SOON — 0 day(s) remaining

  ⏳ Next check in 3 minutes...

  ─────────────────────────────────────────────────────────────────
  📡 POSITION CHECK — 13:25:06 EDT
  ─────────────────────────────────────────────────────────────────

  🟢 #5  SPY260504P00725000
     Entry: $5.02  │  Bid: $6.43  Mid: $6.48  Ask: $6.53
     P&L:   +$146.00 (+29.1%)  │  Target: $10.04  Stop: $2.51
     [──────────●──────────]  Stop ←→ Target
     💭 Deep ITM put with -0.75 delta and 2 DTE offers high intrinsic value de...
  ⏰ EXPIRING SOON — 0 day(s) remaining

  ⏳ Next check in 3 minutes...

  ─────────────────────────────────────────────────────────────────
  📡 POSITION CHECK — 13:28:07 EDT
  ─────────────────────────────────────────────────────────────────

  🟢 #5  SPY260504P00725000
     Entry: $5.02  │  Bid: $6.47  Mid: $6.54  Ask: $6.61
     P&L:   +$152.00 (+30.3%)  │  Target: $10.04  Stop: $2.51
     [──────────●──────────]  Stop ←→ Target
     💭 Deep ITM put with -0.75 delta and 2 DTE offers high intrinsic value de...
  ⏰ EXPIRING SOON — 0 day(s) remaining

  ⏳ Next check in 3 minutes...

  ─────────────────────────────────────────────────────────────────
  📡 POSITION CHECK — 13:31:08 EDT
  ─────────────────────────────────────────────────────────────────

  🟢 #5  SPY260504P00725000
     Entry: $5.02  │  Bid: $6.44  Mid: $6.49  Ask: $6.54
     P&L:   +$147.00 (+29.3%)  │  Target: $10.04  Stop: $2.51
     [──────────●──────────]  Stop ←→ Target
     💭 Deep ITM put with -0.75 delta and 2 DTE offers high intrinsic value de...
  ⏰ EXPIRING SOON — 0 day(s) remaining

  ⏳ Next check in 3 minutes...

  ─────────────────────────────────────────────────────────────────
  📡 POSITION CHECK — 13:34:09 EDT
  ─────────────────────────────────────────────────────────────────

  🟢 #5  SPY260504P00725000
     Entry: $5.02  │  Bid: $6.60  Mid: $6.65  Ask: $6.70
     P&L:   +$163.00 (+32.5%)  │  Target: $10.04  Stop: $2.51
     [──────────●──────────]  Stop ←→ Target
     💭 Deep ITM put with -0.75 delta and 2 DTE offers high intrinsic value de...
  ⏰ EXPIRING SOON — 0 day(s) remaining

  ⏳ Next check in 3 minutes...

  ─────────────────────────────────────────────────────────────────
  📡 POSITION CHECK — 13:37:09 EDT
  ─────────────────────────────────────────────────────────────────

  🟢 #5  SPY260504P00725000
     Entry: $5.02  │  Bid: $7.03  Mid: $7.12  Ask: $7.22
     P&L:   +$210.50 (+41.9%)  │  Target: $10.04  Stop: $2.51
     [────────────●────────]  Stop ←→ Target
     💭 Deep ITM put with -0.75 delta and 2 DTE offers high intrinsic value de...
  ⏰ EXPIRING SOON — 0 day(s) remaining

  ⏳ Next check in 3 minutes...

  ─────────────────────────────────────────────────────────────────
  📡 POSITION CHECK — 13:40:10 EDT
  ─────────────────────────────────────────────────────────────────

  🟢 #5  SPY260504P00725000
     Entry: $5.02  │  Bid: $6.87  Mid: $6.97  Ask: $7.07
     P&L:   +$195.00 (+38.8%)  │  Target: $10.04  Stop: $2.51
     [───────────●─────────]  Stop ←→ Target
     💭 Deep ITM put with -0.75 delta and 2 DTE offers high intrinsic value de...
  ⏰ EXPIRING SOON — 0 day(s) remaining

  ⏳ Next check in 3 minutes...

  ─────────────────────────────────────────────────────────────────
  📡 POSITION CHECK — 13:43:11 EDT
  ─────────────────────────────────────────────────────────────────

  🟢 #5  SPY260504P00725000
     Entry: $5.02  │  Bid: $6.73  Mid: $6.79  Ask: $6.85
     P&L:   +$177.00 (+35.3%)  │  Target: $10.04  Stop: $2.51
     [───────────●─────────]  Stop ←→ Target
     💭 Deep ITM put with -0.75 delta and 2 DTE offers high intrinsic value de...
  ⏰ EXPIRING SOON — 0 day(s) remaining

  ⏳ Next check in 3 minutes...

  ─────────────────────────────────────────────────────────────────
  📡 POSITION CHECK — 13:46:12 EDT
  ─────────────────────────────────────────────────────────────────

  🟢 #5  SPY260504P00725000
     Entry: $5.02  │  Bid: $6.64  Mid: $6.86  Ask: $7.08
     P&L:   +$184.00 (+36.6%)  │  Target: $10.04  Stop: $2.51
     [───────────●─────────]  Stop ←→ Target
     💭 Deep ITM put with -0.75 delta and 2 DTE offers high intrinsic value de...
  ⏰ EXPIRING SOON — 0 day(s) remaining

  ⏳ Next check in 3 minutes...

  ─────────────────────────────────────────────────────────────────
  📡 POSITION CHECK — 13:49:12 EDT
  ─────────────────────────────────────────────────────────────────

  🟢 #5  SPY260504P00725000
     Entry: $5.02  │  Bid: $6.72  Mid: $6.78  Ask: $6.83
     P&L:   +$175.50 (+35.0%)  │  Target: $10.04  Stop: $2.51
     [───────────●─────────]  Stop ←→ Target
     💭 Deep ITM put with -0.75 delta and 2 DTE offers high intrinsic value de...
  ⏰ EXPIRING SOON — 0 day(s) remaining

  ⏳ Next check in 3 minutes...

  ─────────────────────────────────────────────────────────────────
  📡 POSITION CHECK — 13:52:13 EDT
  ─────────────────────────────────────────────────────────────────

  🟢 #5  SPY260504P00725000
     Entry: $5.02  │  Bid: $6.40  Mid: $6.46  Ask: $6.52
     P&L:   +$144.00 (+28.7%)  │  Target: $10.04  Stop: $2.51
     [──────────●──────────]  Stop ←→ Target
     💭 Deep ITM put with -0.75 delta and 2 DTE offers high intrinsic value de...
  ⏰ EXPIRING SOON — 0 day(s) remaining

  ⏳ Next check in 3 minutes...

  ─────────────────────────────────────────────────────────────────
  📡 POSITION CHECK — 13:55:14 EDT
  ─────────────────────────────────────────────────────────────────

  🟢 #5  SPY260504P00725000
     Entry: $5.02  │  Bid: $6.53  Mid: $6.61  Ask: $6.68
     P&L:   +$158.50 (+31.6%)  │  Target: $10.04  Stop: $2.51
     [──────────●──────────]  Stop ←→ Target
     💭 Deep ITM put with -0.75 delta and 2 DTE offers high intrinsic value de...
  ⏰ EXPIRING SOON — 0 day(s) remaining

  ⏳ Next check in 3 minutes...

  ─────────────────────────────────────────────────────────────────
  📡 POSITION CHECK — 13:58:15 EDT
  ─────────────────────────────────────────────────────────────────

  🟢 #5  SPY260504P00725000
     Entry: $5.02  │  Bid: $6.43  Mid: $6.50  Ask: $6.57
     P&L:   +$148.00 (+29.5%)  │  Target: $10.04  Stop: $2.51
     [──────────●──────────]  Stop ←→ Target
     💭 Deep ITM put with -0.75 delta and 2 DTE offers high intrinsic value de...
  ⏰ EXPIRING SOON — 0 day(s) remaining

  ⏳ Next check in 3 minutes...

  ─────────────────────────────────────────────────────────────────
  📡 POSITION CHECK — 14:01:15 EDT
  ─────────────────────────────────────────────────────────────────

  🟢 #5  SPY260504P00725000
     Entry: $5.02  │  Bid: $6.58  Mid: $6.63  Ask: $6.68
     P&L:   +$161.00 (+32.1%)  │  Target: $10.04  Stop: $2.51
     [──────────●──────────]  Stop ←→ Target
     💭 Deep ITM put with -0.75 delta and 2 DTE offers high intrinsic value de...
  ⏰ EXPIRING SOON — 0 day(s) remaining

  ⏳ Next check in 3 minutes...

  ─────────────────────────────────────────────────────────────────
  📡 POSITION CHECK — 14:04:16 EDT
  ─────────────────────────────────────────────────────────────────

  🟢 #5  SPY260504P00725000
     Entry: $5.02  │  Bid: $6.16  Mid: $6.20  Ask: $6.23
     P&L:   +$117.50 (+23.4%)  │  Target: $10.04  Stop: $2.51
     [─────────●───────────]  Stop ←→ Target
     💭 Deep ITM put with -0.75 delta and 2 DTE offers high intrinsic value de...
  ⏰ EXPIRING SOON — 0 day(s) remaining

  ⏳ Next check in 3 minutes...

  ─────────────────────────────────────────────────────────────────
  📡 POSITION CHECK — 14:07:17 EDT
  ─────────────────────────────────────────────────────────────────

  🟢 #5  SPY260504P00725000
     Entry: $5.02  │  Bid: $6.12  Mid: $6.18  Ask: $6.24
     P&L:   +$116.00 (+23.1%)  │  Target: $10.04  Stop: $2.51
     [─────────●───────────]  Stop ←→ Target
     💭 Deep ITM put with -0.75 delta and 2 DTE offers high intrinsic value de...
  ⏰ EXPIRING SOON — 0 day(s) remaining

  ⏳ Next check in 3 minutes...

  ─────────────────────────────────────────────────────────────────
  📡 POSITION CHECK — 14:10:18 EDT
  ─────────────────────────────────────────────────────────────────

  🟢 #5  SPY260504P00725000
     Entry: $5.02  │  Bid: $6.19  Mid: $6.29  Ask: $6.40
     P&L:   +$127.50 (+25.4%)  │  Target: $10.04  Stop: $2.51
     [──────────●──────────]  Stop ←→ Target
     💭 Deep ITM put with -0.75 delta and 2 DTE offers high intrinsic value de...
  ⏰ EXPIRING SOON — 0 day(s) remaining

  ⏳ Next check in 3 minutes...

  ─────────────────────────────────────────────────────────────────
  📡 POSITION CHECK — 14:13:19 EDT
  ─────────────────────────────────────────────────────────────────

  🟢 #5  SPY260504P00725000
     Entry: $5.02  │  Bid: $6.36  Mid: $6.41  Ask: $6.46
     P&L:   +$139.00 (+27.7%)  │  Target: $10.04  Stop: $2.51
     [──────────●──────────]  Stop ←→ Target
     💭 Deep ITM put with -0.75 delta and 2 DTE offers high intrinsic value de...
  ⏰ EXPIRING SOON — 0 day(s) remaining

  ⏳ Next check in 3 minutes...

  Refreshing auth token...

  ─────────────────────────────────────────────────────────────────
  📡 POSITION CHECK — 14:16:21 EDT
  ─────────────────────────────────────────────────────────────────

  🟢 #5  SPY260504P00725000
     Entry: $5.02  │  Bid: $6.60  Mid: $6.67  Ask: $6.73
     P&L:   +$164.50 (+32.8%)  │  Target: $10.04  Stop: $2.51
     [───────────●─────────]  Stop ←→ Target
     💭 Deep ITM put with -0.75 delta and 2 DTE offers high intrinsic value de...
  ⏰ EXPIRING SOON — 0 day(s) remaining

  ⏳ Next check in 3 minutes...

  ─────────────────────────────────────────────────────────────────
  📡 POSITION CHECK — 14:19:21 EDT
  ─────────────────────────────────────────────────────────────────

  🟢 #5  SPY260504P00725000
     Entry: $5.02  │  Bid: $6.66  Mid: $6.78  Ask: $6.89
     P&L:   +$175.50 (+35.0%)  │  Target: $10.04  Stop: $2.51
     [───────────●─────────]  Stop ←→ Target
     💭 Deep ITM put with -0.75 delta and 2 DTE offers high intrinsic value de...
  ⏰ EXPIRING SOON — 0 day(s) remaining

  ⏳ Next check in 3 minutes...

  ─────────────────────────────────────────────────────────────────
  📡 POSITION CHECK — 14:22:22 EDT
  ─────────────────────────────────────────────────────────────────

  🟢 #5  SPY260504P00725000
     Entry: $5.02  │  Bid: $6.98  Mid: $7.03  Ask: $7.07
     P&L:   +$200.50 (+39.9%)  │  Target: $10.04  Stop: $2.51
     [───────────●─────────]  Stop ←→ Target
     💭 Deep ITM put with -0.75 delta and 2 DTE offers high intrinsic value de...
  ⏰ EXPIRING SOON — 0 day(s) remaining

  ⏳ Next check in 3 minutes...

  ─────────────────────────────────────────────────────────────────
  📡 POSITION CHECK — 14:25:23 EDT
  ─────────────────────────────────────────────────────────────────

  🟢 #5  SPY260504P00725000
     Entry: $5.02  │  Bid: $7.28  Mid: $7.38  Ask: $7.47
     P&L:   +$235.50 (+46.9%)  │  Target: $10.04  Stop: $2.51
     [────────────●────────]  Stop ←→ Target
     💭 Deep ITM put with -0.75 delta and 2 DTE offers high intrinsic value de...
  ⏰ EXPIRING SOON — 0 day(s) remaining

  ⏳ Next check in 3 minutes...

  ─────────────────────────────────────────────────────────────────
  📡 POSITION CHECK — 14:28:23 EDT
  ─────────────────────────────────────────────────────────────────

  🟢 #5  SPY260504P00725000
     Entry: $5.02  │  Bid: $7.44  Mid: $7.51  Ask: $7.58
     P&L:   +$249.00 (+49.6%)  │  Target: $10.04  Stop: $2.51
     [─────────────●───────]  Stop ←→ Target
     💭 Deep ITM put with -0.75 delta and 2 DTE offers high intrinsic value de...
  ⏰ EXPIRING SOON — 0 day(s) remaining

  ⏳ Next check in 3 minutes...

[Session started: 2026-05-04 14:31:11]

=================================================================
  📡 POSITION MONITOR
  Started: 2026-05-04 14:31:11 EDT
  Check interval: every 3 minutes
  Auto-close: TARGET and STOP hits executed automatically
  Press Ctrl+C to stop
=================================================================

  Refreshing auth token...

  ─────────────────────────────────────────────────────────────────
  📡 POSITION CHECK — 14:31:12 EDT
  ─────────────────────────────────────────────────────────────────

  🟢 #5  SPY260504P00725000
     Entry: $5.02  │  Bid: $7.36  Mid: $7.45  Ask: $7.54
     P&L:   +$243.00 (+48.4%)  │  Target: $10.04  Stop: $2.51
     [─────────────●───────]  Stop ←→ Target
     💭 Deep ITM put with -0.75 delta and 2 DTE offers high intrinsic value de...
  ⏰ EXPIRING SOON — 0 day(s) remaining

  ⏳ Next check in 3 minutes...

  ─────────────────────────────────────────────────────────────────
  📡 POSITION CHECK — 14:31:24 EDT
  ─────────────────────────────────────────────────────────────────

  🟢 #5  SPY260504P00725000
     Entry: $5.02  │  Bid: $7.47  Mid: $7.54  Ask: $7.60
     P&L:   +$251.50 (+50.1%)  │  Target: $10.04  Stop: $2.51
     [─────────────●───────]  Stop ←→ Target
     💭 Deep ITM put with -0.75 delta and 2 DTE offers high intrinsic value de...
  ⏰ EXPIRING SOON — 0 day(s) remaining

  ⏳ Next check in 3 minutes...

  ─────────────────────────────────────────────────────────────────
  📡 POSITION CHECK — 14:34:12 EDT
  ─────────────────────────────────────────────────────────────────

  🟢 #5  SPY260504P00725000
     Entry: $5.02  │  Bid: $7.27  Mid: $7.36  Ask: $7.44
     P&L:   +$233.50 (+46.5%)  │  Target: $10.04  Stop: $2.51
     [────────────●────────]  Stop ←→ Target
     💭 Deep ITM put with -0.75 delta and 2 DTE offers high intrinsic value de...
  ⏰ EXPIRING SOON — 0 day(s) remaining

  ⏳ Next check in 3 minutes...

  ─────────────────────────────────────────────────────────────────
  📡 POSITION CHECK — 14:34:25 EDT
  ─────────────────────────────────────────────────────────────────

  🟢 #5  SPY260504P00725000
     Entry: $5.02  │  Bid: $7.27  Mid: $7.34  Ask: $7.42
     P&L:   +$232.50 (+46.3%)  │  Target: $10.04  Stop: $2.51
     [────────────●────────]  Stop ←→ Target
     💭 Deep ITM put with -0.75 delta and 2 DTE offers high intrinsic value de...
  ⏰ EXPIRING SOON — 0 day(s) remaining

  ⏳ Next check in 3 minutes...

  ─────────────────────────────────────────────────────────────────
  📡 POSITION CHECK — 14:37:13 EDT
  ─────────────────────────────────────────────────────────────────

  🟢 #5  SPY260504P00725000
     Entry: $5.02  │  Bid: $7.59  Mid: $7.67  Ask: $7.74
     P&L:   +$264.50 (+52.7%)  │  Target: $10.04  Stop: $2.51
     [─────────────●───────]  Stop ←→ Target
     💭 Deep ITM put with -0.75 delta and 2 DTE offers high intrinsic value de...
  ⏰ EXPIRING SOON — 0 day(s) remaining

  ⏳ Next check in 3 minutes...

  ─────────────────────────────────────────────────────────────────
  📡 POSITION CHECK — 14:37:26 EDT
  ─────────────────────────────────────────────────────────────────

  🟢 #5  SPY260504P00725000
     Entry: $5.02  │  Bid: $7.64  Mid: $7.69  Ask: $7.74
     P&L:   +$267.00 (+53.2%)  │  Target: $10.04  Stop: $2.51
     [─────────────●───────]  Stop ←→ Target
     💭 Deep ITM put with -0.75 delta and 2 DTE offers high intrinsic value de...
  ⏰ EXPIRING SOON — 0 day(s) remaining

  ⏳ Next check in 3 minutes...

  ─────────────────────────────────────────────────────────────────
  📡 POSITION CHECK — 14:40:13 EDT
  ─────────────────────────────────────────────────────────────────

  🟢 #5  SPY260504P00725000
     Entry: $5.02  │  Bid: $7.44  Mid: $7.55  Ask: $7.66
     P&L:   +$253.00 (+50.4%)  │  Target: $10.04  Stop: $2.51
     [─────────────●───────]  Stop ←→ Target
     💭 Deep ITM put with -0.75 delta and 2 DTE offers high intrinsic value de...
  ⏰ EXPIRING SOON — 0 day(s) remaining

  ⏳ Next check in 3 minutes...

  ─────────────────────────────────────────────────────────────────
  📡 POSITION CHECK — 14:40:27 EDT
  ─────────────────────────────────────────────────────────────────

  🟢 #5  SPY260504P00725000
     Entry: $5.02  │  Bid: $7.44  Mid: $7.51  Ask: $7.59
     P&L:   +$249.50 (+49.7%)  │  Target: $10.04  Stop: $2.51
     [─────────────●───────]  Stop ←→ Target
     💭 Deep ITM put with -0.75 delta and 2 DTE offers high intrinsic value de...
  ⏰ EXPIRING SOON — 0 day(s) remaining

  ⏳ Next check in 3 minutes...

  ─────────────────────────────────────────────────────────────────
  📡 POSITION CHECK — 14:43:14 EDT
  ─────────────────────────────────────────────────────────────────

  🟢 #5  SPY260504P00725000
     Entry: $5.02  │  Bid: $7.52  Mid: $7.62  Ask: $7.71
     P&L:   +$259.50 (+51.7%)  │  Target: $10.04  Stop: $2.51
     [─────────────●───────]  Stop ←→ Target
     💭 Deep ITM put with -0.75 delta and 2 DTE offers high intrinsic value de...
  ⏰ EXPIRING SOON — 0 day(s) remaining

  ⏳ Next check in 3 minutes...

  ─────────────────────────────────────────────────────────────────
  📡 POSITION CHECK — 14:43:27 EDT
  ─────────────────────────────────────────────────────────────────

  🟢 #5  SPY260504P00725000
     Entry: $5.02  │  Bid: $7.71  Mid: $7.79  Ask: $7.86
     P&L:   +$276.50 (+55.1%)  │  Target: $10.04  Stop: $2.51
     [──────────────●──────]  Stop ←→ Target
     💭 Deep ITM put with -0.75 delta and 2 DTE offers high intrinsic value de...
  ⏰ EXPIRING SOON — 0 day(s) remaining

  ⏳ Next check in 3 minutes...

  ─────────────────────────────────────────────────────────────────
  📡 POSITION CHECK — 14:46:14 EDT
  ─────────────────────────────────────────────────────────────────

  🟢 #5  SPY260504P00725000
     Entry: $5.02  │  Bid: $7.92  Mid: $8.06  Ask: $8.20
     P&L:   +$304.00 (+60.6%)  │  Target: $10.04  Stop: $2.51
     [──────────────●──────]  Stop ←→ Target
     💭 Deep ITM put with -0.75 delta and 2 DTE offers high intrinsic value de...
  ⏰ EXPIRING SOON — 0 day(s) remaining

  ⏳ Next check in 3 minutes...

  ─────────────────────────────────────────────────────────────────
  📡 POSITION CHECK — 14:46:28 EDT
  ─────────────────────────────────────────────────────────────────

  🟢 #5  SPY260504P00725000
     Entry: $5.02  │  Bid: $7.92  Mid: $8.01  Ask: $8.10
     P&L:   +$299.00 (+59.6%)  │  Target: $10.04  Stop: $2.51
     [──────────────●──────]  Stop ←→ Target
     💭 Deep ITM put with -0.75 delta and 2 DTE offers high intrinsic value de...
  ⏰ EXPIRING SOON — 0 day(s) remaining

  ⏳ Next check in 3 minutes...

  ─────────────────────────────────────────────────────────────────
  📡 POSITION CHECK — 14:49:15 EDT
  ─────────────────────────────────────────────────────────────────

  🟢 #5  SPY260504P00725000
     Entry: $5.02  │  Bid: $7.65  Mid: $7.71  Ask: $7.77
     P&L:   +$269.00 (+53.6%)  │  Target: $10.04  Stop: $2.51
     [─────────────●───────]  Stop ←→ Target
     💭 Deep ITM put with -0.75 delta and 2 DTE offers high intrinsic value de...
  ⏰ EXPIRING SOON — 0 day(s) remaining

  ⏳ Next check in 3 minutes...

  ─────────────────────────────────────────────────────────────────
  📡 POSITION CHECK — 14:49:29 EDT
  ─────────────────────────────────────────────────────────────────

  🟢 #5  SPY260504P00725000
     Entry: $5.02  │  Bid: $7.60  Mid: $7.66  Ask: $7.71
     P&L:   +$263.50 (+52.5%)  │  Target: $10.04  Stop: $2.51
     [─────────────●───────]  Stop ←→ Target
     💭 Deep ITM put with -0.75 delta and 2 DTE offers high intrinsic value de...
  ⏰ EXPIRING SOON — 0 day(s) remaining

  ⏳ Next check in 3 minutes...

  ─────────────────────────────────────────────────────────────────
  📡 POSITION CHECK — 14:52:15 EDT
  ─────────────────────────────────────────────────────────────────

  🟢 #5  SPY260504P00725000
     Entry: $5.02  │  Bid: $7.40  Mid: $7.47  Ask: $7.54
     P&L:   +$245.00 (+48.8%)  │  Target: $10.04  Stop: $2.51
     [─────────────●───────]  Stop ←→ Target
     💭 Deep ITM put with -0.75 delta and 2 DTE offers high intrinsic value de...
  ⏰ EXPIRING SOON — 0 day(s) remaining

  ⏳ Next check in 3 minutes...

  ─────────────────────────────────────────────────────────────────
  📡 POSITION CHECK — 14:52:30 EDT
  ─────────────────────────────────────────────────────────────────

  🟢 #5  SPY260504P00725000
     Entry: $5.02  │  Bid: $7.68  Mid: $7.78  Ask: $7.88
     P&L:   +$276.00 (+55.0%)  │  Target: $10.04  Stop: $2.51
     [─────────────●───────]  Stop ←→ Target
     💭 Deep ITM put with -0.75 delta and 2 DTE offers high intrinsic value de...
  ⏰ EXPIRING SOON — 0 day(s) remaining

  ⏳ Next check in 3 minutes...

  ─────────────────────────────────────────────────────────────────
  📡 POSITION CHECK — 14:55:15 EDT
  ─────────────────────────────────────────────────────────────────

  🟢 #5  SPY260504P00725000
     Entry: $5.02  │  Bid: $7.80  Mid: $7.88  Ask: $7.96
     P&L:   +$286.00 (+57.0%)  │  Target: $10.04  Stop: $2.51
     [──────────────●──────]  Stop ←→ Target
     💭 Deep ITM put with -0.75 delta and 2 DTE offers high intrinsic value de...
  ⏰ EXPIRING SOON — 0 day(s) remaining

  ⏳ Next check in 3 minutes...

  ─────────────────────────────────────────────────────────────────
  📡 POSITION CHECK — 14:55:31 EDT
  ─────────────────────────────────────────────────────────────────

  🟢 #5  SPY260504P00725000
     Entry: $5.02  │  Bid: $7.71  Mid: $7.79  Ask: $7.88
     P&L:   +$277.50 (+55.3%)  │  Target: $10.04  Stop: $2.51
     [──────────────●──────]  Stop ←→ Target
     💭 Deep ITM put with -0.75 delta and 2 DTE offers high intrinsic value de...
  ⏰ EXPIRING SOON — 0 day(s) remaining

  ⏳ Next check in 3 minutes...

  ─────────────────────────────────────────────────────────────────
  📡 POSITION CHECK — 14:58:16 EDT
  ─────────────────────────────────────────────────────────────────

  🟢 #5  SPY260504P00725000
     Entry: $5.02  │  Bid: $7.41  Mid: $7.46  Ask: $7.50
     P&L:   +$243.50 (+48.5%)  │  Target: $10.04  Stop: $2.51
     [─────────────●───────]  Stop ←→ Target
     💭 Deep ITM put with -0.75 delta and 2 DTE offers high intrinsic value de...
  ⏰ EXPIRING SOON — 0 day(s) remaining

  ⏳ Next check in 3 minutes...

  ─────────────────────────────────────────────────────────────────
  📡 POSITION CHECK — 14:58:31 EDT
  ─────────────────────────────────────────────────────────────────

  🟢 #5  SPY260504P00725000
     Entry: $5.02  │  Bid: $7.45  Mid: $7.50  Ask: $7.54
     P&L:   +$247.50 (+49.3%)  │  Target: $10.04  Stop: $2.51
     [─────────────●───────]  Stop ←→ Target
     💭 Deep ITM put with -0.75 delta and 2 DTE offers high intrinsic value de...
  ⏰ EXPIRING SOON — 0 day(s) remaining

  ⏳ Next check in 3 minutes...

  ─────────────────────────────────────────────────────────────────
  📡 POSITION CHECK — 15:01:16 EDT
  ─────────────────────────────────────────────────────────────────

  🟢 #5  SPY260504P00725000
     Entry: $5.02  │  Bid: $7.60  Mid: $7.64  Ask: $7.68
     P&L:   +$262.00 (+52.2%)  │  Target: $10.04  Stop: $2.51
     [─────────────●───────]  Stop ←→ Target
     💭 Deep ITM put with -0.75 delta and 2 DTE offers high intrinsic value de...
  ⏰ EXPIRING SOON — 0 day(s) remaining

  ⏳ Next check in 3 minutes...

  ─────────────────────────────────────────────────────────────────
  📡 POSITION CHECK — 15:01:32 EDT
  ─────────────────────────────────────────────────────────────────

  🟢 #5  SPY260504P00725000
     Entry: $5.02  │  Bid: $7.57  Mid: $7.62  Ask: $7.66
     P&L:   +$259.50 (+51.7%)  │  Target: $10.04  Stop: $2.51
     [─────────────●───────]  Stop ←→ Target
     💭 Deep ITM put with -0.75 delta and 2 DTE offers high intrinsic value de...
  ⏰ EXPIRING SOON — 0 day(s) remaining

  ⏳ Next check in 3 minutes...

  ─────────────────────────────────────────────────────────────────
  📡 POSITION CHECK — 15:04:16 EDT
  ─────────────────────────────────────────────────────────────────

  🟢 #5  SPY260504P00725000
     Entry: $5.02  │  Bid: $7.57  Mid: $7.61  Ask: $7.65
     P&L:   +$259.00 (+51.6%)  │  Target: $10.04  Stop: $2.51
     [─────────────●───────]  Stop ←→ Target
     💭 Deep ITM put with -0.75 delta and 2 DTE offers high intrinsic value de...
  ⏰ EXPIRING SOON — 0 day(s) remaining

  ⏳ Next check in 3 minutes...

  ─────────────────────────────────────────────────────────────────
  📡 POSITION CHECK — 15:04:33 EDT
  ─────────────────────────────────────────────────────────────────

  🟢 #5  SPY260504P00725000
     Entry: $5.02  │  Bid: $7.57  Mid: $7.61  Ask: $7.65
     P&L:   +$259.00 (+51.6%)  │  Target: $10.04  Stop: $2.51
     [─────────────●───────]  Stop ←→ Target
     💭 Deep ITM put with -0.75 delta and 2 DTE offers high intrinsic value de...
  ⏰ EXPIRING SOON — 0 day(s) remaining

  ⏳ Next check in 3 minutes...

  ─────────────────────────────────────────────────────────────────
  📡 POSITION CHECK — 15:07:17 EDT
  ─────────────────────────────────────────────────────────────────

  🟢 #5  SPY260504P00725000
     Entry: $5.02  │  Bid: $6.98  Mid: $7.11  Ask: $7.24
     P&L:   +$209.00 (+41.6%)  │  Target: $10.04  Stop: $2.51
     [────────────●────────]  Stop ←→ Target
     💭 Deep ITM put with -0.75 delta and 2 DTE offers high intrinsic value de...
  ⏰ EXPIRING SOON — 0 day(s) remaining

  ⏳ Next check in 3 minutes...

  ─────────────────────────────────────────────────────────────────
  📡 POSITION CHECK — 15:07:34 EDT
  ─────────────────────────────────────────────────────────────────

  🟢 #5  SPY260504P00725000
     Entry: $5.02  │  Bid: $6.98  Mid: $7.08  Ask: $7.17
     P&L:   +$205.50 (+40.9%)  │  Target: $10.04  Stop: $2.51
     [────────────●────────]  Stop ←→ Target
     💭 Deep ITM put with -0.75 delta and 2 DTE offers high intrinsic value de...
  ⏰ EXPIRING SOON — 0 day(s) remaining

  ⏳ Next check in 3 minutes...

  ─────────────────────────────────────────────────────────────────
  📡 POSITION CHECK — 15:10:17 EDT
  ─────────────────────────────────────────────────────────────────

  🟢 #5  SPY260504P00725000
     Entry: $5.02  │  Bid: $7.00  Mid: $7.12  Ask: $7.25
     P&L:   +$210.50 (+41.9%)  │  Target: $10.04  Stop: $2.51
     [────────────●────────]  Stop ←→ Target
     💭 Deep ITM put with -0.75 delta and 2 DTE offers high intrinsic value de...
  ⏰ EXPIRING SOON — 0 day(s) remaining

  ⏳ Next check in 3 minutes...

  ─────────────────────────────────────────────────────────────────
  📡 POSITION CHECK — 15:10:34 EDT
  ─────────────────────────────────────────────────────────────────

  🟢 #5  SPY260504P00725000
     Entry: $5.02  │  Bid: $7.16  Mid: $7.21  Ask: $7.25
     P&L:   +$218.50 (+43.5%)  │  Target: $10.04  Stop: $2.51
     [────────────●────────]  Stop ←→ Target
     💭 Deep ITM put with -0.75 delta and 2 DTE offers high intrinsic value de...
  ⏰ EXPIRING SOON — 0 day(s) remaining

  ⏳ Next check in 3 minutes...

  ─────────────────────────────────────────────────────────────────
  📡 POSITION CHECK — 15:13:18 EDT
  ─────────────────────────────────────────────────────────────────

  🟢 #5  SPY260504P00725000
     Entry: $5.02  │  Bid: $7.01  Mid: $7.08  Ask: $7.15
     P&L:   +$206.00 (+41.0%)  │  Target: $10.04  Stop: $2.51
     [────────────●────────]  Stop ←→ Target
     💭 Deep ITM put with -0.75 delta and 2 DTE offers high intrinsic value de...
  ⏰ EXPIRING SOON — 0 day(s) remaining

  ⏳ Next check in 3 minutes...

  Refreshing auth token...

  ─────────────────────────────────────────────────────────────────
  📡 POSITION CHECK — 15:13:37 EDT
  ─────────────────────────────────────────────────────────────────

  🟢 #5  SPY260504P00725000
     Entry: $5.02  │  Bid: $7.01  Mid: $7.05  Ask: $7.09
     P&L:   +$203.00 (+40.4%)  │  Target: $10.04  Stop: $2.51
     [────────────●────────]  Stop ←→ Target
     💭 Deep ITM put with -0.75 delta and 2 DTE offers high intrinsic value de...
  ⏰ EXPIRING SOON — 0 day(s) remaining

  ⏳ Next check in 3 minutes...

  ─────────────────────────────────────────────────────────────────
  📡 POSITION CHECK — 15:16:18 EDT
  ─────────────────────────────────────────────────────────────────

  🟢 #5  SPY260504P00725000
     Entry: $5.02  │  Bid: $6.93  Mid: $6.97  Ask: $7.02
     P&L:   +$195.50 (+38.9%)  │  Target: $10.04  Stop: $2.51
     [───────────●─────────]  Stop ←→ Target
     💭 Deep ITM put with -0.75 delta and 2 DTE offers high intrinsic value de...
  ⏰ EXPIRING SOON — 0 day(s) remaining

  ⏳ Next check in 3 minutes...

  ─────────────────────────────────────────────────────────────────
  📡 POSITION CHECK — 15:16:37 EDT
  ─────────────────────────────────────────────────────────────────

  🟢 #5  SPY260504P00725000
     Entry: $5.02  │  Bid: $6.82  Mid: $6.86  Ask: $6.90
     P&L:   +$184.00 (+36.6%)  │  Target: $10.04  Stop: $2.51
     [───────────●─────────]  Stop ←→ Target
     💭 Deep ITM put with -0.75 delta and 2 DTE offers high intrinsic value de...
  ⏰ EXPIRING SOON — 0 day(s) remaining

  ⏳ Next check in 3 minutes...

  ─────────────────────────────────────────────────────────────────
  📡 POSITION CHECK — 15:19:18 EDT
  ─────────────────────────────────────────────────────────────────

  🟢 #5  SPY260504P00725000
     Entry: $5.02  │  Bid: $6.90  Mid: $6.95  Ask: $6.99
     P&L:   +$192.50 (+38.4%)  │  Target: $10.04  Stop: $2.51
     [───────────●─────────]  Stop ←→ Target
     💭 Deep ITM put with -0.75 delta and 2 DTE offers high intrinsic value de...
  ⏰ EXPIRING SOON — 0 day(s) remaining

  ⏳ Next check in 3 minutes...

  ─────────────────────────────────────────────────────────────────
  📡 POSITION CHECK — 15:19:38 EDT
  ─────────────────────────────────────────────────────────────────

  🟢 #5  SPY260504P00725000
     Entry: $5.02  │  Bid: $6.93  Mid: $7.00  Ask: $7.07
     P&L:   +$198.00 (+39.4%)  │  Target: $10.04  Stop: $2.51
     [───────────●─────────]  Stop ←→ Target
     💭 Deep ITM put with -0.75 delta and 2 DTE offers high intrinsic value de...
  ⏰ EXPIRING SOON — 0 day(s) remaining

  ⏳ Next check in 3 minutes...

  ─────────────────────────────────────────────────────────────────
  📡 POSITION CHECK — 15:22:19 EDT
  ─────────────────────────────────────────────────────────────────

  🟢 #5  SPY260504P00725000
     Entry: $5.02  │  Bid: $7.02  Mid: $7.08  Ask: $7.13
     P&L:   +$205.50 (+40.9%)  │  Target: $10.04  Stop: $2.51
     [────────────●────────]  Stop ←→ Target
     💭 Deep ITM put with -0.75 delta and 2 DTE offers high intrinsic value de...
  ⏰ EXPIRING SOON — 0 day(s) remaining

  ⏳ Next check in 3 minutes...

  ─────────────────────────────────────────────────────────────────
  📡 POSITION CHECK — 15:22:39 EDT
  ─────────────────────────────────────────────────────────────────

  🟢 #5  SPY260504P00725000
     Entry: $5.02  │  Bid: $7.15  Mid: $7.21  Ask: $7.28
     P&L:   +$219.50 (+43.7%)  │  Target: $10.04  Stop: $2.51
     [────────────●────────]  Stop ←→ Target
     💭 Deep ITM put with -0.75 delta and 2 DTE offers high intrinsic value de...
  ⏰ EXPIRING SOON — 0 day(s) remaining

  ⏳ Next check in 3 minutes...

  ─────────────────────────────────────────────────────────────────
  📡 POSITION CHECK — 15:25:19 EDT
  ─────────────────────────────────────────────────────────────────

  🟢 #5  SPY260504P00725000
     Entry: $5.02  │  Bid: $7.08  Mid: $7.12  Ask: $7.17
     P&L:   +$210.50 (+41.9%)  │  Target: $10.04  Stop: $2.51
     [────────────●────────]  Stop ←→ Target
     💭 Deep ITM put with -0.75 delta and 2 DTE offers high intrinsic value de...
  ⏰ EXPIRING SOON — 0 day(s) remaining

  ⏳ Next check in 3 minutes...

  ─────────────────────────────────────────────────────────────────
  📡 POSITION CHECK — 15:25:39 EDT
  ─────────────────────────────────────────────────────────────────

  🟢 #5  SPY260504P00725000
     Entry: $5.02  │  Bid: $7.10  Mid: $7.15  Ask: $7.20
     P&L:   +$213.00 (+42.4%)  │  Target: $10.04  Stop: $2.51
     [────────────●────────]  Stop ←→ Target
     💭 Deep ITM put with -0.75 delta and 2 DTE offers high intrinsic value de...
  ⏰ EXPIRING SOON — 0 day(s) remaining

  ⏳ Next check in 3 minutes...

  Refreshing auth token...

  ─────────────────────────────────────────────────────────────────
  📡 POSITION CHECK — 15:28:21 EDT
  ─────────────────────────────────────────────────────────────────

  🟢 #5  SPY260504P00725000
     Entry: $5.02  │  Bid: $7.15  Mid: $7.21  Ask: $7.27
     P&L:   +$219.00 (+43.6%)  │  Target: $10.04  Stop: $2.51
     [────────────●────────]  Stop ←→ Target
     💭 Deep ITM put with -0.75 delta and 2 DTE offers high intrinsic value de...
  ⏰ EXPIRING SOON — 0 day(s) remaining

  ⏳ Next check in 3 minutes...

  ─────────────────────────────────────────────────────────────────
  📡 POSITION CHECK — 15:28:40 EDT
  ─────────────────────────────────────────────────────────────────

  🟢 #5  SPY260504P00725000
     Entry: $5.02  │  Bid: $7.03  Mid: $7.08  Ask: $7.13
     P&L:   +$206.00 (+41.0%)  │  Target: $10.04  Stop: $2.51
     [────────────●────────]  Stop ←→ Target
     💭 Deep ITM put with -0.75 delta and 2 DTE offers high intrinsic value de...
  ⏰ EXPIRING SOON — 0 day(s) remaining

  ⏳ Next check in 3 minutes...

  ─────────────────────────────────────────────────────────────────
  📡 POSITION CHECK — 15:31:21 EDT
  ─────────────────────────────────────────────────────────────────

  🟢 #5  SPY260504P00725000
     Entry: $5.02  │  Bid: $7.16  Mid: $7.22  Ask: $7.29
     P&L:   +$220.50 (+43.9%)  │  Target: $10.04  Stop: $2.51
     [────────────●────────]  Stop ←→ Target
     💭 Deep ITM put with -0.75 delta and 2 DTE offers high intrinsic value de...
  ⏰ EXPIRING SOON — 0 day(s) remaining

  ⏳ Next check in 3 minutes...

  ─────────────────────────────────────────────────────────────────
  📡 POSITION CHECK — 15:31:41 EDT
  ─────────────────────────────────────────────────────────────────

  🟢 #5  SPY260504P00725000
     Entry: $5.02  │  Bid: $7.11  Mid: $7.16  Ask: $7.20
     P&L:   +$213.50 (+42.5%)  │  Target: $10.04  Stop: $2.51
     [────────────●────────]  Stop ←→ Target
     💭 Deep ITM put with -0.75 delta and 2 DTE offers high intrinsic value de...
  ⏰ EXPIRING SOON — 0 day(s) remaining

  ⏳ Next check in 3 minutes...

  ─────────────────────────────────────────────────────────────────
  📡 POSITION CHECK — 15:34:21 EDT
  ─────────────────────────────────────────────────────────────────

  🟢 #5  SPY260504P00725000
     Entry: $5.02  │  Bid: $6.98  Mid: $7.04  Ask: $7.11
     P&L:   +$202.50 (+40.3%)  │  Target: $10.04  Stop: $2.51
     [────────────●────────]  Stop ←→ Target
     💭 Deep ITM put with -0.75 delta and 2 DTE offers high intrinsic value de...
  ⏰ EXPIRING SOON — 0 day(s) remaining

  ⏳ Next check in 3 minutes...

  ─────────────────────────────────────────────────────────────────
  📡 POSITION CHECK — 15:34:42 EDT
  ─────────────────────────────────────────────────────────────────

  🟢 #5  SPY260504P00725000
     Entry: $5.02  │  Bid: $6.93  Mid: $7.00  Ask: $7.07
     P&L:   +$198.00 (+39.4%)  │  Target: $10.04  Stop: $2.51
     [───────────●─────────]  Stop ←→ Target
     💭 Deep ITM put with -0.75 delta and 2 DTE offers high intrinsic value de...
  ⏰ EXPIRING SOON — 0 day(s) remaining

  ⏳ Next check in 3 minutes...

  ─────────────────────────────────────────────────────────────────
  📡 POSITION CHECK — 15:37:22 EDT
  ─────────────────────────────────────────────────────────────────

  🟢 #5  SPY260504P00725000
     Entry: $5.02  │  Bid: $6.89  Mid: $6.95  Ask: $7.00
     P&L:   +$192.50 (+38.4%)  │  Target: $10.04  Stop: $2.51
     [───────────●─────────]  Stop ←→ Target
     💭 Deep ITM put with -0.75 delta and 2 DTE offers high intrinsic value de...
  ⏰ EXPIRING SOON — 0 day(s) remaining

  ⏳ Next check in 3 minutes...

  ─────────────────────────────────────────────────────────────────
  📡 POSITION CHECK — 15:37:43 EDT
  ─────────────────────────────────────────────────────────────────

  🟢 #5  SPY260504P00725000
     Entry: $5.02  │  Bid: $6.83  Mid: $6.88  Ask: $6.94
     P&L:   +$186.50 (+37.1%)  │  Target: $10.04  Stop: $2.51
     [───────────●─────────]  Stop ←→ Target
     💭 Deep ITM put with -0.75 delta and 2 DTE offers high intrinsic value de...
  ⏰ EXPIRING SOON — 0 day(s) remaining

  ⏳ Next check in 3 minutes...

  ─────────────────────────────────────────────────────────────────
  📡 POSITION CHECK — 15:40:22 EDT
  ─────────────────────────────────────────────────────────────────

  🟢 #5  SPY260504P00725000
     Entry: $5.02  │  Bid: $6.94  Mid: $7.05  Ask: $7.17
     P&L:   +$203.50 (+40.5%)  │  Target: $10.04  Stop: $2.51
     [────────────●────────]  Stop ←→ Target
     💭 Deep ITM put with -0.75 delta and 2 DTE offers high intrinsic value de...
  ⏰ EXPIRING SOON — 0 day(s) remaining

  ⏳ Next check in 3 minutes...

  ─────────────────────────────────────────────────────────────────
  📡 POSITION CHECK — 15:40:43 EDT
  ─────────────────────────────────────────────────────────────────

  🟢 #5  SPY260504P00725000
     Entry: $5.02  │  Bid: $7.13  Mid: $7.17  Ask: $7.20
     P&L:   +$214.50 (+42.7%)  │  Target: $10.04  Stop: $2.51
     [────────────●────────]  Stop ←→ Target
     💭 Deep ITM put with -0.75 delta and 2 DTE offers high intrinsic value de...
  ⏰ EXPIRING SOON — 0 day(s) remaining

  ⏳ Next check in 3 minutes...

  ─────────────────────────────────────────────────────────────────
  📡 POSITION CHECK — 15:43:23 EDT
  ─────────────────────────────────────────────────────────────────

  🟢 #5  SPY260504P00725000
     Entry: $5.02  │  Bid: $7.14  Mid: $7.18  Ask: $7.22
     P&L:   +$216.00 (+43.0%)  │  Target: $10.04  Stop: $2.51
     [────────────●────────]  Stop ←→ Target
     💭 Deep ITM put with -0.75 delta and 2 DTE offers high intrinsic value de...
  ⏰ EXPIRING SOON — 0 day(s) remaining

  ⏳ Next check in 3 minutes...

  ─────────────────────────────────────────────────────────────────
  📡 POSITION CHECK — 15:43:44 EDT
  ─────────────────────────────────────────────────────────────────

  🟢 #5  SPY260504P00725000
     Entry: $5.02  │  Bid: $7.14  Mid: $7.20  Ask: $7.26
     P&L:   +$218.00 (+43.4%)  │  Target: $10.04  Stop: $2.51
     [────────────●────────]  Stop ←→ Target
     💭 Deep ITM put with -0.75 delta and 2 DTE offers high intrinsic value de...
  ⏰ EXPIRING SOON — 0 day(s) remaining

  ⏳ Next check in 3 minutes...

  ─────────────────────────────────────────────────────────────────
  📡 POSITION CHECK — 15:46:23 EDT
  ─────────────────────────────────────────────────────────────────

  🟢 #5  SPY260504P00725000
     Entry: $5.02  │  Bid: $7.32  Mid: $7.36  Ask: $7.40
     P&L:   +$234.00 (+46.6%)  │  Target: $10.04  Stop: $2.51
     [────────────●────────]  Stop ←→ Target
     💭 Deep ITM put with -0.75 delta and 2 DTE offers high intrinsic value de...
  ⏰ EXPIRING SOON — 0 day(s) remaining

  ⏳ Next check in 3 minutes...

  ─────────────────────────────────────────────────────────────────
  📡 POSITION CHECK — 15:46:45 EDT
  ─────────────────────────────────────────────────────────────────

  🟢 #5  SPY260504P00725000
     Entry: $5.02  │  Bid: $7.18  Mid: $7.24  Ask: $7.30
     P&L:   +$222.00 (+44.2%)  │  Target: $10.04  Stop: $2.51
     [────────────●────────]  Stop ←→ Target
     💭 Deep ITM put with -0.75 delta and 2 DTE offers high intrinsic value de...
  ⏰ EXPIRING SOON — 0 day(s) remaining

  ⏳ Next check in 3 minutes...

  ─────────────────────────────────────────────────────────────────
  📡 POSITION CHECK — 15:49:24 EDT
  ─────────────────────────────────────────────────────────────────

  🟢 #5  SPY260504P00725000
     Entry: $5.02  │  Bid: $6.92  Mid: $6.98  Ask: $7.04
     P&L:   +$196.00 (+39.0%)  │  Target: $10.04  Stop: $2.51
     [───────────●─────────]  Stop ←→ Target
     💭 Deep ITM put with -0.75 delta and 2 DTE offers high intrinsic value de...
  ⏰ EXPIRING SOON — 0 day(s) remaining

  ⏳ Next check in 3 minutes...

  ─────────────────────────────────────────────────────────────────
  📡 POSITION CHECK — 15:49:46 EDT
  ─────────────────────────────────────────────────────────────────

  🟢 #5  SPY260504P00725000
     Entry: $5.02  │  Bid: $6.85  Mid: $6.91  Ask: $6.97
     P&L:   +$189.00 (+37.6%)  │  Target: $10.04  Stop: $2.51
     [───────────●─────────]  Stop ←→ Target
     💭 Deep ITM put with -0.75 delta and 2 DTE offers high intrinsic value de...
  ⏰ EXPIRING SOON — 0 day(s) remaining

  ⏳ Next check in 3 minutes...

  15:52:24 — No open positions. Sleeping 3m...

  15:52:46 — No open positions. Sleeping 3m...

  15:55:24 — No open positions. Sleeping 3m...

  15:55:46 — No open positions. Sleeping 3m...

  15:58:24 — No open positions. Sleeping 3m...

  15:58:46 — No open positions. Sleeping 3m...

  Market closed. Next open: 2026-05-05 09:29 EDT (17h 28m)
  Sleeping until market open...

  =================================================================
  📊 SESSION SUMMARY — 2026-05-04 16:01 EDT
  =================================================================
  Price checks run:    27
  Auto-closes today:   0
  Open positions:      0
  Total P&L:           +$70,107.50
  Win rate:            25.0%  (1W/3L)
  =================================================================

  Market closed. Next open: 2026-05-05 09:29 EDT (17h 28m)
  Sleeping until market open...

  =================================================================
  📊 SESSION SUMMARY — 2026-05-04 16:01 EDT
  =================================================================
  Price checks run:    127
  Auto-closes today:   0
  Open positions:      0
  Total P&L:           +$70,107.50
  Win rate:            25.0%  (1W/3L)
  =================================================================

  Market closed. Next open: 2026-05-05 09:29 EDT (16h 28m)
  Sleeping until market open...

  =================================================================
  📊 SESSION SUMMARY — 2026-05-04 17:01 EDT
  =================================================================
  Price checks run:    27
  Auto-closes today:   0
  Open positions:      0
  Total P&L:           +$70,107.50
  Win rate:            25.0%  (1W/3L)
  =================================================================

  Market closed. Next open: 2026-05-05 09:29 EDT (16h 28m)
  Sleeping until market open...

  =================================================================
  📊 SESSION SUMMARY — 2026-05-04 17:01 EDT
  =================================================================
  Price checks run:    127
  Auto-closes today:   0
  Open positions:      0
  Total P&L:           +$70,107.50
  Win rate:            25.0%  (1W/3L)
  =================================================================

  Market closed. Next open: 2026-05-05 09:29 EDT (15h 28m)
  Sleeping until market open...

  =================================================================
  📊 SESSION SUMMARY — 2026-05-04 18:01 EDT
  =================================================================
  Price checks run:    27
  Auto-closes today:   0
  Open positions:      0
  Total P&L:           +$70,107.50
  Win rate:            25.0%  (1W/3L)
  =================================================================

  Market closed. Next open: 2026-05-05 09:29 EDT (15h 28m)
  Sleeping until market open...

  =================================================================
  📊 SESSION SUMMARY — 2026-05-04 18:01 EDT
  =================================================================
  Price checks run:    127
  Auto-closes today:   0
  Open positions:      0
  Total P&L:           +$70,107.50
  Win rate:            25.0%  (1W/3L)
  =================================================================

[Session started: 2026-05-04 18:27:35]

=================================================================
  📡 POSITION MONITOR
  Started: 2026-05-04 18:27:36 EDT
  Check interval: every 3 minutes
  Auto-close: TARGET and STOP hits executed automatically
  Press Ctrl+C to stop
=================================================================

  Market closed. Next open: 2026-05-05 09:29 EDT (15h 2m)
  Sleeping until market open...

  =================================================================
  📊 SESSION SUMMARY — 2026-05-04 18:27 EDT
  =================================================================
  Price checks run:    0
  Auto-closes today:   0
  Open positions:      0
  Total P&L:           +$70,107.50
  Win rate:            25.0%  (1W/3L)
  =================================================================

  Market closed. Next open: 2026-05-05 09:29 EDT (14h 28m)
  Sleeping until market open...

  =================================================================
  📊 SESSION SUMMARY — 2026-05-04 19:01 EDT
  =================================================================
  Price checks run:    27
  Auto-closes today:   0
  Open positions:      0
  Total P&L:           +$70,107.50
  Win rate:            25.0%  (1W/3L)
  =================================================================

  Market closed. Next open: 2026-05-05 09:29 EDT (13h 38m)
  Sleeping until market open...

  =================================================================
  📊 SESSION SUMMARY — 2026-05-04 19:51 EDT
  =================================================================
  Price checks run:    0
  Auto-closes today:   0
  Open positions:      0
  Total P&L:           +$70,107.50
  Win rate:            25.0%  (1W/3L)
  =================================================================

  Market closed. Next open: 2026-05-05 09:29 EDT (13h 4m)
  Sleeping until market open...

  =================================================================
  📊 SESSION SUMMARY — 2026-05-04 20:25 EDT
  =================================================================
  Price checks run:    27
  Auto-closes today:   0
  Open positions:      0
  Total P&L:           +$70,107.50
  Win rate:            25.0%  (1W/3L)
  =================================================================

  Market closed. Next open: 2026-05-05 09:29 EDT (12h 38m)
  Sleeping until market open...

  =================================================================
  📊 SESSION SUMMARY — 2026-05-04 20:51 EDT
  =================================================================
  Price checks run:    0
  Auto-closes today:   0
  Open positions:      0
  Total P&L:           +$70,107.50
  Win rate:            25.0%  (1W/3L)
  =================================================================

  Market closed. Next open: 2026-05-05 09:29 EDT (12h 4m)
  Sleeping until market open...

  =================================================================
  📊 SESSION SUMMARY — 2026-05-04 21:25 EDT
  =================================================================
  Price checks run:    27
  Auto-closes today:   0
  Open positions:      0
  Total P&L:           +$70,107.50
  Win rate:            25.0%  (1W/3L)
  =================================================================

  Market closed. Next open: 2026-05-05 09:29 EDT (11h 38m)
  Sleeping until market open...

  =================================================================
  📊 SESSION SUMMARY — 2026-05-04 21:51 EDT
  =================================================================
  Price checks run:    0
  Auto-closes today:   0
  Open positions:      0
  Total P&L:           +$70,107.50
  Win rate:            25.0%  (1W/3L)
  =================================================================

  Market closed. Next open: 2026-05-05 09:29 EDT (4h 25m)
  Sleeping until market open...

  =================================================================
  📊 SESSION SUMMARY — 2026-05-05 05:04 EDT
  =================================================================
  Price checks run:    27
  Auto-closes today:   0
  Open positions:      0
  Total P&L:           +$70,107.50
  Win rate:            25.0%  (1W/3L)
  =================================================================

  Market closed. Next open: 2026-05-05 09:29 EDT (3h 59m)
  Sleeping until market open...

  =================================================================
  📊 SESSION SUMMARY — 2026-05-05 05:30 EDT
  =================================================================
  Price checks run:    0
  Auto-closes today:   0
  Open positions:      0
  Total P&L:           +$70,107.50
  Win rate:            25.0%  (1W/3L)
  =================================================================

  Market closed. Next open: 2026-05-05 09:29 EDT (3h 25m)
  Sleeping until market open...

  =================================================================
  📊 SESSION SUMMARY — 2026-05-05 06:04 EDT
  =================================================================
  Price checks run:    27
  Auto-closes today:   0
  Open positions:      0
  Total P&L:           +$70,107.50
  Win rate:            25.0%  (1W/3L)
  =================================================================

  Market closed. Next open: 2026-05-05 09:29 EDT (2h 59m)
  Sleeping until market open...

  =================================================================
  📊 SESSION SUMMARY — 2026-05-05 06:30 EDT
  =================================================================
  Price checks run:    0
  Auto-closes today:   0
  Open positions:      0
  Total P&L:           +$70,107.50
  Win rate:            25.0%  (1W/3L)
  =================================================================

  Market closed. Next open: 2026-05-05 09:29 EDT (2h 25m)
  Sleeping until market open...

  =================================================================
  📊 SESSION SUMMARY — 2026-05-05 07:04 EDT
  =================================================================
  Price checks run:    27
  Auto-closes today:   0
  Open positions:      0
  Total P&L:           +$70,107.50
  Win rate:            25.0%  (1W/3L)
  =================================================================

  Market closed. Next open: 2026-05-05 09:29 EDT (1h 59m)
  Sleeping until market open...

  =================================================================
  📊 SESSION SUMMARY — 2026-05-05 07:30 EDT
  =================================================================
  Price checks run:    0
  Auto-closes today:   0
  Open positions:      0
  Total P&L:           +$70,107.50
  Win rate:            25.0%  (1W/3L)
  =================================================================

  Market closed. Next open: 2026-05-05 09:29 EDT (1h 25m)
  Sleeping until market open...

  =================================================================
  📊 SESSION SUMMARY — 2026-05-05 08:04 EDT
  =================================================================
  Price checks run:    27
  Auto-closes today:   0
  Open positions:      0
  Total P&L:           +$70,107.50
  Win rate:            25.0%  (1W/3L)
  =================================================================

  Market closed. Next open: 2026-05-05 09:29 EDT (0h 59m)
  Sleeping until market open...

  =================================================================
  📊 SESSION SUMMARY — 2026-05-05 08:30 EDT
  =================================================================
  Price checks run:    0
  Auto-closes today:   0
  Open positions:      0
  Total P&L:           +$70,107.50
  Win rate:            25.0%  (1W/3L)
  =================================================================

  Market closed. Next open: 2026-05-05 09:29 EDT (0h 25m)
  Sleeping until market open...

  =================================================================
  📊 SESSION SUMMARY — 2026-05-05 09:04 EDT
  =================================================================
  Price checks run:    27
  Auto-closes today:   0
  Open positions:      0
  Total P&L:           +$70,107.50
  Win rate:            25.0%  (1W/3L)
  =================================================================

  Market closed. Next open: 2026-05-05 09:29 EDT (0h 0m)
  Sleeping until market open...

  =================================================================
  📊 SESSION SUMMARY — 2026-05-05 09:29 EDT
  =================================================================
  Price checks run:    0
  Auto-closes today:   0
  Open positions:      0
  Total P&L:           +$70,107.50
  Win rate:            25.0%  (1W/3L)
  =================================================================

  Market closed. Next open: 2026-05-05 09:29 EDT (0h 0m)
  Sleeping until market open...

  =================================================================
  📊 SESSION SUMMARY — 2026-05-05 09:29 EDT
  =================================================================
  Price checks run:    0
  Auto-closes today:   0
  Open positions:      0
  Total P&L:           +$70,107.50
  Win rate:            25.0%  (1W/3L)
  =================================================================

  Market closed. Next open: 2026-05-05 09:29 EDT (0h 0m)
  Sleeping until market open...

  =================================================================
  📊 SESSION SUMMARY — 2026-05-05 09:29 EDT
  =================================================================
  Price checks run:    0
  Auto-closes today:   0
  Open positions:      0
  Total P&L:           +$70,107.50
  Win rate:            25.0%  (1W/3L)
  =================================================================

  Market closed. Next open: 2026-05-05 09:29 EDT (0h 0m)
  Sleeping until market open...

  =================================================================
  📊 SESSION SUMMARY — 2026-05-05 09:29 EDT
  =================================================================
  Price checks run:    0
  Auto-closes today:   0
  Open positions:      0
  Total P&L:           +$70,107.50
  Win rate:            25.0%  (1W/3L)
  =================================================================

  Market closed. Next open: 2026-05-05 09:29 EDT (0h 0m)
  Sleeping until market open...

  =================================================================
  📊 SESSION SUMMARY — 2026-05-05 09:29 EDT
  =================================================================
  Price checks run:    0
  Auto-closes today:   0
  Open positions:      0
  Total P&L:           +$70,107.50
  Win rate:            25.0%  (1W/3L)
  =================================================================

  Market closed. Next open: 2026-05-05 09:29 EDT (0h 0m)
  Sleeping until market open...

  =================================================================
  📊 SESSION SUMMARY — 2026-05-05 09:29 EDT
  =================================================================
  Price checks run:    0
  Auto-closes today:   0
  Open positions:      0
  Total P&L:           +$70,107.50
  Win rate:            25.0%  (1W/3L)
  =================================================================

  Market closed. Next open: 2026-05-05 09:29 EDT (0h 0m)
  Sleeping until market open...

  =================================================================
  📊 SESSION SUMMARY — 2026-05-05 09:29 EDT
  =================================================================
  Price checks run:    0
  Auto-closes today:   0

  Market closed. Next open: 2026-05-05 09:29 EDT (0h 0m)
  Open positions:      0  Sleeping until market open...

  Total P&L:           +$70,107.50
  =================================================================

  Win rate:            25.0%  (1W/3L)
  =================================================================
  📊 SESSION SUMMARY — 2026-05-05 09:29 EDT
  Market closed. Next open: 2026-05-05 09:29 EDT (0h 0m)

  =================================================================  Sleeping until market open...
  Price checks run:    27

  =================================================================  Auto-closes today:   0
  📊 SESSION SUMMARY — 2026-05-05 09:29 EDT
  =================================================================
  Price checks run:    0
  Auto-closes today:   0
  Open positions:      0
  Total P&L:           +$70,107.50
  Win rate:            25.0%  (1W/3L)
  =================================================================

  Market closed. Next open: 2026-05-05 09:29 EDT (0h 0m)
  Sleeping until market open...

  =================================================================
  📊 SESSION SUMMARY — 2026-05-05 09:29 EDT
  =================================================================
  Price checks run:    27
  Auto-closes today:   0
  Open positions:      0
  Total P&L:           +$70,107.50
  Win rate:            25.0%  (1W/3L)
  =================================================================

  Market closed. Next open: 2026-05-05 09:29 EDT (0h 0m)
  Sleeping until market open...

  =================================================================
  📊 SESSION SUMMARY — 2026-05-05 09:29 EDT
  =================================================================
  Price checks run:    27
  Auto-closes today:   0
  Open positions:      0
  Total P&L:           +$70,107.50
  Win rate:            25.0%  (1W/3L)
  =================================================================

  Market closed. Next open: 2026-05-05 09:29 EDT (0h 0m)
  Sleeping until market open...

  =================================================================
  📊 SESSION SUMMARY — 2026-05-05 09:29 EDT
  =================================================================
  Price checks run:    27
  Auto-closes today:   0
  Open positions:      0
  Total P&L:           +$70,107.50  Open positions:      0

  Win rate:            25.0%  (1W/3L)
  Win rate:            25.0%  (1W/3L)

  =================================================================
  =================================================================
  Market closed. Next open: 2026-05-05 09:29 EDT (0h 0m)

  Sleeping until market open...

  Market closed. Next open: 2026-05-05 09:29 EDT (0h 0m)
  =================================================================

  📊 SESSION SUMMARY — 2026-05-05 09:29 EDT
  Sleeping until market open...  =================================================================

  Price checks run:    27
  =================================================================  Auto-closes today:   0

  📊 SESSION SUMMARY — 2026-05-05 09:29 EDT
  =================================================================
  Price checks run:    0
  Auto-closes today:   0  Open positions:      0
  Total P&L:           +$70,107.50
  Win rate:            25.0%  (1W/3L)
  =================================================================

  Market closed. Next open: 2026-05-05 09:29 EDT (0h 0m)
  Sleeping until market open...

  =================================================================
  📊 SESSION SUMMARY — 2026-05-05 09:29 EDT
  =================================================================
Open positions:      0  Price checks run:    27

  Auto-closes today:   0  Total P&L:           +$70,107.50

  Win rate:            25.0%  (1W/3L)
  =================================================================

  Market closed. Next open: 2026-05-05 09:29 EDT (0h 0m)
  Sleeping until market open...  Open positions:      0

  Total P&L:           +$70,107.50
  Win rate:            25.0%  (1W/3L)
  =================================================================

  Market closed. Next open: 2026-05-05 09:29 EDT (0h 0m)
  Sleeping until market open...

  =================================================================
  📊 SESSION SUMMARY — 2026-05-05 09:29 EDT
  =================================================================
  Price checks run:    27
  Auto-closes today:   0
  Open positions:      0
  Total P&L:           +$70,107.50
  Win rate:            25.0%  (1W/3L)
  =================================================================

  Market closed. Next open: 2026-05-05 09:29 EDT (0h 0m)
  Sleeping until market open...

  =================================================================
  📊 SESSION SUMMARY — 2026-05-05 09:29 EDT
  =================================================================
  Price checks run:    27
  Auto-closes today:   0

  =================================================================
  📊 SESSION SUMMARY — 2026-05-05 09:29 EDT  Open positions:      0

  Total P&L:           +$70,107.50
  Win rate:            25.0%  (1W/3L)  =================================================================
  =================================================================

  Market closed. Next open: 2026-05-05 09:29 EDT (0h 0m)

  Sleeping until market open...

  =================================================================
  Price checks run:    0  📊 SESSION SUMMARY — 2026-05-05 09:29 EDT

  Auto-closes today:   0  =================================================================

  Price checks run:    27
  Auto-closes today:   0
  Open positions:      0  Open positions:      0

  Total P&L:           +$70,107.50  Total P&L:           +$70,107.50

  Win rate:            25.0%  (1W/3L)
  =================================================================
  Win rate:            25.0%  (1W/3L)
  =================================================================
  Market closed. Next open: 2026-05-05 09:29 EDT (0h 0m)

  Sleeping until market open...
  Market closed. Next open: 2026-05-05 09:29 EDT (0h 0m)


  =================================================================  Sleeping until market open...

  📊 SESSION SUMMARY — 2026-05-05 09:29 EDT
  ===================================================================

  Price checks run:    27  📊 SESSION SUMMARY — 2026-05-05 09:29 EDT
  Auto-closes today:   0

  =================================================================
  Price checks run:    0
  Auto-closes today:   0
  Open positions:      0
  Total P&L:           +$70,107.50
  Win rate:            25.0%  (1W/3L)
  =================================================================

  Market closed. Next open: 2026-05-05 09:29 EDT (0h 0m)
  Sleeping until market open...

  =================================================================
  📊 SESSION SUMMARY — 2026-05-05 09:29 EDT
  =================================================================
  Price checks run:    27  Open positions:      0

  Auto-closes today:   0
  Total P&L:           +$70,107.50
  Win rate:            25.0%  (1W/3L)
  =================================================================
  Open positions:      0
  Total P&L:           +$70,107.50
  Win rate:            25.0%  (1W/3L)
  =================================================================

  Market closed. Next open: 2026-05-05 09:29 EDT (0h 0m)
  Sleeping until market open...

  =================================================================
  📊 SESSION SUMMARY — 2026-05-05 09:29 EDT
  =================================================================
  Price checks run:    27
  Auto-closes today:   0
  Open positions:      0
  Total P&L:           +$70,107.50
  Win rate:            25.0%  (1W/3L)
  =================================================================

  Market closed. Next open: 2026-05-05 09:29 EDT (0h 0m)
  Sleeping until market open...

  =================================================================
  📊 SESSION SUMMARY — 2026-05-05 09:29 EDT
  =================================================================
  Price checks run:    27
  Auto-closes today:   0
  Open positions:      0
  Total P&L:           +$70,107.50
  Win rate:            25.0%  (1W/3L)
  =================================================================

  Market closed. Next open: 2026-05-05 09:29 EDT (0h 0m)
  Sleeping until market open...

  =================================================================
  📊 SESSION SUMMARY — 2026-05-05 09:29 EDT
  =================================================================
  Price checks run:    27
  Auto-closes today:   0

  Market closed. Next open: 2026-05-05 09:29 EDT (0h 0m)
  Sleeping until market open...
  Open positions:      0
  Total P&L:           +$70,107.50
  Win rate:            25.0%  (1W/3L)
  =================================================================
  =================================================================

  📊 SESSION SUMMARY — 2026-05-05 09:29 EDT
  Market closed. Next open: 2026-05-05 09:29 EDT (0h 0m)

  Sleeping until market open...
  =================================================================
  =================================================================

  Price checks run:    0  📊 SESSION SUMMARY — 2026-05-05 09:29 EDT

  =================================================================
Auto-closes today:   0  Price checks run:    27

  Auto-closes today:   0
  Open positions:      0
  Total P&L:           +$70,107.50
  Win rate:            25.0%  (1W/3L)
  =================================================================

  Market closed. Next open: 2026-05-05 09:29 EDT (0h 0m)
  Sleeping until market open...

  =================================================================
  📊 SESSION SUMMARY — 2026-05-05 09:29 EDT
  =================================================================
  Price checks run:    27
  Auto-closes today:   0
  Open positions:      0
  Total P&L:           +$70,107.50  Open positions:      0
  Total P&L:           +$70,107.50
  Win rate:            25.0%  (1W/3L)
  =================================================================

  Market closed. Next open: 2026-05-05 09:29 EDT (0h 0m)
  Sleeping until market open...

  =================================================================

📊 SESSION SUMMARY — 2026-05-05 09:29 EDT
  =================================================================
  Price checks run:    27
  Auto-closes today:   0
  =================================================================

  Market closed. Next open: 2026-05-05 09:29 EDT (0h 0m)  Open positions:      0
  Total P&L:           +$70,107.50
  Win rate:            25.0%  (1W/3L)
  =================================================================

  Market closed. Next open: 2026-05-05 09:29 EDT (0h 0m)
  Sleeping until market open...

  =================================================================
  📊 SESSION SUMMARY — 2026-05-05 09:29 EDT
  =================================================================
  Price checks run:    27
  Auto-closes today:   0

  Sleeping until market open...

  =================================================================
  📊 SESSION SUMMARY — 2026-05-05 09:29 EDT
  Open positions:      0  =================================================================
  Total P&L:           +$70,107.50
  Win rate:            25.0%  (1W/3L)
  =================================================================

  Market closed. Next open: 2026-05-05 09:29 EDT (0h 0m)
  Sleeping until market open...

  =================================================================
  📊 SESSION SUMMARY — 2026-05-05 09:29 EDT
  =================================================================
  Price checks run:    27
  Auto-closes today:   0

  Price checks run:    0
  Auto-closes today:   0
  Open positions:      0
  Total P&L:           +$70,107.50
  Win rate:            25.0%  (1W/3L)
  =================================================================

  Market closed. Next open: 2026-05-05 09:29 EDT (0h 0m)
  Sleeping until market open...

  =================================================================
  📊 SESSION SUMMARY — 2026-05-05 09:29 EDT
  =================================================================
  Price checks run:    27
  Auto-closes today:   0
  Open positions:      0
  Total P&L:           +$70,107.50
  Win rate:            25.0%  (1W/3L)
  =================================================================

  Market closed. Next open: 2026-05-05 09:29 EDT (0h 0m)
  Sleeping until market open...

  =================================================================
  📊 SESSION SUMMARY — 2026-05-05 09:29 EDT
  =================================================================
  Price checks run:    27
  Auto-closes today:   0
  Open positions:      0
  Total P&L:           +$70,107.50
  Win rate:            25.0%  (1W/3L)
  =================================================================

  Market closed. Next open: 2026-05-05 09:29 EDT (0h 0m)
  Sleeping until market open...

  =================================================================
  📊 SESSION SUMMARY — 2026-05-05 09:29 EDT
  =================================================================
  Price checks run:    27
  Auto-closes today:   0
  Open positions:      0
  Total P&L:           +$70,107.50
  Win rate:            25.0%  (1W/3L)
  =================================================================

  Market closed. Next open: 2026-05-05 09:29 EDT (0h 0m)
  Sleeping until market open...

  =================================================================
  📊 SESSION SUMMARY — 2026-05-05 09:29 EDT
  =================================================================
  Price checks run:    27
  Auto-closes today:   0
  Open positions:      0
  Total P&L:           +$70,107.50
  Win rate:            25.0%  (1W/3L)
  =================================================================

  Market closed. Next open: 2026-05-05 09:29 EDT (0h 0m)
  Sleeping until market open...

  =================================================================
  📊 SESSION SUMMARY — 2026-05-05 09:29 EDT
  =================================================================
  Price checks run:    27  Open positions:      0
  Auto-closes today:   0

  Total P&L:           +$70,107.50
  Open positions:      05.0%  (1W/3L)
  Total P&L:           +$70,107.50
  Win rate:            25.0%  (1W/3L)
  =================================================================


  Market closed. Next open: 2026-05-05 09:29 EDT (0h 0m)
  Sleeping until market open...

  =================================================================
  =================================================================  📊 SESSION SUMMARY — 2026-05-05 09:29 EDT
  =================================================================
  Price checks run:    27
  Auto-closes today:   0

  Open positions:      0
  Total P&L:           +$70,107.50
  Win rate:            25.0%  (1W/3L)
  =================================================================
  Market closed. Next open: 2026-05-05 09:29 EDT (0h 0m)


  Market closed. Next open: 2026-05-05 09:29 EDT (0h 0m)  Sleeping until market open...
  Sleeping until market open...


  =================================================================
  =================================================================
  📊 SESSION SUMMARY — 2026-05-05 09:29 EDT
  =================================================================
  Price checks run:    27
  Auto-closes today:   0

  📊 SESSION SUMMARY — 2026-05-05 09:29 EDT
  =================================================================
  Price checks run:    0
  Auto-closes today:   0
  Open positions:      0
  Total P&L:           +$70,107.50
  Win rate:            25.0%  (1W/3L)
  =================================================================

  Market closed. Next open: 2026-05-05 09:29 EDT (0h 0m)
  Sleeping until market open...
  Open positions:      0
  =================================================================

  📊 SESSION SUMMARY — 2026-05-05 09:29 EDT  Total P&L:           +$70,107.50  =================================================================

Price checks run:    27
  Win rate:            25.0%  (1W/3L)  Auto-closes today:   0

  =================================================================

  Market closed. Next open: 2026-05-05 09:29 EDT (0h 0m)
  Sleeping until market open...

  =================================================================
  📊 SESSION SUMMARY — 2026-05-05 09:29 EDT
  Open positions:      0  =================================================================
  Total P&L:           +$70,107.50

  Win rate:            25.0%  (1W/3L)  Price checks run:    0
  =================================================================
  Auto-closes today:   0
  Market closed. Next open: 2026-05-05 09:29 EDT (0h 0m)
  Sleeping until market open...

  =================================================================
  📊 SESSION SUMMARY — 2026-05-05 09:29 EDT
  =================================================================
  Price checks run:    27
  Auto-closes today:   0
  Open positions:      0
  Open positions:      0$70,107.50
  Total P&L:           +$70,107.50

  Win rate:            25.0%  (1W/3L)
  =================================================================

  =================================================================
  Market closed. Next open: 2026-05-05 09:29 EDT (0h 0m)
  Sleeping until market open...

  =================================================================
  📊 SESSION SUMMARY — 2026-05-05 09:29 EDT

  Market closed. Next open: 2026-05-05 09:29 EDT (0h 0m)  =================================================================
  Price checks run:    27  Sleeping until market open...
  Auto-closes today:   0


  =================================================================
  📊 SESSION SUMMARY — 2026-05-05 09:29 EDT
  =================================================================
  Price checks run:    0
  Auto-closes today:   0
  Open positions:      0
  Total P&L:           +$70,107.50
  Win rate:            25.0%  (1W/3L)
  =================================================================

  Market closed. Next open: 2026-05-05 09:29 EDT (0h 0m)
  Sleeping until market open...

  =================================================================
  📊 SESSION SUMMARY — 2026-05-05 09:29 EDT
  =================================================================
  Price checks run:    27
  Auto-closes today:   0
  Open positions:      0
  Total P&L:           +$70,107.50
  Win rate:            25.0%  (1W/3L)
  =================================================================
  Open positions:      0
  Total P&L:           +$70,107.50
  Win rate:            25.0%  (1W/3L)
  =================================================================

  Market closed. Next open: 2026-05-05 09:29 EDT (0h 0m)
  Sleeping until market open...

  =================================================================
  📊 SESSION SUMMARY — 2026-05-05 09:29 EDT
  =================================================================
  Price checks run:    27
  Auto-closes today:   0
  Open positions:      0
  Total P&L:           +$70,107.50
  Win rate:            25.0%  (1W/3L)
  =================================================================

  Market closed. Next open: 2026-05-05 09:29 EDT (0h 0m)
  Sleeping until market open...

  =================================================================
  📊 SESSION SUMMARY — 2026-05-05 09:29 EDT
  =================================================================
  Price checks run:    27
  Auto-closes today:   0
  Open positions:      0
  Total P&L:           +$70,107.50
  Win rate:            25.0%  (1W/3L)
  =================================================================

  Market closed. Next open: 2026-05-05 09:29 EDT (0h 0m)
  Sleeping until market open...

  =================================================================
  📊 SESSION SUMMARY — 2026-05-05 09:29 EDT
  =================================================================
  Price checks run:    27
  Auto-closes today:   0
  Open positions:      0
  Total P&L:           +$70,107.50
  Win rate:            25.0%  (1W/3L)
  =================================================================

  Market closed. Next open: 2026-05-05 09:29 EDT (0h 0m)
  Sleeping until market open...

  =================================================================
  📊 SESSION SUMMARY — 2026-05-05 09:29 EDT
  =================================================================
  Price checks run:    27
  Auto-closes today:   0

  Market closed. Next open: 2026-05-05 09:29 EDT (0h 0m)  Open positions:      0

  Total P&L:           +$70,107.50
  Sleeping until market open...  Win rate:            25.0%  (1W/3L)
  =================================================================


  =================================================================
  Market closed. Next open: 2026-05-05 09:29 EDT (0h 0m)
  Sleeping until market open...

  =================================================================
  📊 SESSION SUMMARY — 2026-05-05 09:29 EDT
  📊 SESSION SUMMARY — 2026-05-05 09:29 EDT  =================================================================
  Price checks run:    27

  =================================================================  Auto-closes today:   0
  Price checks run:    0
  Auto-closes today:   0
  Open positions:      0
  Total P&L:           +$70,107.50
  Win rate:            25.0%  (1W/3L)
  =================================================================

  Market closed. Next open: 2026-05-05 09:29 EDT (0h 0m)
  Sleeping until market open...  Open positions:      0

  =================================================================

  Total P&L:           +$70,107.50  📊 SESSION SUMMARY — 2026-05-05 09:29 EDT

  =================================================================  Win rate:            25.0%  (1W/3L)
  Price checks run:    27

Auto-closes today:   0
  =================================================================

  Market closed. Next open: 2026-05-05 09:29 EDT (0h 0m)
  Sleeping until market open...

  =================================================================
  Open positions:      0
  📊 SESSION SUMMARY — 2026-05-05 09:29 EDT  Total P&L:           +$70,107.50

  Win rate:            25.0%  (1W/3L)  =================================================================
  =================================================================

  Price checks run:    0

  Market closed. Next open: 2026-05-05 09:29 EDT (0h 0m)  Auto-closes today:   0
  Sleeping until market open...

  =================================================================
  📊 SESSION SUMMARY — 2026-05-05 09:29 EDT
  =================================================================
  Price checks run:    27
  Auto-closes today:   0
  Open positions:      0  Open positions:      0
  Total P&L:           +$70,107.50
  Total P&L:           +$70,107.50  Win rate:            25.0%  (1W/3L)

  =================================================================  Win rate:            25.0%  (1W/3L)

  =================================================================

  Market closed. Next open: 2026-05-05 09:29 EDT (0h 0m)
  Sleeping until market open...

  =================================================================
  📊 SESSION SUMMARY — 2026-05-05 09:29 EDT
  =================================================================
  Price checks run:    27
  Auto-closes today:   0
  Open positions:      0
  Total P&L:           +$70,107.50
  Win rate:            25.0%  (1W/3L)
  =================================================================

  Market closed. Next open: 2026-05-05 09:29 EDT (0h 0m)
  Sleeping until market open...

  =================================================================
  📊 SESSION SUMMARY — 2026-05-05 09:29 EDT
  =================================================================
  Price checks run:    27
  Auto-closes today:   0
  Open positions:      0
  Total P&L:           +$70,107.50
  Win rate:            25.0%  (1W/3L)
  =================================================================

  Market closed. Next open: 2026-05-05 09:29 EDT (0h 0m)
  Sleeping until market open...

  =================================================================
  📊 SESSION SUMMARY — 2026-05-05 09:29 EDT
  =================================================================
  Price checks run:    27
  Auto-closes today:   0
  Open positions:      0
  Total P&L:           +$70,107.50
  Win rate:            25.0%  (1W/3L)
  =================================================================

  Market closed. Next open: 2026-05-05 09:29 EDT (0h 0m)
  Sleeping until market open...

  =================================================================
  📊 SESSION SUMMARY — 2026-05-05 09:29 EDT
  =================================================================
  Price checks run:    27
  Auto-closes today:   0
  Open positions:      0
  Total P&L:           +$70,107.50
  Win rate:            25.0%  (1W/3L)
  =================================================================

  Market closed. Next open: 2026-05-05 09:29 EDT (0h 0m)
  Sleeping until market open...

  =================================================================
  📊 SESSION SUMMARY — 2026-05-05 09:29 EDT
  =================================================================
  Price checks run:    27
  Auto-closes today:   0

  Market closed. Next open: 2026-05-05 09:29 EDT (0h 0m)
  Sleeping until market open...  Open positions:      0

  Total P&L:           +$70,107.50
  =================================================================
  Win rate:            25.0%  (1W/3L)

  =================================================================
  📊 SESSION SUMMARY — 2026-05-05 09:29 EDT
  =================================================================

  Market closed. Next open: 2026-05-05 09:29 EDT (0h 0m)
  Price checks run:    0  Sleeping until market open...


  =================================================================  Auto-closes today:   0

  📊 SESSION SUMMARY — 2026-05-05 09:29 EDT
  =================================================================
  Price checks run:    27
  Auto-closes today:   0
  Open positions:      0

Total P&L:           +$70,107.50
  Win rate:            25.0%  (1W/3L)  Total P&L:           +$70,107.50
  =================================================================

  Win rate:            25.0%  (1W/3L)
  Market closed. Next open: 2026-05-05 09:29 EDT (0h 0m)
  Sleeping until market open...  =================================================================


  =================================================================
  📊 SESSION SUMMARY — 2026-05-05 09:29 EDT

  Market closed. Next open: 2026-05-05 09:29 EDT (0h 0m)  =================================================================

  Price checks run:    27
  Sleeping until market open...  Auto-closes today:   0


  =================================================================
  📊 SESSION SUMMARY — 2026-05-05 09:29 EDT
  =================================================================
  Price checks run:    0
  Auto-closes today:   0
  Open positions:      0
  Total P&L:           +$70,107.50
  Win rate:            25.0%  (1W/3L)
  =================================================================

  Market closed. Next open: 2026-05-05 09:29 EDT (0h 0m)
  Sleeping until market open...

  =================================================================
  📊 SESSION SUMMARY — 2026-05-05 09:29 EDT
  =================================================================
  Price checks run:    27
  Auto-closes today:   0
  Open positions:      0
  Total P&L:           +$70,107.50
  Win rate:            25.0%  (1W/3L)
  =================================================================

  Market closed. Next open: 2026-05-05 09:29 EDT (0h 0m)
Open positions:      0
  Sleeping until market open...  Total P&L:           +$70,107.50

  Win rate:            25.0%  (1W/3L)
  =================================================================
  =================================================================

  Market closed. Next open: 2026-05-05 09:29 EDT (0h 0m)
📊 SESSION SUMMARY — 2026-05-05 09:29 EDT  Sleeping until market open...

  =================================================================
  =================================================================  📊 SESSION SUMMARY — 2026-05-05 09:29 EDT

  =================================================================  Price checks run:    0

Price checks run:    27
  Auto-closes today:   0  Auto-closes today:   0
  Open positions:      0
  Total P&L:           +$70,107.50
  Win rate:            25.0%  (1W/3L)
  =================================================================
  Open positions:      0open: 2026-05-05 09:29 EDT (0h 0m)
  Sleeping until market open...

  =================================================================

  📊 SESSION SUMMARY — 2026-05-05 09:29 EDT
  Total P&L:           +$70,107.50  =================================================================

  Price checks run:    27
  Win rate:            25.0%  (1W/3L)  Auto-closes today:   0

  =================================================================

  Market closed. Next open: 2026-05-05 09:29 EDT (0h 0m)
  Sleeping until market open...

  =================================================================
  📊 SESSION SUMMARY — 2026-05-05 09:29 EDT  Open positions:      0

  Total P&L:           +$70,107.50  =================================================================  Win rate:            25.0%  (1W/3L)
  =================================================================
  Price checks run:    0
  Market closed. Next open: 2026-05-05 09:29 EDT (0h 0m)
  Sleeping until market open...  Auto-closes today:   0

  =================================================================

  📊 SESSION SUMMARY — 2026-05-05 09:29 EDT
  =================================================================
  Price checks run:    27
  Auto-closes today:   0
  Open positions:      0
Open positions:      0
  Total P&L:           +$70,107.50
  Win rate:            25.0%  (1W/3L)
  =================================================================
  Total P&L:           +$70,107.50
  Market closed. Next open: 2026-05-05 09:29 EDT (0h 0m)
  Sleeping until market open...


  =================================================================
  Win rate:            25.0%  (1W/3L)  📊 SESSION SUMMARY — 2026-05-05 09:29 EDT
  =================================================================  =================================================================
  Price checks run:    27

  Auto-closes today:   0

  Market closed. Next open: 2026-05-05 09:29 EDT (0h 0m)
  Sleeping until market open...

  =================================================================
  📊 SESSION SUMMARY — 2026-05-05 09:29 EDT
  =================================================================
  Price checks run:    0  Open positions:      0

  Total P&L:           +$70,107.50

  Win rate:            25.0%  (1W/3L)
  =================================================================

  Market closed. Next open: 2026-05-05 09:29 EDT (0h 0m)
  Sleeping until market open...

  =================================================================
  📊 SESSION SUMMARY — 2026-05-05 09:29 EDT
  =================================================================
  Price checks run:    27
  Auto-closes today:   0
  Open positions:      0
  Total P&L:           +$70,107.50
  Win rate:            25.0%  (1W/3L)
  =================================================================

  Market closed. Next open: 2026-05-05 09:29 EDT (0h 0m)  Open positions:      0

  Sleeping until market open...  Total P&L:           +$70,107.50
  Win rate:            25.0%  (1W/3L)
  =================================================================
  =================================================================

  Market closed. Next open: 2026-05-05 09:29 EDT (0h 0m)

  Sleeping until market open...
📊 SESSION SUMMARY — 2026-05-05 09:29 EDT
  =================================================================

  =================================================================  📊 SESSION SUMMARY — 2026-05-05 09:29 EDT

  =================================================================
  Price checks run:    27
  Auto-closes today:   0
  Price checks run:    0
  Auto-closes today:   0
  Open positions:      0
  Total P&L:           +$70,107.50
  Win rate:            25.0%  (1W/3L)
  =================================================================

  Market closed. Next open: 2026-05-05 09:29 EDT (0h 0m)
  Sleeping until market open...  Open positions:      0

  =================================================================

  📊 SESSION SUMMARY — 2026-05-05 09:29 EDT  Total P&L:           +$70,107.50

  =================================================================
  Win rate:            25.0%  (1W/3L)  Price checks run:    27

  Auto-closes today:   0  =================================================================


  Market closed. Next open: 2026-05-05 09:29 EDT (0h 0m)
  Open positions:      0
  Total P&L:           +$70,107.50
  Win rate:            25.0%  (1W/3L)
  =================================================================

  Market closed. Next open: 2026-05-05 09:29 EDT (0h 0m)
  Sleeping until market open...

  =================================================================
  📊 SESSION SUMMARY — 2026-05-05 09:29 EDT
  =================================================================
  Price checks run:    27
  Auto-closes today:   0
  Open positions:      0
  Total P&L:           +$70,107.50
  Win rate:            25.0%  (1W/3L)
  =================================================================

  Market closed. Next open: 2026-05-05 09:29 EDT (0h 0m)
  Sleeping until market open...

  =================================================================
  📊 SESSION SUMMARY — 2026-05-05 09:29 EDT
  =================================================================
  Price checks run:    27
  Auto-closes today:   0
  Open positions:      0
  Total P&L:           +$70,107.50
  Win rate:            25.0%  (1W/3L)
  =================================================================

  Market closed. Next open: 2026-05-05 09:29 EDT (0h 0m)
  Sleeping until market open...

  =================================================================
  📊 SESSION SUMMARY — 2026-05-05 09:29 EDT
  =================================================================
  Price checks run:    27
  Auto-closes today:   0
  Open positions:      0
  Total P&L:           +$70,107.50
  Win rate:            25.0%  (1W/3L)
  =================================================================

  Market closed. Next open: 2026-05-05 09:29 EDT (0h 0m)
  Sleeping until market open...

  =================================================================
  📊 SESSION SUMMARY — 2026-05-05 09:29 EDT
  =================================================================
  Price checks run:    27
  Auto-closes today:   0
  Open positions:      0
  Total P&L:           +$70,107.50
  Win rate:            25.0%  (1W/3L)
  =================================================================

  Market closed. Next open: 2026-05-05 09:29 EDT (0h 0m)
  Sleeping until market open...

  =================================================================
  📊 SESSION SUMMARY — 2026-05-05 09:29 EDT
  =================================================================
  Price checks run:    27
  Auto-closes today:   0
  Open positions:      0
  Total P&L:           +$70,107.50
  Win rate:            25.0%  (1W/3L)
  =================================================================

  Market closed. Next open: 2026-05-05 09:29 EDT (0h 0m)
  Sleeping until market open...

  =================================================================
  📊 SESSION SUMMARY — 2026-05-05 09:29 EDT
  =================================================================
  Price checks run:    27
  Auto-closes today:   0
Sleeping until market open...

  =================================================================
  📊 SESSION SUMMARY — 2026-05-05 09:29 EDT
  =================================================================
  Open positions:      0
  Price checks run:    0  Total P&L:           +$70,107.50
  Win rate:            25.0%  (1W/3L)
  =================================================================  Auto-closes today:   0

  Market closed. Next open: 2026-05-05 09:29 EDT (0h 0m)
  Sleeping until market open...

  =================================================================
  📊 SESSION SUMMARY — 2026-05-05 09:29 EDT
  =================================================================
  Price checks run:    27
  Auto-closes today:   0
  Open positions:      0
  Total P&L:           +$70,107.50
  Open positions:      0
  Win rate:            25.0%  (1W/3L)  Total P&L:           +$70,107.50
  Win rate:            25.0%  (1W/3L)

  =================================================================

  Market closed. Next open: 2026-05-05 09:29 EDT (0h 0m)  =================================================================
  Sleeping until market open...


  =================================================================
  📊 SESSION SUMMARY — 2026-05-05 09:29 EDT

  Market closed. Next open: 2026-05-05 09:29 EDT (0h 0m)  =================================================================
  Price checks run:    27
  Auto-closes today:   0
  Sleeping until market open...

  =================================================================
  📊 SESSION SUMMARY — 2026-05-05 09:29 EDT
  =================================================================
  Price checks run:    0
  Open positions:      0
  Auto-closes today:   0  Total P&L:           +$70,107.50
  Win rate:            25.0%  (1W/3L)
  =================================================================

  Market closed. Next open: 2026-05-05 09:29 EDT (0h 0m)
  Sleeping until market open...

  =================================================================
  📊 SESSION SUMMARY — 2026-05-05 09:29 EDT
  =================================================================
  Price checks run:    27
  Auto-closes today:   0
  Open positions:      0
  Total P&L:           +$70,107.50
  Open positions:      0  Win rate:            25.0%  (1W/3L)  Total P&L:           +$70,107.50

  Win rate:            25.0%  (1W/3L)
  =================================================================


  Market closed. Next open: 2026-05-05 09:29 EDT (0h 0m)
  Sleeping until market open...

  Market closed. Next open: 2026-05-05 09:29 EDT (0h 0m)
  =================================================================

  📊 SESSION SUMMARY — 2026-05-05 09:29 EDT
  =================================================================  Sleeping until market open...
  Price checks run:    27
  Auto-closes today:   0


  =================================================================
  📊 SESSION SUMMARY — 2026-05-05 09:29 EDT
  =================================================================
  Open positions:      0
  Total P&L:           +$70,107.50
  Win rate:            25.0%  (1W/3L)
  =================================================================
  Price checks run:    0
  Market closed. Next open: 2026-05-05 09:29 EDT (0h 0m)
  Sleeping until market open...


  =================================================================
  📊 SESSION SUMMARY — 2026-05-05 09:29 EDT  Auto-closes today:   0
  =================================================================

  Price checks run:    27
  Auto-closes today:   0
  Open positions:      0
  Open positions:      0
  Total P&L:           +$70,107.50
  Win rate:            25.0%  (1W/3L)
  =================================================================

  Win rate:            25.0%  (1W/3L)
  Market closed. Next open: 2026-05-05 09:29 EDT (0h 0m)
  Sleeping until market open...
  =================================================================
  =================================================================
  📊 SESSION SUMMARY — 2026-05-05 09:29 EDT

  =================================================================

  Market closed. Next open: 2026-05-05 09:29 EDT (0h 0m)  Price checks run:    27
  Auto-closes today:   0

  Sleeping until market open...

  =================================================================
  📊 SESSION SUMMARY — 2026-05-05 09:29 EDT
  =================================================================
  Open positions:      0
  Price checks run:    0  Total P&L:           +$70,107.50

  Win rate:            25.0%  (1W/3L)
Auto-closes today:   0  =================================================================


  Market closed. Next open: 2026-05-05 09:29 EDT (0h 0m)
  Sleeping until market open...

  =================================================================
  📊 SESSION SUMMARY — 2026-05-05 09:29 EDT
  =================================================================
  Price checks run:    27
  Auto-closes today:   0
  Open positions:      0  Open positions:      0

  Total P&L:           +$70,107.50
  Total P&L:           +$70,107.50  Win rate:            25.0%  (1W/3L)

=================================================================

  Market closed. Next open: 2026-05-05 09:29 EDT (0h 0m)
  Sleeping until market open...

  =================================================================  Win rate:            25.0%  (1W/3L)

  📊 SESSION SUMMARY — 2026-05-05 09:29 EDT
  =================================================================
  Price checks run:    27
  Auto-closes today:   0
  Open positions:      0
  Total P&L:           +$70,107.50
  Win rate:            25.0%  (1W/3L)
  =================================================================

  Market closed. Next open: 2026-05-05 09:29 EDT (0h 0m)
  Sleeping until market open...

  =================================================================
  📊 SESSION SUMMARY — 2026-05-05 09:29 EDT
  =================================================================
  Price checks run:    27
  Auto-closes today:   0
  Open positions:      0
  Total P&L:           +$70,107.50
  Win rate:            25.0%  (1W/3L)
  =================================================================

  Market closed. Next open: 2026-05-05 09:29 EDT (0h 0m)
  Sleeping until market open...

  =================================================================
  📊 SESSION SUMMARY — 2026-05-05 09:29 EDT
  =================================================================
  Price checks run:    27
  Auto-closes today:   0
  Open positions:      0
  Total P&L:           +$70,107.50
  Win rate:            25.0%  (1W/3L)
  =================================================================

  Market closed. Next open: 2026-05-05 09:29 EDT (0h 0m)
  Sleeping until market open...

  =================================================================
  📊 SESSION SUMMARY — 2026-05-05 09:29 EDT
  =================================================================
  Price checks run:    27
  Auto-closes today:   0
  Open positions:      0
  Total P&L:           +$70,107.50
  Win rate:            25.0%  (1W/3L)
  =================================================================

  Market closed. Next open: 2026-05-05 09:29 EDT (0h 0m)
  Sleeping until market open...

  =================================================================
  📊 SESSION SUMMARY — 2026-05-05 09:29 EDT
  =================================================================
  Price checks run:    27
  Auto-closes today:   0
  Open positions:      0
  Total P&L:           +$70,107.50
  Win rate:            25.0%  (1W/3L)
  =================================================================

  Market closed. Next open: 2026-05-05 09:29 EDT (0h 0m)
  Sleeping until market open...

  =================================================================
  📊 SESSION SUMMARY — 2026-05-05 09:29 EDT
  =================================================================
  Price checks run:    27
  Auto-closes today:   0
  Open positions:      0
  Total P&L:           +$70,107.50
  Win rate:            25.0%  (1W/3L)
  =================================================================

  Market closed. Next open: 2026-05-05 09:29 EDT (0h 0m)
  Sleeping until market open...

  =================================================================
  📊 SESSION SUMMARY — 2026-05-05 09:29 EDT
  =================================================================
  =================================================================  Price checks run:    27
  Auto-closes today:   0


  Market closed. Next open: 2026-05-05 09:29 EDT (0h 0m)
  Sleeping until market open...

  =================================================================
  📊 SESSION SUMMARY — 2026-05-05 09:29 EDT
  =================================================================
  Price checks run:    0  Open positions:      0
  Total P&L:           +$70,107.50

  Win rate:            25.0%  (1W/3L)
  =================================================================  Auto-closes today:   0


  Market closed. Next open: 2026-05-05 09:29 EDT (0h 0m)
  Sleeping until market open...

  =================================================================
  📊 SESSION SUMMARY — 2026-05-05 09:29 EDT
  =================================================================
  Price checks run:    27
  Auto-closes today:   0
  Open positions:      0
  Open positions:      0
  Total P&L:           +$70,107.50  Total P&L:           +$70,107.50

  Win rate:            25.0%  (1W/3L)
  =================================================================


  Market closed. Next open: 2026-05-05 09:29 EDT (0h 0m)=========
  Sleeping until market open...


  =================================================================

  Market closed. Next open: 2026-05-05 09:29 EDT (0h 0m)
📊 SESSION SUMMARY — 2026-05-05 09:29 EDT
  =================================================================  Sleeping until market open...

  Price checks run:    27
  Auto-closes today:   0
  =================================================================
  📊 SESSION SUMMARY — 2026-05-05 09:29 EDT
  =================================================================
  Price checks run:    0
  Auto-closes today:   0
  Open positions:      0
  Total P&L:           +$70,107.50
  Win rate:            25.0%  (1W/3L)
  =================================================================

  Market closed. Next open: 2026-05-05 09:29 EDT (0h 0m)
  Sleeping until market open...
  Open positions:      0
  =================================================================
  📊 SESSION SUMMARY — 2026-05-05 09:29 EDT

  =================================================================
  Price checks run:    27  Total P&L:           +$70,107.50  Auto-closes today:   0

  Win rate:            25.0%  (1W/3L)
  =================================================================

  Market closed. Next open: 2026-05-05 09:29 EDT (0h 0m)
  Sleeping until market open...
Open positions:      0
  Total P&L:           +$70,107.50

  =================================================================  Win rate:            25.0%  (1W/3L)

  =================================================================
  📊 SESSION SUMMARY — 2026-05-05 09:29 EDT
  =================================================================

  Market closed. Next open: 2026-05-05 09:29 EDT (0h 0m)  Price checks run:    0
  Sleeping until market open...

  =================================================================  Auto-closes today:   0
  📊 SESSION SUMMARY — 2026-05-05 09:29 EDT

  =================================================================
  Price checks run:    27
  Auto-closes today:   0
  Open positions:      0  Open positions:      0
  Total P&L:           +$70,107.50
  Win rate:            25.0%  (1W/3L)
  =================================================================
  Total P&L:           +$70,107.50
  Market closed. Next open: 2026-05-05 09:29 EDT (0h 0m)

  Sleeping until market open...

  =================================================================
  Win rate:            25.0%  (1W/3L)  📊 SESSION SUMMARY — 2026-05-05 09:29 EDT
  =================================================================
  =================================================================  Price checks run:    27

  Auto-closes today:   0

  Market closed. Next open: 2026-05-05 09:29 EDT (0h 0m)
  Sleeping until market open...

  =================================================================
  📊 SESSION SUMMARY — 2026-05-05 09:29 EDT  Open positions:      0
  Total P&L:           +$70,107.50
  Win rate:            25.0%  (1W/3L)
  =================================================================

  Market closed. Next open: 2026-05-05 09:29 EDT (0h 0m)
  Sleeping until market open...


  =================================================================
  📊 SESSION SUMMARY — 2026-05-05 09:29 EDT
  =================================================================
  Price checks run:    27
  Auto-closes today:   0
  Open positions:      0
  Total P&L:           +$70,107.50
  Win rate:            25.0%  (1W/3L)
  =================================================================

  Market closed. Next open: 2026-05-05 09:29 EDT (0h 0m)
  Sleeping until market open...

  =================================================================
  📊 SESSION SUMMARY — 2026-05-05 09:29 EDT
  =================================================================
  Price checks run:    27
  Auto-closes today:   0
  Open positions:      0
  Total P&L:           +$70,107.50
  Win rate:            25.0%  (1W/3L)
  =================================================================

  Market closed. Next open: 2026-05-05 09:29 EDT (0h 0m)
  Sleeping until market open...

  =================================================================
  📊 SESSION SUMMARY — 2026-05-05 09:29 EDT
  =================================================================
  Price checks run:    27
  Auto-closes today:   0
  Open positions:      0
  Total P&L:           +$70,107.50
  Win rate:            25.0%  (1W/3L)
  =================================================================

  Market closed. Next open: 2026-05-05 09:29 EDT (0h 0m)
  Sleeping until market open...

  =================================================================
  📊 SESSION SUMMARY — 2026-05-05 09:29 EDT
  =================================================================
  Price checks run:    27
  Auto-closes today:   0
  Open positions:      0
  Total P&L:           +$70,107.50
  Win rate:            25.0%  (1W/3L)
  =================================================================

  Market closed. Next open: 2026-05-05 09:29 EDT (0h 0m)
  Sleeping until market open...

  =================================================================
  📊 SESSION SUMMARY — 2026-05-05 09:29 EDT
  =================================================================
  Price checks run:    27
  Auto-closes today:   0
  Open positions:      0
  Total P&L:           +$70,107.50
  Win rate:            25.0%  (1W/3L)
  =================================================================

  Market closed. Next open: 2026-05-05 09:29 EDT (0h 0m)
  Sleeping until market open...

  =================================================================
  📊 SESSION SUMMARY — 2026-05-05 09:29 EDT
  =================================================================

  Price checks run:    27
  Price checks run:    0  Auto-closes today:   0

  Auto-closes today:   0
  Open positions:      0
  Total P&L:           +$70,107.50
  Win rate:            25.0%  (1W/3L)
  =================================================================

  Market closed. Next open: 2026-05-05 09:29 EDT (0h 0m)  Open positions:      0
  Sleeping until market open...


  =================================================================  Total P&L:           +$70,107.50

  📊 SESSION SUMMARY — 2026-05-05 09:29 EDT  Win rate:            25.0%  (1W/3L)
  =================================================================
  Price checks run:    27  =================================================================

  Auto-closes today:   0

  Market closed. Next open: 2026-05-05 09:29 EDT (0h 0m)
  Sleeping until market open...
  Open positions:      0
  =================================================================

  Total P&L:           +$70,107.50
  📊 SESSION SUMMARY — 2026-05-05 09:29 EDT  Win rate:            25.0%  (1W/3L)

=================================================================
  =================================================================
  Market closed. Next open: 2026-05-05 09:29 EDT (0h 0m)
  Sleeping until market open...
  Price checks run:    0
  =================================================================
  📊 SESSION SUMMARY — 2026-05-05 09:29 EDT

  Auto-closes today:   0  =================================================================

  Price checks run:    27
  Auto-closes today:   0
  Open positions:      0
  Open positions:      0  Total P&L:           +$70,107.50
  Win rate:            25.0%  (1W/3L)
  =================================================================
  Total P&L:           +$70,107.50
  Market closed. Next open: 2026-05-05 09:29 EDT (0h 0m)
  Sleeping until market open...
  Win rate:            25.0%  (1W/3L)================================

  📊 SESSION SUMMARY — 2026-05-05 09:29 EDT
  =================================================================  =================================================================

  Price checks run:    27
  Auto-closes today:   0
  Market closed. Next open: 2026-05-05 09:29 EDT (0h 0m)

  Sleeping until market open...

  =================================================================
  📊 SESSION SUMMARY — 2026-05-05 09:29 EDT
  Open positions:      0  =================================================================

  Total P&L:           +$70,107.50  Price checks run:    0  Win rate:            25.0%  (1W/3L)
  =================================================================


  Market closed. Next open: 2026-05-05 09:29 EDT (0h 0m)  Auto-closes today:   0  Sleeping until market open...

  =================================================================
  📊 SESSION SUMMARY — 2026-05-05 09:29 EDT
  =================================================================
  Price checks run:    27
  Auto-closes today:   0
  Open positions:      0
  Total P&L:           +$70,107.50
  Open positions:      0  Win rate:            25.0%  (1W/3L)
  Total P&L:           +$70,107.50

  Win rate:            25.0%  (1W/3L)
  =================================================================


  Market closed. Next open: 2026-05-05 09:29 EDT (0h 0m)
  Sleeping until market open...

  =================================================================

  Market closed. Next open: 2026-05-05 09:29 EDT (0h 0m)  📊 SESSION SUMMARY — 2026-05-05 09:29 EDT
  Sleeping until market open...  =================================================================


  =================================================================
  Auto-closes today:   0
  📊 SESSION SUMMARY — 2026-05-05 09:29 EDT
  =================================================================
  Price checks run:    0
  Auto-closes today:   0  Open positions:      0

  Total P&L:           +$70,107.50
  Win rate:            25.0%  (1W/3L)
  =================================================================

  Market closed. Next open: 2026-05-05 09:29 EDT (0h 0m)
  Sleeping until market open...

  =================================================================
  📊 SESSION SUMMARY — 2026-05-05 09:29 EDT
  =================================================================
  Price checks run:    27
  Auto-closes today:   0  Open positions:      0

  Total P&L:           +$70,107.50  Open positions:      0
  Total P&L:           +$70,107.50
  Win rate:            25.0%  (1W/3L)
  =================================================================

  Market closed. Next open: 2026-05-05 09:29 EDT (0h 0m)
  Sleeping until market open...

  =================================================================
  📊 SESSION SUMMARY — 2026-05-05 09:29 EDT
  =================================================================
  Price checks run:    27
  Auto-closes today:   0
  Open positions:      0
  Total P&L:           +$70,107.50
  Win rate:            25.0%  (1W/3L)
  =================================================================

  Market closed. Next open: 2026-05-05 09:29 EDT (0h 0m)
  Sleeping until market open...

  =================================================================
  📊 SESSION SUMMARY — 2026-05-05 09:29 EDT
  =================================================================
  Price checks run:    27
  Auto-closes today:   0
  Open positions:      0
  Total P&L:           +$70,107.50
  Win rate:            25.0%  (1W/3L)
  =================================================================

  Market closed. Next open: 2026-05-05 09:29 EDT (0h 0m)
  Sleeping until market open...

  =================================================================
  📊 SESSION SUMMARY — 2026-05-05 09:29 EDT
  =================================================================
  Price checks run:    27
  Auto-closes today:   0
  Open positions:      0
  Total P&L:           +$70,107.50
  Win rate:            25.0%  (1W/3L)
  =================================================================

  Market closed. Next open: 2026-05-05 09:29 EDT (0h 0m)
  Sleeping until market open...

  =================================================================
  📊 SESSION SUMMARY — 2026-05-05 09:29 EDT
  =================================================================
  Price checks run:    27
  Auto-closes today:   0
  Open positions:      0
  Total P&L:           +$70,107.50
  Win rate:            25.0%  (1W/3L)
  =================================================================

  Market closed. Next open: 2026-05-05 09:29 EDT (0h 0m)
  Sleeping until market open...

  =================================================================
  📊 SESSION SUMMARY — 2026-05-05 09:29 EDT
  =================================================================
  Price checks run:    27
  Auto-closes today:   0
  Open positions:      0
  Total P&L:           +$70,107.50
  Win rate:            25.0%  (1W/3L)
  =================================================================

  Market closed. Next open: 2026-05-05 09:29 EDT (0h 0m)
  Sleeping until market open...

  =================================================================
  📊 SESSION SUMMARY — 2026-05-05 09:29 EDT
  =================================================================
  Price checks run:    27
  Auto-closes today:   0
  Win rate:            25.0%  (1W/3L)
  =================================================================
  Open positions:      0open: 2026-05-05 09:29 EDT (0h 0m)
  Total P&L:           +$70,107.50

  Win rate:            25.0%  (1W/3L)  Sleeping until market open...
  =================================================================


  Market closed. Next open: 2026-05-05 09:29 EDT (0h 0m)===========

  Sleeping until market open...
  📊 SESSION SUMMARY — 2026-05-05 09:29 EDT
  =================================================================
  📊 SESSION SUMMARY — 2026-05-05 09:29 EDT  =================================================================
  =================================================================

  Price checks run:    27  Price checks run:    0
  Auto-closes today:   0

  Auto-closes today:   0
  Open positions:      0
  Total P&L:           +$70,107.50
  Win rate:            25.0%  (1W/3L)
  =================================================================  Open positions:      0

  Market closed. Next open: 2026-05-05 09:29 EDT (0h 0m)
  Sleeping until market open...

  =================================================================
  Total P&L:           +$70,107.50  📊 SESSION SUMMARY — 2026-05-05 09:29 EDT

  =================================================================  Win rate:            25.0%  (1W/3L)
  Price checks run:    27

  Auto-closes today:   0  =================================================================


  Market closed. Next open: 2026-05-05 09:29 EDT (0h 0m)
  Sleeping until market open...

  =================================================================
  📊 SESSION SUMMARY — 2026-05-05 09:29 EDT
  =================================================================  Open positions:      0

  Total P&L:           +$70,107.50
  Win rate:            25.0%  (1W/3L)  Price checks run:    0
  =================================================================

  Market closed. Next open: 2026-05-05 09:29 EDT (0h 0m)
  Sleeping until market open...

  =================================================================
  📊 SESSION SUMMARY — 2026-05-05 09:29 EDT
  =================================================================
  Price checks run:    27
  Auto-closes today:   0
  Open positions:      0
  Total P&L:           +$70,107.50
  Win rate:            25.0%  (1W/3L)  Open positions:      0
  Total P&L:           +$70,107.50
  Win rate:            25.0%  (1W/3L)
  =================================================================  =================================================================


  Market closed. Next open: 2026-05-05 09:29 EDT (0h 0m)
  Sleeping until market open...

  Market closed. Next open: 2026-05-05 09:29 EDT (0h 0m)
  =================================================================

  📊 SESSION SUMMARY — 2026-05-05 09:29 EDT

=================================================================
  Price checks run:    27
  Auto-closes today:   0
  =================================================================
  📊 SESSION SUMMARY — 2026-05-05 09:29 EDT
  =================================================================
  Price checks run:    0
  Auto-closes today:   0
  Open positions:      0
  Total P&L:           +$70,107.50
  Win rate:            25.0%  (1W/3L)
  =================================================================

  Market closed. Next open: 2026-05-05 09:29 EDT (0h 0m)
  Sleeping until market open...

  =================================================================
  Open positions:      0  📊 SESSION SUMMARY — 2026-05-05 09:29 EDT

  =================================================================
  Price checks run:    27  Total P&L:           +$70,107.50
  Auto-closes today:   0

  Win rate:            25.0%  (1W/3L)  Open positions:      0
  Total P&L:           +$70,107.50
  Win rate:            25.0%  (1W/3L)
  =================================================================

  Market closed. Next open: 2026-05-05 09:29 EDT (0h 0m)
  Sleeping until market open...

  =================================================================
  📊 SESSION SUMMARY — 2026-05-05 09:29 EDT
  =================================================================
  Price checks run:    27
  Auto-closes today:   0
  Open positions:      0
  Total P&L:           +$70,107.50
  Win rate:            25.0%  (1W/3L)
  =================================================================

  Market closed. Next open: 2026-05-05 09:29 EDT (0h 0m)
  Sleeping until market open...

  =================================================================
  📊 SESSION SUMMARY — 2026-05-05 09:29 EDT
  =================================================================
  Price checks run:    27
  Auto-closes today:   0
  Open positions:      0
  Total P&L:           +$70,107.50
  Win rate:            25.0%  (1W/3L)
  =================================================================

  Market closed. Next open: 2026-05-05 09:29 EDT (0h 0m)
  Sleeping until market open...

  =================================================================
  📊 SESSION SUMMARY — 2026-05-05 09:29 EDT
  =================================================================
  Price checks run:    27
  Auto-closes today:   0
  Open positions:      0
  Total P&L:           +$70,107.50
  Win rate:            25.0%  (1W/3L)
  =================================================================

  Market closed. Next open: 2026-05-05 09:29 EDT (0h 0m)
  Sleeping until market open...

  =================================================================
  📊 SESSION SUMMARY — 2026-05-05 09:29 EDT
  =================================================================
  Price checks run:    27
  Auto-closes today:   0
  Open positions:      0
  Total P&L:           +$70,107.50
  Win rate:            25.0%  (1W/3L)
  =================================================================

  Market closed. Next open: 2026-05-05 09:29 EDT (0h 0m)
  Sleeping until market open...

  =================================================================
  📊 SESSION SUMMARY — 2026-05-05 09:29 EDT
  =================================================================
  Price checks run:    27
  Auto-closes today:   0
  Open positions:      0
  Total P&L:           +$70,107.50
  Win rate:            25.0%  (1W/3L)
  =================================================================

  Market closed. Next open: 2026-05-05 09:29 EDT (0h 0m)
  Sleeping until market open...

  =================================================================

  📊 SESSION SUMMARY — 2026-05-05 09:29 EDT====================
  =================================================================

  Price checks run:    27
  Auto-closes today:   0

  Market closed. Next open: 2026-05-05 09:29 EDT (0h 0m)
  Sleeping until market open...

  =================================================================
  📊 SESSION SUMMARY — 2026-05-05 09:29 EDT
  ======================
=========================================  Total P&L:           +$70,107.50
  Win rate:            25.0%  (1W/3L)
  =================================================================
  Price checks run:    0

  Market closed. Next open: 2026-05-05 09:29 EDT (0h 0m)
  Auto-closes today:   0  Sleeping until market open...

  =================================================================
  📊 SESSION SUMMARY — 2026-05-05 09:29 EDT
  =================================================================
  Price checks run:    27
  Auto-closes today:   0
  Open positions:      0  Open positions:      0
  Total P&L:           +$70,107.50

  Win rate:            25.0%  (1W/3L)  Total P&L:           +$70,107.50
  =================================================================

  Win rate:            25.0%  (1W/3L)
  Market closed. Next open: 2026-05-05 09:29 EDT (0h 0m)

  Sleeping until market open...
  ===================================================================
  📊 SESSION SUMMARY — 2026-05-05 09:29 EDT

  =================================================================

  Market closed. Next open: 2026-05-05 09:29 EDT (0h 0m)  Price checks run:    27
  Auto-closes today:   0

  Sleeping until market open...

  =================================================================
  📊 SESSION SUMMARY — 2026-05-05 09:29 EDT  Open positions:      0

  Total P&L:           +$70,107.50  =================================================================  Win rate:            25.0%  (1W/3L)
  =================================================================

  Price checks run:    0
  Market closed. Next open: 2026-05-05 09:29 EDT (0h 0m)
  Sleeping until market open...  Auto-closes today:   0

  =================================================================

  📊 SESSION SUMMARY — 2026-05-05 09:29 EDT
  =================================================================
  Price checks run:    27
  Auto-closes today:   0
  Open positions:      0
  Open positions:      0  Total P&L:           +$70,107.50
  Total P&L:           +$70,107.50

  Win rate:            25.0%  (1W/3L)  Win rate:            25.0%  (1W/3L)
  =================================================================

  Market closed. Next open: 2026-05-05 09:29 EDT (0h 0m)
  Sleeping until market open...
  =================================================================
  =================================================================

  📊 SESSION SUMMARY — 2026-05-05 09:29 EDT
  =================================================================

  Market closed. Next open: 2026-05-05 09:29 EDT (0h 0m)  Price checks run:    27
  Auto-closes today:   0

  Sleeping until market open...

  =================================================================
  📊 SESSION SUMMARY — 2026-05-05 09:29 EDT
  =================================================================  Open positions:      0
  Total P&L:           +$70,107.50

  Win rate:            25.0%  (1W/3L)
  Price checks run:    0  =================================================================


  Market closed. Next open: 2026-05-05 09:29 EDT (0h 0m)
  Auto-closes today:   0open...


  =================================================================
  📊 SESSION SUMMARY — 2026-05-05 09:29 EDT
  =================================================================
  Price checks run:    27
  Auto-closes today:   0
  Open positions:      0
  Total P&L:           +$70,107.50  Open positions:      0
  Total P&L:           +$70,107.50
  Win rate:            25.0%  (1W/3L)
  =================================================================
  Win rate:            25.0%  (1W/3L)
  Market closed. Next open: 2026-05-05 09:29 EDT (0h 0m)
  Sleeping until market open...


  =================================================================
  =================================================================  📊 SESSION SUMMARY — 2026-05-05 09:29 EDT
  =================================================================

  Price checks run:    27
  Auto-closes today:   0
  Market closed. Next open: 2026-05-05 09:29 EDT (0h 0m)
  Sleeping until market open...

  =================================================================
  📊 SESSION SUMMARY — 2026-05-05 09:29 EDT
  =================================================================
  Price checks run:    0  Open positions:      0
  Auto-closes today:   0$70,107.50
  Win rate:            25.0%  (1W/3L)

  =================================================================

  Market closed. Next open: 2026-05-05 09:29 EDT (0h 0m)
  Sleeping until market open...

  =================================================================
  📊 SESSION SUMMARY — 2026-05-05 09:29 EDT
  =================================================================
  Price checks run:    27
  Auto-closes today:   0
  Open positions:      0
  Total P&L:           +$70,107.50
  Win rate:            25.0%  (1W/3L)
  =================================================================

  Market closed. Next open: 2026-05-05 09:29 EDT (0h 0m)
  Sleeping until market open...

  =================================================================
  📊 SESSION SUMMARY — 2026-05-05 09:29 EDT
  =================================================================
  Price checks run:    27
  Auto-closes today:   0
  Open positions:      0
  Total P&L:           +$70,107.50
  Win rate:            25.0%  (1W/3L)
  =================================================================

  Market closed. Next open: 2026-05-05 09:29 EDT (0h 0m)
  Sleeping until market open...

  =================================================================
  📊 SESSION SUMMARY — 2026-05-05 09:29 EDT
  =================================================================
  Price checks run:    27
  Auto-closes today:   0
  Open positions:      0
  Total P&L:           +$70,107.50
  Win rate:            25.0%  (1W/3L)
  =================================================================

  Market closed. Next open: 2026-05-05 09:29 EDT (0h 0m)
  Sleeping until market open...

  =================================================================
  📊 SESSION SUMMARY — 2026-05-05 09:29 EDT
  =================================================================
  Price checks run:    27
  Auto-closes today:   0
  Open positions:      0
  Total P&L:           +$70,107.50
  Win rate:            25.0%  (1W/3L)
  =================================================================

  Market closed. Next open: 2026-05-05 09:29 EDT (0h 0m)
  Sleeping until market open...

  =================================================================
  📊 SESSION SUMMARY — 2026-05-05 09:29 EDT
  =================================================================
  Price checks run:    27
  Auto-closes today:   0
  Open positions:      0
  Total P&L:           +$70,107.50
  Win rate:            25.0%  (1W/3L)
  =================================================================

  Market closed. Next open: 2026-05-05 09:29 EDT (0h 0m)
  Sleeping until market open...

  =================================================================
  📊 SESSION SUMMARY — 2026-05-05 09:29 EDT
  =================================================================
  Open positions:      0  Price checks run:    27

  Auto-closes today:   0
  Total P&L:           +$70,107.50  Open positions:      0

  Total P&L:           +$70,107.50
  Win rate:            25.0%  (1W/3L)  Win rate:            25.0%  (1W/3L)

  =================================================================

  Market closed. Next open: 2026-05-05 09:29 EDT (0h 0m)  =================================================================
  Sleeping until market open...

  =================================================================
  📊 SESSION SUMMARY — 2026-05-05 09:29 EDT
  =================================================================
  Price checks run:    27
  Market closed. Next open: 2026-05-05 09:29 EDT (0h 0m)
  Auto-closes today:   0

  Sleeping until market open...

  =================================================================
  📊 SESSION SUMMARY — 2026-05-05 09:29 EDT
  =================================================================
  Price checks run:    0
  Open positions:      0  Auto-closes today:   0
  Total P&L:           +$70,107.50

  Win rate:            25.0%  (1W/3L)
  =================================================================

  Market closed. Next open: 2026-05-05 09:29 EDT (0h 0m)
  Sleeping until market open...

  =================================================================
  📊 SESSION SUMMARY — 2026-05-05 09:29 EDT
  =================================================================
  Price checks run:    27
  Auto-closes today:   0
  Open positions:      0
  Total P&L:           +$70,107.50
  Win rate:            25.0%  (1W/3L)  Open positions:      0

  Total P&L:           +$70,107.50  =================================================================
  Win rate:            25.0%  (1W/3L)

  =================================================================

  Market closed. Next open: 2026-05-05 09:29 EDT (0h 0m)
  Sleeping until market open...

  =================================================================

  Market closed. Next open: 2026-05-05 09:29 EDT (0h 0m)  📊 SESSION SUMMARY — 2026-05-05 09:29 EDT
  =================================================================
Sleeping until market open...  Price checks run:    27

Auto-closes today:   0

  =================================================================
  📊 SESSION SUMMARY — 2026-05-05 09:29 EDT
  =================================================================
  Price checks run:    0
  Auto-closes today:   0
  Open positions:      0
  Total P&L:           +$70,107.50
  Win rate:            25.0%  (1W/3L)
  =================================================================

  Market closed. Next open: 2026-05-05 09:29 EDT (0h 0m)
  Sleeping until market open...

  =================================================================
  📊 SESSION SUMMARY — 2026-05-05 09:29 EDT
  =================================================================
  Price checks run:    27
  Auto-closes today:   0
  Open positions:      0
  Total P&L:           +$70,107.50
  Win rate:            25.0%  (1W/3L)
  =================================================================
  Open positions:      0
  Total P&L:           +$70,107.50
  Win rate:            25.0%  (1W/3L)
  =================================================================

  Market closed. Next open: 2026-05-05 09:29 EDT (0h 0m)

  Market closed. Next open: 2026-05-05 09:29 EDT (0h 0m)
  Sleeping until market open...  Sleeping until market open...


  =================================================================

  =================================================================
  =================================================================
  Price checks run:    27
  📊 SESSION SUMMARY — 2026-05-05 09:29 EDT

  =================================================================
  Price checks run:    0
  Auto-closes today:   0
  Open positions:      0
  Total P&L:           +$70,107.50
  Win rate:            25.0%  (1W/3L)
  =================================================================

  Market closed. Next open: 2026-05-05 09:29 EDT (0h 0m)
  Sleeping until market open...

  =================================================================
  📊 SESSION SUMMARY — 2026-05-05 09:29 EDT
  =================================================================
  Price checks run:    27  Open positions:      0
  Auto-closes today:   0

  Total P&L:           +$70,107.50
  Win rate:            25.0%  (1W/3L)
  =================================================================

  Market closed. Next open: 2026-05-05 09:29 EDT (0h 0m)
  Sleeping until market open...  Open positions:      0
  Total P&L:           +$70,107.50
  Win rate:            25.0%  (1W/3L)

  =================================================================

  Market closed. Next open: 2026-05-05 09:29 EDT (0h 0m)
  =================================================================  Sleeping until market open...


  =================================================================
  📊 SESSION SUMMARY — 2026-05-05 09:29 EDT  📊 SESSION SUMMARY — 2026-05-05 09:29 EDT
  =================================================================
  Price checks run:    27

  Auto-closes today:   0
  Open positions:      0
  Total P&L:           +$70,107.50
  Win rate:            25.0%  (1W/3L)
  =================================================================

  Market closed. Next open: 2026-05-05 09:29 EDT (0h 0m)
  Sleeping until market open...

  =================================================================
  📊 SESSION SUMMARY — 2026-05-05 09:29 EDT
  =================================================================
  Price checks run:    27
  Auto-closes today:   0
  Open positions:      0
  Total P&L:           +$70,107.50
  Win rate:            25.0%  (1W/3L)
  =================================================================

  Market closed. Next open: 2026-05-05 09:29 EDT (0h 0m)
  Sleeping until market open...

  =================================================================
  📊 SESSION SUMMARY — 2026-05-05 09:29 EDT
  =================================================================
  Price checks run:    27
  Auto-closes today:   0
  Open positions:      0
  Total P&L:           +$70,107.50
  Win rate:            25.0%  (1W/3L)
  =================================================================

  Market closed. Next open: 2026-05-05 09:29 EDT (0h 0m)
  Sleeping until market open...

  =================================================================
  📊 SESSION SUMMARY — 2026-05-05 09:29 EDT
  =================================================================
  Price checks run:    27
  Auto-closes today:   0
  Open positions:      0
  Total P&L:           +$70,107.50
  Win rate:            25.0%  (1W/3L)
  =================================================================

  Market closed. Next open: 2026-05-05 09:29 EDT (0h 0m)
  Sleeping until market open...

  =================================================================
  📊 SESSION SUMMARY — 2026-05-05 09:29 EDT
  =================================================================
  Price checks run:    27
  Auto-closes today:   0
  Open positions:      0
  Total P&L:           +$70,107.50
  Win rate:            25.0%  (1W/3L)
  =================================================================

  Market closed. Next open: 2026-05-05 09:29 EDT (0h 0m)
  Sleeping until market open...

  =================================================================
  📊 SESSION SUMMARY — 2026-05-05 09:29 EDT
  =================================================================
  Price checks run:    27
  Auto-closes today:   0
  Open positions:      0
  Total P&L:           +$70,107.50
  Win rate:            25.0%  (1W/3L)
  =================================================================

  Market closed. Next open: 2026-05-05 09:29 EDT (0h 0m)
  Sleeping until market open...
  =================================================================
  =================================================================

  📊 SESSION SUMMARY — 2026-05-05 09:29 EDT
  Price checks run:    0  =================================================================

  Price checks run:    27
  Auto-closes today:   0  Auto-closes today:   0

  Open positions:      0
  Total P&L:           +$70,107.50
  Win rate:            25.0%  (1W/3L)
  =================================================================

  Market closed. Next open: 2026-05-05 09:29 EDT (0h 0m)
  Sleeping until market open...

  =================================================================
  Open positions:      0  📊 SESSION SUMMARY — 2026-05-05 09:29 EDT
  =================================================================

Price checks run:    27
  Auto-closes today:   0
  Total P&L:           +$70,107.50
  Win rate:            25.0%  (1W/3L)
  =================================================================

  Market closed. Next open: 2026-05-05 09:29 EDT (0h 0m)
  Sleeping until market open...

  =================================================================  Open positions:      0

  Total P&L:           +$70,107.50
  Win rate:            25.0%  (1W/3L)
  =================================================================  📊 SESSION SUMMARY — 2026-05-05 09:29 EDT


  Market closed. Next open: 2026-05-05 09:29 EDT (0h 0m)
  =================================================================  Sleeping until market open...

  =================================================================

  📊 SESSION SUMMARY — 2026-05-05 09:29 EDT  Price checks run:    0  =================================================================

  Price checks run:    27
  Auto-closes today:   0  Auto-closes today:   0

  Open positions:      0
  Total P&L:           +$70,107.50
  Open positions:      0  Win rate:            25.0%  (1W/3L)
  =================================================================


  Market closed. Next open: 2026-05-05 09:29 EDT (0h 0m)  Total P&L:           +$70,107.50
  Sleeping until market open...


  =================================================================  Win rate:            25.0%  (1W/3L)

  📊 SESSION SUMMARY — 2026-05-05 09:29 EDT
  =================================================================  =================================================================

  Price checks run:    27
  Auto-closes today:   0

  Market closed. Next open: 2026-05-05 09:29 EDT (0h 0m)
  Sleeping until market open...

  =================================================================
  📊 SESSION SUMMARY — 2026-05-05 09:29 EDT
  =================================================================
  Open positions:      0  Price checks run:    0  Total P&L:           +$70,107.50
  Win rate:            25.0%  (1W/3L)

  =================================================================  Auto-closes today:   0
  Market closed. Next open: 2026-05-05 09:29 EDT (0h 0m)
  Sleeping until market open...

  =================================================================
  📊 SESSION SUMMARY — 2026-05-05 09:29 EDT
  =================================================================
  Price checks run:    27
  Auto-closes today:   0
  Open positions:      0  Open positions:      0
  Total P&L:           +$70,107.50

  Win rate:            25.0%  (1W/3L)
  =================================================================  Total P&L:           +$70,107.50
  Market closed. Next open: 2026-05-05 09:29 EDT (0h 0m)
  Sleeping until market open...  Win rate:            25.0%  (1W/3L)

  =================================================================

  📊 SESSION SUMMARY — 2026-05-05 09:29 EDT  =================================================================

=================================================================
  Price checks run:    27
  Auto-closes today:   0
  Market closed. Next open: 2026-05-05 09:29 EDT (0h 0m)
  Sleeping until market open...

  =================================================================
  📊 SESSION SUMMARY — 2026-05-05 09:29 EDT
  =================================================================
  Price checks run:    0
  Auto-closes today:   0
  Open positions:      0
  Total P&L:           +$70,107.50
  Win rate:            25.0%  (1W/3L)
  =================================================================

  Market closed. Next open: 2026-05-05 09:29 EDT (0h 0m)
  Sleeping until market open...

  =================================================================
  📊 SESSION SUMMARY — 2026-05-05 09:29 EDT
  =================================================================
  Price checks run:    27
  Auto-closes today:   0
  Open positions:      0
  Total P&L:           +$70,107.50
  Win rate:            25.0%  (1W/3L)
  =================================================================
  Open positions:      0
  Total P&L:           +$70,107.50
  Win rate:            25.0%  (1W/3L)
  =================================================================

  Market closed. Next open: 2026-05-05 09:29 EDT (0h 0m)
  Sleeping until market open...

  =================================================================
  📊 SESSION SUMMARY — 2026-05-05 09:29 EDT
  =================================================================
  Price checks run:    27

  Market closed. Next open: 2026-05-05 09:29 EDT (0h 0m)  Auto-closes today:   0
  Open positions:      0
  Total P&L:           +$70,107.50
  Win rate:            25.0%  (1W/3L)
  =================================================================

  Market closed. Next open: 2026-05-05 09:29 EDT (0h 0m)
  Sleeping until market open...

  =================================================================
  📊 SESSION SUMMARY — 2026-05-05 09:29 EDT
  =================================================================
  Price checks run:    27
  Auto-closes today:   0
  Open positions:      0
  Total P&L:           +$70,107.50
  Win rate:            25.0%  (1W/3L)
  =================================================================

  Market closed. Next open: 2026-05-05 09:29 EDT (0h 0m)
  Sleeping until market open...

  =================================================================
  📊 SESSION SUMMARY — 2026-05-05 09:29 EDT
  =================================================================
  Price checks run:    27
  Auto-closes today:   0
  Open positions:      0
  Total P&L:           +$70,107.50
  Win rate:            25.0%  (1W/3L)
  =================================================================

  Market closed. Next open: 2026-05-05 09:29 EDT (0h 0m)
  Sleeping until market open...

  =================================================================
  📊 SESSION SUMMARY — 2026-05-05 09:29 EDT
  =================================================================
  Price checks run:    27
  Auto-closes today:   0
  Open positions:      0
  Total P&L:           +$70,107.50
  Win rate:            25.0%  (1W/3L)
  =================================================================

  Market closed. Next open: 2026-05-05 09:29 EDT (0h 0m)
  Sleeping until market open...

  =================================================================
  📊 SESSION SUMMARY — 2026-05-05 09:29 EDT
  =================================================================
  Price checks run:    27
  Auto-closes today:   0
  Open positions:      0
  Total P&L:           +$70,107.50

  Win rate:            25.0%  (1W/3L)

=================================================================

  =================================================================
  Sleeping until market open...


  =================================================================  📊 SESSION SUMMARY — 2026-05-05 09:29 EDT

  📊 SESSION SUMMARY — 2026-05-05 09:29 EDT
  =================================================================  =================================================================
  Price checks run:    27
  Auto-closes today:   0  Price checks run:    0

  Auto-closes today:   0
  Open positions:      0
  Total P&L:           +$70,107.50
  Win rate:            25.0%  (1W/3L)
  =================================================================

  Market closed. Next open: 2026-05-05 09:29 EDT (0h 0m)
  Open positions:      0  Sleeping until market open...

  =================================================================
  📊 SESSION SUMMARY — 2026-05-05 09:29 EDT
  =================================================================

  Price checks run:    27
  Auto-closes today:   0  Win rate:            25.0%  (1W/3L)

  =================================================================

  Market closed. Next open: 2026-05-05 09:29 EDT (0h 0m)
  Sleeping until market open...

  =================================================================
  Open positions:      0
  Total P&L:           +$70,107.50
  Win rate:            25.0%  (1W/3L) 09:29 EDT
  =================================================================


  Market closed. Next open: 2026-05-05 09:29 EDT (0h 0m)
=================================================================  Sleeping until market open...


  =================================================================  Price checks run:    0  📊 SESSION SUMMARY — 2026-05-05 09:29 EDT
  =================================================================
  Price checks run:    27
  Auto-closes today:   0

  Open positions:      0
  Total P&L:           +$70,107.50
  Win rate:            25.0%  (1W/3L)
  =================================================================

  Market closed. Next open: 2026-05-05 09:29 EDT (0h 0m)
  Open positions:      0  Sleeping until market open...


  =================================================================
  Total P&L:           +$70,107.50  📊 SESSION SUMMARY — 2026-05-05 09:29 EDT

  Win rate:            25.0%  (1W/3L)  =================================================================

  Price checks run:    27  =================================================================  Auto-closes today:   0


  Market closed. Next open: 2026-05-05 09:29 EDT (0h 0m)
  Sleeping until market open...

  =================================================================
  📊 SESSION SUMMARY — 2026-05-05 09:29 EDT
  =================================================================
  Price checks run:    0
  Total P&L:           +$70,107.50
  Auto-closes today:   05.0%  (1W/3L)

=================================================================

  Market closed. Next open: 2026-05-05 09:29 EDT (0h 0m)
  Sleeping until market open...

  =================================================================
  📊 SESSION SUMMARY — 2026-05-05 09:29 EDT
  =================================================================
  Price checks run:    27
  Auto-closes today:   0
  Open positions:      0
  Total P&L:           +$70,107.50
  Win rate:            25.0%  (1W/3L)  Open positions:      0
  Total P&L:           +$70,107.50
  Win rate:            25.0%  (1W/3L)
  =================================================================

  Market closed. Next open: 2026-05-05 09:29 EDT (0h 0m)  =================================================================  Sleeping until market open...

  =================================================================

  📊 SESSION SUMMARY — 2026-05-05 09:29 EDT
  =================================================================
  Price checks run:    27

  Auto-closes today:   0  Sleeping until market open...


  =================================================================
  📊 SESSION SUMMARY — 2026-05-05 09:29 EDT
  =================================================================
  Price checks run:    0
  Auto-closes today:   0
  Open positions:      0
  Total P&L:           +$70,107.50
  Win rate:            25.0%  (1W/3L)
  =================================================================

  Market closed. Next open: 2026-05-05 09:29 EDT (0h 0m)
  Sleeping until market open...

  =================================================================
  📊 SESSION SUMMARY — 2026-05-05 09:29 EDT
  =================================================================
  Price checks run:    27  Open positions:      0  Auto-closes today:   0

  Total P&L:           +$70,107.50
  Win rate:            25.0%  (1W/3L)
  =================================================================
  Open positions:      0

  Market closed. Next open: 2026-05-05 09:29 EDT (0h 0m)  Total P&L:           +$70,107.50
  Win rate:            25.0%  (1W/3L)

  =================================================================  Sleeping until market open...


  Market closed. Next open: 2026-05-05 09:29 EDT (0h 0m)

  =================================================================

  =================================================================

  📊 SESSION SUMMARY — 2026-05-05 09:29 EDT  📊 SESSION SUMMARY — 2026-05-05 09:29 EDT

  =================================================================  =================================================================

  Price checks run:    0  Price checks run:    27
  Auto-closes today:   0
  Auto-closes today:   0
  Open positions:      0
  Total P&L:           +$70,107.50
  Win rate:            25.0%  (1W/3L)
  =================================================================

  Market closed. Next open: 2026-05-05 09:29 EDT (0h 0m)
  Sleeping until market open...

  =================================================================
  📊 SESSION SUMMARY — 2026-05-05 09:29 EDT
  =================================================================
  Price checks run:    27
  Auto-closes today:   0
  Open positions:      0
  Total P&L:           +$70,107.50
  Win rate:            25.0%  (1W/3L)
  =================================================================

  Market closed. Next open: 2026-05-05 09:29 EDT (0h 0m)
  Sleeping until market open...

  =================================================================
  📊 SESSION SUMMARY — 2026-05-05 09:29 EDT
  =================================================================
  Price checks run:    27
  Auto-closes today:   0
  Open positions:      0
  Total P&L:           +$70,107.50
  Win rate:            25.0%  (1W/3L)
  =================================================================

  Market closed. Next open: 2026-05-05 09:29 EDT (0h 0m)
  Sleeping until market open...

  =================================================================
  📊 SESSION SUMMARY — 2026-05-05 09:29 EDT
  =================================================================
  Price checks run:    27
  Auto-closes today:   0
  Open positions:      0
  Total P&L:           +$70,107.50
  Win rate:            25.0%  (1W/3L)
  =================================================================

  Market closed. Next open: 2026-05-05 09:29 EDT (0h 0m)
  Sleeping until market open...

  =================================================================
  📊 SESSION SUMMARY — 2026-05-05 09:29 EDT
  =================================================================
  Price checks run:    27
  Auto-closes today:   0
  Open positions:      0
  Total P&L:           +$70,107.50
  Win rate:            25.0%  (1W/3L)
  =================================================================

  Market closed. Next open: 2026-05-05 09:29 EDT (0h 0m)
  Sleeping until market open...

  =================================================================
  📊 SESSION SUMMARY — 2026-05-05 09:29 EDT
  =================================================================
  Price checks run:    27
  Auto-closes today:   0
  Open positions:      0
  Total P&L:           +$70,107.50
  Win rate:            25.0%  (1W/3L)
  =================================================================

  Market closed. Next open: 2026-05-05 09:29 EDT (0h 0m)
  Sleeping until market open...

  =================================================================
  📊 SESSION SUMMARY — 2026-05-05 09:29 EDT
  =================================================================
  Price checks run:    27
  Auto-closes today:   0
  Open positions:      0
  Total P&L:           +$70,107.50  Open positions:      0
  Total P&L:           +$70,107.50
  Win rate:            25.0%  (1W/3L)

  =================================================================

  Market closed. Next open: 2026-05-05 09:29 EDT (0h 0m)
  Sleeping until market open...  Win rate:            25.0%  (1W/3L)
  =================================================================

  📊 SESSION SUMMARY — 2026-05-05 09:29 EDT
  =================================================================  =================================================================
  Price checks run:    27

  Auto-closes today:   0

  Market closed. Next open: 2026-05-05 09:29 EDT (0h 0m)
  Sleeping until market open...

  =================================================================
  📊 SESSION SUMMARY — 2026-05-05 09:29 EDT
  =================================================================
  Price checks run:    0
  Auto-closes today:   0
  Open positions:      0
  Total P&L:           +$70,107.50
  Win rate:            25.0%  (1W/3L)
  =================================================================

  Market closed. Next open: 2026-05-05 09:29 EDT (0h 0m)
  Sleeping until market open...

  =================================================================
  📊 SESSION SUMMARY — 2026-05-05 09:29 EDT
  =================================================================
  Price checks run:    27
  Auto-closes today:   0
  Open positions:      0
  Total P&L:           +$70,107.50
  Win rate:            25.0%  (1W/3L)  Open positions:      0

  Total P&L:           +$70,107.50
  =================================================================  Win rate:            25.0%  (1W/3L)
  =================================================================


  Market closed. Next open: 2026-05-05 09:29 EDT (0h 0m)
  Sleeping until market open...

  Market closed. Next open: 2026-05-05 09:29 EDT (0h 0m)
  =================================================================

  📊 SESSION SUMMARY — 2026-05-05 09:29 EDT
  =================================================================  Sleeping until market open...  Price checks run:    27
  Auto-closes today:   0


  =================================================================
  📊 SESSION SUMMARY — 2026-05-05 09:29 EDT
  =================================================================  Open positions:      0

Total P&L:           +$70,107.50
  Win rate:            25.0%  (1W/3L)
  =================================================================
  Price checks run:    0
  Market closed. Next open: 2026-05-05 09:29 EDT (0h 0m)
  Sleeping until market open...

  =================================================================

  📊 SESSION SUMMARY — 2026-05-05 09:29 EDT
  =================================================================
  Price checks run:    27  Auto-closes today:   0
  Auto-closes today:   0

  Open positions:      0
  Total P&L:           +$70,107.50
  Win rate:            25.0%  (1W/3L)
  =================================================================

  Market closed. Next open: 2026-05-05 09:29 EDT (0h 0m)
Open positions:      0  Sleeping until market open...

  =================================================================
  📊 SESSION SUMMARY — 2026-05-05 09:29 EDT

  =================================================================  Total P&L:           +$70,107.50
  Price checks run:    27
  Auto-closes today:   0

  Win rate:            25.0%  (1W/3L)
  =================================================================

  Market closed. Next open: 2026-05-05 09:29 EDT (0h 0m)
  Sleeping until market open...
  Open positions:      0

  =================================================================  Total P&L:           +$70,107.50
  Win rate:            25.0%  (1W/3L)
  =================================================================
  📊 SESSION SUMMARY — 2026-05-05 09:29 EDT
  Market closed. Next open: 2026-05-05 09:29 EDT (0h 0m)
  Sleeping until market open...====================================


  =================================================================  Price checks run:    0

  📊 SESSION SUMMARY — 2026-05-05 09:29 EDT  Auto-closes today:   0
  =================================================================

  Price checks run:    27
  Auto-closes today:   0
  Open positions:      0
  Total P&L:           +$70,107.50
  Win rate:            25.0%  (1W/3L)
  =================================================================

  Market closed. Next open: 2026-05-05 09:29 EDT (0h 0m)
  Sleeping until market open...

  =================================================================
  📊 SESSION SUMMARY — 2026-05-05 09:29 EDT
  =================================================================
  Price checks run:    27
  Auto-closes today:   0
  Open positions:      0
  Total P&L:           +$70,107.50
  Win rate:            25.0%  (1W/3L)
  =================================================================

  Market closed. Next open: 2026-05-05 09:29 EDT (0h 0m)
  Sleeping until market open...

  =================================================================
  📊 SESSION SUMMARY — 2026-05-05 09:29 EDT
  =================================================================
  Price checks run:    27
  Auto-closes today:   0
  Open positions:      0
  Total P&L:           +$70,107.50
  Win rate:            25.0%  (1W/3L)
  =================================================================

  Market closed. Next open: 2026-05-05 09:29 EDT (0h 0m)
  Sleeping until market open...

  =================================================================
  📊 SESSION SUMMARY — 2026-05-05 09:29 EDT
  =================================================================
  Price checks run:    27
  Auto-closes today:   0
  Open positions:      0
  Total P&L:           +$70,107.50
  Win rate:            25.0%  (1W/3L)
  =================================================================

  Market closed. Next open: 2026-05-05 09:29 EDT (0h 0m)
  Sleeping until market open...

  =================================================================
  📊 SESSION SUMMARY — 2026-05-05 09:29 EDT
  =================================================================
  Price checks run:    27
  Auto-closes today:   0
  Open positions:      0
  Total P&L:           +$70,107.50
  Win rate:            25.0%  (1W/3L)
  =================================================================

  Market closed. Next open: 2026-05-05 09:29 EDT (0h 0m)
  Sleeping until market open...

  =================================================================
  📊 SESSION SUMMARY — 2026-05-05 09:29 EDT
  =================================================================
  Price checks run:    27
  Auto-closes today:   0
  Open positions:      0
  Total P&L:           +$70,107.50
  Win rate:            25.0%  (1W/3L)
  =================================================================

  Market closed. Next open: 2026-05-05 09:29 EDT (0h 0m)
  Sleeping until market open...

  =================================================================
  📊 SESSION SUMMARY — 2026-05-05 09:29 EDT
  =================================================================
  Price checks run:    27
  Auto-closes today:   0
  Open positions:      0
  Total P&L:           +$70,107.50
  Win rate:            25.0%  (1W/3L)
  =================================================================

  Market closed. Next open: 2026-05-05 09:29 EDT (0h 0m)
  Sleeping until market open...

  =================================================================
  📊 SESSION SUMMARY — 2026-05-05 09:29 EDT
Open positions:      0  =================================================================
  Price checks run:    27
  Auto-closes today:   0
  Total P&L:           +$70,107.50
  Win rate:            25.0%  (1W/3L)
  =================================================================
  Open positions:      0
  Total P&L:           +$70,107.50

  Market closed. Next open: 2026-05-05 09:29 EDT (0h 0m)  Win rate:            25.0%  (1W/3L)

  =================================================================

  Market closed. Next open: 2026-05-05 09:29 EDT (0h 0m)
  Sleeping until market open...  Sleeping until market open...


  =================================================================
  📊 SESSION SUMMARY — 2026-05-05 09:29 EDT
  =================================================================

  =================================================================  Price checks run:    27

Auto-closes today:   0
  📊 SESSION SUMMARY — 2026-05-05 09:29 EDT
  =================================================================
  Open positions:      0  Price checks run:    0 +$70,107.50
  Win rate:            25.0%  (1W/3L)
  =================================================================


  Market closed. Next open: 2026-05-05 09:29 EDT (0h 0m)  Auto-closes today:   0
  Sleeping until market open...


  =================================================================
  📊 SESSION SUMMARY — 2026-05-05 09:29 EDT
  =================================================================
  Price checks run:    27
  Auto-closes today:   0
  Open positions:      0
  Total P&L:           +$70,107.50
  Open positions:      0  Win rate:            25.0%  (1W/3L)
  =================================================================

  Market closed. Next open: 2026-05-05 09:29 EDT (0h 0m)
  Sleeping until market open...
  Total P&L:           +$70,107.50
  =================================================================
  📊 SESSION SUMMARY — 2026-05-05 09:29 EDT
  =================================================================
  Price checks run:    27
  Auto-closes today:   0
  Win rate:            25.0%  (1W/3L)
  =================================================================

  Market closed. Next open: 2026-05-05 09:29 EDT (0h 0m)
  Sleeping until market open...
Open positions:      0
  Total P&L:           +$70,107.50
  Win rate:            25.0%  (1W/3L)
  =================================================================
  =================================================================
  Market closed. Next open: 2026-05-05 09:29 EDT (0h 0m)

  Sleeping until market open...

  =================================================================
  📊 SESSION SUMMARY — 2026-05-05 09:29 EDT
  =================================================================
  Price checks run:    27
  Auto-closes today:   0
  Open positions:      0
  Total P&L:           +$70,107.50
  Win rate:            25.0%  (1W/3L)
  =================================================================

  Market closed. Next open: 2026-05-05 09:29 EDT (0h 0m)
  Sleeping until market open...

  =================================================================
  📊 SESSION SUMMARY — 2026-05-05 09:29 EDT
  =================================================================
  Price checks run:    27
  Auto-closes today:   0
  Open positions:      0
  Total P&L:           +$70,107.50
  Win rate:            25.0%  (1W/3L)
  =================================================================

  Market closed. Next open: 2026-05-05 09:29 EDT (0h 0m)
  Sleeping until market open...

  =================================================================
  📊 SESSION SUMMARY — 2026-05-05 09:29 EDT
  =================================================================
  Price checks run:    27
  Auto-closes today:   0
  Open positions:      0
  Total P&L:           +$70,107.50
  Win rate:            25.0%  (1W/3L)
  =================================================================

  Market closed. Next open: 2026-05-05 09:29 EDT (0h 0m)
  Sleeping until market open...

  =================================================================
  📊 SESSION SUMMARY — 2026-05-05 09:29 EDT
  =================================================================
  Price checks run:    27
  Auto-closes today:   0
  Open positions:      0
  Total P&L:           +$70,107.50
  Win rate:            25.0%  (1W/3L)
  =================================================================

  Market closed. Next open: 2026-05-05 09:29 EDT (0h 0m)
  Sleeping until market open...

  =================================================================
  📊 SESSION SUMMARY — 2026-05-05 09:29 EDT
  =================================================================
  Price checks run:    27
  Auto-closes today:   0
  Open positions:      0
  Total P&L:           +$70,107.50
  Win rate:            25.0%  (1W/3L)
  =================================================================

  Market closed. Next open: 2026-05-05 09:29 EDT (0h 0m)
  Sleeping until market open...

  =================================================================
  📊 SESSION SUMMARY — 2026-05-05 09:29 EDT
  =================================================================
  Price checks run:    27
  Auto-closes today:   0
  📊 SESSION SUMMARY — 2026-05-05 09:29 EDT
  =================================================================
  Price checks run:    0
  Open positions:      0  Auto-closes today:   0

  Total P&L:           +$70,107.50
  Win rate:            25.0%  (1W/3L)
  =================================================================

  Market closed. Next open: 2026-05-05 09:29 EDT (0h 0m)
  Sleeping until market open...

  =================================================================
  📊 SESSION SUMMARY — 2026-05-05 09:29 EDT
  =================================================================
  Price checks run:    27
  Auto-closes today:   0
  Open positions:      0
  Total P&L:           +$70,107.50
  Win rate:            25.0%  (1W/3L)
  Open positions:      0  =================================================================  Total P&L:           +$70,107.50
  Win rate:            25.0%  (1W/3L)
  =================================================================

  Market closed. Next open: 2026-05-05 09:29 EDT (0h 0m)
  Market closed. Next open: 2026-05-05 09:29 EDT (0h 0m)

Sleeping until market open...
  Sleeping until market open...======================================
  📊 SESSION SUMMARY — 2026-05-05 09:29 EDT
  =================================================================
  Price checks run:    27
  =================================================================  Auto-closes today:   0

  📊 SESSION SUMMARY — 2026-05-05 09:29 EDT
  =================================================================
  Price checks run:    0
  Auto-closes today:   0  Open positions:      0

  Total P&L:           +$70,107.50
  Win rate:            25.0%  (1W/3L)
  =================================================================

  Market closed. Next open: 2026-05-05 09:29 EDT (0h 0m)
  Sleeping until market open...

  =================================================================
  📊 SESSION SUMMARY — 2026-05-05 09:29 EDT
  =================================================================
  Price checks run:    27
  Auto-closes today:   0
  Open positions:      0  Open positions:      0
  Total P&L:           +$70,107.50

  Win rate:            25.0%  (1W/3L)
  =================================================================

  Market closed. Next open: 2026-05-05 09:29 EDT (0h 0m)
  Sleeping until market open...


  =================================================================  Win rate:            25.0%  (1W/3L)
  📊 SESSION SUMMARY — 2026-05-05 09:29 EDT

  =================================================================  =================================================================
  Price checks run:    27
  Auto-closes today:   0

  Market closed. Next open: 2026-05-05 09:29 EDT (0h 0m)
  Sleeping until market open...

  =================================================================
  Open positions:      0
  📊 SESSION SUMMARY — 2026-05-05 09:29 EDT  Total P&L:           +$70,107.50
  Win rate:            25.0%  (1W/3L)
  =================================================================


  Market closed. Next open: 2026-05-05 09:29 EDT (0h 0m)
  =================================================================  Sleeping until market open...

  Price checks run:    0
  =================================================================

  📊 SESSION SUMMARY — 2026-05-05 09:30 EDT
  Auto-closes today:   0===========================================
  Price checks run:    27

  Auto-closes today:   0
  Open positions:      0
Open positions:      0
  Total P&L:           +$70,107.50  Total P&L:           +$70,107.50
  Win rate:            25.0%  (1W/3L)
  =================================================================  Win rate:            25.0%  (1W/3L)

  =================================================================

  09:30:00 — No open positions. Sleeping 3m...

  09:30:00 — No open positions. Sleeping 3m...

  09:33:00 — No open positions. Sleeping 3m...

  09:33:00 — No open positions. Sleeping 3m...

  Refreshing auth token...

  Refreshing auth token...

  ─────────────────────────────────────────────────────────────────
  📡 POSITION CHECK — 09:36:01 EDT
  ─────────────────────────────────────────────────────────────────

  🔴 #6  AAPL260508P00277500
     Entry: $2.52  │  Bid: $1.99  Mid: $2.04  Ask: $2.10
     P&L:   $-47.50 (-18.9%)  │  Target: $5.04  Stop: $1.26
     [────●────────────────]  Stop ←→ Target
     💭 ATM put with -0.52 delta and 31.2% IV provides balanced directional ex...

  ⏳ Next check in 3 minutes...

  ─────────────────────────────────────────────────────────────────
  📡 POSITION CHECK — 09:36:02 EDT
  ─────────────────────────────────────────────────────────────────

  🔴 #6  AAPL260508P00277500
     Entry: $2.52  │  Bid: $1.99  Mid: $2.04  Ask: $2.10
     P&L:   $-47.50 (-18.9%)  │  Target: $5.04  Stop: $1.26
     [────●────────────────]  Stop ←→ Target
     💭 ATM put with -0.52 delta and 31.2% IV provides balanced directional ex...

  ⏳ Next check in 3 minutes...

  ─────────────────────────────────────────────────────────────────
  📡 POSITION CHECK — 09:39:02 EDT
  ─────────────────────────────────────────────────────────────────

  🔴 #6  AAPL260508P00277500
     Entry: $2.52  │  Bid: $1.96  Mid: $2.01  Ask: $2.06
     P&L:   $-51.00 (-20.2%)  │  Target: $5.04  Stop: $1.26
     [───●─────────────────]  Stop ←→ Target
     💭 ATM put with -0.52 delta and 31.2% IV provides balanced directional ex...

  ⏳ Next check in 3 minutes...

  ─────────────────────────────────────────────────────────────────
  📡 POSITION CHECK — 09:39:03 EDT
  ─────────────────────────────────────────────────────────────────

  🔴 #6  AAPL260508P00277500
     Entry: $2.52  │  Bid: $1.96  Mid: $2.01  Ask: $2.06
     P&L:   $-51.00 (-20.2%)  │  Target: $5.04  Stop: $1.26
     [───●─────────────────]  Stop ←→ Target
     💭 ATM put with -0.52 delta and 31.2% IV provides balanced directional ex...

  ⏳ Next check in 3 minutes...

  ─────────────────────────────────────────────────────────────────
  📡 POSITION CHECK — 09:42:02 EDT
  ─────────────────────────────────────────────────────────────────

  🔴 #6  AAPL260508P00277500
     Entry: $2.52  │  Bid: $2.05  Mid: $2.10  Ask: $2.15
     P&L:   $-42.00 (-16.7%)  │  Target: $5.04  Stop: $1.26
     [────●────────────────]  Stop ←→ Target
     💭 ATM put with -0.52 delta and 31.2% IV provides balanced directional ex...

  ⏳ Next check in 3 minutes...

  ─────────────────────────────────────────────────────────────────
  📡 POSITION CHECK — 09:42:04 EDT
  ─────────────────────────────────────────────────────────────────

  🔴 #6  AAPL260508P00277500
     Entry: $2.52  │  Bid: $2.05  Mid: $2.10  Ask: $2.15
     P&L:   $-42.00 (-16.7%)  │  Target: $5.04  Stop: $1.26
     [────●────────────────]  Stop ←→ Target
     💭 ATM put with -0.52 delta and 31.2% IV provides balanced directional ex...

  ⏳ Next check in 3 minutes...

  ─────────────────────────────────────────────────────────────────
  📡 POSITION CHECK — 09:45:03 EDT
  ─────────────────────────────────────────────────────────────────

  🔴 #6  AAPL260508P00277500
     Entry: $2.52  │  Bid: $2.27  Mid: $2.31  Ask: $2.35
     P&L:   $-21.00 (-8.3%)  │  Target: $5.04  Stop: $1.26
     [─────●───────────────]  Stop ←→ Target
     💭 ATM put with -0.52 delta and 31.2% IV provides balanced directional ex...

  ⏳ Next check in 3 minutes...

  ─────────────────────────────────────────────────────────────────
  📡 POSITION CHECK — 09:45:04 EDT
  ─────────────────────────────────────────────────────────────────

  🔴 #6  AAPL260508P00277500
     Entry: $2.52  │  Bid: $2.27  Mid: $2.31  Ask: $2.35
     P&L:   $-21.00 (-8.3%)  │  Target: $5.04  Stop: $1.26
     [─────●───────────────]  Stop ←→ Target
     💭 ATM put with -0.52 delta and 31.2% IV provides balanced directional ex...

  ⏳ Next check in 3 minutes...

  ─────────────────────────────────────────────────────────────────
  📡 POSITION CHECK — 09:48:03 EDT
  ─────────────────────────────────────────────────────────────────

  🔴 #6  AAPL260508P00277500
     Entry: $2.52  │  Bid: $2.23  Mid: $2.27  Ask: $2.30
     P&L:   $-25.50 (-10.1%)  │  Target: $5.04  Stop: $1.26
     [─────●───────────────]  Stop ←→ Target
     💭 ATM put with -0.52 delta and 31.2% IV provides balanced directional ex...

  ⏳ Next check in 3 minutes...

  ─────────────────────────────────────────────────────────────────
  📡 POSITION CHECK — 09:48:05 EDT
  ─────────────────────────────────────────────────────────────────

  🔴 #6  AAPL260508P00277500
     Entry: $2.52  │  Bid: $2.17  Mid: $2.21  Ask: $2.25
     P&L:   $-31.00 (-12.3%)  │  Target: $5.04  Stop: $1.26
     [─────●───────────────]  Stop ←→ Target
     💭 ATM put with -0.52 delta and 31.2% IV provides balanced directional ex...

  ⏳ Next check in 3 minutes...

  ─────────────────────────────────────────────────────────────────
  📡 POSITION CHECK — 09:51:04 EDT
  ─────────────────────────────────────────────────────────────────

  🔴 #6  AAPL260508P00277500
     Entry: $2.52  │  Bid: $1.95  Mid: $2.00  Ask: $2.05
     P&L:   $-52.00 (-20.6%)  │  Target: $5.04  Stop: $1.26
     [───●─────────────────]  Stop ←→ Target
     💭 ATM put with -0.52 delta and 31.2% IV provides balanced directional ex...

  ⏳ Next check in 3 minutes...

  ─────────────────────────────────────────────────────────────────
  📡 POSITION CHECK — 09:51:06 EDT
  ─────────────────────────────────────────────────────────────────

  🔴 #6  AAPL260508P00277500
     Entry: $2.52  │  Bid: $1.95  Mid: $2.00  Ask: $2.05
     P&L:   $-52.00 (-20.6%)  │  Target: $5.04  Stop: $1.26
     [───●─────────────────]  Stop ←→ Target
     💭 ATM put with -0.52 delta and 31.2% IV provides balanced directional ex...

  ⏳ Next check in 3 minutes...

  ─────────────────────────────────────────────────────────────────
  📡 POSITION CHECK — 09:54:05 EDT
  ─────────────────────────────────────────────────────────────────

  🔴 #6  AAPL260508P00277500
     Entry: $2.52  │  Bid: $2.02  Mid: $2.06  Ask: $2.11
     P&L:   $-45.50 (-18.1%)  │  Target: $5.04  Stop: $1.26
     [────●────────────────]  Stop ←→ Target
     💭 ATM put with -0.52 delta and 31.2% IV provides balanced directional ex...

  ⏳ Next check in 3 minutes...

  ─────────────────────────────────────────────────────────────────
  📡 POSITION CHECK — 09:54:06 EDT
  ─────────────────────────────────────────────────────────────────

  🔴 #6  AAPL260508P00277500
     Entry: $2.52  │  Bid: $2.01  Mid: $2.06  Ask: $2.10
     P&L:   $-46.50 (-18.4%)  │  Target: $5.04  Stop: $1.26
     [────●────────────────]  Stop ←→ Target
     💭 ATM put with -0.52 delta and 31.2% IV provides balanced directional ex...

  ⏳ Next check in 3 minutes...

  ─────────────────────────────────────────────────────────────────
  📡 POSITION CHECK — 09:57:05 EDT
  ─────────────────────────────────────────────────────────────────

  🔴 #6  AAPL260508P00277500
     Entry: $2.52  │  Bid: $2.20  Mid: $2.23  Ask: $2.27
     P&L:   $-28.50 (-11.3%)  │  Target: $5.04  Stop: $1.26
     [─────●───────────────]  Stop ←→ Target
     💭 ATM put with -0.52 delta and 31.2% IV provides balanced directional ex...

  ⏳ Next check in 3 minutes...

  ─────────────────────────────────────────────────────────────────
  📡 POSITION CHECK — 09:57:07 EDT
  ─────────────────────────────────────────────────────────────────

  🔴 #6  AAPL260508P00277500
     Entry: $2.52  │  Bid: $2.20  Mid: $2.23  Ask: $2.27
     P&L:   $-28.50 (-11.3%)  │  Target: $5.04  Stop: $1.26
     [─────●───────────────]  Stop ←→ Target
     💭 ATM put with -0.52 delta and 31.2% IV provides balanced directional ex...

  ⏳ Next check in 3 minutes...

  ─────────────────────────────────────────────────────────────────
  📡 POSITION CHECK — 10:00:06 EDT
  ─────────────────────────────────────────────────────────────────

  🔴 #6  AAPL260508P00277500
     Entry: $2.52  │  Bid: $1.90  Mid: $2.02  Ask: $2.15
     P&L:   $-49.50 (-19.6%)  │  Target: $5.04  Stop: $1.26
     [────●────────────────]  Stop ←→ Target
     💭 ATM put with -0.52 delta and 31.2% IV provides balanced directional ex...

  ⏳ Next check in 3 minutes...

  ─────────────────────────────────────────────────────────────────
  📡 POSITION CHECK — 10:00:08 EDT
  ─────────────────────────────────────────────────────────────────

  🔴 #6  AAPL260508P00277500
     Entry: $2.52  │  Bid: $1.90  Mid: $2.02  Ask: $2.15
     P&L:   $-49.50 (-19.6%)  │  Target: $5.04  Stop: $1.26
     [────●────────────────]  Stop ←→ Target
     💭 ATM put with -0.52 delta and 31.2% IV provides balanced directional ex...

  ⏳ Next check in 3 minutes...

  ─────────────────────────────────────────────────────────────────
  📡 POSITION CHECK — 10:03:06 EDT
  ─────────────────────────────────────────────────────────────────

  🔴 #6  AAPL260508P00277500
     Entry: $2.52  │  Bid: $1.89  Mid: $1.93  Ask: $1.97
     P&L:   $-59.00 (-23.4%)  │  Target: $5.04  Stop: $1.26
     [───●─────────────────]  Stop ←→ Target
     💭 ATM put with -0.52 delta and 31.2% IV provides balanced directional ex...

  ⏳ Next check in 3 minutes...

  ─────────────────────────────────────────────────────────────────
  📡 POSITION CHECK — 10:03:09 EDT
  ─────────────────────────────────────────────────────────────────

  🔴 #6  AAPL260508P00277500
     Entry: $2.52  │  Bid: $1.89  Mid: $1.93  Ask: $1.97
     P&L:   $-59.00 (-23.4%)  │  Target: $5.04  Stop: $1.26
     [───●─────────────────]  Stop ←→ Target
     💭 ATM put with -0.52 delta and 31.2% IV provides balanced directional ex...

  ⏳ Next check in 3 minutes...

  ─────────────────────────────────────────────────────────────────
  📡 POSITION CHECK — 10:06:07 EDT
  ─────────────────────────────────────────────────────────────────

  🔴 #6  AAPL260508P00277500
     Entry: $2.52  │  Bid: $1.82  Mid: $1.84  Ask: $1.87
     P&L:   $-67.50 (-26.8%)  │  Target: $5.04  Stop: $1.26
     [───●─────────────────]  Stop ←→ Target
     💭 ATM put with -0.52 delta and 31.2% IV provides balanced directional ex...

  ⏳ Next check in 3 minutes...

  ─────────────────────────────────────────────────────────────────
  📡 POSITION CHECK — 10:06:09 EDT
  ─────────────────────────────────────────────────────────────────

  🔴 #6  AAPL260508P00277500
     Entry: $2.52  │  Bid: $1.82  Mid: $1.84  Ask: $1.87
     P&L:   $-67.50 (-26.8%)  │  Target: $5.04  Stop: $1.26
     [───●─────────────────]  Stop ←→ Target
     💭 ATM put with -0.52 delta and 31.2% IV provides balanced directional ex...

  ⏳ Next check in 3 minutes...

  ─────────────────────────────────────────────────────────────────
  📡 POSITION CHECK — 10:09:07 EDT
  ─────────────────────────────────────────────────────────────────

  🔴 #6  AAPL260508P00277500
     Entry: $2.52  │  Bid: $1.85  Mid: $1.89  Ask: $1.92
     P&L:   $-63.50 (-25.2%)  │  Target: $5.04  Stop: $1.26
     [───●─────────────────]  Stop ←→ Target
     💭 ATM put with -0.52 delta and 31.2% IV provides balanced directional ex...

  ⏳ Next check in 3 minutes...

  ─────────────────────────────────────────────────────────────────
  📡 POSITION CHECK — 10:09:10 EDT
  ─────────────────────────────────────────────────────────────────

  🔴 #6  AAPL260508P00277500
     Entry: $2.52  │  Bid: $1.81  Mid: $1.85  Ask: $1.89
     P&L:   $-67.00 (-26.6%)  │  Target: $5.04  Stop: $1.26
     [───●─────────────────]  Stop ←→ Target
     💭 ATM put with -0.52 delta and 31.2% IV provides balanced directional ex...

  ⏳ Next check in 3 minutes...

  ─────────────────────────────────────────────────────────────────
  📡 POSITION CHECK — 10:12:08 EDT
  ─────────────────────────────────────────────────────────────────

  🔴 #6  AAPL260508P00277500
     Entry: $2.52  │  Bid: $1.84  Mid: $1.87  Ask: $1.90
     P&L:   $-65.00 (-25.8%)  │  Target: $5.04  Stop: $1.26
     [───●─────────────────]  Stop ←→ Target
     💭 ATM put with -0.52 delta and 31.2% IV provides balanced directional ex...

  ⏳ Next check in 3 minutes...

  ─────────────────────────────────────────────────────────────────
  📡 POSITION CHECK — 10:12:11 EDT
  ─────────────────────────────────────────────────────────────────

  🔴 #6  AAPL260508P00277500
     Entry: $2.52  │  Bid: $1.84  Mid: $1.87  Ask: $1.90
     P&L:   $-65.00 (-25.8%)  │  Target: $5.04  Stop: $1.26
     [───●─────────────────]  Stop ←→ Target
     💭 ATM put with -0.52 delta and 31.2% IV provides balanced directional ex...

  ⏳ Next check in 3 minutes...

  ─────────────────────────────────────────────────────────────────
  📡 POSITION CHECK — 10:15:09 EDT
  ─────────────────────────────────────────────────────────────────

  🔴 #6  AAPL260508P00277500
     Entry: $2.52  │  Bid: $1.90  Mid: $1.93  Ask: $1.96
     P&L:   $-59.00 (-23.4%)  │  Target: $5.04  Stop: $1.26
     [───●─────────────────]  Stop ←→ Target
     💭 ATM put with -0.52 delta and 31.2% IV provides balanced directional ex...

  ⏳ Next check in 3 minutes...

  ─────────────────────────────────────────────────────────────────
  📡 POSITION CHECK — 10:15:11 EDT
  ─────────────────────────────────────────────────────────────────

  🔴 #6  AAPL260508P00277500
     Entry: $2.52  │  Bid: $1.87  Mid: $1.91  Ask: $1.94
     P&L:   $-61.50 (-24.4%)  │  Target: $5.04  Stop: $1.26
     [───●─────────────────]  Stop ←→ Target
     💭 ATM put with -0.52 delta and 31.2% IV provides balanced directional ex...

  ⏳ Next check in 3 minutes...

  ─────────────────────────────────────────────────────────────────
  📡 POSITION CHECK — 10:18:09 EDT
  ─────────────────────────────────────────────────────────────────

  🔴 #6  AAPL260508P00277500
     Entry: $2.52  │  Bid: $1.95  Mid: $1.98  Ask: $2.00
     P&L:   $-54.50 (-21.6%)  │  Target: $5.04  Stop: $1.26
     [───●─────────────────]  Stop ←→ Target
     💭 ATM put with -0.52 delta and 31.2% IV provides balanced directional ex...

  ⏳ Next check in 3 minutes...

  ─────────────────────────────────────────────────────────────────
  📡 POSITION CHECK — 10:18:12 EDT
  ─────────────────────────────────────────────────────────────────

  🔴 #6  AAPL260508P00277500
     Entry: $2.52  │  Bid: $1.97  Mid: $1.99  Ask: $2.01
     P&L:   $-53.00 (-21.0%)  │  Target: $5.04  Stop: $1.26
     [───●─────────────────]  Stop ←→ Target
     💭 ATM put with -0.52 delta and 31.2% IV provides balanced directional ex...

  ⏳ Next check in 3 minutes...

  ─────────────────────────────────────────────────────────────────
  📡 POSITION CHECK — 10:21:10 EDT
  ─────────────────────────────────────────────────────────────────

  🔴 #6  AAPL260508P00277500
     Entry: $2.52  │  Bid: $1.73  Mid: $1.75  Ask: $1.78
     P&L:   $-76.50 (-30.4%)  │  Target: $5.04  Stop: $1.26
     [──●──────────────────]  Stop ←→ Target
     💭 ATM put with -0.52 delta and 31.2% IV provides balanced directional ex...

  ⏳ Next check in 3 minutes...

  ─────────────────────────────────────────────────────────────────
  📡 POSITION CHECK — 10:21:13 EDT
  ─────────────────────────────────────────────────────────────────

  🔴 #6  AAPL260508P00277500
     Entry: $2.52  │  Bid: $1.70  Mid: $1.74  Ask: $1.78
     P&L:   $-78.00 (-30.9%)  │  Target: $5.04  Stop: $1.26
     [──●──────────────────]  Stop ←→ Target
     💭 ATM put with -0.52 delta and 31.2% IV provides balanced directional ex...

  ⏳ Next check in 3 minutes...

  ─────────────────────────────────────────────────────────────────
  📡 POSITION CHECK — 10:24:10 EDT
  ─────────────────────────────────────────────────────────────────

  🔴 #6  AAPL260508P00277500
     Entry: $2.52  │  Bid: $1.57  Mid: $1.60  Ask: $1.64
     P&L:   $-91.50 (-36.3%)  │  Target: $5.04  Stop: $1.26
     [─●───────────────────]  Stop ←→ Target
     💭 ATM put with -0.52 delta and 31.2% IV provides balanced directional ex...

  ⏳ Next check in 3 minutes...

  ─────────────────────────────────────────────────────────────────
  📡 POSITION CHECK — 10:24:14 EDT
  ─────────────────────────────────────────────────────────────────

  🔴 #6  AAPL260508P00277500
     Entry: $2.52  │  Bid: $1.57  Mid: $1.60  Ask: $1.64
     P&L:   $-91.50 (-36.3%)  │  Target: $5.04  Stop: $1.26
     [─●───────────────────]  Stop ←→ Target
     💭 ATM put with -0.52 delta and 31.2% IV provides balanced directional ex...

  ⏳ Next check in 3 minutes...

  ─────────────────────────────────────────────────────────────────
  📡 POSITION CHECK — 10:27:11 EDT
  ─────────────────────────────────────────────────────────────────

  🔴 #6  AAPL260508P00277500
     Entry: $2.52  │  Bid: $1.60  Mid: $1.64  Ask: $1.68
     P&L:   $-88.00 (-34.9%)  │  Target: $5.04  Stop: $1.26
     [──●──────────────────]  Stop ←→ Target
     💭 ATM put with -0.52 delta and 31.2% IV provides balanced directional ex...

  ⏳ Next check in 3 minutes...

  ─────────────────────────────────────────────────────────────────
  📡 POSITION CHECK — 10:27:14 EDT
  ─────────────────────────────────────────────────────────────────

  🔴 #6  AAPL260508P00277500
     Entry: $2.52  │  Bid: $1.54  Mid: $1.58  Ask: $1.63
     P&L:   $-93.50 (-37.1%)  │  Target: $5.04  Stop: $1.26
     [─●───────────────────]  Stop ←→ Target
     💭 ATM put with -0.52 delta and 31.2% IV provides balanced directional ex...

  ⏳ Next check in 3 minutes...

  ─────────────────────────────────────────────────────────────────
  📡 POSITION CHECK — 10:30:11 EDT
  ─────────────────────────────────────────────────────────────────

  🔴 #6  AAPL260508P00277500
     Entry: $2.52  │  Bid: $1.41  Mid: $1.44  Ask: $1.46
     P&L:   $-108.50 (-43.1%)  │  Target: $5.04  Stop: $1.26
     [●────────────────────]  Stop ←→ Target
     💭 ATM put with -0.52 delta and 31.2% IV provides balanced directional ex...
  ⚠️  STOP APPROACHING — $0.18 away (86% of the way to stop)

  ⏳ Next check in 3 minutes...

  ─────────────────────────────────────────────────────────────────
  📡 POSITION CHECK — 10:30:15 EDT
  ─────────────────────────────────────────────────────────────────

  🔴 #6  AAPL260508P00277500
     Entry: $2.52  │  Bid: $1.40  Mid: $1.43  Ask: $1.46
     P&L:   $-109.00 (-43.2%)  │  Target: $5.04  Stop: $1.26
     [●────────────────────]  Stop ←→ Target
     💭 ATM put with -0.52 delta and 31.2% IV provides balanced directional ex...
  ⚠️  STOP APPROACHING — $0.17 away (87% of the way to stop)

  ⏳ Next check in 3 minutes...

  Refreshing auth token...

  ─────────────────────────────────────────────────────────────────
  📡 POSITION CHECK — 10:33:13 EDT
  ─────────────────────────────────────────────────────────────────

  🔴 #6  AAPL260508P00277500
     Entry: $2.52  │  Bid: $1.31  Mid: $1.34  Ask: $1.37
     P&L:   $-118.00 (-46.8%)  │  Target: $5.04  Stop: $1.26
     [●────────────────────]  Stop ←→ Target
     💭 ATM put with -0.52 delta and 31.2% IV provides balanced directional ex...
  ⚠️  STOP APPROACHING — $0.08 away (94% of the way to stop)

  ⏳ Next check in 3 minutes...

  Refreshing auth token...

  ─────────────────────────────────────────────────────────────────
  📡 POSITION CHECK — 10:33:17 EDT
  ─────────────────────────────────────────────────────────────────

  🔴 #6  AAPL260508P00277500
     Entry: $2.52  │  Bid: $1.30  Mid: $1.33  Ask: $1.36
     P&L:   $-119.00 (-47.2%)  │  Target: $5.04  Stop: $1.26
     [●────────────────────]  Stop ←→ Target
     💭 ATM put with -0.52 delta and 31.2% IV provides balanced directional ex...
  ⚠️  STOP APPROACHING — $0.07 away (94% of the way to stop)

  ⏳ Next check in 3 minutes...

  ─────────────────────────────────────────────────────────────────
  📡 POSITION CHECK — 10:36:14 EDT
  ─────────────────────────────────────────────────────────────────

  🔴 #6  AAPL260508P00277500
     Entry: $2.52  │  Bid: $1.23  Mid: $1.26  Ask: $1.30
     P&L:   $-125.50 (-49.8%)  │  Target: $5.04  Stop: $1.26
     [●────────────────────]  Stop ←→ Target
     💭 ATM put with -0.52 delta and 31.2% IV provides balanced directional ex...

  =================================================================
  🛑 STOP HIT — #6 AAPL260508P00277500
     Entry: $2.52  →  Current: $1.26
     P&L: $-125.50 (-49.8%)
  =================================================================
  ✅ Position auto-closed at STOP

  ⏳ Next check in 3 minutes...

  10:36:17 — No open positions. Sleeping 3m...

  10:39:14 — No open positions. Sleeping 3m...

  10:39:17 — No open positions. Sleeping 3m...

  10:42:14 — No open positions. Sleeping 3m...

  10:42:17 — No open positions. Sleeping 3m...

  10:45:14 — No open positions. Sleeping 3m...

  10:45:17 — No open positions. Sleeping 3m...

  10:48:14 — No open positions. Sleeping 3m...

  10:48:17 — No open positions. Sleeping 3m...

  10:51:14 — No open positions. Sleeping 3m...

  10:51:17 — No open positions. Sleeping 3m...

  10:54:14 — No open positions. Sleeping 3m...

  10:54:17 — No open positions. Sleeping 3m...

  10:57:14 — No open positions. Sleeping 3m...

  10:57:17 — No open positions. Sleeping 3m...

  11:00:14 — No open positions. Sleeping 3m...

  11:00:17 — No open positions. Sleeping 3m...

  ─────────────────────────────────────────────────────────────────
  📡 POSITION CHECK — 11:03:14 EDT
  ─────────────────────────────────────────────────────────────────

  🟢 #7  NFLX260515P00092000
     Entry: $3.72  │  Bid: $3.65  Mid: $3.75  Ask: $3.85
     P&L:   +$3.00 (+0.8%)  │  Target: $7.44  Stop: $1.86
     [──────●──────────────]  Stop ←→ Target
     💭 Deep ITM put with 0.73 delta and 10 days to expiration offers defined ...

  ⏳ Next check in 3 minutes...

  ─────────────────────────────────────────────────────────────────
  📡 POSITION CHECK — 11:03:18 EDT
  ─────────────────────────────────────────────────────────────────

  🟢 #7  NFLX260515P00092000
     Entry: $3.72  │  Bid: $3.65  Mid: $3.75  Ask: $3.85
     P&L:   +$3.00 (+0.8%)  │  Target: $7.44  Stop: $1.86
     [──────●──────────────]  Stop ←→ Target
     💭 Deep ITM put with 0.73 delta and 10 days to expiration offers defined ...

  ⏳ Next check in 3 minutes...

  ─────────────────────────────────────────────────────────────────
  📡 POSITION CHECK — 11:06:15 EDT
  ─────────────────────────────────────────────────────────────────

  🟢 #7  NFLX260515P00092000
     Entry: $3.72  │  Bid: $3.60  Mid: $3.73  Ask: $3.85
     P&L:   +$0.50 (+0.1%)  │  Target: $7.44  Stop: $1.86
     [──────●──────────────]  Stop ←→ Target
     💭 Deep ITM put with 0.73 delta and 10 days to expiration offers defined ...

  ⏳ Next check in 3 minutes...

  ─────────────────────────────────────────────────────────────────
  📡 POSITION CHECK — 11:06:19 EDT
  ─────────────────────────────────────────────────────────────────

  🟢 #7  NFLX260515P00092000
     Entry: $3.72  │  Bid: $3.60  Mid: $3.73  Ask: $3.85
     P&L:   +$0.50 (+0.1%)  │  Target: $7.44  Stop: $1.86
     [──────●──────────────]  Stop ←→ Target
     💭 Deep ITM put with 0.73 delta and 10 days to expiration offers defined ...

  ⏳ Next check in 3 minutes...

  ─────────────────────────────────────────────────────────────────
  📡 POSITION CHECK — 11:09:15 EDT
  ─────────────────────────────────────────────────────────────────

  🟢 #7  NFLX260515P00092000
     Entry: $3.72  │  Bid: $3.65  Mid: $3.75  Ask: $3.85
     P&L:   +$3.00 (+0.8%)  │  Target: $7.44  Stop: $1.86
     [──────●──────────────]  Stop ←→ Target
     💭 Deep ITM put with 0.73 delta and 10 days to expiration offers defined ...

  ⏳ Next check in 3 minutes...

  ─────────────────────────────────────────────────────────────────
  📡 POSITION CHECK — 11:09:19 EDT
  ─────────────────────────────────────────────────────────────────

  🟢 #7  NFLX260515P00092000
     Entry: $3.72  │  Bid: $3.70  Mid: $3.77  Ask: $3.85
     P&L:   +$5.50 (+1.5%)  │  Target: $7.44  Stop: $1.86
     [──────●──────────────]  Stop ←→ Target
     💭 Deep ITM put with 0.73 delta and 10 days to expiration offers defined ...

  ⏳ Next check in 3 minutes...

  ─────────────────────────────────────────────────────────────────
  📡 POSITION CHECK — 11:12:16 EDT
  ─────────────────────────────────────────────────────────────────

  🟢 #7  NFLX260515P00092000
     Entry: $3.72  │  Bid: $3.70  Mid: $3.77  Ask: $3.85
     P&L:   +$5.50 (+1.5%)  │  Target: $7.44  Stop: $1.86
     [──────●──────────────]  Stop ←→ Target
     💭 Deep ITM put with 0.73 delta and 10 days to expiration offers defined ...

  ⏳ Next check in 3 minutes...

  ─────────────────────────────────────────────────────────────────
  📡 POSITION CHECK — 11:12:20 EDT
  ─────────────────────────────────────────────────────────────────

  🟢 #7  NFLX260515P00092000
     Entry: $3.72  │  Bid: $3.70  Mid: $3.80  Ask: $3.90
     P&L:   +$8.00 (+2.1%)  │  Target: $7.44  Stop: $1.86
     [──────●──────────────]  Stop ←→ Target
     💭 Deep ITM put with 0.73 delta and 10 days to expiration offers defined ...

  ⏳ Next check in 3 minutes...

  ─────────────────────────────────────────────────────────────────
  📡 POSITION CHECK — 11:15:16 EDT
  ─────────────────────────────────────────────────────────────────

  🟢 #7  NFLX260515P00092000
     Entry: $3.72  │  Bid: $3.80  Mid: $3.90  Ask: $4.00
     P&L:   +$18.00 (+4.8%)  │  Target: $7.44  Stop: $1.86
     [───────●─────────────]  Stop ←→ Target
     💭 Deep ITM put with 0.73 delta and 10 days to expiration offers defined ...

  ⏳ Next check in 3 minutes...

  ─────────────────────────────────────────────────────────────────
  📡 POSITION CHECK — 11:15:21 EDT
  ─────────────────────────────────────────────────────────────────

  🟢 #7  NFLX260515P00092000
     Entry: $3.72  │  Bid: $3.80  Mid: $3.90  Ask: $4.00
     P&L:   +$18.00 (+4.8%)  │  Target: $7.44  Stop: $1.86
     [───────●─────────────]  Stop ←→ Target
     💭 Deep ITM put with 0.73 delta and 10 days to expiration offers defined ...

  ⏳ Next check in 3 minutes...

  ─────────────────────────────────────────────────────────────────
  📡 POSITION CHECK — 11:18:17 EDT
  ─────────────────────────────────────────────────────────────────

  🟢 #7  NFLX260515P00092000
     Entry: $3.72  │  Bid: $3.90  Mid: $4.00  Ask: $4.10
     P&L:   +$28.00 (+7.5%)  │  Target: $7.44  Stop: $1.86
     [───────●─────────────]  Stop ←→ Target
     💭 Deep ITM put with 0.73 delta and 10 days to expiration offers defined ...

  ⏳ Next check in 3 minutes...

  ─────────────────────────────────────────────────────────────────
  📡 POSITION CHECK — 11:18:22 EDT
  ─────────────────────────────────────────────────────────────────

  🟢 #7  NFLX260515P00092000
     Entry: $3.72  │  Bid: $3.90  Mid: $4.00  Ask: $4.10
     P&L:   +$28.00 (+7.5%)  │  Target: $7.44  Stop: $1.86
     [───────●─────────────]  Stop ←→ Target
     💭 Deep ITM put with 0.73 delta and 10 days to expiration offers defined ...

  ⏳ Next check in 3 minutes...

  ─────────────────────────────────────────────────────────────────
  📡 POSITION CHECK — 11:21:18 EDT
  ─────────────────────────────────────────────────────────────────

  🟢 #7  NFLX260515P00092000
     Entry: $3.72  │  Bid: $3.95  Mid: $4.08  Ask: $4.20
     P&L:   +$35.50 (+9.5%)  │  Target: $7.44  Stop: $1.86
     [───────●─────────────]  Stop ←→ Target
     💭 Deep ITM put with 0.73 delta and 10 days to expiration offers defined ...

  ⏳ Next check in 3 minutes...

  ─────────────────────────────────────────────────────────────────
  📡 POSITION CHECK — 11:21:22 EDT
  ─────────────────────────────────────────────────────────────────

  🟢 #7  NFLX260515P00092000
     Entry: $3.72  │  Bid: $3.95  Mid: $4.08  Ask: $4.20
     P&L:   +$35.50 (+9.5%)  │  Target: $7.44  Stop: $1.86
     [───────●─────────────]  Stop ←→ Target
     💭 Deep ITM put with 0.73 delta and 10 days to expiration offers defined ...

  ⏳ Next check in 3 minutes...

  ─────────────────────────────────────────────────────────────────
  📡 POSITION CHECK — 11:24:18 EDT
  ─────────────────────────────────────────────────────────────────

  🟢 #7  NFLX260515P00092000
     Entry: $3.72  │  Bid: $4.15  Mid: $4.25  Ask: $4.35
     P&L:   +$53.00 (+14.2%)  │  Target: $7.44  Stop: $1.86
     [────────●────────────]  Stop ←→ Target
     💭 Deep ITM put with 0.73 delta and 10 days to expiration offers defined ...

  ⏳ Next check in 3 minutes...

  ─────────────────────────────────────────────────────────────────
  📡 POSITION CHECK — 11:24:23 EDT
  ─────────────────────────────────────────────────────────────────

  🟢 #7  NFLX260515P00092000
     Entry: $3.72  │  Bid: $4.15  Mid: $4.25  Ask: $4.35
     P&L:   +$53.00 (+14.2%)  │  Target: $7.44  Stop: $1.86
     [────────●────────────]  Stop ←→ Target
     💭 Deep ITM put with 0.73 delta and 10 days to expiration offers defined ...

  ⏳ Next check in 3 minutes...

  ─────────────────────────────────────────────────────────────────
  📡 POSITION CHECK — 11:27:19 EDT
  ─────────────────────────────────────────────────────────────────

  🟢 #7  NFLX260515P00092000
     Entry: $3.72  │  Bid: $4.20  Mid: $4.33  Ask: $4.45
     P&L:   +$60.50 (+16.3%)  │  Target: $7.44  Stop: $1.86
     [────────●────────────]  Stop ←→ Target
     💭 Deep ITM put with 0.73 delta and 10 days to expiration offers defined ...

  ⏳ Next check in 3 minutes...

  ─────────────────────────────────────────────────────────────────
  📡 POSITION CHECK — 11:27:24 EDT
  ─────────────────────────────────────────────────────────────────

  🟢 #7  NFLX260515P00092000
     Entry: $3.72  │  Bid: $4.20  Mid: $4.33  Ask: $4.45
     P&L:   +$60.50 (+16.3%)  │  Target: $7.44  Stop: $1.86
     [────────●────────────]  Stop ←→ Target
     💭 Deep ITM put with 0.73 delta and 10 days to expiration offers defined ...

  ⏳ Next check in 3 minutes...

  Refreshing auth token...

  ─────────────────────────────────────────────────────────────────
  📡 POSITION CHECK — 11:30:20 EDT
  ─────────────────────────────────────────────────────────────────

  🟢 #7  NFLX260515P00092000
     Entry: $3.72  │  Bid: $4.25  Mid: $4.38  Ask: $4.50
     P&L:   +$65.50 (+17.6%)  │  Target: $7.44  Stop: $1.86
     [─────────●───────────]  Stop ←→ Target
     💭 Deep ITM put with 0.73 delta and 10 days to expiration offers defined ...

  ⏳ Next check in 3 minutes...

  Refreshing auth token...

  ─────────────────────────────────────────────────────────────────
  📡 POSITION CHECK — 11:30:27 EDT
  ─────────────────────────────────────────────────────────────────

  🟢 #7  NFLX260515P00092000
     Entry: $3.72  │  Bid: $4.25  Mid: $4.38  Ask: $4.50
     P&L:   +$65.50 (+17.6%)  │  Target: $7.44  Stop: $1.86
     [─────────●───────────]  Stop ←→ Target
     💭 Deep ITM put with 0.73 delta and 10 days to expiration offers defined ...

  ⏳ Next check in 3 minutes...

  ─────────────────────────────────────────────────────────────────
  📡 POSITION CHECK — 11:33:21 EDT
  ─────────────────────────────────────────────────────────────────

  🟢 #7  NFLX260515P00092000
     Entry: $3.72  │  Bid: $4.30  Mid: $4.42  Ask: $4.55
     P&L:   +$70.50 (+18.9%)  │  Target: $7.44  Stop: $1.86
     [─────────●───────────]  Stop ←→ Target
     💭 Deep ITM put with 0.73 delta and 10 days to expiration offers defined ...

  ⏳ Next check in 3 minutes...

  ─────────────────────────────────────────────────────────────────
  📡 POSITION CHECK — 11:33:27 EDT
  ─────────────────────────────────────────────────────────────────

  🟢 #7  NFLX260515P00092000
     Entry: $3.72  │  Bid: $4.30  Mid: $4.42  Ask: $4.55
     P&L:   +$70.50 (+18.9%)  │  Target: $7.44  Stop: $1.86
     [─────────●───────────]  Stop ←→ Target
     💭 Deep ITM put with 0.73 delta and 10 days to expiration offers defined ...

  ⏳ Next check in 3 minutes...

  ─────────────────────────────────────────────────────────────────
  📡 POSITION CHECK — 11:36:21 EDT
  ─────────────────────────────────────────────────────────────────

  🟢 #7  NFLX260515P00092000
     Entry: $3.72  │  Bid: $4.35  Mid: $4.47  Ask: $4.60
     P&L:   +$75.50 (+20.3%)  │  Target: $7.44  Stop: $1.86
     [─────────●───────────]  Stop ←→ Target
     💭 Deep ITM put with 0.73 delta and 10 days to expiration offers defined ...

  ⏳ Next check in 3 minutes...

  ─────────────────────────────────────────────────────────────────
  📡 POSITION CHECK — 11:36:28 EDT
  ─────────────────────────────────────────────────────────────────

  🟢 #7  NFLX260515P00092000
     Entry: $3.72  │  Bid: $4.35  Mid: $4.47  Ask: $4.60
     P&L:   +$75.50 (+20.3%)  │  Target: $7.44  Stop: $1.86
     [─────────●───────────]  Stop ←→ Target
     💭 Deep ITM put with 0.73 delta and 10 days to expiration offers defined ...

  ⏳ Next check in 3 minutes...

  ─────────────────────────────────────────────────────────────────
  📡 POSITION CHECK — 11:39:22 EDT
  ─────────────────────────────────────────────────────────────────

  🟢 #7  NFLX260515P00092000
     Entry: $3.72  │  Bid: $4.45  Mid: $4.60  Ask: $4.75
     P&L:   +$88.00 (+23.7%)  │  Target: $7.44  Stop: $1.86
     [─────────●───────────]  Stop ←→ Target
     💭 Deep ITM put with 0.73 delta and 10 days to expiration offers defined ...

  ⏳ Next check in 3 minutes...

  ─────────────────────────────────────────────────────────────────
  📡 POSITION CHECK — 11:39:29 EDT
  ─────────────────────────────────────────────────────────────────

  🟢 #7  NFLX260515P00092000
     Entry: $3.72  │  Bid: $4.45  Mid: $4.60  Ask: $4.75
     P&L:   +$88.00 (+23.7%)  │  Target: $7.44  Stop: $1.86
     [─────────●───────────]  Stop ←→ Target
     💭 Deep ITM put with 0.73 delta and 10 days to expiration offers defined ...

  ⏳ Next check in 3 minutes...

  ─────────────────────────────────────────────────────────────────
  📡 POSITION CHECK — 11:42:22 EDT
  ─────────────────────────────────────────────────────────────────

  🟢 #7  NFLX260515P00092000
     Entry: $3.72  │  Bid: $4.45  Mid: $4.55  Ask: $4.65
     P&L:   +$83.00 (+22.3%)  │  Target: $7.44  Stop: $1.86
     [─────────●───────────]  Stop ←→ Target
     💭 Deep ITM put with 0.73 delta and 10 days to expiration offers defined ...

  ⏳ Next check in 3 minutes...

  ─────────────────────────────────────────────────────────────────
  📡 POSITION CHECK — 11:42:30 EDT
  ─────────────────────────────────────────────────────────────────

  🟢 #7  NFLX260515P00092000
     Entry: $3.72  │  Bid: $4.45  Mid: $4.55  Ask: $4.65
     P&L:   +$83.00 (+22.3%)  │  Target: $7.44  Stop: $1.86
     [─────────●───────────]  Stop ←→ Target
     💭 Deep ITM put with 0.73 delta and 10 days to expiration offers defined ...

  ⏳ Next check in 3 minutes...

  ─────────────────────────────────────────────────────────────────
  📡 POSITION CHECK — 11:45:23 EDT
  ─────────────────────────────────────────────────────────────────

  🟢 #7  NFLX260515P00092000
     Entry: $3.72  │  Bid: $4.45  Mid: $4.58  Ask: $4.70
     P&L:   +$85.50 (+23.0%)  │  Target: $7.44  Stop: $1.86
     [─────────●───────────]  Stop ←→ Target
     💭 Deep ITM put with 0.73 delta and 10 days to expiration offers defined ...

  ⏳ Next check in 3 minutes...

  ─────────────────────────────────────────────────────────────────
  📡 POSITION CHECK — 11:45:31 EDT
  ─────────────────────────────────────────────────────────────────

  🟢 #7  NFLX260515P00092000
     Entry: $3.72  │  Bid: $4.45  Mid: $4.58  Ask: $4.70
     P&L:   +$85.50 (+23.0%)  │  Target: $7.44  Stop: $1.86
     [─────────●───────────]  Stop ←→ Target
     💭 Deep ITM put with 0.73 delta and 10 days to expiration offers defined ...

  ⏳ Next check in 3 minutes...

  ─────────────────────────────────────────────────────────────────
  📡 POSITION CHECK — 11:48:24 EDT
  ─────────────────────────────────────────────────────────────────

  🟢 #7  NFLX260515P00092000
     Entry: $3.72  │  Bid: $4.60  Mid: $4.70  Ask: $4.80
     P&L:   +$98.00 (+26.3%)  │  Target: $7.44  Stop: $1.86
     [──────────●──────────]  Stop ←→ Target
     💭 Deep ITM put with 0.73 delta and 10 days to expiration offers defined ...

  ⏳ Next check in 3 minutes...

  ─────────────────────────────────────────────────────────────────
  📡 POSITION CHECK — 11:48:31 EDT
  ─────────────────────────────────────────────────────────────────

  🟢 #7  NFLX260515P00092000
     Entry: $3.72  │  Bid: $4.60  Mid: $4.70  Ask: $4.80
     P&L:   +$98.00 (+26.3%)  │  Target: $7.44  Stop: $1.86
     [──────────●──────────]  Stop ←→ Target
     💭 Deep ITM put with 0.73 delta and 10 days to expiration offers defined ...

  ⏳ Next check in 3 minutes...

  ─────────────────────────────────────────────────────────────────
  📡 POSITION CHECK — 11:51:24 EDT
  ─────────────────────────────────────────────────────────────────

  🟢 #7  NFLX260515P00092000
     Entry: $3.72  │  Bid: $4.55  Mid: $4.67  Ask: $4.80
     P&L:   +$95.50 (+25.7%)  │  Target: $7.44  Stop: $1.86
     [──────────●──────────]  Stop ←→ Target
     💭 Deep ITM put with 0.73 delta and 10 days to expiration offers defined ...

  ⏳ Next check in 3 minutes...

  ─────────────────────────────────────────────────────────────────
  📡 POSITION CHECK — 11:51:32 EDT
  ─────────────────────────────────────────────────────────────────

  🟢 #7  NFLX260515P00092000
     Entry: $3.72  │  Bid: $4.55  Mid: $4.67  Ask: $4.80
     P&L:   +$95.50 (+25.7%)  │  Target: $7.44  Stop: $1.86
     [──────────●──────────]  Stop ←→ Target
     💭 Deep ITM put with 0.73 delta and 10 days to expiration offers defined ...

  ⏳ Next check in 3 minutes...

  ─────────────────────────────────────────────────────────────────
  📡 POSITION CHECK — 11:54:25 EDT
  ─────────────────────────────────────────────────────────────────

  🟢 #7  NFLX260515P00092000
     Entry: $3.72  │  Bid: $4.75  Mid: $4.83  Ask: $4.90
     P&L:   +$110.50 (+29.7%)  │  Target: $7.44  Stop: $1.86
     [──────────●──────────]  Stop ←→ Target
     💭 Deep ITM put with 0.73 delta and 10 days to expiration offers defined ...

  ⏳ Next check in 3 minutes...

  ─────────────────────────────────────────────────────────────────
  📡 POSITION CHECK — 11:54:33 EDT
  ─────────────────────────────────────────────────────────────────

  🟢 #7  NFLX260515P00092000
     Entry: $3.72  │  Bid: $4.75  Mid: $4.83  Ask: $4.90
     P&L:   +$110.50 (+29.7%)  │  Target: $7.44  Stop: $1.86
     [──────────●──────────]  Stop ←→ Target
     💭 Deep ITM put with 0.73 delta and 10 days to expiration offers defined ...

  ⏳ Next check in 3 minutes...

  ─────────────────────────────────────────────────────────────────
  📡 POSITION CHECK — 11:57:25 EDT
  ─────────────────────────────────────────────────────────────────

  🟢 #7  NFLX260515P00092000
     Entry: $3.72  │  Bid: $4.80  Mid: $4.88  Ask: $4.95
     P&L:   +$115.50 (+31.1%)  │  Target: $7.44  Stop: $1.86
     [──────────●──────────]  Stop ←→ Target
     💭 Deep ITM put with 0.73 delta and 10 days to expiration offers defined ...

  ⏳ Next check in 3 minutes...

  ─────────────────────────────────────────────────────────────────
  📡 POSITION CHECK — 11:57:34 EDT
  ─────────────────────────────────────────────────────────────────

  🟢 #7  NFLX260515P00092000
     Entry: $3.72  │  Bid: $4.80  Mid: $4.88  Ask: $4.95
     P&L:   +$115.50 (+31.1%)  │  Target: $7.44  Stop: $1.86
     [──────────●──────────]  Stop ←→ Target
     💭 Deep ITM put with 0.73 delta and 10 days to expiration offers defined ...

  ⏳ Next check in 3 minutes...

  ─────────────────────────────────────────────────────────────────
  📡 POSITION CHECK — 12:00:26 EDT
  ─────────────────────────────────────────────────────────────────

  🟢 #7  NFLX260515P00092000
     Entry: $3.72  │  Bid: $4.75  Mid: $4.85  Ask: $4.95
     P&L:   +$113.00 (+30.4%)  │  Target: $7.44  Stop: $1.86
     [──────────●──────────]  Stop ←→ Target
     💭 Deep ITM put with 0.73 delta and 10 days to expiration offers defined ...

  ⏳ Next check in 3 minutes...

  ─────────────────────────────────────────────────────────────────
  📡 POSITION CHECK — 12:00:34 EDT
  ─────────────────────────────────────────────────────────────────

  🟢 #7  NFLX260515P00092000
     Entry: $3.72  │  Bid: $4.75  Mid: $4.85  Ask: $4.95
     P&L:   +$113.00 (+30.4%)  │  Target: $7.44  Stop: $1.86
     [──────────●──────────]  Stop ←→ Target
     💭 Deep ITM put with 0.73 delta and 10 days to expiration offers defined ...

  ⏳ Next check in 3 minutes...

  ─────────────────────────────────────────────────────────────────
  📡 POSITION CHECK — 12:03:26 EDT
  ─────────────────────────────────────────────────────────────────

  🟢 #7  NFLX260515P00092000
     Entry: $3.72  │  Bid: $4.65  Mid: $4.75  Ask: $4.85
     P&L:   +$103.00 (+27.7%)  │  Target: $7.44  Stop: $1.86
     [──────────●──────────]  Stop ←→ Target
     💭 Deep ITM put with 0.73 delta and 10 days to expiration offers defined ...

  ⏳ Next check in 3 minutes...

  ─────────────────────────────────────────────────────────────────
  📡 POSITION CHECK — 12:03:35 EDT
  ─────────────────────────────────────────────────────────────────

  🟢 #7  NFLX260515P00092000
     Entry: $3.72  │  Bid: $4.65  Mid: $4.75  Ask: $4.85
     P&L:   +$103.00 (+27.7%)  │  Target: $7.44  Stop: $1.86
     [──────────●──────────]  Stop ←→ Target
     💭 Deep ITM put with 0.73 delta and 10 days to expiration offers defined ...

  ⏳ Next check in 3 minutes...

  ─────────────────────────────────────────────────────────────────
  📡 POSITION CHECK — 12:06:27 EDT
  ─────────────────────────────────────────────────────────────────

  🟢 #7  NFLX260515P00092000
     Entry: $3.72  │  Bid: $4.70  Mid: $4.78  Ask: $4.85
     P&L:   +$105.50 (+28.4%)  │  Target: $7.44  Stop: $1.86
     [──────────●──────────]  Stop ←→ Target
     💭 Deep ITM put with 0.73 delta and 10 days to expiration offers defined ...

  ⏳ Next check in 3 minutes...

  ─────────────────────────────────────────────────────────────────
  📡 POSITION CHECK — 12:06:36 EDT
  ─────────────────────────────────────────────────────────────────

  🟢 #7  NFLX260515P00092000
     Entry: $3.72  │  Bid: $4.65  Mid: $4.75  Ask: $4.85
     P&L:   +$103.00 (+27.7%)  │  Target: $7.44  Stop: $1.86
     [──────────●──────────]  Stop ←→ Target
     💭 Deep ITM put with 0.73 delta and 10 days to expiration offers defined ...

  ⏳ Next check in 3 minutes...

  ─────────────────────────────────────────────────────────────────
  📡 POSITION CHECK — 12:09:28 EDT
  ─────────────────────────────────────────────────────────────────

  🟢 #7  NFLX260515P00092000
     Entry: $3.72  │  Bid: $4.60  Mid: $4.70  Ask: $4.80
     P&L:   +$98.00 (+26.3%)  │  Target: $7.44  Stop: $1.86
     [──────────●──────────]  Stop ←→ Target
     💭 Deep ITM put with 0.73 delta and 10 days to expiration offers defined ...

  ⏳ Next check in 3 minutes...

  ─────────────────────────────────────────────────────────────────
  📡 POSITION CHECK — 12:09:37 EDT
  ─────────────────────────────────────────────────────────────────

  🟢 #7  NFLX260515P00092000
     Entry: $3.72  │  Bid: $4.60  Mid: $4.67  Ask: $4.75
     P&L:   +$95.50 (+25.7%)  │  Target: $7.44  Stop: $1.86
     [──────────●──────────]  Stop ←→ Target
     💭 Deep ITM put with 0.73 delta and 10 days to expiration offers defined ...

  ⏳ Next check in 3 minutes...

  ─────────────────────────────────────────────────────────────────
  📡 POSITION CHECK — 12:12:28 EDT
  ─────────────────────────────────────────────────────────────────

  🟢 #7  NFLX260515P00092000
     Entry: $3.72  │  Bid: $4.60  Mid: $4.67  Ask: $4.75
     P&L:   +$95.50 (+25.7%)  │  Target: $7.44  Stop: $1.86
     [──────────●──────────]  Stop ←→ Target
     💭 Deep ITM put with 0.73 delta and 10 days to expiration offers defined ...

  ⏳ Next check in 3 minutes...

  ─────────────────────────────────────────────────────────────────
  📡 POSITION CHECK — 12:12:37 EDT
  ─────────────────────────────────────────────────────────────────

  🟢 #7  NFLX260515P00092000
     Entry: $3.72  │  Bid: $4.60  Mid: $4.67  Ask: $4.75
     P&L:   +$95.50 (+25.7%)  │  Target: $7.44  Stop: $1.86
     [──────────●──────────]  Stop ←→ Target
     💭 Deep ITM put with 0.73 delta and 10 days to expiration offers defined ...

  ⏳ Next check in 3 minutes...

  ─────────────────────────────────────────────────────────────────
  📡 POSITION CHECK — 12:15:29 EDT
  ─────────────────────────────────────────────────────────────────

  🟢 #7  NFLX260515P00092000
     Entry: $3.72  │  Bid: $4.55  Mid: $4.65  Ask: $4.75
     P&L:   +$93.00 (+25.0%)  │  Target: $7.44  Stop: $1.86
     [──────────●──────────]  Stop ←→ Target
     💭 Deep ITM put with 0.73 delta and 10 days to expiration offers defined ...

  ⏳ Next check in 3 minutes...

  ─────────────────────────────────────────────────────────────────
  📡 POSITION CHECK — 12:15:38 EDT
  ─────────────────────────────────────────────────────────────────

  🟢 #7  NFLX260515P00092000
     Entry: $3.72  │  Bid: $4.55  Mid: $4.67  Ask: $4.80
     P&L:   +$95.50 (+25.7%)  │  Target: $7.44  Stop: $1.86
     [──────────●──────────]  Stop ←→ Target
     💭 Deep ITM put with 0.73 delta and 10 days to expiration offers defined ...

  ⏳ Next check in 3 minutes...

  ─────────────────────────────────────────────────────────────────
  📡 POSITION CHECK — 12:18:29 EDT
  ─────────────────────────────────────────────────────────────────

  🟢 #7  NFLX260515P00092000
     Entry: $3.72  │  Bid: $4.65  Mid: $4.75  Ask: $4.85
     P&L:   +$103.00 (+27.7%)  │  Target: $7.44  Stop: $1.86
     [──────────●──────────]  Stop ←→ Target
     💭 Deep ITM put with 0.73 delta and 10 days to expiration offers defined ...

  ⏳ Next check in 3 minutes...

  ─────────────────────────────────────────────────────────────────
  📡 POSITION CHECK — 12:18:39 EDT
  ─────────────────────────────────────────────────────────────────

  🟢 #7  NFLX260515P00092000
     Entry: $3.72  │  Bid: $4.65  Mid: $4.78  Ask: $4.90
     P&L:   +$105.50 (+28.4%)  │  Target: $7.44  Stop: $1.86
     [──────────●──────────]  Stop ←→ Target
     💭 Deep ITM put with 0.73 delta and 10 days to expiration offers defined ...

  ⏳ Next check in 3 minutes...

  ─────────────────────────────────────────────────────────────────
  📡 POSITION CHECK — 12:21:30 EDT
  ─────────────────────────────────────────────────────────────────

  🟢 #7  NFLX260515P00092000
     Entry: $3.72  │  Bid: $4.65  Mid: $4.78  Ask: $4.90
     P&L:   +$105.50 (+28.4%)  │  Target: $7.44  Stop: $1.86
     [──────────●──────────]  Stop ←→ Target
     💭 Deep ITM put with 0.73 delta and 10 days to expiration offers defined ...

  ⏳ Next check in 3 minutes...

  ─────────────────────────────────────────────────────────────────
  📡 POSITION CHECK — 12:21:40 EDT
  ─────────────────────────────────────────────────────────────────

  🟢 #7  NFLX260515P00092000
     Entry: $3.72  │  Bid: $4.45  Mid: $4.67  Ask: $4.90
     P&L:   +$95.50 (+25.7%)  │  Target: $7.44  Stop: $1.86
     [──────────●──────────]  Stop ←→ Target
     💭 Deep ITM put with 0.73 delta and 10 days to expiration offers defined ...

  ⏳ Next check in 3 minutes...

  ─────────────────────────────────────────────────────────────────
  📡 POSITION CHECK — 12:24:30 EDT
  ─────────────────────────────────────────────────────────────────

  🟢 #7  NFLX260515P00092000
     Entry: $3.72  │  Bid: $4.55  Mid: $4.67  Ask: $4.80
     P&L:   +$95.50 (+25.7%)  │  Target: $7.44  Stop: $1.86
     [──────────●──────────]  Stop ←→ Target
     💭 Deep ITM put with 0.73 delta and 10 days to expiration offers defined ...

  ⏳ Next check in 3 minutes...

  ─────────────────────────────────────────────────────────────────
  📡 POSITION CHECK — 12:24:41 EDT
  ─────────────────────────────────────────────────────────────────

  🟢 #7  NFLX260515P00092000
     Entry: $3.72  │  Bid: $4.55  Mid: $4.67  Ask: $4.80
     P&L:   +$95.50 (+25.7%)  │  Target: $7.44  Stop: $1.86
     [──────────●──────────]  Stop ←→ Target
     💭 Deep ITM put with 0.73 delta and 10 days to expiration offers defined ...

  ⏳ Next check in 3 minutes...

  Refreshing auth token...

  ─────────────────────────────────────────────────────────────────
  📡 POSITION CHECK — 12:27:32 EDT
  ─────────────────────────────────────────────────────────────────

  🟢 #7  NFLX260515P00092000
     Entry: $3.72  │  Bid: $4.55  Mid: $4.60  Ask: $4.65
     P&L:   +$88.00 (+23.7%)  │  Target: $7.44  Stop: $1.86
     [─────────●───────────]  Stop ←→ Target
     💭 Deep ITM put with 0.73 delta and 10 days to expiration offers defined ...

  ⏳ Next check in 3 minutes...

  Refreshing auth token...

  ─────────────────────────────────────────────────────────────────
  📡 POSITION CHECK — 12:27:43 EDT
  ─────────────────────────────────────────────────────────────────

  🟢 #7  NFLX260515P00092000
     Entry: $3.72  │  Bid: $4.55  Mid: $4.60  Ask: $4.65
     P&L:   +$88.00 (+23.7%)  │  Target: $7.44  Stop: $1.86
     [─────────●───────────]  Stop ←→ Target
     💭 Deep ITM put with 0.73 delta and 10 days to expiration offers defined ...

  ⏳ Next check in 3 minutes...

  ─────────────────────────────────────────────────────────────────
  📡 POSITION CHECK — 12:30:32 EDT
  ─────────────────────────────────────────────────────────────────

  🟢 #7  NFLX260515P00092000
     Entry: $3.72  │  Bid: $4.45  Mid: $4.53  Ask: $4.60
     P&L:   +$80.50 (+21.6%)  │  Target: $7.44  Stop: $1.86
     [─────────●───────────]  Stop ←→ Target
     💭 Deep ITM put with 0.73 delta and 10 days to expiration offers defined ...

  ⏳ Next check in 3 minutes...

  ─────────────────────────────────────────────────────────────────
  📡 POSITION CHECK — 12:30:43 EDT
  ─────────────────────────────────────────────────────────────────

  🟢 #7  NFLX260515P00092000
     Entry: $3.72  │  Bid: $4.45  Mid: $4.53  Ask: $4.60
     P&L:   +$80.50 (+21.6%)  │  Target: $7.44  Stop: $1.86
     [─────────●───────────]  Stop ←→ Target
     💭 Deep ITM put with 0.73 delta and 10 days to expiration offers defined ...

  ⏳ Next check in 3 minutes...

  ─────────────────────────────────────────────────────────────────
  📡 POSITION CHECK — 12:33:33 EDT
  ─────────────────────────────────────────────────────────────────

  🟢 #7  NFLX260515P00092000
     Entry: $3.72  │  Bid: $4.35  Mid: $4.42  Ask: $4.50
     P&L:   +$70.50 (+18.9%)  │  Target: $7.44  Stop: $1.86
     [─────────●───────────]  Stop ←→ Target
     💭 Deep ITM put with 0.73 delta and 10 days to expiration offers defined ...

  ⏳ Next check in 3 minutes...

  ─────────────────────────────────────────────────────────────────
  📡 POSITION CHECK — 12:33:44 EDT
  ─────────────────────────────────────────────────────────────────

  🟢 #7  NFLX260515P00092000
     Entry: $3.72  │  Bid: $4.35  Mid: $4.42  Ask: $4.50
     P&L:   +$70.50 (+18.9%)  │  Target: $7.44  Stop: $1.86
     [─────────●───────────]  Stop ←→ Target
     💭 Deep ITM put with 0.73 delta and 10 days to expiration offers defined ...

  ⏳ Next check in 3 minutes...

  ─────────────────────────────────────────────────────────────────
  📡 POSITION CHECK — 12:36:34 EDT
  ─────────────────────────────────────────────────────────────────

  🟢 #7  NFLX260515P00092000
     Entry: $3.72  │  Bid: $4.35  Mid: $4.47  Ask: $4.60
     P&L:   +$75.50 (+20.3%)  │  Target: $7.44  Stop: $1.86
     [─────────●───────────]  Stop ←→ Target
     💭 Deep ITM put with 0.73 delta and 10 days to expiration offers defined ...

  ⏳ Next check in 3 minutes...

  ─────────────────────────────────────────────────────────────────
  📡 POSITION CHECK — 12:36:45 EDT
  ─────────────────────────────────────────────────────────────────

  🟢 #7  NFLX260515P00092000
     Entry: $3.72  │  Bid: $4.35  Mid: $4.47  Ask: $4.60
     P&L:   +$75.50 (+20.3%)  │  Target: $7.44  Stop: $1.86
     [─────────●───────────]  Stop ←→ Target
     💭 Deep ITM put with 0.73 delta and 10 days to expiration offers defined ...

  ⏳ Next check in 3 minutes...

  ─────────────────────────────────────────────────────────────────
  📡 POSITION CHECK — 12:39:34 EDT
  ─────────────────────────────────────────────────────────────────

  🟢 #7  NFLX260515P00092000
     Entry: $3.72  │  Bid: $4.30  Mid: $4.45  Ask: $4.60
     P&L:   +$73.00 (+19.6%)  │  Target: $7.44  Stop: $1.86
     [─────────●───────────]  Stop ←→ Target
     💭 Deep ITM put with 0.73 delta and 10 days to expiration offers defined ...

  ⏳ Next check in 3 minutes...

  ─────────────────────────────────────────────────────────────────
  📡 POSITION CHECK — 12:39:46 EDT
  ─────────────────────────────────────────────────────────────────

  🟢 #7  NFLX260515P00092000
     Entry: $3.72  │  Bid: $4.30  Mid: $4.45  Ask: $4.60
     P&L:   +$73.00 (+19.6%)  │  Target: $7.44  Stop: $1.86
     [─────────●───────────]  Stop ←→ Target
     💭 Deep ITM put with 0.73 delta and 10 days to expiration offers defined ...

  ⏳ Next check in 3 minutes...

  ─────────────────────────────────────────────────────────────────
  📡 POSITION CHECK — 12:42:35 EDT
  ─────────────────────────────────────────────────────────────────

  🟢 #7  NFLX260515P00092000
     Entry: $3.72  │  Bid: $4.25  Mid: $4.35  Ask: $4.45
     P&L:   +$63.00 (+16.9%)  │  Target: $7.44  Stop: $1.86
     [────────●────────────]  Stop ←→ Target
     💭 Deep ITM put with 0.73 delta and 10 days to expiration offers defined ...

  ⏳ Next check in 3 minutes...

  ─────────────────────────────────────────────────────────────────
  📡 POSITION CHECK — 12:42:47 EDT
  ─────────────────────────────────────────────────────────────────

  🟢 #7  NFLX260515P00092000
     Entry: $3.72  │  Bid: $4.25  Mid: $4.35  Ask: $4.45
     P&L:   +$63.00 (+16.9%)  │  Target: $7.44  Stop: $1.86
     [────────●────────────]  Stop ←→ Target
     💭 Deep ITM put with 0.73 delta and 10 days to expiration offers defined ...

  ⏳ Next check in 3 minutes...

  ─────────────────────────────────────────────────────────────────
  📡 POSITION CHECK — 12:45:35 EDT
  ─────────────────────────────────────────────────────────────────

  🟢 #7  NFLX260515P00092000
     Entry: $3.72  │  Bid: $4.25  Mid: $4.40  Ask: $4.55
     P&L:   +$68.00 (+18.3%)  │  Target: $7.44  Stop: $1.86
     [─────────●───────────]  Stop ←→ Target
     💭 Deep ITM put with 0.73 delta and 10 days to expiration offers defined ...

  ⏳ Next check in 3 minutes...

  ─────────────────────────────────────────────────────────────────
  📡 POSITION CHECK — 12:45:48 EDT
  ─────────────────────────────────────────────────────────────────

  🟢 #7  NFLX260515P00092000
     Entry: $3.72  │  Bid: $4.25  Mid: $4.40  Ask: $4.55
     P&L:   +$68.00 (+18.3%)  │  Target: $7.44  Stop: $1.86
     [─────────●───────────]  Stop ←→ Target
     💭 Deep ITM put with 0.73 delta and 10 days to expiration offers defined ...

  ⏳ Next check in 3 minutes...

  ─────────────────────────────────────────────────────────────────
  📡 POSITION CHECK — 12:48:36 EDT
  ─────────────────────────────────────────────────────────────────

  🟢 #7  NFLX260515P00092000
     Entry: $3.72  │  Bid: $4.25  Mid: $4.40  Ask: $4.55
     P&L:   +$68.00 (+18.3%)  │  Target: $7.44  Stop: $1.86
     [─────────●───────────]  Stop ←→ Target
     💭 Deep ITM put with 0.73 delta and 10 days to expiration offers defined ...

  ⏳ Next check in 3 minutes...

  ─────────────────────────────────────────────────────────────────
  📡 POSITION CHECK — 12:48:48 EDT
  ─────────────────────────────────────────────────────────────────

  🟢 #7  NFLX260515P00092000
     Entry: $3.72  │  Bid: $4.25  Mid: $4.40  Ask: $4.55
     P&L:   +$68.00 (+18.3%)  │  Target: $7.44  Stop: $1.86
     [─────────●───────────]  Stop ←→ Target
     💭 Deep ITM put with 0.73 delta and 10 days to expiration offers defined ...

  ⏳ Next check in 3 minutes...

  ─────────────────────────────────────────────────────────────────
  📡 POSITION CHECK — 12:51:36 EDT
  ─────────────────────────────────────────────────────────────────

  🟢 #7  NFLX260515P00092000
     Entry: $3.72  │  Bid: $4.25  Mid: $4.40  Ask: $4.55
     P&L:   +$68.00 (+18.3%)  │  Target: $7.44  Stop: $1.86
     [─────────●───────────]  Stop ←→ Target
     💭 Deep ITM put with 0.73 delta and 10 days to expiration offers defined ...

  ⏳ Next check in 3 minutes...

  ─────────────────────────────────────────────────────────────────
  📡 POSITION CHECK — 12:51:49 EDT
  ─────────────────────────────────────────────────────────────────

  🟢 #7  NFLX260515P00092000
     Entry: $3.72  │  Bid: $4.25  Mid: $4.40  Ask: $4.55
     P&L:   +$68.00 (+18.3%)  │  Target: $7.44  Stop: $1.86
     [─────────●───────────]  Stop ←→ Target
     💭 Deep ITM put with 0.73 delta and 10 days to expiration offers defined ...

  ⏳ Next check in 3 minutes...

  ─────────────────────────────────────────────────────────────────
  📡 POSITION CHECK — 12:54:37 EDT
  ─────────────────────────────────────────────────────────────────

  🟢 #7  NFLX260515P00092000
     Entry: $3.72  │  Bid: $4.25  Mid: $4.35  Ask: $4.45
     P&L:   +$63.00 (+16.9%)  │  Target: $7.44  Stop: $1.86
     [────────●────────────]  Stop ←→ Target
     💭 Deep ITM put with 0.73 delta and 10 days to expiration offers defined ...

  ⏳ Next check in 3 minutes...

  ─────────────────────────────────────────────────────────────────
  📡 POSITION CHECK — 12:54:50 EDT
  ─────────────────────────────────────────────────────────────────

  🟢 #7  NFLX260515P00092000
     Entry: $3.72  │  Bid: $4.25  Mid: $4.35  Ask: $4.45
     P&L:   +$63.00 (+16.9%)  │  Target: $7.44  Stop: $1.86
     [────────●────────────]  Stop ←→ Target
     💭 Deep ITM put with 0.73 delta and 10 days to expiration offers defined ...

  ⏳ Next check in 3 minutes...

  ─────────────────────────────────────────────────────────────────
  📡 POSITION CHECK — 12:57:37 EDT
  ─────────────────────────────────────────────────────────────────

  🟢 #7  NFLX260515P00092000
     Entry: $3.72  │  Bid: $4.20  Mid: $4.30  Ask: $4.40
     P&L:   +$58.00 (+15.6%)  │  Target: $7.44  Stop: $1.86
     [────────●────────────]  Stop ←→ Target
     💭 Deep ITM put with 0.73 delta and 10 days to expiration offers defined ...

  ⏳ Next check in 3 minutes...

  ─────────────────────────────────────────────────────────────────
  📡 POSITION CHECK — 12:57:51 EDT
  ─────────────────────────────────────────────────────────────────

  🟢 #7  NFLX260515P00092000
     Entry: $3.72  │  Bid: $4.20  Mid: $4.30  Ask: $4.40
     P&L:   +$58.00 (+15.6%)  │  Target: $7.44  Stop: $1.86
     [────────●────────────]  Stop ←→ Target
     💭 Deep ITM put with 0.73 delta and 10 days to expiration offers defined ...

  ⏳ Next check in 3 minutes...

  ─────────────────────────────────────────────────────────────────
  📡 POSITION CHECK — 13:00:38 EDT
  ─────────────────────────────────────────────────────────────────

  🟢 #7  NFLX260515P00092000
     Entry: $3.72  │  Bid: $4.15  Mid: $4.28  Ask: $4.40
     P&L:   +$55.50 (+14.9%)  │  Target: $7.44  Stop: $1.86
     [────────●────────────]  Stop ←→ Target
     💭 Deep ITM put with 0.73 delta and 10 days to expiration offers defined ...

  ⏳ Next check in 3 minutes...

  ─────────────────────────────────────────────────────────────────
  📡 POSITION CHECK — 13:00:51 EDT
  ─────────────────────────────────────────────────────────────────

  🟢 #7  NFLX260515P00092000
     Entry: $3.72  │  Bid: $4.15  Mid: $4.28  Ask: $4.40
     P&L:   +$55.50 (+14.9%)  │  Target: $7.44  Stop: $1.86
     [────────●────────────]  Stop ←→ Target
     💭 Deep ITM put with 0.73 delta and 10 days to expiration offers defined ...

  ⏳ Next check in 3 minutes...

  ─────────────────────────────────────────────────────────────────
  📡 POSITION CHECK — 13:03:38 EDT
  ─────────────────────────────────────────────────────────────────

  🟢 #7  NFLX260515P00092000
     Entry: $3.72  │  Bid: $4.15  Mid: $4.30  Ask: $4.45
     P&L:   +$58.00 (+15.6%)  │  Target: $7.44  Stop: $1.86
     [────────●────────────]  Stop ←→ Target
     💭 Deep ITM put with 0.73 delta and 10 days to expiration offers defined ...

  ⏳ Next check in 3 minutes...

  ─────────────────────────────────────────────────────────────────
  📡 POSITION CHECK — 13:03:52 EDT
  ─────────────────────────────────────────────────────────────────

  🟢 #7  NFLX260515P00092000
     Entry: $3.72  │  Bid: $4.15  Mid: $4.30  Ask: $4.45
     P&L:   +$58.00 (+15.6%)  │  Target: $7.44  Stop: $1.86
     [────────●────────────]  Stop ←→ Target
     💭 Deep ITM put with 0.73 delta and 10 days to expiration offers defined ...

  ⏳ Next check in 3 minutes...

  ─────────────────────────────────────────────────────────────────
  📡 POSITION CHECK — 13:06:39 EDT
  ─────────────────────────────────────────────────────────────────

  🟢 #7  NFLX260515P00092000
     Entry: $3.72  │  Bid: $4.30  Mid: $4.42  Ask: $4.55
     P&L:   +$70.50 (+18.9%)  │  Target: $7.44  Stop: $1.86
     [─────────●───────────]  Stop ←→ Target
     💭 Deep ITM put with 0.73 delta and 10 days to expiration offers defined ...

  ⏳ Next check in 3 minutes...

  ─────────────────────────────────────────────────────────────────
  📡 POSITION CHECK — 13:06:53 EDT
  ─────────────────────────────────────────────────────────────────

  🟢 #7  NFLX260515P00092000
     Entry: $3.72  │  Bid: $4.30  Mid: $4.42  Ask: $4.55
     P&L:   +$70.50 (+18.9%)  │  Target: $7.44  Stop: $1.86
     [─────────●───────────]  Stop ←→ Target
     💭 Deep ITM put with 0.73 delta and 10 days to expiration offers defined ...

  ⏳ Next check in 3 minutes...

  ─────────────────────────────────────────────────────────────────
  📡 POSITION CHECK — 13:09:40 EDT
  ─────────────────────────────────────────────────────────────────

  🟢 #7  NFLX260515P00092000
     Entry: $3.72  │  Bid: $4.45  Mid: $4.53  Ask: $4.60
     P&L:   +$80.50 (+21.6%)  │  Target: $7.44  Stop: $1.86
     [─────────●───────────]  Stop ←→ Target
     💭 Deep ITM put with 0.73 delta and 10 days to expiration offers defined ...

  ⏳ Next check in 3 minutes...

  ─────────────────────────────────────────────────────────────────
  📡 POSITION CHECK — 13:09:54 EDT
  ─────────────────────────────────────────────────────────────────

  🟢 #7  NFLX260515P00092000
     Entry: $3.72  │  Bid: $4.45  Mid: $4.55  Ask: $4.65
     P&L:   +$83.00 (+22.3%)  │  Target: $7.44  Stop: $1.86
     [─────────●───────────]  Stop ←→ Target
     💭 Deep ITM put with 0.73 delta and 10 days to expiration offers defined ...

  ⏳ Next check in 3 minutes...

  ─────────────────────────────────────────────────────────────────
  📡 POSITION CHECK — 13:12:40 EDT
  ─────────────────────────────────────────────────────────────────

  🟢 #7  NFLX260515P00092000
     Entry: $3.72  │  Bid: $4.40  Mid: $4.53  Ask: $4.65
     P&L:   +$80.50 (+21.6%)  │  Target: $7.44  Stop: $1.86
     [─────────●───────────]  Stop ←→ Target
     💭 Deep ITM put with 0.73 delta and 10 days to expiration offers defined ...

  ⏳ Next check in 3 minutes...

  ─────────────────────────────────────────────────────────────────
  📡 POSITION CHECK — 13:12:54 EDT
  ─────────────────────────────────────────────────────────────────

  🟢 #7  NFLX260515P00092000
     Entry: $3.72  │  Bid: $4.40  Mid: $4.53  Ask: $4.65
     P&L:   +$80.50 (+21.6%)  │  Target: $7.44  Stop: $1.86
     [─────────●───────────]  Stop ←→ Target
     💭 Deep ITM put with 0.73 delta and 10 days to expiration offers defined ...

  ⏳ Next check in 3 minutes...

  ─────────────────────────────────────────────────────────────────
  📡 POSITION CHECK — 13:15:41 EDT
  ─────────────────────────────────────────────────────────────────

  🟢 #7  NFLX260515P00092000
     Entry: $3.72  │  Bid: $4.40  Mid: $4.53  Ask: $4.65
     P&L:   +$80.50 (+21.6%)  │  Target: $7.44  Stop: $1.86
     [─────────●───────────]  Stop ←→ Target
     💭 Deep ITM put with 0.73 delta and 10 days to expiration offers defined ...

  ⏳ Next check in 3 minutes...

  ─────────────────────────────────────────────────────────────────
  📡 POSITION CHECK — 13:15:55 EDT
  ─────────────────────────────────────────────────────────────────

  🟢 #7  NFLX260515P00092000
     Entry: $3.72  │  Bid: $4.40  Mid: $4.53  Ask: $4.65
     P&L:   +$80.50 (+21.6%)  │  Target: $7.44  Stop: $1.86
     [─────────●───────────]  Stop ←→ Target
     💭 Deep ITM put with 0.73 delta and 10 days to expiration offers defined ...

  ⏳ Next check in 3 minutes...

  ─────────────────────────────────────────────────────────────────
  📡 POSITION CHECK — 13:18:41 EDT
  ─────────────────────────────────────────────────────────────────

  🟢 #7  NFLX260515P00092000
     Entry: $3.72  │  Bid: $4.40  Mid: $4.53  Ask: $4.65
     P&L:   +$80.50 (+21.6%)  │  Target: $7.44  Stop: $1.86
     [─────────●───────────]  Stop ←→ Target
     💭 Deep ITM put with 0.73 delta and 10 days to expiration offers defined ...

  ⏳ Next check in 3 minutes...

  ─────────────────────────────────────────────────────────────────
  📡 POSITION CHECK — 13:18:56 EDT
  ─────────────────────────────────────────────────────────────────

  🟢 #7  NFLX260515P00092000
     Entry: $3.72  │  Bid: $4.40  Mid: $4.53  Ask: $4.65
     P&L:   +$80.50 (+21.6%)  │  Target: $7.44  Stop: $1.86
     [─────────●───────────]  Stop ←→ Target
     💭 Deep ITM put with 0.73 delta and 10 days to expiration offers defined ...

  ⏳ Next check in 3 minutes...

  ─────────────────────────────────────────────────────────────────
  📡 POSITION CHECK — 13:21:42 EDT
  ─────────────────────────────────────────────────────────────────

  🟢 #7  NFLX260515P00092000
     Entry: $3.72  │  Bid: $4.40  Mid: $4.53  Ask: $4.65
     P&L:   +$80.50 (+21.6%)  │  Target: $7.44  Stop: $1.86
     [─────────●───────────]  Stop ←→ Target
     💭 Deep ITM put with 0.73 delta and 10 days to expiration offers defined ...

  ⏳ Next check in 3 minutes...

  ─────────────────────────────────────────────────────────────────
  📡 POSITION CHECK — 13:21:57 EDT
  ─────────────────────────────────────────────────────────────────

  🟢 #7  NFLX260515P00092000
     Entry: $3.72  │  Bid: $4.40  Mid: $4.53  Ask: $4.65
     P&L:   +$80.50 (+21.6%)  │  Target: $7.44  Stop: $1.86
     [─────────●───────────]  Stop ←→ Target
     💭 Deep ITM put with 0.73 delta and 10 days to expiration offers defined ...

  ⏳ Next check in 3 minutes...

  Refreshing auth token...

  ─────────────────────────────────────────────────────────────────
  📡 POSITION CHECK — 13:24:44 EDT
  ─────────────────────────────────────────────────────────────────

  🟢 #7  NFLX260515P00092000
     Entry: $3.72  │  Bid: $4.40  Mid: $4.55  Ask: $4.70
     P&L:   +$83.00 (+22.3%)  │  Target: $7.44  Stop: $1.86
     [─────────●───────────]  Stop ←→ Target
     💭 Deep ITM put with 0.73 delta and 10 days to expiration offers defined ...

  ⏳ Next check in 3 minutes...

  Refreshing auth token...

  ─────────────────────────────────────────────────────────────────
  📡 POSITION CHECK — 13:24:59 EDT
  ─────────────────────────────────────────────────────────────────

  🟢 #7  NFLX260515P00092000
     Entry: $3.72  │  Bid: $4.40  Mid: $4.55  Ask: $4.70
     P&L:   +$83.00 (+22.3%)  │  Target: $7.44  Stop: $1.86
     [─────────●───────────]  Stop ←→ Target
     💭 Deep ITM put with 0.73 delta and 10 days to expiration offers defined ...

  ⏳ Next check in 3 minutes...

  ─────────────────────────────────────────────────────────────────
  📡 POSITION CHECK — 13:27:44 EDT
  ─────────────────────────────────────────────────────────────────

  🟢 #7  NFLX260515P00092000
     Entry: $3.72  │  Bid: $4.40  Mid: $4.55  Ask: $4.70
     P&L:   +$83.00 (+22.3%)  │  Target: $7.44  Stop: $1.86
     [─────────●───────────]  Stop ←→ Target
     💭 Deep ITM put with 0.73 delta and 10 days to expiration offers defined ...

  ⏳ Next check in 3 minutes...

  ─────────────────────────────────────────────────────────────────
  📡 POSITION CHECK — 13:28:00 EDT
  ─────────────────────────────────────────────────────────────────

  🟢 #7  NFLX260515P00092000
     Entry: $3.72  │  Bid: $4.40  Mid: $4.55  Ask: $4.70
     P&L:   +$83.00 (+22.3%)  │  Target: $7.44  Stop: $1.86
     [─────────●───────────]  Stop ←→ Target
     💭 Deep ITM put with 0.73 delta and 10 days to expiration offers defined ...

  ⏳ Next check in 3 minutes...

  ─────────────────────────────────────────────────────────────────
  📡 POSITION CHECK — 13:30:45 EDT
  ─────────────────────────────────────────────────────────────────

  🟢 #7  NFLX260515P00092000
     Entry: $3.72  │  Bid: $4.40  Mid: $4.55  Ask: $4.70
     P&L:   +$83.00 (+22.3%)  │  Target: $7.44  Stop: $1.86
     [─────────●───────────]  Stop ←→ Target
     💭 Deep ITM put with 0.73 delta and 10 days to expiration offers defined ...

  ⏳ Next check in 3 minutes...

  ─────────────────────────────────────────────────────────────────
  📡 POSITION CHECK — 13:31:01 EDT
  ─────────────────────────────────────────────────────────────────

  🟢 #7  NFLX260515P00092000
     Entry: $3.72  │  Bid: $4.40  Mid: $4.55  Ask: $4.70
     P&L:   +$83.00 (+22.3%)  │  Target: $7.44  Stop: $1.86
     [─────────●───────────]  Stop ←→ Target
     💭 Deep ITM put with 0.73 delta and 10 days to expiration offers defined ...

  ⏳ Next check in 3 minutes...

  ─────────────────────────────────────────────────────────────────
  📡 POSITION CHECK — 13:33:46 EDT
  ─────────────────────────────────────────────────────────────────

  🟢 #7  NFLX260515P00092000
     Entry: $3.72  │  Bid: $4.50  Mid: $4.58  Ask: $4.65
     P&L:   +$85.50 (+23.0%)  │  Target: $7.44  Stop: $1.86
     [─────────●───────────]  Stop ←→ Target
     💭 Deep ITM put with 0.73 delta and 10 days to expiration offers defined ...

  ⏳ Next check in 3 minutes...

  ─────────────────────────────────────────────────────────────────
  📡 POSITION CHECK — 13:34:02 EDT
  ─────────────────────────────────────────────────────────────────

  🟢 #7  NFLX260515P00092000
     Entry: $3.72  │  Bid: $4.50  Mid: $4.60  Ask: $4.70
     P&L:   +$88.00 (+23.7%)  │  Target: $7.44  Stop: $1.86
     [─────────●───────────]  Stop ←→ Target
     💭 Deep ITM put with 0.73 delta and 10 days to expiration offers defined ...

  ⏳ Next check in 3 minutes...

  ─────────────────────────────────────────────────────────────────
  📡 POSITION CHECK — 13:36:46 EDT
  ─────────────────────────────────────────────────────────────────

  🟢 #7  NFLX260515P00092000
     Entry: $3.72  │  Bid: $4.50  Mid: $4.62  Ask: $4.75
     P&L:   +$90.50 (+24.3%)  │  Target: $7.44  Stop: $1.86
     [─────────●───────────]  Stop ←→ Target
     💭 Deep ITM put with 0.73 delta and 10 days to expiration offers defined ...

  ⏳ Next check in 3 minutes...

  ─────────────────────────────────────────────────────────────────
  📡 POSITION CHECK — 13:37:02 EDT
  ─────────────────────────────────────────────────────────────────

  🟢 #7  NFLX260515P00092000
     Entry: $3.72  │  Bid: $4.50  Mid: $4.62  Ask: $4.75
     P&L:   +$90.50 (+24.3%)  │  Target: $7.44  Stop: $1.86
     [─────────●───────────]  Stop ←→ Target
     💭 Deep ITM put with 0.73 delta and 10 days to expiration offers defined ...

  ⏳ Next check in 3 minutes...

  ─────────────────────────────────────────────────────────────────
  📡 POSITION CHECK — 13:39:47 EDT
  ─────────────────────────────────────────────────────────────────

  🟢 #7  NFLX260515P00092000
     Entry: $3.72  │  Bid: $4.50  Mid: $4.58  Ask: $4.65
     P&L:   +$85.50 (+23.0%)  │  Target: $7.44  Stop: $1.86
     [─────────●───────────]  Stop ←→ Target
     💭 Deep ITM put with 0.73 delta and 10 days to expiration offers defined ...

  ⏳ Next check in 3 minutes...

  ─────────────────────────────────────────────────────────────────
  📡 POSITION CHECK — 13:40:03 EDT
  ─────────────────────────────────────────────────────────────────

  🟢 #7  NFLX260515P00092000
     Entry: $3.72  │  Bid: $4.50  Mid: $4.58  Ask: $4.65
     P&L:   +$85.50 (+23.0%)  │  Target: $7.44  Stop: $1.86
     [─────────●───────────]  Stop ←→ Target
     💭 Deep ITM put with 0.73 delta and 10 days to expiration offers defined ...

  ⏳ Next check in 3 minutes...

  ─────────────────────────────────────────────────────────────────
  📡 POSITION CHECK — 13:42:47 EDT
  ─────────────────────────────────────────────────────────────────

  🟢 #7  NFLX260515P00092000
     Entry: $3.72  │  Bid: $4.45  Mid: $4.55  Ask: $4.65
     P&L:   +$83.00 (+22.3%)  │  Target: $7.44  Stop: $1.86
     [─────────●───────────]  Stop ←→ Target
     💭 Deep ITM put with 0.73 delta and 10 days to expiration offers defined ...

  ⏳ Next check in 3 minutes...

  ─────────────────────────────────────────────────────────────────
  📡 POSITION CHECK — 13:43:04 EDT
  ─────────────────────────────────────────────────────────────────

  🟢 #7  NFLX260515P00092000
     Entry: $3.72  │  Bid: $4.45  Mid: $4.55  Ask: $4.65
     P&L:   +$83.00 (+22.3%)  │  Target: $7.44  Stop: $1.86
     [─────────●───────────]  Stop ←→ Target
     💭 Deep ITM put with 0.73 delta and 10 days to expiration offers defined ...

  ⏳ Next check in 3 minutes...

  ─────────────────────────────────────────────────────────────────
  📡 POSITION CHECK — 13:45:48 EDT
  ─────────────────────────────────────────────────────────────────

  🟢 #7  NFLX260515P00092000
     Entry: $3.72  │  Bid: $4.35  Mid: $4.47  Ask: $4.60
     P&L:   +$75.50 (+20.3%)  │  Target: $7.44  Stop: $1.86
     [─────────●───────────]  Stop ←→ Target
     💭 Deep ITM put with 0.73 delta and 10 days to expiration offers defined ...

  ⏳ Next check in 3 minutes...

  ─────────────────────────────────────────────────────────────────
  📡 POSITION CHECK — 13:46:05 EDT
  ─────────────────────────────────────────────────────────────────

  🟢 #7  NFLX260515P00092000
     Entry: $3.72  │  Bid: $4.35  Mid: $4.45  Ask: $4.55
     P&L:   +$73.00 (+19.6%)  │  Target: $7.44  Stop: $1.86
     [─────────●───────────]  Stop ←→ Target
     💭 Deep ITM put with 0.73 delta and 10 days to expiration offers defined ...

  ⏳ Next check in 3 minutes...

  ─────────────────────────────────────────────────────────────────
  📡 POSITION CHECK — 13:48:48 EDT
  ─────────────────────────────────────────────────────────────────

  🟢 #7  NFLX260515P00092000
     Entry: $3.72  │  Bid: $4.35  Mid: $4.45  Ask: $4.55
     P&L:   +$73.00 (+19.6%)  │  Target: $7.44  Stop: $1.86
     [─────────●───────────]  Stop ←→ Target
     💭 Deep ITM put with 0.73 delta and 10 days to expiration offers defined ...

  ⏳ Next check in 3 minutes...

  ─────────────────────────────────────────────────────────────────
  📡 POSITION CHECK — 13:49:05 EDT
  ─────────────────────────────────────────────────────────────────

  🟢 #7  NFLX260515P00092000
     Entry: $3.72  │  Bid: $4.35  Mid: $4.45  Ask: $4.55
     P&L:   +$73.00 (+19.6%)  │  Target: $7.44  Stop: $1.86
     [─────────●───────────]  Stop ←→ Target
     💭 Deep ITM put with 0.73 delta and 10 days to expiration offers defined ...

  ⏳ Next check in 3 minutes...

  ─────────────────────────────────────────────────────────────────
  📡 POSITION CHECK — 13:51:49 EDT
  ─────────────────────────────────────────────────────────────────

  🟢 #7  NFLX260515P00092000
     Entry: $3.72  │  Bid: $4.30  Mid: $4.40  Ask: $4.50
     P&L:   +$68.00 (+18.3%)  │  Target: $7.44  Stop: $1.86
     [─────────●───────────]  Stop ←→ Target
     💭 Deep ITM put with 0.73 delta and 10 days to expiration offers defined ...

  ⏳ Next check in 3 minutes...

  ─────────────────────────────────────────────────────────────────
  📡 POSITION CHECK — 13:52:06 EDT
  ─────────────────────────────────────────────────────────────────

  🟢 #7  NFLX260515P00092000
     Entry: $3.72  │  Bid: $4.30  Mid: $4.38  Ask: $4.45
     P&L:   +$65.50 (+17.6%)  │  Target: $7.44  Stop: $1.86
     [─────────●───────────]  Stop ←→ Target
     💭 Deep ITM put with 0.73 delta and 10 days to expiration offers defined ...

  ⏳ Next check in 3 minutes...

  ─────────────────────────────────────────────────────────────────
  📡 POSITION CHECK — 13:54:49 EDT
  ─────────────────────────────────────────────────────────────────

  🟢 #7  NFLX260515P00092000
     Entry: $3.72  │  Bid: $4.25  Mid: $4.38  Ask: $4.50
     P&L:   +$65.50 (+17.6%)  │  Target: $7.44  Stop: $1.86
     [─────────●───────────]  Stop ←→ Target
     💭 Deep ITM put with 0.73 delta and 10 days to expiration offers defined ...

  🟢 #8  QQQ260508P00675000
     Entry: $2.68  │  Bid: $2.69  Mid: $2.70  Ask: $2.71
     P&L:   +$2.00 (+0.8%)  │  Target: $5.36  Stop: $1.34
     [──────●──────────────]  Stop ←→ Target
     💭 QQQ 675 puts with 3 DTE and 29.7 delta offer defined-risk downside exp...

  ⏳ Next check in 3 minutes...

  ─────────────────────────────────────────────────────────────────
  📡 POSITION CHECK — 13:55:07 EDT
  ─────────────────────────────────────────────────────────────────

  🟢 #7  NFLX260515P00092000
     Entry: $3.72  │  Bid: $4.25  Mid: $4.38  Ask: $4.50
     P&L:   +$65.50 (+17.6%)  │  Target: $7.44  Stop: $1.86
     [─────────●───────────]  Stop ←→ Target
     💭 Deep ITM put with 0.73 delta and 10 days to expiration offers defined ...

  🟢 #8  QQQ260508P00675000
     Entry: $2.68  │  Bid: $2.72  Mid: $2.73  Ask: $2.73
     P&L:   +$4.50 (+1.7%)  │  Target: $5.36  Stop: $1.34
     [──────●──────────────]  Stop ←→ Target
     💭 QQQ 675 puts with 3 DTE and 29.7 delta offer defined-risk downside exp...

  ⏳ Next check in 3 minutes...

  ─────────────────────────────────────────────────────────────────
  📡 POSITION CHECK — 13:57:50 EDT
  ─────────────────────────────────────────────────────────────────

  🟢 #7  NFLX260515P00092000
     Entry: $3.72  │  Bid: $4.35  Mid: $4.45  Ask: $4.55
     P&L:   +$73.00 (+19.6%)  │  Target: $7.44  Stop: $1.86
     [─────────●───────────]  Stop ←→ Target
     💭 Deep ITM put with 0.73 delta and 10 days to expiration offers defined ...

  🟢 #8  QQQ260508P00675000
     Entry: $2.68  │  Bid: $2.69  Mid: $2.70  Ask: $2.71
     P&L:   +$2.00 (+0.8%)  │  Target: $5.36  Stop: $1.34
     [──────●──────────────]  Stop ←→ Target
     💭 QQQ 675 puts with 3 DTE and 29.7 delta offer defined-risk downside exp...

  ⏳ Next check in 3 minutes...

  ─────────────────────────────────────────────────────────────────
  📡 POSITION CHECK — 13:58:07 EDT
  ─────────────────────────────────────────────────────────────────

  🟢 #7  NFLX260515P00092000
     Entry: $3.72  │  Bid: $4.35  Mid: $4.45  Ask: $4.55
     P&L:   +$73.00 (+19.6%)  │  Target: $7.44  Stop: $1.86
     [─────────●───────────]  Stop ←→ Target
     💭 Deep ITM put with 0.73 delta and 10 days to expiration offers defined ...

  🟢 #8  QQQ260508P00675000
     Entry: $2.68  │  Bid: $2.69  Mid: $2.69  Ask: $2.70
     P&L:   +$1.50 (+0.6%)  │  Target: $5.36  Stop: $1.34
     [──────●──────────────]  Stop ←→ Target
     💭 QQQ 675 puts with 3 DTE and 29.7 delta offer defined-risk downside exp...

  ⏳ Next check in 3 minutes...

  ─────────────────────────────────────────────────────────────────
  📡 POSITION CHECK — 14:00:51 EDT
  ─────────────────────────────────────────────────────────────────

  🟢 #7  NFLX260515P00092000
     Entry: $3.72  │  Bid: $4.35  Mid: $4.47  Ask: $4.60
     P&L:   +$75.50 (+20.3%)  │  Target: $7.44  Stop: $1.86
     [─────────●───────────]  Stop ←→ Target
     💭 Deep ITM put with 0.73 delta and 10 days to expiration offers defined ...

  🟢 #8  QQQ260508P00675000
     Entry: $2.68  │  Bid: $2.71  Mid: $2.71  Ask: $2.72
     P&L:   +$3.50 (+1.3%)  │  Target: $5.36  Stop: $1.34
     [──────●──────────────]  Stop ←→ Target
     💭 QQQ 675 puts with 3 DTE and 29.7 delta offer defined-risk downside exp...

  ⏳ Next check in 3 minutes...

  ─────────────────────────────────────────────────────────────────
  📡 POSITION CHECK — 14:01:08 EDT
  ─────────────────────────────────────────────────────────────────

  🟢 #7  NFLX260515P00092000
     Entry: $3.72  │  Bid: $4.35  Mid: $4.47  Ask: $4.60
     P&L:   +$75.50 (+20.3%)  │  Target: $7.44  Stop: $1.86
     [─────────●───────────]  Stop ←→ Target
     💭 Deep ITM put with 0.73 delta and 10 days to expiration offers defined ...

  🟢 #8  QQQ260508P00675000
     Entry: $2.68  │  Bid: $2.71  Mid: $2.71  Ask: $2.72
     P&L:   +$3.50 (+1.3%)  │  Target: $5.36  Stop: $1.34
     [──────●──────────────]  Stop ←→ Target
     💭 QQQ 675 puts with 3 DTE and 29.7 delta offer defined-risk downside exp...

  ⏳ Next check in 3 minutes...

  ─────────────────────────────────────────────────────────────────
  📡 POSITION CHECK — 14:03:53 EDT
  ─────────────────────────────────────────────────────────────────

  🟢 #7  NFLX260515P00092000
     Entry: $3.72  │  Bid: $4.35  Mid: $4.47  Ask: $4.60
     P&L:   +$75.50 (+20.3%)  │  Target: $7.44  Stop: $1.86
     [─────────●───────────]  Stop ←→ Target
     💭 Deep ITM put with 0.73 delta and 10 days to expiration offers defined ...

  🟢 #8  QQQ260508P00675000
     Entry: $2.68  │  Bid: $2.69  Mid: $2.70  Ask: $2.71
     P&L:   +$2.00 (+0.8%)  │  Target: $5.36  Stop: $1.34
     [──────●──────────────]  Stop ←→ Target
     💭 QQQ 675 puts with 3 DTE and 29.7 delta offer defined-risk downside exp...

  ⏳ Next check in 3 minutes...

  ─────────────────────────────────────────────────────────────────
  📡 POSITION CHECK — 14:04:11 EDT
  ─────────────────────────────────────────────────────────────────

  🟢 #7  NFLX260515P00092000
     Entry: $3.72  │  Bid: $4.35  Mid: $4.47  Ask: $4.60
     P&L:   +$75.50 (+20.3%)  │  Target: $7.44  Stop: $1.86
     [─────────●───────────]  Stop ←→ Target
     💭 Deep ITM put with 0.73 delta and 10 days to expiration offers defined ...

  🟢 #8  QQQ260508P00675000
     Entry: $2.68  │  Bid: $2.69  Mid: $2.69  Ask: $2.70
     P&L:   +$1.50 (+0.6%)  │  Target: $5.36  Stop: $1.34
     [──────●──────────────]  Stop ←→ Target
     💭 QQQ 675 puts with 3 DTE and 29.7 delta offer defined-risk downside exp...

  ⏳ Next check in 3 minutes...

  ─────────────────────────────────────────────────────────────────
  📡 POSITION CHECK — 14:06:54 EDT
  ─────────────────────────────────────────────────────────────────

  🟢 #7  NFLX260515P00092000
     Entry: $3.72  │  Bid: $4.35  Mid: $4.47  Ask: $4.60
     P&L:   +$75.50 (+20.3%)  │  Target: $7.44  Stop: $1.86
     [─────────●───────────]  Stop ←→ Target
     💭 Deep ITM put with 0.73 delta and 10 days to expiration offers defined ...

  🔴 #8  QQQ260508P00675000
     Entry: $2.68  │  Bid: $2.64  Mid: $2.65  Ask: $2.66
     P&L:   $-3.00 (-1.1%)  │  Target: $5.36  Stop: $1.34
     [──────●──────────────]  Stop ←→ Target
     💭 QQQ 675 puts with 3 DTE and 29.7 delta offer defined-risk downside exp...

  ⏳ Next check in 3 minutes...

  ─────────────────────────────────────────────────────────────────
  📡 POSITION CHECK — 14:07:12 EDT
  ─────────────────────────────────────────────────────────────────

  🟢 #7  NFLX260515P00092000
     Entry: $3.72  │  Bid: $4.35  Mid: $4.47  Ask: $4.60
     P&L:   +$75.50 (+20.3%)  │  Target: $7.44  Stop: $1.86
     [─────────●───────────]  Stop ←→ Target
     💭 Deep ITM put with 0.73 delta and 10 days to expiration offers defined ...

  🔴 #8  QQQ260508P00675000
     Entry: $2.68  │  Bid: $2.64  Mid: $2.65  Ask: $2.65
     P&L:   $-3.50 (-1.3%)  │  Target: $5.36  Stop: $1.34
     [──────●──────────────]  Stop ←→ Target
     💭 QQQ 675 puts with 3 DTE and 29.7 delta offer defined-risk downside exp...

  ⏳ Next check in 3 minutes...

  ─────────────────────────────────────────────────────────────────
  📡 POSITION CHECK — 14:09:54 EDT
  ─────────────────────────────────────────────────────────────────

  🟢 #7  NFLX260515P00092000
     Entry: $3.72  │  Bid: $4.35  Mid: $4.45  Ask: $4.55
     P&L:   +$73.00 (+19.6%)  │  Target: $7.44  Stop: $1.86
     [─────────●───────────]  Stop ←→ Target
     💭 Deep ITM put with 0.73 delta and 10 days to expiration offers defined ...

  🔴 #8  QQQ260508P00675000
     Entry: $2.68  │  Bid: $2.64  Mid: $2.65  Ask: $2.65
     P&L:   $-3.50 (-1.3%)  │  Target: $5.36  Stop: $1.34
     [──────●──────────────]  Stop ←→ Target
     💭 QQQ 675 puts with 3 DTE and 29.7 delta offer defined-risk downside exp...

  ⏳ Next check in 3 minutes...

  ─────────────────────────────────────────────────────────────────
  📡 POSITION CHECK — 14:10:12 EDT
  ─────────────────────────────────────────────────────────────────

  🟢 #7  NFLX260515P00092000
     Entry: $3.72  │  Bid: $4.35  Mid: $4.45  Ask: $4.55
     P&L:   +$73.00 (+19.6%)  │  Target: $7.44  Stop: $1.86
     [─────────●───────────]  Stop ←→ Target
     💭 Deep ITM put with 0.73 delta and 10 days to expiration offers defined ...

  🔴 #8  QQQ260508P00675000
     Entry: $2.68  │  Bid: $2.63  Mid: $2.64  Ask: $2.65
     P&L:   $-4.00 (-1.5%)  │  Target: $5.36  Stop: $1.34
     [──────●──────────────]  Stop ←→ Target
     💭 QQQ 675 puts with 3 DTE and 29.7 delta offer defined-risk downside exp...

  ⏳ Next check in 3 minutes...

  ─────────────────────────────────────────────────────────────────
  📡 POSITION CHECK — 14:12:55 EDT
  ─────────────────────────────────────────────────────────────────

  🟢 #7  NFLX260515P00092000
     Entry: $3.72  │  Bid: $4.35  Mid: $4.45  Ask: $4.55
     P&L:   +$73.00 (+19.6%)  │  Target: $7.44  Stop: $1.86
     [─────────●───────────]  Stop ←→ Target
     💭 Deep ITM put with 0.73 delta and 10 days to expiration offers defined ...

  🔴 #8  QQQ260508P00675000
     Entry: $2.68  │  Bid: $2.57  Mid: $2.58  Ask: $2.59
     P&L:   $-10.00 (-3.7%)  │  Target: $5.36  Stop: $1.34
     [──────●──────────────]  Stop ←→ Target
     💭 QQQ 675 puts with 3 DTE and 29.7 delta offer defined-risk downside exp...

  ⏳ Next check in 3 minutes...

  ─────────────────────────────────────────────────────────────────
  📡 POSITION CHECK — 14:13:13 EDT
  ─────────────────────────────────────────────────────────────────

  🟢 #7  NFLX260515P00092000
     Entry: $3.72  │  Bid: $4.35  Mid: $4.45  Ask: $4.55
     P&L:   +$73.00 (+19.6%)  │  Target: $7.44  Stop: $1.86
     [─────────●───────────]  Stop ←→ Target
     💭 Deep ITM put with 0.73 delta and 10 days to expiration offers defined ...

  🔴 #8  QQQ260508P00675000
     Entry: $2.68  │  Bid: $2.59  Mid: $2.60  Ask: $2.60
     P&L:   $-8.50 (-3.2%)  │  Target: $5.36  Stop: $1.34
     [──────●──────────────]  Stop ←→ Target
     💭 QQQ 675 puts with 3 DTE and 29.7 delta offer defined-risk downside exp...

  ⏳ Next check in 3 minutes...

  ─────────────────────────────────────────────────────────────────
  📡 POSITION CHECK — 14:15:56 EDT
  ─────────────────────────────────────────────────────────────────

  🟢 #7  NFLX260515P00092000
     Entry: $3.72  │  Bid: $4.35  Mid: $4.42  Ask: $4.50
     P&L:   +$70.50 (+18.9%)  │  Target: $7.44  Stop: $1.86
     [─────────●───────────]  Stop ←→ Target
     💭 Deep ITM put with 0.73 delta and 10 days to expiration offers defined ...

  🔴 #8  QQQ260508P00675000
     Entry: $2.68  │  Bid: $2.60  Mid: $2.60  Ask: $2.61
     P&L:   $-7.50 (-2.8%)  │  Target: $5.36  Stop: $1.34
     [──────●──────────────]  Stop ←→ Target
     💭 QQQ 675 puts with 3 DTE and 29.7 delta offer defined-risk downside exp...

  ⏳ Next check in 3 minutes...

  ─────────────────────────────────────────────────────────────────
  📡 POSITION CHECK — 14:16:14 EDT
  ─────────────────────────────────────────────────────────────────

  🟢 #7  NFLX260515P00092000
     Entry: $3.72  │  Bid: $4.35  Mid: $4.45  Ask: $4.55
     P&L:   +$73.00 (+19.6%)  │  Target: $7.44  Stop: $1.86
     [─────────●───────────]  Stop ←→ Target
     💭 Deep ITM put with 0.73 delta and 10 days to expiration offers defined ...

  🔴 #8  QQQ260508P00675000
     Entry: $2.68  │  Bid: $2.61  Mid: $2.62  Ask: $2.63
     P&L:   $-6.00 (-2.2%)  │  Target: $5.36  Stop: $1.34
     [──────●──────────────]  Stop ←→ Target
     💭 QQQ 675 puts with 3 DTE and 29.7 delta offer defined-risk downside exp...

  ⏳ Next check in 3 minutes...

  ─────────────────────────────────────────────────────────────────
  📡 POSITION CHECK — 14:18:56 EDT
  ─────────────────────────────────────────────────────────────────

  🟢 #7  NFLX260515P00092000
     Entry: $3.72  │  Bid: $4.35  Mid: $4.42  Ask: $4.50
     P&L:   +$70.50 (+18.9%)  │  Target: $7.44  Stop: $1.86
     [─────────●───────────]  Stop ←→ Target
     💭 Deep ITM put with 0.73 delta and 10 days to expiration offers defined ...

  🔴 #8  QQQ260508P00675000
     Entry: $2.68  │  Bid: $2.58  Mid: $2.58  Ask: $2.59
     P&L:   $-9.50 (-3.5%)  │  Target: $5.36  Stop: $1.34
     [──────●──────────────]  Stop ←→ Target
     💭 QQQ 675 puts with 3 DTE and 29.7 delta offer defined-risk downside exp...

  ⏳ Next check in 3 minutes...

  ─────────────────────────────────────────────────────────────────
  📡 POSITION CHECK — 14:19:15 EDT
  ─────────────────────────────────────────────────────────────────

  🟢 #7  NFLX260515P00092000
     Entry: $3.72  │  Bid: $4.35  Mid: $4.45  Ask: $4.55
     P&L:   +$73.00 (+19.6%)  │  Target: $7.44  Stop: $1.86
     [─────────●───────────]  Stop ←→ Target
     💭 Deep ITM put with 0.73 delta and 10 days to expiration offers defined ...

  🔴 #8  QQQ260508P00675000
     Entry: $2.68  │  Bid: $2.59  Mid: $2.60  Ask: $2.60
     P&L:   $-8.50 (-3.2%)  │  Target: $5.36  Stop: $1.34
     [──────●──────────────]  Stop ←→ Target
     💭 QQQ 675 puts with 3 DTE and 29.7 delta offer defined-risk downside exp...

  ⏳ Next check in 3 minutes...

  Refreshing auth token...

  ─────────────────────────────────────────────────────────────────
  📡 POSITION CHECK — 14:21:58 EDT
  ─────────────────────────────────────────────────────────────────

  🟢 #7  NFLX260515P00092000
     Entry: $3.72  │  Bid: $4.40  Mid: $4.53  Ask: $4.65
     P&L:   +$80.50 (+21.6%)  │  Target: $7.44  Stop: $1.86
     [─────────●───────────]  Stop ←→ Target
     💭 Deep ITM put with 0.73 delta and 10 days to expiration offers defined ...

  🔴 #8  QQQ260508P00675000
     Entry: $2.68  │  Bid: $2.56  Mid: $2.56  Ask: $2.57
     P&L:   $-11.50 (-4.3%)  │  Target: $5.36  Stop: $1.34
     [──────●──────────────]  Stop ←→ Target
     💭 QQQ 675 puts with 3 DTE and 29.7 delta offer defined-risk downside exp...

  ⏳ Next check in 3 minutes...

  Refreshing auth token...

  ─────────────────────────────────────────────────────────────────
  📡 POSITION CHECK — 14:22:17 EDT
  ─────────────────────────────────────────────────────────────────

  🟢 #7  NFLX260515P00092000
     Entry: $3.72  │  Bid: $4.40  Mid: $4.50  Ask: $4.60
     P&L:   +$78.00 (+21.0%)  │  Target: $7.44  Stop: $1.86
     [─────────●───────────]  Stop ←→ Target
     💭 Deep ITM put with 0.73 delta and 10 days to expiration offers defined ...

  🔴 #8  QQQ260508P00675000
     Entry: $2.68  │  Bid: $2.57  Mid: $2.58  Ask: $2.58
     P&L:   $-10.50 (-3.9%)  │  Target: $5.36  Stop: $1.34
     [──────●──────────────]  Stop ←→ Target
     💭 QQQ 675 puts with 3 DTE and 29.7 delta offer defined-risk downside exp...

  ⏳ Next check in 3 minutes...

  ─────────────────────────────────────────────────────────────────
  📡 POSITION CHECK — 14:24:58 EDT
  ─────────────────────────────────────────────────────────────────

  🟢 #7  NFLX260515P00092000
     Entry: $3.72  │  Bid: $4.40  Mid: $4.50  Ask: $4.60
     P&L:   +$78.00 (+21.0%)  │  Target: $7.44  Stop: $1.86
     [─────────●───────────]  Stop ←→ Target
     💭 Deep ITM put with 0.73 delta and 10 days to expiration offers defined ...

  🔴 #8  QQQ260508P00675000
     Entry: $2.68  │  Bid: $2.63  Mid: $2.64  Ask: $2.65
     P&L:   $-4.00 (-1.5%)  │  Target: $5.36  Stop: $1.34
     [──────●──────────────]  Stop ←→ Target
     💭 QQQ 675 puts with 3 DTE and 29.7 delta offer defined-risk downside exp...

  ⏳ Next check in 3 minutes...

  ─────────────────────────────────────────────────────────────────
  📡 POSITION CHECK — 14:25:18 EDT
  ─────────────────────────────────────────────────────────────────

  🟢 #7  NFLX260515P00092000
     Entry: $3.72  │  Bid: $4.40  Mid: $4.50  Ask: $4.60
     P&L:   +$78.00 (+21.0%)  │  Target: $7.44  Stop: $1.86
     [─────────●───────────]  Stop ←→ Target
     💭 Deep ITM put with 0.73 delta and 10 days to expiration offers defined ...

  🔴 #8  QQQ260508P00675000
     Entry: $2.68  │  Bid: $2.65  Mid: $2.65  Ask: $2.66
     P&L:   $-2.50 (-0.9%)  │  Target: $5.36  Stop: $1.34
     [──────●──────────────]  Stop ←→ Target
     💭 QQQ 675 puts with 3 DTE and 29.7 delta offer defined-risk downside exp...

  ⏳ Next check in 3 minutes...

  ─────────────────────────────────────────────────────────────────
  📡 POSITION CHECK — 14:27:59 EDT
  ─────────────────────────────────────────────────────────────────

  🟢 #7  NFLX260515P00092000
     Entry: $3.72  │  Bid: $4.40  Mid: $4.53  Ask: $4.65
     P&L:   +$80.50 (+21.6%)  │  Target: $7.44  Stop: $1.86
     [─────────●───────────]  Stop ←→ Target
     💭 Deep ITM put with 0.73 delta and 10 days to expiration offers defined ...

  🔴 #8  QQQ260508P00675000
     Entry: $2.68  │  Bid: $2.60  Mid: $2.61  Ask: $2.62
     P&L:   $-7.00 (-2.6%)  │  Target: $5.36  Stop: $1.34
     [──────●──────────────]  Stop ←→ Target
     💭 QQQ 675 puts with 3 DTE and 29.7 delta offer defined-risk downside exp...

  ⏳ Next check in 3 minutes...

  ─────────────────────────────────────────────────────────────────
  📡 POSITION CHECK — 14:28:19 EDT
  ─────────────────────────────────────────────────────────────────

  🟢 #7  NFLX260515P00092000
     Entry: $3.72  │  Bid: $4.40  Mid: $4.53  Ask: $4.65
     P&L:   +$80.50 (+21.6%)  │  Target: $7.44  Stop: $1.86
     [─────────●───────────]  Stop ←→ Target
     💭 Deep ITM put with 0.73 delta and 10 days to expiration offers defined ...

  🔴 #8  QQQ260508P00675000
     Entry: $2.68  │  Bid: $2.60  Mid: $2.60  Ask: $2.61
     P&L:   $-7.50 (-2.8%)  │  Target: $5.36  Stop: $1.34
     [──────●──────────────]  Stop ←→ Target
     💭 QQQ 675 puts with 3 DTE and 29.7 delta offer defined-risk downside exp...

  ⏳ Next check in 3 minutes...
  ✗ Price fetch error: HTTPSConnectionPool(host='api.public.com', port=443): Max retries exceeded with url: /userapigateway/marketdata/5LT39200/quotes (Caused by NameResolutionError("HTTPSConnection(host='api.public.com', port=443): Failed to resolve 'api.public.com' ([Errno 11001] getaddrinfo failed)"))

  ─────────────────────────────────────────────────────────────────
  📡 POSITION CHECK — 14:30:59 EDT
  ─────────────────────────────────────────────────────────────────

  ⚠️  #7 NFLX260515P00092000
     Price unavailable — skipping this cycle

  ⚠️  #8 QQQ260508P00675000
     Price unavailable — skipping this cycle

  ⏳ Next check in 3 minutes...
  ✗ Price fetch error: HTTPSConnectionPool(host='api.public.com', port=443): Max retries exceeded with url: /userapigateway/marketdata/5LT39200/quotes (Caused by NameResolutionError("HTTPSConnection(host='api.public.com', port=443): Failed to resolve 'api.public.com' ([Errno 11001] getaddrinfo failed)"))

  ─────────────────────────────────────────────────────────────────
  📡 POSITION CHECK — 14:31:19 EDT
  ─────────────────────────────────────────────────────────────────

  ⚠️  #7 NFLX260515P00092000
     Price unavailable — skipping this cycle

  ⚠️  #8 QQQ260508P00675000
     Price unavailable — skipping this cycle

  ⏳ Next check in 3 minutes...

  ─────────────────────────────────────────────────────────────────
  📡 POSITION CHECK — 14:33:59 EDT
  ─────────────────────────────────────────────────────────────────

  🟢 #7  NFLX260515P00092000
     Entry: $3.72  │  Bid: $4.45  Mid: $4.55  Ask: $4.65
     P&L:   +$83.00 (+22.3%)  │  Target: $7.44  Stop: $1.86
     [─────────●───────────]  Stop ←→ Target
     💭 Deep ITM put with 0.73 delta and 10 days to expiration offers defined ...

  🔴 #8  QQQ260508P00675000
     Entry: $2.68  │  Bid: $2.62  Mid: $2.63  Ask: $2.64
     P&L:   $-5.00 (-1.9%)  │  Target: $5.36  Stop: $1.34
     [──────●──────────────]  Stop ←→ Target
     💭 QQQ 675 puts with 3 DTE and 29.7 delta offer defined-risk downside exp...

  ⏳ Next check in 3 minutes...

  ─────────────────────────────────────────────────────────────────
  📡 POSITION CHECK — 14:34:20 EDT
  ─────────────────────────────────────────────────────────────────

  🟢 #7  NFLX260515P00092000
     Entry: $3.72  │  Bid: $4.45  Mid: $4.55  Ask: $4.65
     P&L:   +$83.00 (+22.3%)  │  Target: $7.44  Stop: $1.86
     [─────────●───────────]  Stop ←→ Target
     💭 Deep ITM put with 0.73 delta and 10 days to expiration offers defined ...

  🔴 #8  QQQ260508P00675000
     Entry: $2.68  │  Bid: $2.61  Mid: $2.62  Ask: $2.63
     P&L:   $-6.00 (-2.2%)  │  Target: $5.36  Stop: $1.34
     [──────●──────────────]  Stop ←→ Target
     💭 QQQ 675 puts with 3 DTE and 29.7 delta offer defined-risk downside exp...

  ⏳ Next check in 3 minutes...

  ─────────────────────────────────────────────────────────────────
  📡 POSITION CHECK — 14:37:00 EDT
  ─────────────────────────────────────────────────────────────────

  🟢 #7  NFLX260515P00092000
     Entry: $3.72  │  Bid: $4.45  Mid: $4.55  Ask: $4.65
     P&L:   +$83.00 (+22.3%)  │  Target: $7.44  Stop: $1.86
     [─────────●───────────]  Stop ←→ Target
     💭 Deep ITM put with 0.73 delta and 10 days to expiration offers defined ...

  🔴 #8  QQQ260508P00675000
     Entry: $2.68  │  Bid: $2.60  Mid: $2.60  Ask: $2.61
     P&L:   $-7.50 (-2.8%)  │  Target: $5.36  Stop: $1.34
     [──────●──────────────]  Stop ←→ Target
     💭 QQQ 675 puts with 3 DTE and 29.7 delta offer defined-risk downside exp...

  ⏳ Next check in 3 minutes...

  ─────────────────────────────────────────────────────────────────
  📡 POSITION CHECK — 14:37:20 EDT
  ─────────────────────────────────────────────────────────────────

  🟢 #7  NFLX260515P00092000
     Entry: $3.72  │  Bid: $4.45  Mid: $4.55  Ask: $4.65
     P&L:   +$83.00 (+22.3%)  │  Target: $7.44  Stop: $1.86
     [─────────●───────────]  Stop ←→ Target
     💭 Deep ITM put with 0.73 delta and 10 days to expiration offers defined ...

  🔴 #8  QQQ260508P00675000
     Entry: $2.68  │  Bid: $2.61  Mid: $2.62  Ask: $2.62
     P&L:   $-6.50 (-2.4%)  │  Target: $5.36  Stop: $1.34
     [──────●──────────────]  Stop ←→ Target
     💭 QQQ 675 puts with 3 DTE and 29.7 delta offer defined-risk downside exp...

  ⏳ Next check in 3 minutes...

  ─────────────────────────────────────────────────────────────────
  📡 POSITION CHECK — 14:40:01 EDT
  ─────────────────────────────────────────────────────────────────

  🟢 #7  NFLX260515P00092000
     Entry: $3.72  │  Bid: $4.45  Mid: $4.55  Ask: $4.65
     P&L:   +$83.00 (+22.3%)  │  Target: $7.44  Stop: $1.86
     [─────────●───────────]  Stop ←→ Target
     💭 Deep ITM put with 0.73 delta and 10 days to expiration offers defined ...

  🔴 #8  QQQ260508P00675000
     Entry: $2.68  │  Bid: $2.61  Mid: $2.62  Ask: $2.63
     P&L:   $-6.00 (-2.2%)  │  Target: $5.36  Stop: $1.34
     [──────●──────────────]  Stop ←→ Target
     💭 QQQ 675 puts with 3 DTE and 29.7 delta offer defined-risk downside exp...

  ⏳ Next check in 3 minutes...

  ─────────────────────────────────────────────────────────────────
  📡 POSITION CHECK — 14:40:21 EDT
  ─────────────────────────────────────────────────────────────────

  🟢 #7  NFLX260515P00092000
     Entry: $3.72  │  Bid: $4.45  Mid: $4.55  Ask: $4.65
     P&L:   +$83.00 (+22.3%)  │  Target: $7.44  Stop: $1.86
     [─────────●───────────]  Stop ←→ Target
     💭 Deep ITM put with 0.73 delta and 10 days to expiration offers defined ...

  🔴 #8  QQQ260508P00675000
     Entry: $2.68  │  Bid: $2.59  Mid: $2.60  Ask: $2.61
     P&L:   $-8.00 (-3.0%)  │  Target: $5.36  Stop: $1.34
     [──────●──────────────]  Stop ←→ Target
     💭 QQQ 675 puts with 3 DTE and 29.7 delta offer defined-risk downside exp...

  ⏳ Next check in 3 minutes...

  ─────────────────────────────────────────────────────────────────
  📡 POSITION CHECK — 14:43:01 EDT
  ─────────────────────────────────────────────────────────────────

  🟢 #7  NFLX260515P00092000
     Entry: $3.72  │  Bid: $4.45  Mid: $4.55  Ask: $4.65
     P&L:   +$83.00 (+22.3%)  │  Target: $7.44  Stop: $1.86
     [─────────●───────────]  Stop ←→ Target
     💭 Deep ITM put with 0.73 delta and 10 days to expiration offers defined ...

  🔴 #8  QQQ260508P00675000
     Entry: $2.68  │  Bid: $2.57  Mid: $2.58  Ask: $2.58
     P&L:   $-10.50 (-3.9%)  │  Target: $5.36  Stop: $1.34
     [──────●──────────────]  Stop ←→ Target
     💭 QQQ 675 puts with 3 DTE and 29.7 delta offer defined-risk downside exp...

  ⏳ Next check in 3 minutes...

  ─────────────────────────────────────────────────────────────────
  📡 POSITION CHECK — 14:43:22 EDT
  ─────────────────────────────────────────────────────────────────

  🟢 #7  NFLX260515P00092000
     Entry: $3.72  │  Bid: $4.45  Mid: $4.55  Ask: $4.65
     P&L:   +$83.00 (+22.3%)  │  Target: $7.44  Stop: $1.86
     [─────────●───────────]  Stop ←→ Target
     💭 Deep ITM put with 0.73 delta and 10 days to expiration offers defined ...

  🔴 #8  QQQ260508P00675000
     Entry: $2.68  │  Bid: $2.58  Mid: $2.59  Ask: $2.60
     P&L:   $-9.00 (-3.4%)  │  Target: $5.36  Stop: $1.34
     [──────●──────────────]  Stop ←→ Target
     💭 QQQ 675 puts with 3 DTE and 29.7 delta offer defined-risk downside exp...

  ⏳ Next check in 3 minutes...

  ─────────────────────────────────────────────────────────────────
  📡 POSITION CHECK — 14:46:02 EDT
  ─────────────────────────────────────────────────────────────────

  🟢 #7  NFLX260515P00092000
     Entry: $3.72  │  Bid: $4.45  Mid: $4.55  Ask: $4.65
     P&L:   +$83.00 (+22.3%)  │  Target: $7.44  Stop: $1.86
     [─────────●───────────]  Stop ←→ Target
     💭 Deep ITM put with 0.73 delta and 10 days to expiration offers defined ...

  🔴 #8  QQQ260508P00675000
     Entry: $2.68  │  Bid: $2.58  Mid: $2.58  Ask: $2.59
     P&L:   $-9.50 (-3.5%)  │  Target: $5.36  Stop: $1.34
     [──────●──────────────]  Stop ←→ Target
     💭 QQQ 675 puts with 3 DTE and 29.7 delta offer defined-risk downside exp...

  ⏳ Next check in 3 minutes...

  ─────────────────────────────────────────────────────────────────
  📡 POSITION CHECK — 14:46:23 EDT
  ─────────────────────────────────────────────────────────────────

  🟢 #7  NFLX260515P00092000
     Entry: $3.72  │  Bid: $4.45  Mid: $4.55  Ask: $4.65
     P&L:   +$83.00 (+22.3%)  │  Target: $7.44  Stop: $1.86
     [─────────●───────────]  Stop ←→ Target
     💭 Deep ITM put with 0.73 delta and 10 days to expiration offers defined ...

  🔴 #8  QQQ260508P00675000
     Entry: $2.68  │  Bid: $2.58  Mid: $2.58  Ask: $2.59
     P&L:   $-9.50 (-3.5%)  │  Target: $5.36  Stop: $1.34
     [──────●──────────────]  Stop ←→ Target
     💭 QQQ 675 puts with 3 DTE and 29.7 delta offer defined-risk downside exp...

  ⏳ Next check in 3 minutes...

  ─────────────────────────────────────────────────────────────────
  📡 POSITION CHECK — 14:49:02 EDT
  ─────────────────────────────────────────────────────────────────

  🟢 #7  NFLX260515P00092000
     Entry: $3.72  │  Bid: $4.45  Mid: $4.53  Ask: $4.60
     P&L:   +$80.50 (+21.6%)  │  Target: $7.44  Stop: $1.86
     [─────────●───────────]  Stop ←→ Target
     💭 Deep ITM put with 0.73 delta and 10 days to expiration offers defined ...

  🔴 #8  QQQ260508P00675000
     Entry: $2.68  │  Bid: $2.55  Mid: $2.56  Ask: $2.56
     P&L:   $-12.50 (-4.7%)  │  Target: $5.36  Stop: $1.34
     [──────●──────────────]  Stop ←→ Target
     💭 QQQ 675 puts with 3 DTE and 29.7 delta offer defined-risk downside exp...

  ⏳ Next check in 3 minutes...

  ─────────────────────────────────────────────────────────────────
  📡 POSITION CHECK — 14:49:23 EDT
  ─────────────────────────────────────────────────────────────────

  🟢 #7  NFLX260515P00092000
     Entry: $3.72  │  Bid: $4.45  Mid: $4.53  Ask: $4.60
     P&L:   +$80.50 (+21.6%)  │  Target: $7.44  Stop: $1.86
     [─────────●───────────]  Stop ←→ Target
     💭 Deep ITM put with 0.73 delta and 10 days to expiration offers defined ...

  🔴 #8  QQQ260508P00675000
     Entry: $2.68  │  Bid: $2.54  Mid: $2.54  Ask: $2.55
     P&L:   $-13.50 (-5.0%)  │  Target: $5.36  Stop: $1.34
     [─────●───────────────]  Stop ←→ Target
     💭 QQQ 675 puts with 3 DTE and 29.7 delta offer defined-risk downside exp...

  ⏳ Next check in 3 minutes...

  ─────────────────────────────────────────────────────────────────
  📡 POSITION CHECK — 14:52:03 EDT
  ─────────────────────────────────────────────────────────────────

  🟢 #7  NFLX260515P00092000
     Entry: $3.72  │  Bid: $4.50  Mid: $4.58  Ask: $4.65
     P&L:   +$85.50 (+23.0%)  │  Target: $7.44  Stop: $1.86
     [─────────●───────────]  Stop ←→ Target
     💭 Deep ITM put with 0.73 delta and 10 days to expiration offers defined ...

  🔴 #8  QQQ260508P00675000
     Entry: $2.68  │  Bid: $2.60  Mid: $2.60  Ask: $2.61
     P&L:   $-7.50 (-2.8%)  │  Target: $5.36  Stop: $1.34
     [──────●──────────────]  Stop ←→ Target
     💭 QQQ 675 puts with 3 DTE and 29.7 delta offer defined-risk downside exp...

  ⏳ Next check in 3 minutes...

  ─────────────────────────────────────────────────────────────────
  📡 POSITION CHECK — 14:52:24 EDT
  ─────────────────────────────────────────────────────────────────

  🟢 #7  NFLX260515P00092000
     Entry: $3.72  │  Bid: $4.50  Mid: $4.58  Ask: $4.65
     P&L:   +$85.50 (+23.0%)  │  Target: $7.44  Stop: $1.86
     [─────────●───────────]  Stop ←→ Target
     💭 Deep ITM put with 0.73 delta and 10 days to expiration offers defined ...

  🔴 #8  QQQ260508P00675000
     Entry: $2.68  │  Bid: $2.63  Mid: $2.64  Ask: $2.65
     P&L:   $-4.00 (-1.5%)  │  Target: $5.36  Stop: $1.34
     [──────●──────────────]  Stop ←→ Target
     💭 QQQ 675 puts with 3 DTE and 29.7 delta offer defined-risk downside exp...

  ⏳ Next check in 3 minutes...

  ─────────────────────────────────────────────────────────────────
  📡 POSITION CHECK — 14:55:04 EDT
  ─────────────────────────────────────────────────────────────────

  🟢 #7  NFLX260515P00092000
     Entry: $3.72  │  Bid: $4.50  Mid: $4.60  Ask: $4.70
     P&L:   +$88.00 (+23.7%)  │  Target: $7.44  Stop: $1.86
     [─────────●───────────]  Stop ←→ Target
     💭 Deep ITM put with 0.73 delta and 10 days to expiration offers defined ...

  🔴 #8  QQQ260508P00675000
     Entry: $2.68  │  Bid: $2.63  Mid: $2.63  Ask: $2.64
     P&L:   $-4.50 (-1.7%)  │  Target: $5.36  Stop: $1.34
     [──────●──────────────]  Stop ←→ Target
     💭 QQQ 675 puts with 3 DTE and 29.7 delta offer defined-risk downside exp...

  ⏳ Next check in 3 minutes...

  ─────────────────────────────────────────────────────────────────
  📡 POSITION CHECK — 14:55:25 EDT
  ─────────────────────────────────────────────────────────────────

  🟢 #7  NFLX260515P00092000
     Entry: $3.72  │  Bid: $4.50  Mid: $4.60  Ask: $4.70
     P&L:   +$88.00 (+23.7%)  │  Target: $7.44  Stop: $1.86
     [─────────●───────────]  Stop ←→ Target
     💭 Deep ITM put with 0.73 delta and 10 days to expiration offers defined ...

  🔴 #8  QQQ260508P00675000
     Entry: $2.68  │  Bid: $2.62  Mid: $2.62  Ask: $2.63
     P&L:   $-5.50 (-2.0%)  │  Target: $5.36  Stop: $1.34
     [──────●──────────────]  Stop ←→ Target
     💭 QQQ 675 puts with 3 DTE and 29.7 delta offer defined-risk downside exp...

  ⏳ Next check in 3 minutes...

  ─────────────────────────────────────────────────────────────────
  📡 POSITION CHECK — 14:58:04 EDT
  ─────────────────────────────────────────────────────────────────

  🟢 #7  NFLX260515P00092000
     Entry: $3.72  │  Bid: $4.50  Mid: $4.62  Ask: $4.75
     P&L:   +$90.50 (+24.3%)  │  Target: $7.44  Stop: $1.86
     [─────────●───────────]  Stop ←→ Target
     💭 Deep ITM put with 0.73 delta and 10 days to expiration offers defined ...

  🔴 #8  QQQ260508P00675000
     Entry: $2.68  │  Bid: $2.60  Mid: $2.60  Ask: $2.61
     P&L:   $-7.50 (-2.8%)  │  Target: $5.36  Stop: $1.34
     [──────●──────────────]  Stop ←→ Target
     💭 QQQ 675 puts with 3 DTE and 29.7 delta offer defined-risk downside exp...

  ⏳ Next check in 3 minutes...

  ─────────────────────────────────────────────────────────────────
  📡 POSITION CHECK — 14:58:26 EDT
  ─────────────────────────────────────────────────────────────────

  🟢 #7  NFLX260515P00092000
     Entry: $3.72  │  Bid: $4.50  Mid: $4.60  Ask: $4.70
     P&L:   +$88.00 (+23.7%)  │  Target: $7.44  Stop: $1.86
     [─────────●───────────]  Stop ←→ Target
     💭 Deep ITM put with 0.73 delta and 10 days to expiration offers defined ...

  🔴 #8  QQQ260508P00675000
     Entry: $2.68  │  Bid: $2.58  Mid: $2.59  Ask: $2.60
     P&L:   $-9.00 (-3.4%)  │  Target: $5.36  Stop: $1.34
     [──────●──────────────]  Stop ←→ Target
     💭 QQQ 675 puts with 3 DTE and 29.7 delta offer defined-risk downside exp...

  ⏳ Next check in 3 minutes...

  ─────────────────────────────────────────────────────────────────
  📡 POSITION CHECK — 15:01:05 EDT
  ─────────────────────────────────────────────────────────────────

  🟢 #7  NFLX260515P00092000
     Entry: $3.72  │  Bid: $4.55  Mid: $4.65  Ask: $4.75
     P&L:   +$93.00 (+25.0%)  │  Target: $7.44  Stop: $1.86
     [──────────●──────────]  Stop ←→ Target
     💭 Deep ITM put with 0.73 delta and 10 days to expiration offers defined ...

  🔴 #8  QQQ260508P00675000
     Entry: $2.68  │  Bid: $2.55  Mid: $2.56  Ask: $2.56
     P&L:   $-12.50 (-4.7%)  │  Target: $5.36  Stop: $1.34
     [──────●──────────────]  Stop ←→ Target
     💭 QQQ 675 puts with 3 DTE and 29.7 delta offer defined-risk downside exp...

  ⏳ Next check in 3 minutes...

  ─────────────────────────────────────────────────────────────────
  📡 POSITION CHECK — 15:01:27 EDT
  ─────────────────────────────────────────────────────────────────

  🟢 #7  NFLX260515P00092000
     Entry: $3.72  │  Bid: $4.55  Mid: $4.67  Ask: $4.80
     P&L:   +$95.50 (+25.7%)  │  Target: $7.44  Stop: $1.86
     [──────────●──────────]  Stop ←→ Target
     💭 Deep ITM put with 0.73 delta and 10 days to expiration offers defined ...

  🔴 #8  QQQ260508P00675000
     Entry: $2.68  │  Bid: $2.54  Mid: $2.54  Ask: $2.55
     P&L:   $-13.50 (-5.0%)  │  Target: $5.36  Stop: $1.34
     [─────●───────────────]  Stop ←→ Target
     💭 QQQ 675 puts with 3 DTE and 29.7 delta offer defined-risk downside exp...

  ⏳ Next check in 3 minutes...

  ─────────────────────────────────────────────────────────────────
  📡 POSITION CHECK — 15:04:05 EDT
  ─────────────────────────────────────────────────────────────────

  🟢 #7  NFLX260515P00092000
     Entry: $3.72  │  Bid: $4.60  Mid: $4.72  Ask: $4.85
     P&L:   +$100.50 (+27.0%)  │  Target: $7.44  Stop: $1.86
     [──────────●──────────]  Stop ←→ Target
     💭 Deep ITM put with 0.73 delta and 10 days to expiration offers defined ...

  🔴 #8  QQQ260508P00675000
     Entry: $2.68  │  Bid: $2.56  Mid: $2.56  Ask: $2.57
     P&L:   $-11.50 (-4.3%)  │  Target: $5.36  Stop: $1.34
     [──────●──────────────]  Stop ←→ Target
     💭 QQQ 675 puts with 3 DTE and 29.7 delta offer defined-risk downside exp...

  ⏳ Next check in 3 minutes...

  ─────────────────────────────────────────────────────────────────
  📡 POSITION CHECK — 15:04:28 EDT
  ─────────────────────────────────────────────────────────────────

  🟢 #7  NFLX260515P00092000
     Entry: $3.72  │  Bid: $4.60  Mid: $4.70  Ask: $4.80
     P&L:   +$98.00 (+26.3%)  │  Target: $7.44  Stop: $1.86
     [──────────●──────────]  Stop ←→ Target
     💭 Deep ITM put with 0.73 delta and 10 days to expiration offers defined ...

  🔴 #8  QQQ260508P00675000
     Entry: $2.68  │  Bid: $2.56  Mid: $2.57  Ask: $2.58
     P&L:   $-11.00 (-4.1%)  │  Target: $5.36  Stop: $1.34
     [──────●──────────────]  Stop ←→ Target
     💭 QQQ 675 puts with 3 DTE and 29.7 delta offer defined-risk downside exp...

  ⏳ Next check in 3 minutes...

  ─────────────────────────────────────────────────────────────────
  📡 POSITION CHECK — 15:07:06 EDT
  ─────────────────────────────────────────────────────────────────

  🟢 #7  NFLX260515P00092000
     Entry: $3.72  │  Bid: $4.65  Mid: $4.72  Ask: $4.80
     P&L:   +$100.50 (+27.0%)  │  Target: $7.44  Stop: $1.86
     [──────────●──────────]  Stop ←→ Target
     💭 Deep ITM put with 0.73 delta and 10 days to expiration offers defined ...

  🔴 #8  QQQ260508P00675000
     Entry: $2.68  │  Bid: $2.50  Mid: $2.51  Ask: $2.52
     P&L:   $-17.00 (-6.3%)  │  Target: $5.36  Stop: $1.34
     [─────●───────────────]  Stop ←→ Target
     💭 QQQ 675 puts with 3 DTE and 29.7 delta offer defined-risk downside exp...

  ⏳ Next check in 3 minutes...

  ─────────────────────────────────────────────────────────────────
  📡 POSITION CHECK — 15:07:28 EDT
  ─────────────────────────────────────────────────────────────────

  🟢 #7  NFLX260515P00092000
     Entry: $3.72  │  Bid: $4.65  Mid: $4.72  Ask: $4.80
     P&L:   +$100.50 (+27.0%)  │  Target: $7.44  Stop: $1.86
     [──────────●──────────]  Stop ←→ Target
     💭 Deep ITM put with 0.73 delta and 10 days to expiration offers defined ...

  🔴 #8  QQQ260508P00675000
     Entry: $2.68  │  Bid: $2.49  Mid: $2.50  Ask: $2.50
     P&L:   $-18.50 (-6.9%)  │  Target: $5.36  Stop: $1.34
     [─────●───────────────]  Stop ←→ Target
     💭 QQQ 675 puts with 3 DTE and 29.7 delta offer defined-risk downside exp...

  ⏳ Next check in 3 minutes...

  ─────────────────────────────────────────────────────────────────
  📡 POSITION CHECK — 15:10:07 EDT
  ─────────────────────────────────────────────────────────────────

  🟢 #7  NFLX260515P00092000
     Entry: $3.72  │  Bid: $4.65  Mid: $4.78  Ask: $4.90
     P&L:   +$105.50 (+28.4%)  │  Target: $7.44  Stop: $1.86
     [──────────●──────────]  Stop ←→ Target
     💭 Deep ITM put with 0.73 delta and 10 days to expiration offers defined ...

  🔴 #8  QQQ260508P00675000
     Entry: $2.68  │  Bid: $2.48  Mid: $2.48  Ask: $2.49
     P&L:   $-19.50 (-7.3%)  │  Target: $5.36  Stop: $1.34
     [─────●───────────────]  Stop ←→ Target
     💭 QQQ 675 puts with 3 DTE and 29.7 delta offer defined-risk downside exp...

  ⏳ Next check in 3 minutes...

  ─────────────────────────────────────────────────────────────────
  📡 POSITION CHECK — 15:10:29 EDT
  ─────────────────────────────────────────────────────────────────

  🟢 #7  NFLX260515P00092000
     Entry: $3.72  │  Bid: $4.65  Mid: $4.78  Ask: $4.90
     P&L:   +$105.50 (+28.4%)  │  Target: $7.44  Stop: $1.86
     [──────────●──────────]  Stop ←→ Target
     💭 Deep ITM put with 0.73 delta and 10 days to expiration offers defined ...

  🔴 #8  QQQ260508P00675000
     Entry: $2.68  │  Bid: $2.48  Mid: $2.48  Ask: $2.49
     P&L:   $-19.50 (-7.3%)  │  Target: $5.36  Stop: $1.34
     [─────●───────────────]  Stop ←→ Target
     💭 QQQ 675 puts with 3 DTE and 29.7 delta offer defined-risk downside exp...

  ⏳ Next check in 3 minutes...

  ─────────────────────────────────────────────────────────────────
  📡 POSITION CHECK — 15:13:07 EDT
  ─────────────────────────────────────────────────────────────────

  🟢 #7  NFLX260515P00092000
     Entry: $3.72  │  Bid: $4.65  Mid: $4.78  Ask: $4.90
     P&L:   +$105.50 (+28.4%)  │  Target: $7.44  Stop: $1.86
     [──────────●──────────]  Stop ←→ Target
     💭 Deep ITM put with 0.73 delta and 10 days to expiration offers defined ...

  🔴 #8  QQQ260508P00675000
     Entry: $2.68  │  Bid: $2.44  Mid: $2.44  Ask: $2.45
     P&L:   $-23.50 (-8.8%)  │  Target: $5.36  Stop: $1.34
     [─────●───────────────]  Stop ←→ Target
     💭 QQQ 675 puts with 3 DTE and 29.7 delta offer defined-risk downside exp...

  ⏳ Next check in 3 minutes...

  ─────────────────────────────────────────────────────────────────
  📡 POSITION CHECK — 15:13:30 EDT
  ─────────────────────────────────────────────────────────────────

  🟢 #7  NFLX260515P00092000
     Entry: $3.72  │  Bid: $4.65  Mid: $4.78  Ask: $4.90
     P&L:   +$105.50 (+28.4%)  │  Target: $7.44  Stop: $1.86
     [──────────●──────────]  Stop ←→ Target
     💭 Deep ITM put with 0.73 delta and 10 days to expiration offers defined ...

  🔴 #8  QQQ260508P00675000
     Entry: $2.68  │  Bid: $2.43  Mid: $2.44  Ask: $2.44
     P&L:   $-24.50 (-9.1%)  │  Target: $5.36  Stop: $1.34
     [─────●───────────────]  Stop ←→ Target
     💭 QQQ 675 puts with 3 DTE and 29.7 delta offer defined-risk downside exp...

  ⏳ Next check in 3 minutes...

  ─────────────────────────────────────────────────────────────────
  📡 POSITION CHECK — 15:16:08 EDT
  ─────────────────────────────────────────────────────────────────

  🟢 #7  NFLX260515P00092000
     Entry: $3.72  │  Bid: $4.65  Mid: $4.75  Ask: $4.85
     P&L:   +$103.00 (+27.7%)  │  Target: $7.44  Stop: $1.86
     [──────────●──────────]  Stop ←→ Target
     💭 Deep ITM put with 0.73 delta and 10 days to expiration offers defined ...

  🔴 #8  QQQ260508P00675000
     Entry: $2.68  │  Bid: $2.52  Mid: $2.52  Ask: $2.53
     P&L:   $-15.50 (-5.8%)  │  Target: $5.36  Stop: $1.34
     [─────●───────────────]  Stop ←→ Target
     💭 QQQ 675 puts with 3 DTE and 29.7 delta offer defined-risk downside exp...

  ⏳ Next check in 3 minutes...

  ─────────────────────────────────────────────────────────────────
  📡 POSITION CHECK — 15:16:31 EDT
  ─────────────────────────────────────────────────────────────────

  🟢 #7  NFLX260515P00092000
     Entry: $3.72  │  Bid: $4.65  Mid: $4.72  Ask: $4.80
     P&L:   +$100.50 (+27.0%)  │  Target: $7.44  Stop: $1.86
     [──────────●──────────]  Stop ←→ Target
     💭 Deep ITM put with 0.73 delta and 10 days to expiration offers defined ...

  🔴 #8  QQQ260508P00675000
     Entry: $2.68  │  Bid: $2.53  Mid: $2.54  Ask: $2.54
     P&L:   $-14.50 (-5.4%)  │  Target: $5.36  Stop: $1.34
     [─────●───────────────]  Stop ←→ Target
     💭 QQQ 675 puts with 3 DTE and 29.7 delta offer defined-risk downside exp...

  ⏳ Next check in 3 minutes...

  Refreshing auth token...

  ─────────────────────────────────────────────────────────────────
  📡 POSITION CHECK — 15:19:09 EDT
  ─────────────────────────────────────────────────────────────────

  🟢 #7  NFLX260515P00092000
     Entry: $3.72  │  Bid: $4.55  Mid: $4.62  Ask: $4.70
     P&L:   +$90.50 (+24.3%)  │  Target: $7.44  Stop: $1.86
     [─────────●───────────]  Stop ←→ Target
     💭 Deep ITM put with 0.73 delta and 10 days to expiration offers defined ...

  🔴 #8  QQQ260508P00675000
     Entry: $2.68  │  Bid: $2.48  Mid: $2.48  Ask: $2.49
     P&L:   $-19.50 (-7.3%)  │  Target: $5.36  Stop: $1.34
     [─────●───────────────]  Stop ←→ Target
     💭 QQQ 675 puts with 3 DTE and 29.7 delta offer defined-risk downside exp...

  ⏳ Next check in 3 minutes...

  Refreshing auth token...

  ─────────────────────────────────────────────────────────────────
  📡 POSITION CHECK — 15:19:33 EDT
  ─────────────────────────────────────────────────────────────────

  🟢 #7  NFLX260515P00092000
     Entry: $3.72  │  Bid: $4.55  Mid: $4.60  Ask: $4.65
     P&L:   +$88.00 (+23.7%)  │  Target: $7.44  Stop: $1.86
     [─────────●───────────]  Stop ←→ Target
     💭 Deep ITM put with 0.73 delta and 10 days to expiration offers defined ...

  🔴 #8  QQQ260508P00675000
     Entry: $2.68  │  Bid: $2.48  Mid: $2.49  Ask: $2.50
     P&L:   $-19.00 (-7.1%)  │  Target: $5.36  Stop: $1.34
     [─────●───────────────]  Stop ←→ Target
     💭 QQQ 675 puts with 3 DTE and 29.7 delta offer defined-risk downside exp...

  ⏳ Next check in 3 minutes...

  ─────────────────────────────────────────────────────────────────
  📡 POSITION CHECK — 15:22:10 EDT
  ─────────────────────────────────────────────────────────────────

  🟢 #7  NFLX260515P00092000
     Entry: $3.72  │  Bid: $4.40  Mid: $4.47  Ask: $4.55
     P&L:   +$75.50 (+20.3%)  │  Target: $7.44  Stop: $1.86
     [─────────●───────────]  Stop ←→ Target
     💭 Deep ITM put with 0.73 delta and 10 days to expiration offers defined ...

  🔴 #8  QQQ260508P00675000
     Entry: $2.68  │  Bid: $2.52  Mid: $2.53  Ask: $2.54
     P&L:   $-15.00 (-5.6%)  │  Target: $5.36  Stop: $1.34
     [─────●───────────────]  Stop ←→ Target
     💭 QQQ 675 puts with 3 DTE and 29.7 delta offer defined-risk downside exp...

  ⏳ Next check in 3 minutes...

  ─────────────────────────────────────────────────────────────────
  📡 POSITION CHECK — 15:22:34 EDT
  ─────────────────────────────────────────────────────────────────

  🟢 #7  NFLX260515P00092000
     Entry: $3.72  │  Bid: $4.40  Mid: $4.45  Ask: $4.50
     P&L:   +$73.00 (+19.6%)  │  Target: $7.44  Stop: $1.86
     [─────────●───────────]  Stop ←→ Target
     💭 Deep ITM put with 0.73 delta and 10 days to expiration offers defined ...

  🔴 #8  QQQ260508P00675000
     Entry: $2.68  │  Bid: $2.50  Mid: $2.50  Ask: $2.51
     P&L:   $-17.50 (-6.5%)  │  Target: $5.36  Stop: $1.34
     [─────●───────────────]  Stop ←→ Target
     💭 QQQ 675 puts with 3 DTE and 29.7 delta offer defined-risk downside exp...

  ⏳ Next check in 3 minutes...

  ─────────────────────────────────────────────────────────────────
  📡 POSITION CHECK — 15:25:11 EDT
  ─────────────────────────────────────────────────────────────────

  🟢 #7  NFLX260515P00092000
     Entry: $3.72  │  Bid: $4.40  Mid: $4.45  Ask: $4.50
     P&L:   +$73.00 (+19.6%)  │  Target: $7.44  Stop: $1.86
     [─────────●───────────]  Stop ←→ Target
     💭 Deep ITM put with 0.73 delta and 10 days to expiration offers defined ...

  🔴 #8  QQQ260508P00675000
     Entry: $2.68  │  Bid: $2.49  Mid: $2.50  Ask: $2.50
     P&L:   $-18.50 (-6.9%)  │  Target: $5.36  Stop: $1.34
     [─────●───────────────]  Stop ←→ Target
     💭 QQQ 675 puts with 3 DTE and 29.7 delta offer defined-risk downside exp...

  ⏳ Next check in 3 minutes...

  ─────────────────────────────────────────────────────────────────
  📡 POSITION CHECK — 15:25:35 EDT
  ─────────────────────────────────────────────────────────────────

  🟢 #7  NFLX260515P00092000
     Entry: $3.72  │  Bid: $4.40  Mid: $4.45  Ask: $4.50
     P&L:   +$73.00 (+19.6%)  │  Target: $7.44  Stop: $1.86
     [─────────●───────────]  Stop ←→ Target
     💭 Deep ITM put with 0.73 delta and 10 days to expiration offers defined ...

  🔴 #8  QQQ260508P00675000
     Entry: $2.68  │  Bid: $2.49  Mid: $2.50  Ask: $2.51
     P&L:   $-18.00 (-6.7%)  │  Target: $5.36  Stop: $1.34
     [─────●───────────────]  Stop ←→ Target
     💭 QQQ 675 puts with 3 DTE and 29.7 delta offer defined-risk downside exp...

  ⏳ Next check in 3 minutes...

  ─────────────────────────────────────────────────────────────────
  📡 POSITION CHECK — 15:28:11 EDT
  ─────────────────────────────────────────────────────────────────

  🟢 #7  NFLX260515P00092000
     Entry: $3.72  │  Bid: $4.35  Mid: $4.40  Ask: $4.45
     P&L:   +$68.00 (+18.3%)  │  Target: $7.44  Stop: $1.86
     [─────────●───────────]  Stop ←→ Target
     💭 Deep ITM put with 0.73 delta and 10 days to expiration offers defined ...

  🔴 #8  QQQ260508P00675000
     Entry: $2.68  │  Bid: $2.50  Mid: $2.51  Ask: $2.52
     P&L:   $-17.00 (-6.3%)  │  Target: $5.36  Stop: $1.34
     [─────●───────────────]  Stop ←→ Target
     💭 QQQ 675 puts with 3 DTE and 29.7 delta offer defined-risk downside exp...

  ⏳ Next check in 3 minutes...

  ─────────────────────────────────────────────────────────────────
  📡 POSITION CHECK — 15:28:36 EDT
  ─────────────────────────────────────────────────────────────────

  🟢 #7  NFLX260515P00092000
     Entry: $3.72  │  Bid: $4.35  Mid: $4.40  Ask: $4.45
     P&L:   +$68.00 (+18.3%)  │  Target: $7.44  Stop: $1.86
     [─────────●───────────]  Stop ←→ Target
     💭 Deep ITM put with 0.73 delta and 10 days to expiration offers defined ...

  🔴 #8  QQQ260508P00675000
     Entry: $2.68  │  Bid: $2.49  Mid: $2.50  Ask: $2.50
     P&L:   $-18.50 (-6.9%)  │  Target: $5.36  Stop: $1.34
     [─────●───────────────]  Stop ←→ Target
     💭 QQQ 675 puts with 3 DTE and 29.7 delta offer defined-risk downside exp...

  ⏳ Next check in 3 minutes...

  ─────────────────────────────────────────────────────────────────
  📡 POSITION CHECK — 15:31:12 EDT
  ─────────────────────────────────────────────────────────────────

  🟢 #7  NFLX260515P00092000
     Entry: $3.72  │  Bid: $4.35  Mid: $4.42  Ask: $4.50
     P&L:   +$70.50 (+18.9%)  │  Target: $7.44  Stop: $1.86
     [─────────●───────────]  Stop ←→ Target
     💭 Deep ITM put with 0.73 delta and 10 days to expiration offers defined ...

  🔴 #8  QQQ260508P00675000
     Entry: $2.68  │  Bid: $2.52  Mid: $2.52  Ask: $2.53
     P&L:   $-15.50 (-5.8%)  │  Target: $5.36  Stop: $1.34
     [─────●───────────────]  Stop ←→ Target
     💭 QQQ 675 puts with 3 DTE and 29.7 delta offer defined-risk downside exp...

  ⏳ Next check in 3 minutes...

  ─────────────────────────────────────────────────────────────────
  📡 POSITION CHECK — 15:31:37 EDT
  ─────────────────────────────────────────────────────────────────

  🟢 #7  NFLX260515P00092000
     Entry: $3.72  │  Bid: $4.35  Mid: $4.42  Ask: $4.50
     P&L:   +$70.50 (+18.9%)  │  Target: $7.44  Stop: $1.86
     [─────────●───────────]  Stop ←→ Target
     💭 Deep ITM put with 0.73 delta and 10 days to expiration offers defined ...

  🔴 #8  QQQ260508P00675000
     Entry: $2.68  │  Bid: $2.54  Mid: $2.54  Ask: $2.55
     P&L:   $-13.50 (-5.0%)  │  Target: $5.36  Stop: $1.34
     [─────●───────────────]  Stop ←→ Target
     💭 QQQ 675 puts with 3 DTE and 29.7 delta offer defined-risk downside exp...

  ⏳ Next check in 3 minutes...

  ─────────────────────────────────────────────────────────────────
  📡 POSITION CHECK — 15:34:13 EDT
  ─────────────────────────────────────────────────────────────────

  🟢 #7  NFLX260515P00092000
     Entry: $3.72  │  Bid: $4.35  Mid: $4.47  Ask: $4.60
     P&L:   +$75.50 (+20.3%)  │  Target: $7.44  Stop: $1.86
     [─────────●───────────]  Stop ←→ Target
     💭 Deep ITM put with 0.73 delta and 10 days to expiration offers defined ...

  🔴 #8  QQQ260508P00675000
     Entry: $2.68  │  Bid: $2.54  Mid: $2.55  Ask: $2.56
     P&L:   $-13.00 (-4.8%)  │  Target: $5.36  Stop: $1.34
     [──────●──────────────]  Stop ←→ Target
     💭 QQQ 675 puts with 3 DTE and 29.7 delta offer defined-risk downside exp...

  ⏳ Next check in 3 minutes...

  ─────────────────────────────────────────────────────────────────
  📡 POSITION CHECK — 15:34:37 EDT
  ─────────────────────────────────────────────────────────────────

  🟢 #7  NFLX260515P00092000
     Entry: $3.72  │  Bid: $4.35  Mid: $4.47  Ask: $4.60
     P&L:   +$75.50 (+20.3%)  │  Target: $7.44  Stop: $1.86
     [─────────●───────────]  Stop ←→ Target
     💭 Deep ITM put with 0.73 delta and 10 days to expiration offers defined ...

  🔴 #8  QQQ260508P00675000
     Entry: $2.68  │  Bid: $2.56  Mid: $2.57  Ask: $2.58
     P&L:   $-11.00 (-4.1%)  │  Target: $5.36  Stop: $1.34
     [──────●──────────────]  Stop ←→ Target
     💭 QQQ 675 puts with 3 DTE and 29.7 delta offer defined-risk downside exp...

  ⏳ Next check in 3 minutes...

  ─────────────────────────────────────────────────────────────────
  📡 POSITION CHECK — 15:37:13 EDT
  ─────────────────────────────────────────────────────────────────

  🟢 #7  NFLX260515P00092000
     Entry: $3.72  │  Bid: $4.40  Mid: $4.47  Ask: $4.55
     P&L:   +$75.50 (+20.3%)  │  Target: $7.44  Stop: $1.86
     [─────────●───────────]  Stop ←→ Target
     💭 Deep ITM put with 0.73 delta and 10 days to expiration offers defined ...

  🔴 #8  QQQ260508P00675000
     Entry: $2.68  │  Bid: $2.55  Mid: $2.56  Ask: $2.57
     P&L:   $-12.00 (-4.5%)  │  Target: $5.36  Stop: $1.34
     [──────●──────────────]  Stop ←→ Target
     💭 QQQ 675 puts with 3 DTE and 29.7 delta offer defined-risk downside exp...

  ⏳ Next check in 3 minutes...

  ─────────────────────────────────────────────────────────────────
  📡 POSITION CHECK — 15:37:38 EDT
  ─────────────────────────────────────────────────────────────────

  🟢 #7  NFLX260515P00092000
     Entry: $3.72  │  Bid: $4.40  Mid: $4.50  Ask: $4.60
     P&L:   +$78.00 (+21.0%)  │  Target: $7.44  Stop: $1.86
     [─────────●───────────]  Stop ←→ Target
     💭 Deep ITM put with 0.73 delta and 10 days to expiration offers defined ...

  🔴 #8  QQQ260508P00675000
     Entry: $2.68  │  Bid: $2.53  Mid: $2.54  Ask: $2.55
     P&L:   $-14.00 (-5.2%)  │  Target: $5.36  Stop: $1.34
     [─────●───────────────]  Stop ←→ Target
     💭 QQQ 675 puts with 3 DTE and 29.7 delta offer defined-risk downside exp...

  ⏳ Next check in 3 minutes...

  ─────────────────────────────────────────────────────────────────
  📡 POSITION CHECK — 15:40:14 EDT
  ─────────────────────────────────────────────────────────────────

  🟢 #7  NFLX260515P00092000
     Entry: $3.72  │  Bid: $4.40  Mid: $4.50  Ask: $4.60
     P&L:   +$78.00 (+21.0%)  │  Target: $7.44  Stop: $1.86
     [─────────●───────────]  Stop ←→ Target
     💭 Deep ITM put with 0.73 delta and 10 days to expiration offers defined ...

  🔴 #8  QQQ260508P00675000
     Entry: $2.68  │  Bid: $2.48  Mid: $2.49  Ask: $2.50
     P&L:   $-19.00 (-7.1%)  │  Target: $5.36  Stop: $1.34
     [─────●───────────────]  Stop ←→ Target
     💭 QQQ 675 puts with 3 DTE and 29.7 delta offer defined-risk downside exp...

  ⏳ Next check in 3 minutes...

  ─────────────────────────────────────────────────────────────────
  📡 POSITION CHECK — 15:40:39 EDT
  ─────────────────────────────────────────────────────────────────

  🟢 #7  NFLX260515P00092000
     Entry: $3.72  │  Bid: $4.40  Mid: $4.50  Ask: $4.60
     P&L:   +$78.00 (+21.0%)  │  Target: $7.44  Stop: $1.86
     [─────────●───────────]  Stop ←→ Target
     💭 Deep ITM put with 0.73 delta and 10 days to expiration offers defined ...

  🔴 #8  QQQ260508P00675000
     Entry: $2.68  │  Bid: $2.47  Mid: $2.48  Ask: $2.49
     P&L:   $-20.00 (-7.5%)  │  Target: $5.36  Stop: $1.34
     [─────●───────────────]  Stop ←→ Target
     💭 QQQ 675 puts with 3 DTE and 29.7 delta offer defined-risk downside exp...

  ⏳ Next check in 3 minutes...

  ─────────────────────────────────────────────────────────────────
  📡 POSITION CHECK — 15:43:15 EDT
  ─────────────────────────────────────────────────────────────────

  🟢 #7  NFLX260515P00092000
     Entry: $3.72  │  Bid: $4.40  Mid: $4.47  Ask: $4.55
     P&L:   +$75.50 (+20.3%)  │  Target: $7.44  Stop: $1.86
     [─────────●───────────]  Stop ←→ Target
     💭 Deep ITM put with 0.73 delta and 10 days to expiration offers defined ...

  🔴 #8  QQQ260508P00675000
     Entry: $2.68  │  Bid: $2.53  Mid: $2.54  Ask: $2.54
     P&L:   $-14.50 (-5.4%)  │  Target: $5.36  Stop: $1.34
     [─────●───────────────]  Stop ←→ Target
     💭 QQQ 675 puts with 3 DTE and 29.7 delta offer defined-risk downside exp...

  ⏳ Next check in 3 minutes...

  ─────────────────────────────────────────────────────────────────
  📡 POSITION CHECK — 15:43:40 EDT
  ─────────────────────────────────────────────────────────────────

  🟢 #7  NFLX260515P00092000
     Entry: $3.72  │  Bid: $4.40  Mid: $4.47  Ask: $4.55
     P&L:   +$75.50 (+20.3%)  │  Target: $7.44  Stop: $1.86
     [─────────●───────────]  Stop ←→ Target
     💭 Deep ITM put with 0.73 delta and 10 days to expiration offers defined ...

  🔴 #8  QQQ260508P00675000
     Entry: $2.68  │  Bid: $2.53  Mid: $2.54  Ask: $2.54
     P&L:   $-14.50 (-5.4%)  │  Target: $5.36  Stop: $1.34
     [─────●───────────────]  Stop ←→ Target
     💭 QQQ 675 puts with 3 DTE and 29.7 delta offer defined-risk downside exp...

  ⏳ Next check in 3 minutes...

  ─────────────────────────────────────────────────────────────────
  📡 POSITION CHECK — 15:46:16 EDT
  ─────────────────────────────────────────────────────────────────

  🟢 #7  NFLX260515P00092000
     Entry: $3.72  │  Bid: $4.40  Mid: $4.47  Ask: $4.55
     P&L:   +$75.50 (+20.3%)  │  Target: $7.44  Stop: $1.86
     [─────────●───────────]  Stop ←→ Target
     💭 Deep ITM put with 0.73 delta and 10 days to expiration offers defined ...

  🔴 #8  QQQ260508P00675000
     Entry: $2.68  │  Bid: $2.52  Mid: $2.52  Ask: $2.53
     P&L:   $-15.50 (-5.8%)  │  Target: $5.36  Stop: $1.34
     [─────●───────────────]  Stop ←→ Target
     💭 QQQ 675 puts with 3 DTE and 29.7 delta offer defined-risk downside exp...

  ⏳ Next check in 3 minutes...

  ─────────────────────────────────────────────────────────────────
  📡 POSITION CHECK — 15:46:41 EDT
  ─────────────────────────────────────────────────────────────────

  🟢 #7  NFLX260515P00092000
     Entry: $3.72  │  Bid: $4.40  Mid: $4.47  Ask: $4.55
     P&L:   +$75.50 (+20.3%)  │  Target: $7.44  Stop: $1.86
     [─────────●───────────]  Stop ←→ Target
     💭 Deep ITM put with 0.73 delta and 10 days to expiration offers defined ...

  🔴 #8  QQQ260508P00675000
     Entry: $2.68  │  Bid: $2.54  Mid: $2.54  Ask: $2.55
     P&L:   $-13.50 (-5.0%)  │  Target: $5.36  Stop: $1.34
     [─────●───────────────]  Stop ←→ Target
     💭 QQQ 675 puts with 3 DTE and 29.7 delta offer defined-risk downside exp...

  ⏳ Next check in 3 minutes...

  ─────────────────────────────────────────────────────────────────
  📡 POSITION CHECK — 15:49:17 EDT
  ─────────────────────────────────────────────────────────────────

  🟢 #7  NFLX260515P00092000
     Entry: $3.72  │  Bid: $4.35  Mid: $4.42  Ask: $4.50
     P&L:   +$70.50 (+18.9%)  │  Target: $7.44  Stop: $1.86
     [─────────●───────────]  Stop ←→ Target
     💭 Deep ITM put with 0.73 delta and 10 days to expiration offers defined ...

  🔴 #8  QQQ260508P00675000
     Entry: $2.68  │  Bid: $2.56  Mid: $2.57  Ask: $2.58
     P&L:   $-11.00 (-4.1%)  │  Target: $5.36  Stop: $1.34
     [──────●──────────────]  Stop ←→ Target
     💭 QQQ 675 puts with 3 DTE and 29.7 delta offer defined-risk downside exp...

  ⏳ Next check in 3 minutes...

  ─────────────────────────────────────────────────────────────────
  📡 POSITION CHECK — 15:49:42 EDT
  ─────────────────────────────────────────────────────────────────

  🟢 #7  NFLX260515P00092000
     Entry: $3.72  │  Bid: $4.35  Mid: $4.40  Ask: $4.45
     P&L:   +$68.00 (+18.3%)  │  Target: $7.44  Stop: $1.86
     [─────────●───────────]  Stop ←→ Target
     💭 Deep ITM put with 0.73 delta and 10 days to expiration offers defined ...

  🔴 #8  QQQ260508P00675000
     Entry: $2.68  │  Bid: $2.58  Mid: $2.59  Ask: $2.60
     P&L:   $-9.00 (-3.4%)  │  Target: $5.36  Stop: $1.34
     [──────●──────────────]  Stop ←→ Target
     💭 QQQ 675 puts with 3 DTE and 29.7 delta offer defined-risk downside exp...

  ⏳ Next check in 3 minutes...

  ─────────────────────────────────────────────────────────────────
  📡 POSITION CHECK — 15:52:17 EDT
  ─────────────────────────────────────────────────────────────────

  🟢 #7  NFLX260515P00092000
     Entry: $3.72  │  Bid: $4.45  Mid: $4.58  Ask: $4.70
     P&L:   +$85.50 (+23.0%)  │  Target: $7.44  Stop: $1.86
     [─────────●───────────]  Stop ←→ Target
     💭 Deep ITM put with 0.73 delta and 10 days to expiration offers defined ...

  🟢 #8  QQQ260508P00675000
     Entry: $2.68  │  Bid: $2.69  Mid: $2.69  Ask: $2.70
     P&L:   +$1.50 (+0.6%)  │  Target: $5.36  Stop: $1.34
     [──────●──────────────]  Stop ←→ Target
     💭 QQQ 675 puts with 3 DTE and 29.7 delta offer defined-risk downside exp...

  ⏳ Next check in 3 minutes...

  ─────────────────────────────────────────────────────────────────
  📡 POSITION CHECK — 15:52:42 EDT
  ─────────────────────────────────────────────────────────────────

  🟢 #7  NFLX260515P00092000
     Entry: $3.72  │  Bid: $4.45  Mid: $4.58  Ask: $4.70
     P&L:   +$85.50 (+23.0%)  │  Target: $7.44  Stop: $1.86
     [─────────●───────────]  Stop ←→ Target
     💭 Deep ITM put with 0.73 delta and 10 days to expiration offers defined ...

  🟢 #8  QQQ260508P00675000
     Entry: $2.68  │  Bid: $2.72  Mid: $2.73  Ask: $2.74
     P&L:   +$5.00 (+1.9%)  │  Target: $5.36  Stop: $1.34
     [──────●──────────────]  Stop ←→ Target
     💭 QQQ 675 puts with 3 DTE and 29.7 delta offer defined-risk downside exp...

  ⏳ Next check in 3 minutes...

  ─────────────────────────────────────────────────────────────────
  📡 POSITION CHECK — 15:55:18 EDT
  ─────────────────────────────────────────────────────────────────

  🟢 #7  NFLX260515P00092000
     Entry: $3.72  │  Bid: $4.40  Mid: $4.65  Ask: $4.90
     P&L:   +$93.00 (+25.0%)  │  Target: $7.44  Stop: $1.86
     [──────────●──────────]  Stop ←→ Target
     💭 Deep ITM put with 0.73 delta and 10 days to expiration offers defined ...

  🟢 #8  QQQ260508P00675000
     Entry: $2.68  │  Bid: $2.73  Mid: $2.75  Ask: $2.77
     P&L:   +$7.00 (+2.6%)  │  Target: $5.36  Stop: $1.34
     [───────●─────────────]  Stop ←→ Target
     💭 QQQ 675 puts with 3 DTE and 29.7 delta offer defined-risk downside exp...

  ⏳ Next check in 3 minutes...

  ─────────────────────────────────────────────────────────────────
  📡 POSITION CHECK — 15:55:43 EDT
  ─────────────────────────────────────────────────────────────────

  🟢 #7  NFLX260515P00092000
     Entry: $3.72  │  Bid: $4.55  Mid: $4.72  Ask: $4.90
     P&L:   +$100.50 (+27.0%)  │  Target: $7.44  Stop: $1.86
     [──────────●──────────]  Stop ←→ Target
     💭 Deep ITM put with 0.73 delta and 10 days to expiration offers defined ...

  🟢 #8  QQQ260508P00675000
     Entry: $2.68  │  Bid: $2.75  Mid: $2.77  Ask: $2.78
     P&L:   +$8.50 (+3.2%)  │  Target: $5.36  Stop: $1.34
     [───────●─────────────]  Stop ←→ Target
     💭 QQQ 675 puts with 3 DTE and 29.7 delta offer defined-risk downside exp...

  ⏳ Next check in 3 minutes...

  ─────────────────────────────────────────────────────────────────
  📡 POSITION CHECK — 15:58:18 EDT
  ─────────────────────────────────────────────────────────────────

  🟢 #7  NFLX260515P00092000
     Entry: $3.72  │  Bid: $4.55  Mid: $4.62  Ask: $4.70
     P&L:   +$90.50 (+24.3%)  │  Target: $7.44  Stop: $1.86
     [─────────●───────────]  Stop ←→ Target
     💭 Deep ITM put with 0.73 delta and 10 days to expiration offers defined ...

  🔴 #8  QQQ260508P00675000
     Entry: $2.68  │  Bid: $2.63  Mid: $2.63  Ask: $2.64
     P&L:   $-4.50 (-1.7%)  │  Target: $5.36  Stop: $1.34
     [──────●──────────────]  Stop ←→ Target
     💭 QQQ 675 puts with 3 DTE and 29.7 delta offer defined-risk downside exp...

  ⏳ Next check in 3 minutes...

  ─────────────────────────────────────────────────────────────────
  📡 POSITION CHECK — 15:58:44 EDT
  ─────────────────────────────────────────────────────────────────

  🟢 #7  NFLX260515P00092000
     Entry: $3.72  │  Bid: $4.50  Mid: $4.58  Ask: $4.65
     P&L:   +$85.50 (+23.0%)  │  Target: $7.44  Stop: $1.86
     [─────────●───────────]  Stop ←→ Target
     💭 Deep ITM put with 0.73 delta and 10 days to expiration offers defined ...

  🔴 #8  QQQ260508P00675000
     Entry: $2.68  │  Bid: $2.59  Mid: $2.60  Ask: $2.60
     P&L:   $-8.50 (-3.2%)  │  Target: $5.36  Stop: $1.34
     [──────●──────────────]  Stop ←→ Target
     💭 QQQ 675 puts with 3 DTE and 29.7 delta offer defined-risk downside exp...

  ⏳ Next check in 3 minutes...

  Market closed. Next open: 2026-05-06 09:29 EDT (17h 28m)
  Sleeping until market open...

  =================================================================
  📊 SESSION SUMMARY — 2026-05-05 16:01 EDT
  =================================================================
  Price checks run:    147
  Auto-closes today:   1
  Open positions:      2
  Total P&L:           +$69,982.00
  Win rate:            20.0%  (1W/4L)
  =================================================================

  Market closed. Next open: 2026-05-06 09:29 EDT (17h 28m)
  Sleeping until market open...

  =================================================================
  📊 SESSION SUMMARY — 2026-05-05 16:01 EDT
  =================================================================
  Price checks run:    119
  Auto-closes today:   0
  Open positions:      2
  Total P&L:           +$69,982.00
  Win rate:            20.0%  (1W/4L)
  =================================================================


  Monitor stopped by user.

  =================================================================
  📊 SESSION SUMMARY — 2026-05-05 16:55 EDT
  =================================================================
  Price checks run:    147
  Auto-closes today:   1
  Open positions:      3
  Total P&L:           +$69,982.00
  Win rate:            20.0%  (1W/4L)
  =================================================================

  Market closed. Next open: 2026-05-06 09:29 EDT (16h 28m)
  Sleeping until market open...

  =================================================================
  📊 SESSION SUMMARY — 2026-05-05 17:01 EDT
  =================================================================
  Price checks run:    119
  Auto-closes today:   0
  Open positions:      3
  Total P&L:           +$69,982.00
  Win rate:            20.0%  (1W/4L)
  =================================================================
