
[Session started: 2026-05-04 07:29:05]

======================================================================
  🔄 OPTIONS FLOW SCANNER — SCHEDULER
  Started: 2026-05-04 07:29:05 EDT
  Scan interval: every 30 minutes during market hours
  Market hours: 9:30 — 16:00 Eastern
  Scanner: fetch_trades.py
  Press Ctrl+C to stop
======================================================================

  Market is currently closed.
  Next open: 2026-05-04 09:29 EDT (2h 0m from now)
  Sleeping until market open...

[Session started: 2026-05-04 07:34:23]

======================================================================
  🔄 OPTIONS FLOW SCANNER — SCHEDULER
  Started: 2026-05-04 07:34:23 EDT
  Scan interval: every 30 minutes during market hours
  Market hours: 9:30 — 16:00 Eastern
  Scanner: fetch_trades.py
  Press Ctrl+C to stop
======================================================================

  Market is currently closed.
  Next open: 2026-05-04 09:29 EDT (1h 55m from now)
  Sleeping until market open...

  Market is currently closed.
  Next open: 2026-05-04 09:29 EDT (1h 0m from now)
  Sleeping until market open...

  Market is currently closed.
  Next open: 2026-05-04 09:29 EDT (0h 55m from now)
  Sleeping until market open...

  Market is currently closed.
  Next open: 2026-05-04 09:29 EDT (0h 0m from now)
  Sleeping until market open...

  Market is currently closed.
  Next open: 2026-05-04 09:29 EDT (0h 0m from now)
  Sleeping until market open...

  Market is currently closed.
  Next open: 2026-05-04 09:29 EDT (0h 0m from now)
  Sleeping until market open...

  Market is currently closed.
  Next open: 2026-05-04 09:29 EDT (0h 0m from now)
  Sleeping until market open...

  Market is currently closed.
  Next open: 2026-05-04 09:29 EDT (0h 0m from now)
  Sleeping until market open...

  Market is currently closed.
  Next open: 2026-05-04 09:29 EDT (0h 0m from now)
  Sleeping until market open...

  Market is currently closed.
  Next open: 2026-05-04 09:29 EDT (0h 0m from now)
  Sleeping until market open...

  Market is currently closed.
  Next open: 2026-05-04 09:29 EDT (0h 0m from now)
  Sleeping until market open...

  Market is currently closed.
  Next open: 2026-05-04 09:29 EDT (0h 0m from now)
  Sleeping until market open...

  Market is currently closed.
  Next open: 2026-05-04 09:29 EDT (0h 0m from now)
  Sleeping until market open...

  Market is currently closed.
  Next open: 2026-05-04 09:29 EDT (0h 0m from now)
  Sleeping until market open...

  Market is currently closed.
  Next open: 2026-05-04 09:29 EDT (0h 0m from now)
  Sleeping until market open...

  Market is currently closed.
  Next open: 2026-05-04 09:29 EDT (0h 0m from now)
  Sleeping until market open...

  Market is currently closed.
  Next open: 2026-05-04 09:29 EDT (0h 0m from now)
  Sleeping until market open...

  Market is currently closed.
  Next open: 2026-05-04 09:29 EDT (0h 0m from now)
  Sleeping until market open...

  Market is currently closed.
  Next open: 2026-05-04 09:29 EDT (0h 0m from now)
  Sleeping until market open...

  Market is currently closed.
  Next open: 2026-05-04 09:29 EDT (0h 0m from now)
  Sleeping until market open...

  Market is currently closed.
  Next open: 2026-05-04 09:29 EDT (0h 0m from now)
  Sleeping until market open...

  Market is currently closed.
  Next open: 2026-05-04 09:29 EDT (0h 0m from now)
  Sleeping until market open...

  Market is currently closed.
  Next open: 2026-05-04 09:29 EDT (0h 0m from now)
  Sleeping until market open...

  Market is currently closed.
  Next open: 2026-05-04 09:29 EDT (0h 0m from now)
  Sleeping until market open...

  Market is currently closed.
  Next open: 2026-05-04 09:29 EDT (0h 0m from now)
  Sleeping until market open...

  Market is currently closed.
  Next open: 2026-05-04 09:29 EDT (0h 0m from now)
  Sleeping until market open...

  Market is currently closed.
  Next open: 2026-05-04 09:29 EDT (0h 0m from now)
  Sleeping until market open...

  Market is currently closed.
  Next open: 2026-05-04 09:29 EDT (0h 0m from now)
  Sleeping until market open...

  Market is currently closed.
  Next open: 2026-05-04 09:29 EDT (0h 0m from now)
  Sleeping until market open...

  Market is currently closed.
  Next open: 2026-05-04 09:29 EDT (0h 0m from now)
  Sleeping until market open...

  Market is currently closed.
  Next open: 2026-05-04 09:29 EDT (0h 0m from now)
  Sleeping until market open...

  Market is currently closed.
  Next open: 2026-05-04 09:29 EDT (0h 0m from now)
  Sleeping until market open...

  Market is currently closed.
  Next open: 2026-05-04 09:29 EDT (0h 0m from now)
  Sleeping until market open...

  Market is currently closed.
  Next open: 2026-05-04 09:29 EDT (0h 0m from now)
  Sleeping until market open...

  Market is currently closed.
  Next open: 2026-05-04 09:29 EDT (0h 0m from now)
  Sleeping until market open...

  Market is currently closed.
  Next open: 2026-05-04 09:29 EDT (0h 0m from now)
  Sleeping until market open...

  Market is currently closed.
  Next open: 2026-05-04 09:29 EDT (0h 0m from now)
  Sleeping until market open...

  Market is currently closed.
  Next open: 2026-05-04 09:29 EDT (0h 0m from now)
  Sleeping until market open...

  Market is currently closed.
  Next open: 2026-05-04 09:29 EDT (0h 0m from now)
  Sleeping until market open...

  Market is currently closed.
  Next open: 2026-05-04 09:29 EDT (0h 0m from now)
  Sleeping until market open...

  Market is currently closed.
  Next open: 2026-05-04 09:29 EDT (0h 0m from now)
  Sleeping until market open...

  Market is currently closed.
  Next open: 2026-05-04 09:29 EDT (0h 0m from now)
  Sleeping until market open...

  Market is currently closed.
  Next open: 2026-05-04 09:29 EDT (0h 0m from now)
  Sleeping until market open...

  Market is currently closed.
  Next open: 2026-05-04 09:29 EDT (0h 0m from now)
  Sleeping until market open...

  Market is currently closed.
  Next open: 2026-05-04 09:29 EDT (0h 0m from now)
  Sleeping until market open...

  Market is currently closed.
  Next open: 2026-05-04 09:29 EDT (0h 0m from now)
  Sleeping until market open...

  Market is currently closed.
  Next open: 2026-05-04 09:29 EDT (0h 0m from now)
  Sleeping until market open...

  Market is currently closed.
  Next open: 2026-05-04 09:29 EDT (0h 0m from now)
  Sleeping until market open...

  Market is currently closed.
  Next open: 2026-05-04 09:29 EDT (0h 0m from now)
  Sleeping until market open...

  Market is currently closed.
  Next open: 2026-05-04 09:29 EDT (0h 0m from now)
  Sleeping until market open...

  Market is currently closed.
  Next open: 2026-05-04 09:29 EDT (0h 0m from now)
  Sleeping until market open...

  Market is currently closed.
  Next open: 2026-05-04 09:29 EDT (0h 0m from now)
  Sleeping until market open...

  Market is currently closed.
  Next open: 2026-05-04 09:29 EDT (0h 0m from now)
  Sleeping until market open...

  Market is currently closed.
  Next open: 2026-05-04 09:29 EDT (0h 0m from now)
  Sleeping until market open...

  Market is currently closed.
  Next open: 2026-05-04 09:29 EDT (0h 0m from now)
  Sleeping until market open...

  Market is currently closed.
  Next open: 2026-05-04 09:29 EDT (0h 0m from now)
  Sleeping until market open...

  Market is currently closed.
  Next open: 2026-05-04 09:29 EDT (0h 0m from now)
  Sleeping until market open...

  Market is currently closed.
  Next open: 2026-05-04 09:29 EDT (0h 0m from now)
  Sleeping until market open...

  Market is currently closed.
  Next open: 2026-05-04 09:29 EDT (0h 0m from now)
  Sleeping until market open...

  Market is currently closed.
  Next open: 2026-05-04 09:29 EDT (0h 0m from now)
  Sleeping until market open...

  Market is currently closed.
  Next open: 2026-05-04 09:29 EDT (0h 0m from now)
  Sleeping until market open...

  Market is currently closed.
  Next open: 2026-05-04 09:29 EDT (0h 0m from now)
  Sleeping until market open...

  Market is currently closed.
  Next open: 2026-05-04 09:29 EDT (0h 0m from now)
  Sleeping until market open...

  Market is currently closed.
  Next open: 2026-05-04 09:29 EDT (0h 0m from now)
  Sleeping until market open...

  Market is currently closed.
  Next open: 2026-05-04 09:29 EDT (0h 0m from now)
  Sleeping until market open...

  Market is currently closed.
  Next open: 2026-05-04 09:29 EDT (0h 0m from now)
  Sleeping until market open...

  Market is currently closed.
  Next open: 2026-05-04 09:29 EDT (0h 0m from now)
  Sleeping until market open...

  Market is currently closed.
  Next open: 2026-05-04 09:29 EDT (0h 0m from now)
  Sleeping until market open...

  Market is currently closed.
  Next open: 2026-05-04 09:29 EDT (0h 0m from now)
  Sleeping until market open...

  Market is currently closed.
  Next open: 2026-05-04 09:29 EDT (0h 0m from now)
  Sleeping until market open...

  Market is currently closed.
  Next open: 2026-05-04 09:29 EDT (0h 0m from now)
  Sleeping until market open...

  Market is currently closed.
  Next open: 2026-05-04 09:29 EDT (0h 0m from now)
  Sleeping until market open...

  Market is currently closed.
  Next open: 2026-05-04 09:29 EDT (0h 0m from now)
  Sleeping until market open...

  Market is currently closed.
  Next open: 2026-05-04 09:29 EDT (0h 0m from now)
  Sleeping until market open...

  Market is currently closed.
  Next open: 2026-05-04 09:29 EDT (0h 0m from now)
  Sleeping until market open...

  Market is currently closed.
  Next open: 2026-05-04 09:29 EDT (0h 0m from now)
  Sleeping until market open...

  Market is currently closed.
  Next open: 2026-05-04 09:29 EDT (0h 0m from now)
  Sleeping until market open...

  Market is currently closed.
  Next open: 2026-05-04 09:29 EDT (0h 0m from now)
  Sleeping until market open...

  Market is currently closed.
  Next open: 2026-05-04 09:29 EDT (0h 0m from now)
  Sleeping until market open...

  Market is currently closed.
  Next open: 2026-05-04 09:29 EDT (0h 0m from now)
  Sleeping until market open...

  Market is currently closed.
  Next open: 2026-05-04 09:29 EDT (0h 0m from now)
  Sleeping until market open...

  Market is currently closed.
  Next open: 2026-05-04 09:29 EDT (0h 0m from now)
  Sleeping until market open...

  Market is currently closed.
  Next open: 2026-05-04 09:29 EDT (0h 0m from now)
  Sleeping until market open...

  Market is currently closed.
  Next open: 2026-05-04 09:29 EDT (0h 0m from now)
  Sleeping until market open...

  Market is currently closed.
  Next open: 2026-05-04 09:29 EDT (0h 0m from now)
  Sleeping until market open...

  Market is currently closed.
  Next open: 2026-05-04 09:29 EDT (0h 0m from now)
  Sleeping until market open...

  Market is currently closed.
  Next open: 2026-05-04 09:29 EDT (0h 0m from now)
  Sleeping until market open...

  Market is currently closed.
  Next open: 2026-05-04 09:29 EDT (0h 0m from now)
  Sleeping until market open...

  Market is currently closed.
  Next open: 2026-05-04 09:29 EDT (0h 0m from now)

  Market is currently closed.
  Next open: 2026-05-04 09:29 EDT (0h 0m from now)
  Sleeping until market open...

  Market is currently closed.
  Next open: 2026-05-04 09:29 EDT (0h 0m from now)
  Sleeping until market open...

  Market is currently closed.
  Next open: 2026-05-04 09:29 EDT (0h 0m from now)
  Sleeping until market open...

  Market is currently closed.
  Next open: 2026-05-04 09:29 EDT (0h 0m from now)
  Sleeping until market open...

  Market is currently closed.
  Next open: 2026-05-04 09:29 EDT (0h 0m from now)
  Sleeping until market open...

  Market is currently closed.
  Next open: 2026-05-04 09:29 EDT (0h 0m from now)
  Sleeping until market open...

  Market is currently closed.
  Next open: 2026-05-04 09:29 EDT (0h 0m from now)
  Sleeping until market open...

  Market is currently closed.
  Next open: 2026-05-04 09:29 EDT (0h 0m from now)
  Sleeping until market open...

  Market is currently closed.
  Next open: 2026-05-04 09:29 EDT (0h 0m from now)
  Sleeping until market open...

  Market is currently closed.
  Next open: 2026-05-04 09:29 EDT (0h 0m from now)
  Sleeping until market open...

  Market is currently closed.
  Next open: 2026-05-04 09:29 EDT (0h 0m from now)
  Sleeping until market open...

  Market is currently closed.
  Next open: 2026-05-04 09:29 EDT (0h 0m from now)
  Sleeping until market open...

  Market is currently closed.
  Next open: 2026-05-04 09:29 EDT (0h 0m from now)
  Sleeping until market open...

  Market is currently closed.
  Next open: 2026-05-04 09:29 EDT (0h 0m from now)
  Sleeping until market open...

  Market is currently closed.
  Next open: 2026-05-04 09:29 EDT (0h 0m from now)
  Sleeping until market open...

  Market is currently closed.
  Next open: 2026-05-04 09:29 EDT (0h 0m from now)
  Sleeping until market open...  Sleeping until market open...


  Market is currently closed.
  Next open: 2026-05-04 09:29 EDT (0h 0m from now)
  Sleeping until market open...

  Market is currently closed.

  Market is currently closed.    Next open: 2026-05-04 09:29 EDT (0h 0m from now)

  Sleeping until market open...
Sleeping until market open...

  Market is currently closed.

  Market is currently closed.  Next open: 2026-05-04 09:29 EDT (0h 0m from now)

  Next open: 2026-05-04 09:29 EDT (0h 0m from now)  Sleeping until market open...  Sleeping until market open...

  Market is currently closed.
  Next open: 2026-05-04 09:29 EDT (0h 0m from now)
  Market is currently closed.
  Sleeping until market open...

  Next open: 2026-05-04 09:29 EDT (0h 0m from now)
  Market is currently closed.
  Next open: 2026-05-04 09:29 EDT (0h 0m from now)
  Sleeping until market open...


  Market is currently closed.  Sleeping until market open...
  Next open: 2026-05-04 09:29 EDT (0h 0m from now)

  Sleeping until market open...

  Market is currently closed.
  Market is currently closed.
  Next open: 2026-05-04 09:29 EDT (0h 0m from now)
  Sleeping until market open...

  Next open: 2026-05-04 09:29 EDT (0h 0m from now)

  Next open: 2026-05-04 09:29 EDT (0h 0m from now)
  Sleeping until market open...  Sleeping until market open...


  Market is currently closed.
  Next open: 2026-05-04 09:29 EDT (0h 0m from now)
  Market is currently closed.  Sleeping until market open...

  Next open: 2026-05-04 09:29 EDT (0h 0m from now)
  Market is currently closed.

  Next open: 2026-05-04 09:29 EDT (0h 0m from now)
  Sleeping until market open...  Sleeping until market open...


  Market is currently closed.

  Market is currently closed.  Next open: 2026-05-04 09:29 EDT (0h 0m from now)
  Sleeping until market open...  Next open: 2026-05-04 09:29 EDT (0h 0m from now)

  Market is currently closed.  Sleeping until market open...
  Next open: 2026-05-04 09:29 EDT (0h 0m from now)
  Sleeping until market open...

  Market is currently closed.
  Next open: 2026-05-04 09:29 EDT (0h 0m from now)
  Sleeping until market open...

  Market is currently closed.
  Next open: 2026-05-04 09:29 EDT (0h 0m from now)
  Sleeping until market open...
  Market is currently closed.

  Market is currently closed.
  Next open: 2026-05-04 09:29 EDT (0h 0m from now)  Next open: 2026-05-04 09:29 EDT (0h 0m from now)
  Sleeping until market open...

  Market is currently closed.
  Next open: 2026-05-04 09:29 EDT (0h 0m from now)
Sleeping until market open...  Sleeping until market open...


  Market is currently closed.
  Next open: 2026-05-04 09:29 EDT (0h 0m from now)
  Sleeping until market open...

  Market is currently closed.
  Next open: 2026-05-04 09:29 EDT (0h 0m from now)
  Sleeping until market open...

  Market is currently closed.
  Next open: 2026-05-04 09:29 EDT (0h 0m from now)
  Sleeping until market open...

  Market is currently closed.
  Next open: 2026-05-04 09:29 EDT (0h 0m from now)
  Sleeping until market open...

  Market is currently closed.
  Next open: 2026-05-04 09:29 EDT (0h 0m from now)
  Sleeping until market open...

  Market is currently closed.
  Next open: 2026-05-04 09:29 EDT (0h 0m from now)
  Sleeping until market open...

  Market is currently closed.
  Next open: 2026-05-04 09:29 EDT (0h 0m from now)
  Sleeping until market open...

  Market is currently closed.
  Next open: 2026-05-04 09:29 EDT (0h 0m from now)
  Sleeping until market open...

  Market is currently closed.
  Next open: 2026-05-04 09:29 EDT (0h 0m from now)
  Sleeping until market open...

  Market is currently closed.
  Next open: 2026-05-04 09:29 EDT (0h 0m from now)
  Sleeping until market open...

  Market is currently closed.
  Next open: 2026-05-04 09:29 EDT (0h 0m from now)
  Sleeping until market open...

  Market is currently closed.
  Next open: 2026-05-04 09:29 EDT (0h 0m from now)
  Sleeping until market open...

  Market is currently closed.
  Next open: 2026-05-04 09:29 EDT (0h 0m from now)
  Sleeping until market open...

  Market is currently closed.
  Next open: 2026-05-04 09:29 EDT (0h 0m from now)
  Sleeping until market open...

  Market is currently closed.
  Next open: 2026-05-04 09:29 EDT (0h 0m from now)
  Sleeping until market open...

  Market is currently closed.
  Next open: 2026-05-04 09:29 EDT (0h 0m from now)
  Sleeping until market open...

  Market is currently closed.
  Next open: 2026-05-04 09:29 EDT (0h 0m from now)
  Sleeping until market open...

  Market is currently closed.
  Next open: 2026-05-04 09:29 EDT (0h 0m from now)
  Sleeping until market open...

  Market is currently closed.
  Next open: 2026-05-04 09:29 EDT (0h 0m from now)
  Sleeping until market open...

  Market is currently closed.
  Next open: 2026-05-04 09:29 EDT (0h 0m from now)
  Sleeping until market open...

  Market is currently closed.
  Next open: 2026-05-04 09:29 EDT (0h 0m from now)
  Sleeping until market open...

  Market is currently closed.
  Next open: 2026-05-04 09:29 EDT (0h 0m from now)
  Sleeping until market open...

  Market is currently closed.
  Next open: 2026-05-04 09:29 EDT (0h 0m from now)
  Sleeping until market open...

  Market is currently closed.
  Next open: 2026-05-04 09:29 EDT (0h 0m from now)
  Sleeping until market open...

  Market is currently closed.
  Next open: 2026-05-04 09:29 EDT (0h 0m from now)
  Sleeping until market open...

  Market is currently closed.
  Next open: 2026-05-04 09:29 EDT (0h 0m from now)
  Sleeping until market open...

  Market is currently closed.
  Next open: 2026-05-04 09:29 EDT (0h 0m from now)
  Sleeping until market open...

  Market is currently closed.
  Next open: 2026-05-04 09:29 EDT (0h 0m from now)
  Sleeping until market open...

  Market is currently closed.
  Next open: 2026-05-04 09:29 EDT (0h 0m from now)
  Sleeping until market open...

  Market is currently closed.
  Next open: 2026-05-04 09:29 EDT (0h 0m from now)
  Sleeping until market open...

  Market is currently closed.
  Next open: 2026-05-04 09:29 EDT (0h 0m from now)
  Sleeping until market open...

  Market is currently closed.
  Next open: 2026-05-04 09:29 EDT (0h 0m from now)
  Sleeping until market open...

  Market is currently closed.
  Next open: 2026-05-04 09:29 EDT (0h 0m from now)
  Sleeping until market open...

  Market is currently closed.
  Next open: 2026-05-04 09:29 EDT (0h 0m from now)
  Sleeping until market open...

  Market is currently closed.
  Next open: 2026-05-04 09:29 EDT (0h 0m from now)
  Sleeping until market open...

  Market is currently closed.
  Next open: 2026-05-04 09:29 EDT (0h 0m from now)
  Sleeping until market open...

  Market is currently closed.
  Next open: 2026-05-04 09:29 EDT (0h 0m from now)
  Sleeping until market open...

  Market is currently closed.
  Next open: 2026-05-04 09:29 EDT (0h 0m from now)
  Sleeping until market open...

  Market is currently closed.
  Next open: 2026-05-04 09:29 EDT (0h 0m from now)
  Sleeping until market open...

  Market is currently closed.
  Next open: 2026-05-04 09:29 EDT (0h 0m from now)
  Sleeping until market open...

  Market is currently closed.
  Next open: 2026-05-04 09:29 EDT (0h 0m from now)
  Sleeping until market open...

  Market is currently closed.
  Next open: 2026-05-04 09:29 EDT (0h 0m from now)
  Sleeping until market open...

  Market is currently closed.
  Next open: 2026-05-04 09:29 EDT (0h 0m from now)
  Sleeping until market open...

  Market is currently closed.
  Next open: 2026-05-04 09:29 EDT (0h 0m from now)
  Sleeping until market open...

  Market is currently closed.
  Next open: 2026-05-04 09:29 EDT (0h 0m from now)
  Sleeping until market open...

  Market is currently closed.
  Next open: 2026-05-04 09:29 EDT (0h 0m from now)
  Sleeping until market open...

  Market is currently closed.
  Next open: 2026-05-04 09:29 EDT (0h 0m from now)
  Sleeping until market open...

  Market is currently closed.
  Next open: 2026-05-04 09:29 EDT (0h 0m from now)
  Sleeping until market open...

  Market is currently closed.
  Next open: 2026-05-04 09:29 EDT (0h 0m from now)
  Sleeping until market open...

  Market is currently closed.
  Next open: 2026-05-04 09:29 EDT (0h 0m from now)
  Sleeping until market open...

  Market is currently closed.
  Next open: 2026-05-04 09:29 EDT (0h 0m from now)
  Sleeping until market open...

  Market is currently closed.
  Next open: 2026-05-04 09:29 EDT (0h 0m from now)
  Sleeping until market open...

  Market is currently closed.
  Next open: 2026-05-04 09:29 EDT (0h 0m from now)
  Sleeping until market open...

  Market is currently closed.
  Next open: 2026-05-04 09:29 EDT (0h 0m from now)
  Sleeping until market open...

  Market is currently closed.
  Next open: 2026-05-04 09:29 EDT (0h 0m from now)
  Sleeping until market open...

  Market is currently closed.
  Next open: 2026-05-04 09:29 EDT (0h 0m from now)

  Market is currently closed.  Sleeping until market open...

  Market is currently closed.
  Next open: 2026-05-04 09:29 EDT (0h 0m from now)
  Sleeping until market open...

  Market is currently closed.
  Next open: 2026-05-04 09:29 EDT (0h 0m from now)
  Sleeping until market open...

  Market is currently closed.
  Next open: 2026-05-04 09:29 EDT (0h 0m from now)
  Sleeping until market open...

  Market is currently closed.
  Next open: 2026-05-04 09:29 EDT (0h 0m from now)
  Sleeping until market open...

  Market is currently closed.
  Next open: 2026-05-04 09:29 EDT (0h 0m from now)
  Sleeping until market open...

  Market is currently closed.
  Next open: 2026-05-04 09:29 EDT (0h 0m from now)
  Sleeping until market open...

  Market is currently closed.
  Next open: 2026-05-04 09:29 EDT (0h 0m from now)
  Sleeping until market open...

  Market is currently closed.
  Next open: 2026-05-04 09:29 EDT (0h 0m from now)
  Sleeping until market open...

  Market is currently closed.
  Next open: 2026-05-04 09:29 EDT (0h 0m from now)
  Sleeping until market open...

  Market is currently closed.
  Next open: 2026-05-04 09:29 EDT (0h 0m from now)
  Sleeping until market open...

  Market is currently closed.
  Next open: 2026-05-04 09:29 EDT (0h 0m from now)
  Sleeping until market open...

  Market is currently closed.

  Next open: 2026-05-04 09:29 EDT (0h 0m from now)
  Sleeping until market open...  Next open: 2026-05-04 09:29 EDT (0h 0m from now)


  Market is currently closed.
  Sleeping until market open...  Next open: 2026-05-04 09:29 EDT (0h 0m from now)

  Sleeping until market open...

  Market is currently closed.
  Market is currently closed.

  Next open: 2026-05-04 09:29 EDT (0h 0m from now)
Next open: 2026-05-04 09:29 EDT (0h 0m from now)
  Sleeping until market open...  Sleeping until market open...


  Market is currently closed.
  Next open: 2026-05-04 09:29 EDT (0h 0m from now)
  Sleeping until market open...

  Market is currently closed.
  Next open: 2026-05-04 09:29 EDT (0h 0m from now)
  Sleeping until market open...

  Market is currently closed.
  Next open: 2026-05-04 09:29 EDT (0h 0m from now)
  Sleeping until market open...
  Next open: 2026-05-04 09:29 EDT (0h 0m from now)
  Market is currently closed.

  Next open: 2026-05-04 09:29 EDT (0h 0m from now)  Sleeping until market open...
  Sleeping until market open...


  Market is currently closed.
  Next open: 2026-05-04 09:29 EDT (0h 0m from now)
  Sleeping until market open...

  Market is currently closed.
  Next open: 2026-05-04 09:29 EDT (0h 0m from now)
  Sleeping until market open...

  Market is currently closed.
  Next open: 2026-05-04 09:29 EDT (0h 0m from now)
  Sleeping until market open...

  Market is currently closed.
  Next open: 2026-05-04 09:29 EDT (0h 0m from now)
  Sleeping until market open...

  Market is currently closed.
  Next open: 2026-05-04 09:29 EDT (0h 0m from now)
  Sleeping until market open...

  Market is currently closed.
  Next open: 2026-05-04 09:29 EDT (0h 0m from now)
  Sleeping until market open...

  Market is currently closed.
  Next open: 2026-05-04 09:29 EDT (0h 0m from now)
  Sleeping until market open...

  Market is currently closed.
  Next open: 2026-05-04 09:29 EDT (0h 0m from now)
  Sleeping until market open...

  Market is currently closed.
  Next open: 2026-05-04 09:29 EDT (0h 0m from now)
  Sleeping until market open...

  Market is currently closed.
  Next open: 2026-05-04 09:29 EDT (0h 0m from now)
  Sleeping until market open...

  Market is currently closed.
  Next open: 2026-05-04 09:29 EDT (0h 0m from now)
  Sleeping until market open...

  Market is currently closed.
  Next open: 2026-05-04 09:29 EDT (0h 0m from now)
  Sleeping until market open...

  Market is currently closed.
  Next open: 2026-05-04 09:29 EDT (0h 0m from now)
  Sleeping until market open...

  Market is currently closed.
  Next open: 2026-05-04 09:29 EDT (0h 0m from now)
  Sleeping until market open...

  Market is currently closed.
  Next open: 2026-05-04 09:29 EDT (0h 0m from now)
  Sleeping until market open...

  Market is currently closed.
  Next open: 2026-05-04 09:29 EDT (0h 0m from now)
  Sleeping until market open...

  Market is currently closed.
  Next open: 2026-05-04 09:29 EDT (0h 0m from now)
  Sleeping until market open...

  Market is currently closed.
  Next open: 2026-05-04 09:29 EDT (0h 0m from now)
  Sleeping until market open...

  Market is currently closed.
  Next open: 2026-05-04 09:29 EDT (0h 0m from now)
  Sleeping until market open...

  Market is currently closed.
  Next open: 2026-05-04 09:29 EDT (0h 0m from now)
  Sleeping until market open...

  Market is currently closed.
  Next open: 2026-05-04 09:29 EDT (0h 0m from now)
  Sleeping until market open...

  Market is currently closed.
  Next open: 2026-05-04 09:29 EDT (0h 0m from now)
  Sleeping until market open...

  Market is currently closed.
  Next open: 2026-05-04 09:29 EDT (0h 0m from now)
  Sleeping until market open...

  Market is currently closed.
  Next open: 2026-05-04 09:29 EDT (0h 0m from now)
  Sleeping until market open...

  Market is currently closed.
  Next open: 2026-05-04 09:29 EDT (0h 0m from now)
  Sleeping until market open...

  Market is currently closed.
  Next open: 2026-05-04 09:29 EDT (0h 0m from now)
  Sleeping until market open...

  Market is currently closed.
  Next open: 2026-05-04 09:29 EDT (0h 0m from now)
  Sleeping until market open...

  Market is currently closed.
  Next open: 2026-05-04 09:29 EDT (0h 0m from now)
  Sleeping until market open...

  Market is currently closed.
  Next open: 2026-05-04 09:29 EDT (0h 0m from now)
  Sleeping until market open...

  Market is currently closed.
  Next open: 2026-05-04 09:29 EDT (0h 0m from now)
  Sleeping until market open...

  Market is currently closed.
  Next open: 2026-05-04 09:29 EDT (0h 0m from now)
  Sleeping until market open...

  Market is currently closed.
  Next open: 2026-05-04 09:29 EDT (0h 0m from now)
  Sleeping until market open...

  Market is currently closed.
  Next open: 2026-05-04 09:29 EDT (0h 0m from now)
  Sleeping until market open...

  Market is currently closed.
  Next open: 2026-05-04 09:29 EDT (0h 0m from now)
  Sleeping until market open...

  Market is currently closed.
  Next open: 2026-05-04 09:29 EDT (0h 0m from now)
  Sleeping until market open...

  Market is currently closed.
  Next open: 2026-05-04 09:29 EDT (0h 0m from now)
  Sleeping until market open...

  Market is currently closed.
  Next open: 2026-05-04 09:29 EDT (0h 0m from now)
  Sleeping until market open...

  Market is currently closed.
  Next open: 2026-05-04 09:29 EDT (0h 0m from now)
  Sleeping until market open...

  Market is currently closed.
  Market is currently closed.
  Next open: 2026-05-04 09:29 EDT (0h 0m from now)  Next open: 2026-05-04 09:29 EDT (0h 0m from now)
  Sleeping until market open...
  Sleeping until market open...
  Market is currently closed.
  Next open: 2026-05-04 09:29 EDT (0h 0m from now)
  Sleeping until market open...

  Market is currently closed.

  Market is currently closed.  Next open: 2026-05-04 09:29 EDT (0h 0m from now)

  Sleeping until market open...
Next open: 2026-05-04 09:29 EDT (0h 0m from now)

  Market is currently closed.  Sleeping until market open...  Next open: 2026-05-04 09:29 EDT (0h 0m from now)

  Sleeping until market open...

  Market is currently closed.
  Next open: 2026-05-04 09:29 EDT (0h 0m from now)
  Sleeping until market open...

  Market is currently closed.
  Next open: 2026-05-04 09:29 EDT (0h 0m from now)
  Sleeping until market open...

  Market is currently closed.
  Next open: 2026-05-04 09:29 EDT (0h 0m from now)
  Sleeping until market open...

  Market is currently closed.
  Next open: 2026-05-04 09:29 EDT (0h 0m from now)
  Sleeping until market open...

  Market is currently closed.
  Next open: 2026-05-04 09:29 EDT (0h 0m from now)
  Sleeping until market open...

  Market is currently closed.
  Next open: 2026-05-04 09:29 EDT (0h 0m from now)
  Sleeping until market open...

  Market is currently closed.
  Next open: 2026-05-04 09:29 EDT (0h 0m from now)
  Sleeping until market open...

  Market is currently closed.
  Next open: 2026-05-04 09:29 EDT (0h 0m from now)
  Sleeping until market open...

  Market is currently closed.
  Next open: 2026-05-04 09:29 EDT (0h 0m from now)
  Sleeping until market open...

  Market is currently closed.
  Next open: 2026-05-04 09:29 EDT (0h 0m from now)
  Sleeping until market open...

  Market is currently closed.
  Market is currently closed.  Next open: 2026-05-04 09:29 EDT (0h 0m from now)
  Sleeping until market open...

  Market is currently closed.
  Next open: 2026-05-04 09:29 EDT (0h 0m from now)
  Sleeping until market open...

  Market is currently closed.
  Next open: 2026-05-04 09:29 EDT (0h 0m from now)
  Sleeping until market open...

  Market is currently closed.
  Next open: 2026-05-04 09:29 EDT (0h 0m from now)
  Sleeping until market open...

  Market is currently closed.
  Next open: 2026-05-04 09:29 EDT (0h 0m from now)
  Sleeping until market open...

  Market is currently closed.
  Next open: 2026-05-04 09:29 EDT (0h 0m from now)
  Sleeping until market open...

  Market is currently closed.
  Next open: 2026-05-04 09:29 EDT (0h 0m from now)
  Sleeping until market open...

  Market is currently closed.
  Next open: 2026-05-04 09:29 EDT (0h 0m from now)
  Sleeping until market open...

  Market is currently closed.
  Next open: 2026-05-04 09:29 EDT (0h 0m from now)
  Sleeping until market open...

  Market is currently closed.
  Next open: 2026-05-04 09:29 EDT (0h 0m from now)
  Sleeping until market open...

  Market is currently closed.
  Next open: 2026-05-04 09:29 EDT (0h 0m from now)
  Sleeping until market open...

  Market is currently closed.

  Next open: 2026-05-04 09:29 EDT (0h 0m from now)
  Sleeping until market open...

  Market is currently closed.
  Next open: 2026-05-04 09:29 EDT (0h 0m from now)
  Sleeping until market open...

  Market is currently closed.
  Next open: 2026-05-04 09:29 EDT (0h 0m from now)
  Sleeping until market open...

  Market is currently closed.
  Next open: 2026-05-04 09:29 EDT (0h 0m from now)
  Sleeping until market open...

  Sleeping until market open...
  Market is currently closed.
  Next open: 2026-05-04 09:29 EDT (0h 0m from now)
  Sleeping until market open...


  Market is currently closed.
  Next open: 2026-05-04 09:29 EDT (0h 0m from now)
  Sleeping until market open...

  Market is currently closed.
  Market is currently closed.  Next open: 2026-05-04 09:29 EDT (0h 0m from now)
  Sleeping until market open...


  Market is currently closed.
  Next open: 2026-05-04 09:29 EDT (0h 0m from now)  Next open: 2026-05-04 09:29 EDT (0h 0m from now)
  Sleeping until market open...

  Market is currently closed.
  Next open: 2026-05-04 09:29 EDT (0h 0m from now)
  Sleeping until market open...

  Market is currently closed.
  Next open: 2026-05-04 09:29 EDT (0h 0m from now)
  Sleeping until market open...

  Market is currently closed.
  Next open: 2026-05-04 09:29 EDT (0h 0m from now)
  Sleeping until market open...

  Market is currently closed.
  Next open: 2026-05-04 09:29 EDT (0h 0m from now)
  Sleeping until market open...

  Market is currently closed.
  Next open: 2026-05-04 09:29 EDT (0h 0m from now)
  Sleeping until market open...

  Market is currently closed.
  Next open: 2026-05-04 09:29 EDT (0h 0m from now)
  Sleeping until market open...

  Market is currently closed.
  Next open: 2026-05-04 09:29 EDT (0h 0m from now)
  Sleeping until market open...

  Market is currently closed.
  Next open: 2026-05-04 09:29 EDT (0h 0m from now)
  Sleeping until market open...

  Market is currently closed.
  Next open: 2026-05-04 09:29 EDT (0h 0m from now)
  Sleeping until market open...

  Market is currently closed.
  Next open: 2026-05-04 09:29 EDT (0h 0m from now)
  Sleeping until market open...

  Market is currently closed.
  Next open: 2026-05-04 09:29 EDT (0h 0m from now)
  Sleeping until market open...

  Market is currently closed.
  Next open: 2026-05-04 09:29 EDT (0h 0m from now)
  Sleeping until market open...

  Market is currently closed.
  Next open: 2026-05-04 09:29 EDT (0h 0m from now)
  Sleeping until market open...

  Market is currently closed.
  Next open: 2026-05-04 09:29 EDT (0h 0m from now)
  Sleeping until market open...

  Market is currently closed.
  Next open: 2026-05-04 09:29 EDT (0h 0m from now)
  Sleeping until market open...

  Market is currently closed.
  Next open: 2026-05-04 09:29 EDT (0h 0m from now)
  Sleeping until market open...

  Market is currently closed.
  Next open: 2026-05-04 09:29 EDT (0h 0m from now)
  Sleeping until market open...

  Market is currently closed.
  Next open: 2026-05-04 09:29 EDT (0h 0m from now)
  Sleeping until market open...

  Market is currently closed.
  Next open: 2026-05-04 09:29 EDT (0h 0m from now)
  Sleeping until market open...

  Market is currently closed.
  Next open: 2026-05-04 09:29 EDT (0h 0m from now)
  Sleeping until market open...

  Market is currently closed.
  Next open: 2026-05-04 09:29 EDT (0h 0m from now)
  Sleeping until market open...

  Market is currently closed.
  Next open: 2026-05-04 09:29 EDT (0h 0m from now)
  Sleeping until market open...

  Market is currently closed.
  Next open: 2026-05-04 09:29 EDT (0h 0m from now)
  Sleeping until market open...

  Market is currently closed.
  Next open: 2026-05-04 09:29 EDT (0h 0m from now)
  Sleeping until market open...

  Market is currently closed.
  Next open: 2026-05-04 09:29 EDT (0h 0m from now)
  Sleeping until market open...

  Market is currently closed.
  Next open: 2026-05-04 09:29 EDT (0h 0m from now)
  Sleeping until market open...

  Market is currently closed.
  Next open: 2026-05-04 09:29 EDT (0h 0m from now)
  Sleeping until market open...

  Market is currently closed.
  Next open: 2026-05-04 09:29 EDT (0h 0m from now)
  Sleeping until market open...

  Market is currently closed.
  Next open: 2026-05-04 09:29 EDT (0h 0m from now)
  Sleeping until market open...

  Market is currently closed.
  Next open: 2026-05-04 09:29 EDT (0h 0m from now)
  Sleeping until market open...

  Market is currently closed.
  Next open: 2026-05-04 09:29 EDT (0h 0m from now)
  Sleeping until market open...

  Market is currently closed.
  Next open: 2026-05-04 09:29 EDT (0h 0m from now)
  Sleeping until market open...

  Market is currently closed.
  Next open: 2026-05-04 09:29 EDT (0h 0m from now)
  Sleeping until market open...

  Market is currently closed.
  Next open: 2026-05-04 09:29 EDT (0h 0m from now)
  Sleeping until market open...

  Market is currently closed.
  Next open: 2026-05-04 09:29 EDT (0h 0m from now)
  Sleeping until market open...

  Market is currently closed.
  Next open: 2026-05-04 09:29 EDT (0h 0m from now)
  Sleeping until market open...

  Market is currently closed.
  Next open: 2026-05-04 09:29 EDT (0h 0m from now)
  Sleeping until market open...

  Market is currently closed.
  Next open: 2026-05-04 09:29 EDT (0h 0m from now)
  Sleeping until market open...

  Market is currently closed.
  Next open: 2026-05-04 09:29 EDT (0h 0m from now)
  Sleeping until market open...

  Market is currently closed.
  Next open: 2026-05-04 09:29 EDT (0h 0m from now)
  Sleeping until market open...

  Market is currently closed.
  Next open: 2026-05-04 09:29 EDT (0h 0m from now)
  Sleeping until market open...
  Sleeping until market open...
  Market is currently closed.
  Next open: 2026-05-04 09:29 EDT (0h 0m from now)
  Sleeping until market open...


  Market is currently closed.
  Next open: 2026-05-04 09:29 EDT (0h 0m from now)
  Sleeping until market open...

  Market is currently closed.
  Next open: 2026-05-04 09:29 EDT (0h 0m from now)
  Sleeping until market open...

  Market is currently closed.
  Next open: 2026-05-04 09:29 EDT (0h 0m from now)
  Sleeping until market open...

  Market is currently closed.
  Next open: 2026-05-04 09:29 EDT (0h 0m from now)
  Sleeping until market open...

  Market is currently closed.
  Next open: 2026-05-04 09:29 EDT (0h 0m from now)
  Sleeping until market open...

  Market is currently closed.
  Next open: 2026-05-04 09:29 EDT (0h 0m from now)
  Sleeping until market open...

  Market is currently closed.
  Next open: 2026-05-04 09:29 EDT (0h 0m from now)
  Sleeping until market open...

  Market is currently closed.
  Next open: 2026-05-04 09:29 EDT (0h 0m from now)
  Sleeping until market open...

  Market is currently closed.
  Next open: 2026-05-04 09:29 EDT (0h 0m from now)
  Sleeping until market open...

  Market is currently closed.
  Next open: 2026-05-04 09:29 EDT (0h 0m from now)
  Sleeping until market open...

  Market is currently closed.
  Next open: 2026-05-04 09:29 EDT (0h 0m from now)
  Sleeping until market open...

  Market is currently closed.
  Next open: 2026-05-04 09:29 EDT (0h 0m from now)

  Market is currently closed.  Sleeping until market open...

  Market is currently closed.
  Next open: 2026-05-04 09:29 EDT (0h 0m from now)
  Sleeping until market open...

  Market is currently closed.
  Next open: 2026-05-04 09:29 EDT (0h 0m from now)
  Sleeping until market open...

  Market is currently closed.
  Next open: 2026-05-04 09:29 EDT (0h 0m from now)
  Sleeping until market open...

  Market is currently closed.
  Next open: 2026-05-04 09:29 EDT (0h 0m from now)

  Sleeping until market open...

  Market is currently closed.
  Next open: 2026-05-04 09:29 EDT (0h 0m from now)
  Sleeping until market open...

  Market is currently closed.
  Next open: 2026-05-04 09:29 EDT (0h 0m from now)
  Sleeping until market open...

  Market is currently closed.
  Next open: 2026-05-04 09:29 EDT (0h 0m from now)
  Sleeping until market open...

  Market is currently closed.
  Next open: 2026-05-04 09:29 EDT (0h 0m from now)
  Sleeping until market open...

  Market is currently closed.
  Next open: 2026-05-04 09:29 EDT (0h 0m from now)
  Sleeping until market open...

  Market is currently closed.
  Next open: 2026-05-04 09:29 EDT (0h 0m from now)
  Sleeping until market open...

  Market is currently closed.
  Next open: 2026-05-04 09:29 EDT (0h 0m from now)
  Sleeping until market open...

  Market is currently closed.
  Next open: 2026-05-04 09:29 EDT (0h 0m from now)
  Sleeping until market open...

  Market is currently closed.
  Next open: 2026-05-04 09:29 EDT (0h 0m from now)
  Sleeping until market open...

  Market is currently closed.
  Next open: 2026-05-04 09:29 EDT (0h 0m from now)
  Sleeping until market open...

  Market is currently closed.
  Next open: 2026-05-04 09:29 EDT (0h 0m from now)
  Sleeping until market open...

  Market is currently closed.
  Next open: 2026-05-04 09:29 EDT (0h 0m from now)
  Sleeping until market open...

  Market is currently closed.
  Next open: 2026-05-04 09:29 EDT (0h 0m from now)
  Sleeping until market open...

  Market is currently closed.
  Next open: 2026-05-04 09:29 EDT (0h 0m from now)
  Sleeping until market open...

  Market is currently closed.
  Next open: 2026-05-04 09:29 EDT (0h 0m from now)
  Sleeping until market open...

  Market is currently closed.
  Next open: 2026-05-04 09:29 EDT (0h 0m from now)
  Sleeping until market open...

  Market is currently closed.
  Next open: 2026-05-04 09:29 EDT (0h 0m from now)
  Sleeping until market open...

  Market is currently closed.
  Next open: 2026-05-04 09:29 EDT (0h 0m from now)
  Sleeping until market open...

  Market is currently closed.
  Next open: 2026-05-04 09:29 EDT (0h 0m from now)
  Sleeping until market open...

  Market is currently closed.
  Next open: 2026-05-04 09:29 EDT (0h 0m from now)
  Sleeping until market open...

  Market is currently closed.
  Next open: 2026-05-04 09:29 EDT (0h 0m from now)
  Sleeping until market open...

  Market is currently closed.
  Next open: 2026-05-04 09:29 EDT (0h 0m from now)
  Sleeping until market open...

  Market is currently closed.
  Next open: 2026-05-04 09:29 EDT (0h 0m from now)
  Sleeping until market open...

  Market is currently closed.
  Next open: 2026-05-04 09:29 EDT (0h 0m from now)
  Sleeping until market open...

  Market is currently closed.
  Next open: 2026-05-04 09:29 EDT (0h 0m from now)
  Sleeping until market open...

  Market is currently closed.
  Next open: 2026-05-04 09:29 EDT (0h 0m from now)
  Sleeping until market open...

  Market is currently closed.
  Next open: 2026-05-04 09:29 EDT (0h 0m from now)
  Sleeping until market open...

  Market is currently closed.
  Next open: 2026-05-04 09:29 EDT (0h 0m from now)
  Sleeping until market open...

  Market is currently closed.
  Next open: 2026-05-04 09:29 EDT (0h 0m from now)
  Sleeping until market open...

  Market is currently closed.
  Next open: 2026-05-04 09:29 EDT (0h 0m from now)
  Sleeping until market open...

  Market is currently closed.
  Next open: 2026-05-04 09:29 EDT (0h 0m from now)
  Sleeping until market open...

  Market is currently closed.
  Next open: 2026-05-04 09:29 EDT (0h 0m from now)
  Sleeping until market open...

  Market is currently closed.
  Next open: 2026-05-04 09:29 EDT (0h 0m from now)
  Sleeping until market open...

  Market is currently closed.
  Next open: 2026-05-04 09:29 EDT (0h 0m from now)
  Sleeping until market open...

  Market is currently closed.
  Next open: 2026-05-04 09:29 EDT (0h 0m from now)
  Sleeping until market open...

  Market is currently closed.
  Next open: 2026-05-04 09:29 EDT (0h 0m from now)
  Sleeping until market open...

  Market is currently closed.
  Next open: 2026-05-04 09:29 EDT (0h 0m from now)
  Sleeping until market open...

  Market is currently closed.
  Next open: 2026-05-04 09:29 EDT (0h 0m from now)
  Sleeping until market open...

  Market is currently closed.
  Next open: 2026-05-04 09:29 EDT (0h 0m from now)
  Sleeping until market open...

  Market is currently closed.
  Next open: 2026-05-04 09:29 EDT (0h 0m from now)
  Sleeping until market open...

  Market is currently closed.
  Next open: 2026-05-04 09:29 EDT (0h 0m from now)
  Sleeping until market open...

  Market is currently closed.
  Next open: 2026-05-04 09:29 EDT (0h 0m from now)
  Sleeping until market open...

  Market is currently closed.
  Next open: 2026-05-04 09:29 EDT (0h 0m from now)
  Sleeping until market open...

  Market is currently closed.
  Next open: 2026-05-04 09:29 EDT (0h 0m from now)
  Sleeping until market open...
  Next open: 2026-05-04 09:29 EDT (0h 0m from now)
  Market is currently closed.
  Next open: 2026-05-04 09:29 EDT (0h 0m from now)
  Sleeping until market open...


  Market is currently closed.
  Sleeping until market open...  Next open: 2026-05-04 09:29 EDT (0h 0m from now)
  Sleeping until market open...

  Market is currently closed.
  Next open: 2026-05-04 09:29 EDT (0h 0m from now)
  Sleeping until market open...
  Market is currently closed.

  Market is currently closed.  Next open: 2026-05-04 09:29 EDT (0h 0m from now)

  Next open: 2026-05-04 09:29 EDT (0h 0m from now)
  Sleeping until market open...


  Market is currently closed.
  Next open: 2026-05-04 09:29 EDT (0h 0m from now)
  Sleeping until market open...

  Market is currently closed.

  Market is currently closed.  Next open: 2026-05-04 09:29 EDT (0h 0m from now)
  Sleeping until market open...
  Next open: 2026-05-04 09:29 EDT (0h 0m from now)
  Market is currently closed.
  Next open: 2026-05-04 09:29 EDT (0h 0m from now)
  Sleeping until market open...  Sleeping until market open...

  Market is currently closed.
  Next open: 2026-05-04 09:29 EDT (0h 0m from now)

  Sleeping until market open...

  Market is currently closed.
  Next open: 2026-05-04 09:29 EDT (0h 0m from now)

  Market is currently closed.  Sleeping until market open...
  Next open: 2026-05-04 09:29 EDT (0h 0m from now)
  Next open: 2026-05-04 09:29 EDT (0h 0m from now)

Sleeping until market open...
  Sleeping until market open...
  Market is currently closed.
  Next open: 2026-05-04 09:29 EDT (0h 0m from now)
  Sleeping until market open...

  Market is currently closed.
  Next open: 2026-05-04 09:29 EDT (0h 0m from now)
  Sleeping until market open...

  Market is currently closed.

  Next open: 2026-05-04 09:29 EDT (0h 0m from now)
  Next open: 2026-05-04 09:29 EDT (0h 0m from now)

  Market is currently closed.
  Next open: 2026-05-04 09:29 EDT (0h 0m from now)
  Sleeping until market open...

  Market is currently closed.
  Next open: 2026-05-04 09:29 EDT (0h 0m from now)
Sleeping until market open...  Sleeping until market open...


  Market is currently closed.
  Market is currently closed. EDT (0h 0m from now)
  Sleeping until market open...


  Market is currently closed.
  Next open: 2026-05-04 09:29 EDT (0h 0m from now)  Next open: 2026-05-04 09:29 EDT (0h 0m from now)
  Sleeping until market open...


  Market is currently closed.  Sleeping until market open...
  Next open: 2026-05-04 09:29 EDT (0h 0m from now)

  Sleeping until market open...

  Market is currently closed.
  Next open: 2026-05-04 09:29 EDT (0h 0m from now)

  Market is currently closed.  Sleeping until market open...

  Next open: 2026-05-04 09:29 EDT (0h 0m from now)
  Market is currently closed.
  Next open: 2026-05-04 09:29 EDT (0h 0m from now)
  Sleeping until market open...


  Market is currently closed.
  Next open: 2026-05-04 09:29 EDT (0h 0m from now)
  Sleeping until market open...

  Market is currently closed.
  Next open: 2026-05-04 09:29 EDT (0h 0m from now)
  Sleeping until market open...

  Market is currently closed.
  Next open: 2026-05-04 09:29 EDT (0h 0m from now)
  Sleeping until market open...

  Market is currently closed.
  Next open: 2026-05-04 09:29 EDT (0h 0m from now)
  Sleeping until market open...

  Market is currently closed.
  Next open: 2026-05-04 09:29 EDT (0h 0m from now)
  Sleeping until market open...

  Market is currently closed.
  Next open: 2026-05-04 09:29 EDT (0h 0m from now)
  Sleeping until market open...

  Market is currently closed.
  Next open: 2026-05-04 09:29 EDT (0h 0m from now)
  Sleeping until market open...

  Market is currently closed.
  Next open: 2026-05-04 09:29 EDT (0h 0m from now)
  Sleeping until market open...

  Market is currently closed.
  Next open: 2026-05-04 09:29 EDT (0h 0m from now)
  Sleeping until market open...

  Market is currently closed.
  Next open: 2026-05-04 09:29 EDT (0h 0m from now)
  Sleeping until market open...

  Market is currently closed.
  Next open: 2026-05-04 09:29 EDT (0h 0m from now)
  Sleeping until market open...

  Market is currently closed.
  Next open: 2026-05-04 09:29 EDT (0h 0m from now)
  Sleeping until market open...

  Market is currently closed.
  Next open: 2026-05-04 09:29 EDT (0h 0m from now)
  Sleeping until market open...

  Market is currently closed.
  Next open: 2026-05-04 09:29 EDT (0h 0m from now)
  Sleeping until market open...

  Market is currently closed.
  Next open: 2026-05-04 09:29 EDT (0h 0m from now)
  Sleeping until market open...

  Market is currently closed.
  Next open: 2026-05-04 09:29 EDT (0h 0m from now)
  Sleeping until market open...

  Market is currently closed.
  Next open: 2026-05-04 09:29 EDT (0h 0m from now)
  Sleeping until market open...

  Market is currently closed.
  Next open: 2026-05-04 09:29 EDT (0h 0m from now)
  Sleeping until market open...

  Market is currently closed.
  Next open: 2026-05-04 09:29 EDT (0h 0m from now)
  Sleeping until market open...

  Market is currently closed.
  Next open: 2026-05-04 09:29 EDT (0h 0m from now)
  Sleeping until market open...

  Market is currently closed.
  Next open: 2026-05-04 09:29 EDT (0h 0m from now)
  Sleeping until market open...

  Market is currently closed.
  Next open: 2026-05-04 09:29 EDT (0h 0m from now)
  Sleeping until market open...

  Market is currently closed.
  Next open: 2026-05-04 09:29 EDT (0h 0m from now)
  Sleeping until market open...

  Market is currently closed.
  Next open: 2026-05-04 09:29 EDT (0h 0m from now)
  Sleeping until market open...

  Market is currently closed.
  Next open: 2026-05-04 09:29 EDT (0h 0m from now)
  Sleeping until market open...

  Market is currently closed.
  Next open: 2026-05-04 09:29 EDT (0h 0m from now)
  Sleeping until market open...

  Market is currently closed.
  Next open: 2026-05-04 09:29 EDT (0h 0m from now)
  Sleeping until market open...

  Market is currently closed.
  Next open: 2026-05-04 09:29 EDT (0h 0m from now)
  Sleeping until market open...

  Market is currently closed.
  Next open: 2026-05-04 09:29 EDT (0h 0m from now)
  Sleeping until market open...

  Market is currently closed.
  Next open: 2026-05-04 09:29 EDT (0h 0m from now)
  Sleeping until market open...

  Market is currently closed.
  Next open: 2026-05-04 09:29 EDT (0h 0m from now)
  Sleeping until market open...

  Market is currently closed.
  Next open: 2026-05-04 09:29 EDT (0h 0m from now)
  Sleeping until market open...

  Market is currently closed.
  Next open: 2026-05-04 09:29 EDT (0h 0m from now)
  Sleeping until market open...

  Market is currently closed.
  Next open: 2026-05-04 09:29 EDT (0h 0m from now)
  Sleeping until market open...

  Market is currently closed.
  Next open: 2026-05-04 09:29 EDT (0h 0m from now)
  Sleeping until market open...

  Market is currently closed.
  Next open: 2026-05-04 09:29 EDT (0h 0m from now)
  Sleeping until market open...

  Market is currently closed.
  Next open: 2026-05-04 09:29 EDT (0h 0m from now)
  Sleeping until market open...

  Market is currently closed.
  Next open: 2026-05-04 09:29 EDT (0h 0m from now)
  Sleeping until market open...

  Market is currently closed.
  Next open: 2026-05-04 09:29 EDT (0h 0m from now)
  Sleeping until market open...

  Market is currently closed.
  Next open: 2026-05-04 09:29 EDT (0h 0m from now)
  Sleeping until market open...

  Market is currently closed.
  Next open: 2026-05-04 09:29 EDT (0h 0m from now)
  Sleeping until market open...

  Market is currently closed.
  Next open: 2026-05-04 09:29 EDT (0h 0m from now)
  Sleeping until market open...

  Market is currently closed.
  Next open: 2026-05-04 09:29 EDT (0h 0m from now)
  Sleeping until market open...

  Market is currently closed.
  Next open: 2026-05-04 09:29 EDT (0h 0m from now)
  Sleeping until market open...

  Market is currently closed.
  Next open: 2026-05-04 09:29 EDT (0h 0m from now)
  Sleeping until market open...

  Market is currently closed.
  Next open: 2026-05-04 09:29 EDT (0h 0m from now)
  Sleeping until market open...

  Market is currently closed.
  Next open: 2026-05-04 09:29 EDT (0h 0m from now)
  Sleeping until market open...

  Market is currently closed.
  Next open: 2026-05-04 09:29 EDT (0h 0m from now)
  Sleeping until market open...

  Market is currently closed.
  Next open: 2026-05-04 09:29 EDT (0h 0m from now)
  Sleeping until market open...

  Market is currently closed.
  Next open: 2026-05-04 09:29 EDT (0h 0m from now)
  Sleeping until market open...

  Market is currently closed.
  Next open: 2026-05-04 09:29 EDT (0h 0m from now)
  Sleeping until market open...

  Market is currently closed.
  Next open: 2026-05-04 09:29 EDT (0h 0m from now)
  Sleeping until market open...

  Market is currently closed.
  Next open: 2026-05-04 09:29 EDT (0h 0m from now)
  Sleeping until market open...

  Market is currently closed.
  Next open: 2026-05-04 09:29 EDT (0h 0m from now)
  Sleeping until market open...

  Market is currently closed.
  Sleeping until market open...  Next open: 2026-05-04 09:29 EDT (0h 0m from now)

Sleeping until market open...

  Market is currently closed.

  Market is currently closed.  Next open: 2026-05-04 09:29 EDT (0h 0m from now)

  Sleeping until market open...
  Next open: 2026-05-04 09:29 EDT (0h 0m from now)
  Market is currently closed.
  Next open: 2026-05-04 09:29 EDT (0h 0m from now)
  Sleeping until market open...  Sleeping until market open...


  Market is currently closed.
  Next open: 2026-05-04 09:29 EDT (0h 0m from now)
  Market is currently closed.  Sleeping until market open...

  Next open: 2026-05-04 09:29 EDT (0h 0m from now)
  Next open: 2026-05-04 09:29 EDT (0h 0m from now)

  Sleeping until market open...  Sleeping until market open...

  Market is currently closed.
  Next open: 2026-05-04 09:29 EDT (0h 0m from now)
  Sleeping until market open...

  Market is currently closed.

  Market is currently closed.  Next open: 2026-05-04 09:29 EDT (0h 0m from now)
  Sleeping until market open...

  Market is currently closed.
  Next open: 2026-05-04 09:29 EDT (0h 0m from now)  Next open: 2026-05-04 09:29 EDT (0h 0m from now)
  Sleeping until market open...

  Sleeping until market open...
  Market is currently closed.

  Next open: 2026-05-04 09:29 EDT (0h 0m from now)
  Sleeping until market open...

  Market is currently closed.
  Next open: 2026-05-04 09:29 EDT (0h 0m from now)
  Market is currently closed.  Sleeping until market open...


  Market is currently closed.
  Next open: 2026-05-04 09:29 EDT (0h 0m from now)
  Next open: 2026-05-04 09:29 EDT (0h 0m from now)  Sleeping until market open...

  Market is currently closed.
  Next open: 2026-05-04 09:29 EDT (0h 0m from now)

  Sleeping until market open...  Sleeping until market open...
  Market is currently closed.
  Next open: 2026-05-04 09:29 EDT (0h 0m from now)
  Sleeping until market open...


  Market is currently closed.
  Next open: 2026-05-04 09:29 EDT (0h 0m from now)
  Sleeping until market open...

  Market is currently closed.
  Market is currently closed.

  Next open: 2026-05-04 09:29 EDT (0h 0m from now)
  Sleeping until market open...
  Next open: 2026-05-04 09:29 EDT (0h 0m from now)

  Market is currently closed.
  Next open: 2026-05-04 09:29 EDT (0h 0m from now)
  Sleeping until market open...  Sleeping until market open...


  Market is currently closed.
  Next open: 2026-05-04 09:29 EDT (0h 0m from now)
  Sleeping until market open...

  Market is currently closed.
  Market is currently closed.
  Next open: 2026-05-04 09:29 EDT (0h 0m from now)
  Sleeping until market open...

  Sleeping until market open...
  Market is currently closed.
  Next open: 2026-05-04 09:29 EDT (0h 0m from now)

  Market is currently closed.  Sleeping until market open...

  Next open: 2026-05-04 09:29 EDT (0h 0m from now)
  Market is currently closed.

  Next open: 2026-05-04 09:29 EDT (0h 0m from now)
  Sleeping until market open...
  Sleeping until market open...
  Market is currently closed.

Next open: 2026-05-04 09:29 EDT (0h 0m from now)
  Sleeping until market open...

  Market is currently closed.
  Market is currently closed.

  Next open: 2026-05-04 09:29 EDT (0h 0m from now)  Next open: 2026-05-04 09:29 EDT (0h 0m from now)
  Sleeping until market open...


  Market is currently closed.
  Sleeping until market open...  Next open: 2026-05-04 09:29 EDT (0h 0m from now)
  Sleeping until market open...


  Market is currently closed.
  Next open: 2026-05-04 09:29 EDT (0h 0m from now)
  Market is currently closed.
  Sleeping until market open...
  Next open: 2026-05-04 09:29 EDT (0h 0m from now)
──────────────────────────────────────────────────────────────────────

📡 SCAN #1
  2026-05-04 09:30:00 EDT
──────────────────────────────────────────────────────────────────────  Sleeping until market open...

  Launching scanner...

──────────────────────────────────────────────────────────────────────
  📡 SCAN #1
  2026-05-04 09:30:00 EDT
──────────────────────────────────────────────────────────────────────
  Launching scanner...

  ⏳ Next scan at 10:01:28 EDT

  ⏳ Next scan at 10:01:52 EDT

──────────────────────────────────────────────────────────────────────
  📡 SCAN #2
  2026-05-04 10:01:28 EDT
──────────────────────────────────────────────────────────────────────
  Launching scanner...

──────────────────────────────────────────────────────────────────────
  📡 SCAN #2
  2026-05-04 10:01:52 EDT
──────────────────────────────────────────────────────────────────────
  Launching scanner...

  ⏳ Next scan at 10:32:49 EDT

  ⏳ Next scan at 10:33:39 EDT

──────────────────────────────────────────────────────────────────────
  📡 SCAN #3
  2026-05-04 10:32:49 EDT
──────────────────────────────────────────────────────────────────────
  Launching scanner...

──────────────────────────────────────────────────────────────────────
  📡 SCAN #3
  2026-05-04 10:33:39 EDT
──────────────────────────────────────────────────────────────────────
  Launching scanner...

  ⏳ Next scan at 11:04:04 EDT

  ⏳ Next scan at 11:05:25 EDT

──────────────────────────────────────────────────────────────────────
  📡 SCAN #4
  2026-05-04 11:04:04 EDT
──────────────────────────────────────────────────────────────────────
  Launching scanner...

  ⏳ Next scan at 11:35:19 EDT

──────────────────────────────────────────────────────────────────────
  📡 SCAN #4
  2026-05-04 11:05:25 EDT
──────────────────────────────────────────────────────────────────────
  Launching scanner...

  ⏳ Next scan at 11:37:19 EDT

──────────────────────────────────────────────────────────────────────
  📡 SCAN #5
  2026-05-04 11:35:19 EDT
──────────────────────────────────────────────────────────────────────
  Launching scanner...

  ⏳ Next scan at 12:06:37 EDT

──────────────────────────────────────────────────────────────────────
  📡 SCAN #5
  2026-05-04 11:37:19 EDT
──────────────────────────────────────────────────────────────────────
  Launching scanner...

  ⏳ Next scan at 12:09:10 EDT

──────────────────────────────────────────────────────────────────────
  📡 SCAN #6
  2026-05-04 12:06:37 EDT
──────────────────────────────────────────────────────────────────────
  Launching scanner...

  ⏳ Next scan at 12:37:53 EDT

──────────────────────────────────────────────────────────────────────
  📡 SCAN #6
  2026-05-04 12:09:10 EDT
──────────────────────────────────────────────────────────────────────
  Launching scanner...

  ⏳ Next scan at 12:41:01 EDT

──────────────────────────────────────────────────────────────────────
  📡 SCAN #7
  2026-05-04 12:37:53 EDT
──────────────────────────────────────────────────────────────────────
  Launching scanner...

  ⏳ Next scan at 13:09:10 EDT

──────────────────────────────────────────────────────────────────────
  📡 SCAN #7
  2026-05-04 12:41:01 EDT
──────────────────────────────────────────────────────────────────────
  Launching scanner...

  ⏳ Next scan at 13:12:49 EDT

──────────────────────────────────────────────────────────────────────
  📡 SCAN #8
  2026-05-04 13:09:10 EDT
──────────────────────────────────────────────────────────────────────
  Launching scanner...

  ⏳ Next scan at 13:40:26 EDT

──────────────────────────────────────────────────────────────────────
  📡 SCAN #8
  2026-05-04 13:12:49 EDT
──────────────────────────────────────────────────────────────────────
  Launching scanner...

  ⏳ Next scan at 13:44:38 EDT

──────────────────────────────────────────────────────────────────────
  📡 SCAN #9
  2026-05-04 13:40:26 EDT
──────────────────────────────────────────────────────────────────────
  Launching scanner...

  ⏳ Next scan at 14:11:42 EDT

──────────────────────────────────────────────────────────────────────
  📡 SCAN #9
  2026-05-04 13:44:38 EDT
──────────────────────────────────────────────────────────────────────
  Launching scanner...

  ⏳ Next scan at 14:16:34 EDT

──────────────────────────────────────────────────────────────────────
  📡 SCAN #10
  2026-05-04 14:11:42 EDT
──────────────────────────────────────────────────────────────────────
  Launching scanner...

  ⏳ Next scan at 14:43:06 EDT

──────────────────────────────────────────────────────────────────────
  📡 SCAN #10
  2026-05-04 14:16:34 EDT
──────────────────────────────────────────────────────────────────────
  Launching scanner...

  ⏳ Next scan at 14:48:31 EDT

──────────────────────────────────────────────────────────────────────
  📡 SCAN #11
  2026-05-04 14:43:06 EDT
──────────────────────────────────────────────────────────────────────
  Launching scanner...

  ⏳ Next scan at 15:14:22 EDT

──────────────────────────────────────────────────────────────────────
  📡 SCAN #11
  2026-05-04 14:48:31 EDT
──────────────────────────────────────────────────────────────────────
  Launching scanner...

  ⏳ Next scan at 15:20:24 EDT

──────────────────────────────────────────────────────────────────────
  📡 SCAN #12
  2026-05-04 15:14:22 EDT
──────────────────────────────────────────────────────────────────────
  Launching scanner...

  ⏳ Next scan at 15:45:39 EDT

──────────────────────────────────────────────────────────────────────
  📡 SCAN #12
  2026-05-04 15:20:24 EDT
──────────────────────────────────────────────────────────────────────
  Launching scanner...

  ⏳ Next scan at 15:52:15 EDT

──────────────────────────────────────────────────────────────────────
  📡 SCAN #13
  2026-05-04 15:45:39 EDT
──────────────────────────────────────────────────────────────────────
  Launching scanner...

  Market closing soon — final scan complete for today.

======================================================================
  📋 END OF DAY REVIEW
  2026-05-04 15:46:59 EDT
======================================================================

  Waiting until 4:01 PM for post-close settlement scan...

──────────────────────────────────────────────────────────────────────
  📡 SCAN #13
  2026-05-04 15:52:15 EDT
──────────────────────────────────────────────────────────────────────
  Launching scanner...

  Market closing soon — final scan complete for today.

======================================================================
  📋 END OF DAY REVIEW
  2026-05-04 15:54:12 EDT
======================================================================

  Waiting until 4:01 PM for post-close settlement scan...

  📡 SCAN #14 — POST-CLOSE SETTLEMENT
  📡 SCAN #14 — POST-CLOSE SETTLEMENT
  Launching scanner...

  Launching scanner...

  Recording outcomes for expiring contracts...

  Recording outcomes for expiring contracts...

[Session started: 2026-05-04 18:27:35]

======================================================================
  🔄 OPTIONS FLOW SCANNER — SCHEDULER
  Started: 2026-05-04 18:27:35 EDT
  Scan interval: every 30 minutes during market hours
  Market hours: 9:30 — 16:00 Eastern
  Scanner: fetch_trades.py
  Press Ctrl+C to stop
======================================================================

  Market is currently closed.
  Next open: 2026-05-05 09:29 EDT (15h 2m from now)
  Sleeping until market open...

  Market is currently closed.
  Next open: 2026-05-05 09:29 EDT (13h 38m from now)
  Sleeping until market open...

  Market is currently closed.
  Next open: 2026-05-05 09:29 EDT (12h 38m from now)
  Sleeping until market open...

  Market is currently closed.
  Next open: 2026-05-05 09:29 EDT (11h 38m from now)
  Sleeping until market open...

  Market is currently closed.
  Next open: 2026-05-05 09:29 EDT (3h 59m from now)
  Sleeping until market open...

  Market is currently closed.
  Next open: 2026-05-05 09:29 EDT (2h 59m from now)
  Sleeping until market open...

  Market is currently closed.
  Next open: 2026-05-05 09:29 EDT (1h 59m from now)
  Sleeping until market open...

  Market is currently closed.
  Next open: 2026-05-05 09:29 EDT (0h 59m from now)
  Sleeping until market open...

  Market is currently closed.
  Next open: 2026-05-05 09:29 EDT (0h 0m from now)
  Sleeping until market open...

  Market is currently closed.
  Next open: 2026-05-05 09:29 EDT (0h 0m from now)
  Sleeping until market open...

  Market is currently closed.
  Next open: 2026-05-05 09:29 EDT (0h 0m from now)
  Sleeping until market open...

  Market is currently closed.
  Next open: 2026-05-05 09:29 EDT (0h 0m from now)
  Sleeping until market open...

  Market is currently closed.
  Next open: 2026-05-05 09:29 EDT (0h 0m from now)
  Sleeping until market open...

  Market is currently closed.
  Next open: 2026-05-05 09:29 EDT (0h 0m from now)
  Sleeping until market open...

  Market is currently closed.
  Next open: 2026-05-05 09:29 EDT (0h 0m from now)
  Sleeping until market open...

  Market is currently closed.
  Next open: 2026-05-05 09:29 EDT (0h 0m from now)
  Sleeping until market open...

  Market is currently closed.
  Next open: 2026-05-05 09:29 EDT (0h 0m from now)
  Sleeping until market open...

  Market is currently closed.
  Next open: 2026-05-05 09:29 EDT (0h 0m from now)
  Sleeping until market open...

  Market is currently closed.
  Next open: 2026-05-05 09:29 EDT (0h 0m from now)
  Sleeping until market open...

  Market is currently closed.
  Next open: 2026-05-05 09:29 EDT (0h 0m from now)
  Sleeping until market open...

  Market is currently closed.
  Next open: 2026-05-05 09:29 EDT (0h 0m from now)
  Sleeping until market open...

  Market is currently closed.
  Next open: 2026-05-05 09:29 EDT (0h 0m from now)
  Sleeping until market open...

  Market is currently closed.
  Next open: 2026-05-05 09:29 EDT (0h 0m from now)
  Sleeping until market open...

  Market is currently closed.
  Next open: 2026-05-05 09:29 EDT (0h 0m from now)
  Sleeping until market open...

  Market is currently closed.
  Next open: 2026-05-05 09:29 EDT (0h 0m from now)
  Sleeping until market open...

  Market is currently closed.
  Next open: 2026-05-05 09:29 EDT (0h 0m from now)
  Sleeping until market open...

  Market is currently closed.
  Next open: 2026-05-05 09:29 EDT (0h 0m from now)
  Sleeping until market open...

  Market is currently closed.
  Next open: 2026-05-05 09:29 EDT (0h 0m from now)
  Sleeping until market open...

  Market is currently closed.
  Next open: 2026-05-05 09:29 EDT (0h 0m from now)
  Sleeping until market open...

  Market is currently closed.
  Next open: 2026-05-05 09:29 EDT (0h 0m from now)
  Sleeping until market open...

  Market is currently closed.
  Next open: 2026-05-05 09:29 EDT (0h 0m from now)
  Sleeping until market open...

  Market is currently closed.
  Next open: 2026-05-05 09:29 EDT (0h 0m from now)
  Sleeping until market open...

  Market is currently closed.
  Next open: 2026-05-05 09:29 EDT (0h 0m from now)
  Sleeping until market open...

  Market is currently closed.
  Next open: 2026-05-05 09:29 EDT (0h 0m from now)
  Sleeping until market open...

  Market is currently closed.
  Next open: 2026-05-05 09:29 EDT (0h 0m from now)
  Sleeping until market open...

  Market is currently closed.
  Next open: 2026-05-05 09:29 EDT (0h 0m from now)
  Sleeping until market open...

  Market is currently closed.
  Next open: 2026-05-05 09:29 EDT (0h 0m from now)
  Sleeping until market open...

  Market is currently closed.
  Next open: 2026-05-05 09:29 EDT (0h 0m from now)
  Sleeping until market open...

  Market is currently closed.
  Next open: 2026-05-05 09:29 EDT (0h 0m from now)
  Sleeping until market open...

  Market is currently closed.
  Next open: 2026-05-05 09:29 EDT (0h 0m from now)
  Sleeping until market open...

  Market is currently closed.
  Next open: 2026-05-05 09:29 EDT (0h 0m from now)
  Sleeping until market open...

  Market is currently closed.
  Next open: 2026-05-05 09:29 EDT (0h 0m from now)
  Sleeping until market open...

  Market is currently closed.
  Next open: 2026-05-05 09:29 EDT (0h 0m from now)
  Sleeping until market open...

  Market is currently closed.
  Next open: 2026-05-05 09:29 EDT (0h 0m from now)
  Sleeping until market open...

  Market is currently closed.
  Next open: 2026-05-05 09:29 EDT (0h 0m from now)
  Sleeping until market open...

  Market is currently closed.
  Next open: 2026-05-05 09:29 EDT (0h 0m from now)
  Sleeping until market open...

  Market is currently closed.
  Next open: 2026-05-05 09:29 EDT (0h 0m from now)
  Sleeping until market open...

  Market is currently closed.
  Next open: 2026-05-05 09:29 EDT (0h 0m from now)
  Sleeping until market open...

  Market is currently closed.
  Next open: 2026-05-05 09:29 EDT (0h 0m from now)
  Sleeping until market open...

  Market is currently closed.
  Next open: 2026-05-05 09:29 EDT (0h 0m from now)
  Sleeping until market open...

  Market is currently closed.
  Next open: 2026-05-05 09:29 EDT (0h 0m from now)
  Sleeping until market open...

  Market is currently closed.
  Next open: 2026-05-05 09:29 EDT (0h 0m from now)
  Sleeping until market open...

  Market is currently closed.
  Next open: 2026-05-05 09:29 EDT (0h 0m from now)
  Sleeping until market open...

  Market is currently closed.
  Next open: 2026-05-05 09:29 EDT (0h 0m from now)
  Sleeping until market open...

  Market is currently closed.
  Next open: 2026-05-05 09:29 EDT (0h 0m from now)
  Sleeping until market open...

  Market is currently closed.
  Next open: 2026-05-05 09:29 EDT (0h 0m from now)
  Sleeping until market open...

  Market is currently closed.
  Next open: 2026-05-05 09:29 EDT (0h 0m from now)
  Sleeping until market open...

  Market is currently closed.
  Next open: 2026-05-05 09:29 EDT (0h 0m from now)
  Sleeping until market open...

  Market is currently closed.
  Next open: 2026-05-05 09:29 EDT (0h 0m from now)
  Sleeping until market open...

  Market is currently closed.
  Next open: 2026-05-05 09:29 EDT (0h 0m from now)
  Sleeping until market open...

  Market is currently closed.
  Next open: 2026-05-05 09:29 EDT (0h 0m from now)
  Sleeping until market open...

  Market is currently closed.
  Next open: 2026-05-05 09:29 EDT (0h 0m from now)
  Sleeping until market open...

  Market is currently closed.
  Next open: 2026-05-05 09:29 EDT (0h 0m from now)
  Sleeping until market open...

  Market is currently closed.
  Next open: 2026-05-05 09:29 EDT (0h 0m from now)
  Sleeping until market open...

  Market is currently closed.
  Next open: 2026-05-05 09:29 EDT (0h 0m from now)
  Sleeping until market open...

  Market is currently closed.
  Next open: 2026-05-05 09:29 EDT (0h 0m from now)
  Sleeping until market open...

  Market is currently closed.
  Next open: 2026-05-05 09:29 EDT (0h 0m from now)
  Sleeping until market open...

  Market is currently closed.
  Next open: 2026-05-05 09:29 EDT (0h 0m from now)
  Sleeping until market open...

  Market is currently closed.
  Next open: 2026-05-05 09:29 EDT (0h 0m from now)
  Sleeping until market open...

  Market is currently closed.
  Next open: 2026-05-05 09:29 EDT (0h 0m from now)
  Sleeping until market open...

  Market is currently closed.
  Next open: 2026-05-05 09:29 EDT (0h 0m from now)
  Sleeping until market open...

  Market is currently closed.
  Next open: 2026-05-05 09:29 EDT (0h 0m from now)
  Sleeping until market open...

  Market is currently closed.
  Next open: 2026-05-05 09:29 EDT (0h 0m from now)
  Sleeping until market open...

  Market is currently closed.
  Next open: 2026-05-05 09:29 EDT (0h 0m from now)
  Sleeping until market open...

  Market is currently closed.
  Next open: 2026-05-05 09:29 EDT (0h 0m from now)
  Sleeping until market open...

  Market is currently closed.
  Next open: 2026-05-05 09:29 EDT (0h 0m from now)
  Sleeping until market open...

  Market is currently closed.
  Next open: 2026-05-05 09:29 EDT (0h 0m from now)
  Sleeping until market open...

  Market is currently closed.
  Next open: 2026-05-05 09:29 EDT (0h 0m from now)
  Sleeping until market open...

  Market is currently closed.
  Next open: 2026-05-05 09:29 EDT (0h 0m from now)
  Sleeping until market open...

  Market is currently closed.
  Next open: 2026-05-05 09:29 EDT (0h 0m from now)
  Sleeping until market open...

  Market is currently closed.
  Next open: 2026-05-05 09:29 EDT (0h 0m from now)
  Sleeping until market open...

  Market is currently closed.
  Next open: 2026-05-05 09:29 EDT (0h 0m from now)
  Sleeping until market open...

  Market is currently closed.
  Next open: 2026-05-05 09:29 EDT (0h 0m from now)
  Sleeping until market open...

  Market is currently closed.
  Next open: 2026-05-05 09:29 EDT (0h 0m from now)
  Sleeping until market open...

  Market is currently closed.
  Next open: 2026-05-05 09:29 EDT (0h 0m from now)
  Sleeping until market open...

  Market is currently closed.
  Next open: 2026-05-05 09:29 EDT (0h 0m from now)
  Sleeping until market open...

  Market is currently closed.
  Next open: 2026-05-05 09:29 EDT (0h 0m from now)
  Sleeping until market open...

  Market is currently closed.
  Next open: 2026-05-05 09:29 EDT (0h 0m from now)
  Sleeping until market open...

  Market is currently closed.
  Next open: 2026-05-05 09:29 EDT (0h 0m from now)
  Sleeping until market open...

  Market is currently closed.
  Next open: 2026-05-05 09:29 EDT (0h 0m from now)
  Sleeping until market open...

  Market is currently closed.
  Next open: 2026-05-05 09:29 EDT (0h 0m from now)
  Sleeping until market open...

  Market is currently closed.
  Next open: 2026-05-05 09:29 EDT (0h 0m from now)
  Sleeping until market open...

  Market is currently closed.
  Next open: 2026-05-05 09:29 EDT (0h 0m from now)
  Sleeping until market open...

  Market is currently closed.
  Next open: 2026-05-05 09:29 EDT (0h 0m from now)
  Sleeping until market open...

  Market is currently closed.
  Next open: 2026-05-05 09:29 EDT (0h 0m from now)
  Sleeping until market open...

  Market is currently closed.
  Next open: 2026-05-05 09:29 EDT (0h 0m from now)
  Sleeping until market open...

  Market is currently closed.
  Next open: 2026-05-05 09:29 EDT (0h 0m from now)
  Sleeping until market open...

  Market is currently closed.
  Next open: 2026-05-05 09:29 EDT (0h 0m from now)
  Sleeping until market open...

  Market is currently closed.
  Next open: 2026-05-05 09:29 EDT (0h 0m from now)
  Sleeping until market open...

  Market is currently closed.
  Next open: 2026-05-05 09:29 EDT (0h 0m from now)
  Sleeping until market open...

  Market is currently closed.
  Next open: 2026-05-05 09:29 EDT (0h 0m from now)
  Sleeping until market open...

  Market is currently closed.
  Next open: 2026-05-05 09:29 EDT (0h 0m from now)
  Sleeping until market open...

  Market is currently closed.
  Next open: 2026-05-05 09:29 EDT (0h 0m from now)
  Sleeping until market open...

  Market is currently closed.
  Next open: 2026-05-05 09:29 EDT (0h 0m from now)
  Sleeping until market open...

  Market is currently closed.
  Next open: 2026-05-05 09:29 EDT (0h 0m from now)
  Sleeping until market open...

  Market is currently closed.
  Next open: 2026-05-05 09:29 EDT (0h 0m from now)
  Sleeping until market open...

  Market is currently closed.
  Next open: 2026-05-05 09:29 EDT (0h 0m from now)
  Sleeping until market open...

  Market is currently closed.
  Next open: 2026-05-05 09:29 EDT (0h 0m from now)
  Sleeping until market open...

  Market is currently closed.
  Next open: 2026-05-05 09:29 EDT (0h 0m from now)
  Sleeping until market open...

  Market is currently closed.
  Next open: 2026-05-05 09:29 EDT (0h 0m from now)
  Sleeping until market open...

  Market is currently closed.
  Next open: 2026-05-05 09:29 EDT (0h 0m from now)
  Sleeping until market open...

  Market is currently closed.
  Next open: 2026-05-05 09:29 EDT (0h 0m from now)
  Sleeping until market open...

  Market is currently closed.
  Next open: 2026-05-05 09:29 EDT (0h 0m from now)
  Sleeping until market open...

  Market is currently closed.
  Next open: 2026-05-05 09:29 EDT (0h 0m from now)
  Sleeping until market open...

  Market is currently closed.
  Next open: 2026-05-05 09:29 EDT (0h 0m from now)
  Sleeping until market open...

  Market is currently closed.
  Next open: 2026-05-05 09:29 EDT (0h 0m from now)
  Sleeping until market open...

  Market is currently closed.
  Next open: 2026-05-05 09:29 EDT (0h 0m from now)
  Sleeping until market open...

  Market is currently closed.
  Next open: 2026-05-05 09:29 EDT (0h 0m from now)
  Sleeping until market open...

  Market is currently closed.
  Next open: 2026-05-05 09:29 EDT (0h 0m from now)
  Sleeping until market open...

  Market is currently closed.
  Next open: 2026-05-05 09:29 EDT (0h 0m from now)
  Sleeping until market open...

  Market is currently closed.
  Next open: 2026-05-05 09:29 EDT (0h 0m from now)
  Sleeping until market open...

  Market is currently closed.
  Next open: 2026-05-05 09:29 EDT (0h 0m from now)
  Sleeping until market open...

  Market is currently closed.
  Next open: 2026-05-05 09:29 EDT (0h 0m from now)
  Sleeping until market open...

  Market is currently closed.
  Next open: 2026-05-05 09:29 EDT (0h 0m from now)
  Sleeping until market open...

  Market is currently closed.
  Next open: 2026-05-05 09:29 EDT (0h 0m from now)
  Sleeping until market open...

  Market is currently closed.
  Next open: 2026-05-05 09:29 EDT (0h 0m from now)
  Sleeping until market open...

  Market is currently closed.
  Next open: 2026-05-05 09:29 EDT (0h 0m from now)
  Sleeping until market open...

  Market is currently closed.
  Next open: 2026-05-05 09:29 EDT (0h 0m from now)
  Sleeping until market open...

  Market is currently closed.
  Next open: 2026-05-05 09:29 EDT (0h 0m from now)
  Sleeping until market open...

  Market is currently closed.
  Next open: 2026-05-05 09:29 EDT (0h 0m from now)
  Sleeping until market open...

  Market is currently closed.
  Next open: 2026-05-05 09:29 EDT (0h 0m from now)
  Sleeping until market open...

  Market is currently closed.
  Next open: 2026-05-05 09:29 EDT (0h 0m from now)
  Sleeping until market open...

  Market is currently closed.
  Next open: 2026-05-05 09:29 EDT (0h 0m from now)
  Sleeping until market open...

  Market is currently closed.
  Next open: 2026-05-05 09:29 EDT (0h 0m from now)
  Sleeping until market open...

  Market is currently closed.
  Next open: 2026-05-05 09:29 EDT (0h 0m from now)
  Sleeping until market open...

  Market is currently closed.
  Next open: 2026-05-05 09:29 EDT (0h 0m from now)
  Sleeping until market open...

  Market is currently closed.
  Next open: 2026-05-05 09:29 EDT (0h 0m from now)
  Sleeping until market open...

  Market is currently closed.
  Next open: 2026-05-05 09:29 EDT (0h 0m from now)
  Sleeping until market open...

  Market is currently closed.
  Next open: 2026-05-05 09:29 EDT (0h 0m from now)
  Sleeping until market open...

  Market is currently closed.
  Next open: 2026-05-05 09:29 EDT (0h 0m from now)
  Sleeping until market open...

  Market is currently closed.
  Next open: 2026-05-05 09:29 EDT (0h 0m from now)
  Sleeping until market open...

  Market is currently closed.
  Next open: 2026-05-05 09:29 EDT (0h 0m from now)
  Sleeping until market open...

  Market is currently closed.
  Next open: 2026-05-05 09:29 EDT (0h 0m from now)
  Sleeping until market open...

  Market is currently closed.
  Next open: 2026-05-05 09:29 EDT (0h 0m from now)
  Sleeping until market open...

  Market is currently closed.
  Next open: 2026-05-05 09:29 EDT (0h 0m from now)
  Sleeping until market open...

  Market is currently closed.
  Next open: 2026-05-05 09:29 EDT (0h 0m from now)
  Sleeping until market open...

  Market is currently closed.
  Next open: 2026-05-05 09:29 EDT (0h 0m from now)
  Sleeping until market open...

  Market is currently closed.
  Next open: 2026-05-05 09:29 EDT (0h 0m from now)
  Sleeping until market open...

  Market is currently closed.
  Next open: 2026-05-05 09:29 EDT (0h 0m from now)
  Sleeping until market open...

  Market is currently closed.
  Next open: 2026-05-05 09:29 EDT (0h 0m from now)
  Sleeping until market open...

  Market is currently closed.
  Next open: 2026-05-05 09:29 EDT (0h 0m from now)
  Sleeping until market open...

  Market is currently closed.
  Next open: 2026-05-05 09:29 EDT (0h 0m from now)
  Sleeping until market open...

  Market is currently closed.
  Next open: 2026-05-05 09:29 EDT (0h 0m from now)
  Sleeping until market open...

  Market is currently closed.
  Next open: 2026-05-05 09:29 EDT (0h 0m from now)
  Sleeping until market open...

  Market is currently closed.
  Next open: 2026-05-05 09:29 EDT (0h 0m from now)
  Sleeping until market open...

  Market is currently closed.
  Next open: 2026-05-05 09:29 EDT (0h 0m from now)
  Sleeping until market open...

  Market is currently closed.
  Next open: 2026-05-05 09:29 EDT (0h 0m from now)
  Sleeping until market open...

  Market is currently closed.
  Next open: 2026-05-05 09:29 EDT (0h 0m from now)
  Sleeping until market open...

  Market is currently closed.
  Next open: 2026-05-05 09:29 EDT (0h 0m from now)
  Sleeping until market open...

  Market is currently closed.
  Next open: 2026-05-05 09:29 EDT (0h 0m from now)
  Sleeping until market open...

  Market is currently closed.
  Next open: 2026-05-05 09:29 EDT (0h 0m from now)
  Sleeping until market open...

  Market is currently closed.
  Next open: 2026-05-05 09:29 EDT (0h 0m from now)
  Sleeping until market open...

  Market is currently closed.
  Next open: 2026-05-05 09:29 EDT (0h 0m from now)
  Sleeping until market open...

  Market is currently closed.
  Next open: 2026-05-05 09:29 EDT (0h 0m from now)
  Sleeping until market open...

  Market is currently closed.
  Next open: 2026-05-05 09:29 EDT (0h 0m from now)
  Sleeping until market open...

  Market is currently closed.
  Next open: 2026-05-05 09:29 EDT (0h 0m from now)
  Sleeping until market open...

  Market is currently closed.
  Next open: 2026-05-05 09:29 EDT (0h 0m from now)
  Sleeping until market open...

  Market is currently closed.
  Next open: 2026-05-05 09:29 EDT (0h 0m from now)
  Sleeping until market open...

  Market is currently closed.
  Next open: 2026-05-05 09:29 EDT (0h 0m from now)
  Sleeping until market open...

  Market is currently closed.
  Next open: 2026-05-05 09:29 EDT (0h 0m from now)
  Sleeping until market open...

  Market is currently closed.
  Next open: 2026-05-05 09:29 EDT (0h 0m from now)
  Sleeping until market open...

  Market is currently closed.
  Next open: 2026-05-05 09:29 EDT (0h 0m from now)
  Sleeping until market open...

  Market is currently closed.
  Next open: 2026-05-05 09:29 EDT (0h 0m from now)
  Sleeping until market open...

  Market is currently closed.
  Next open: 2026-05-05 09:29 EDT (0h 0m from now)
  Sleeping until market open...

  Market is currently closed.
  Next open: 2026-05-05 09:29 EDT (0h 0m from now)
  Sleeping until market open...

  Market is currently closed.
  Next open: 2026-05-05 09:29 EDT (0h 0m from now)
  Sleeping until market open...

  Market is currently closed.
  Next open: 2026-05-05 09:29 EDT (0h 0m from now)
  Sleeping until market open...

  Market is currently closed.
  Next open: 2026-05-05 09:29 EDT (0h 0m from now)
  Sleeping until market open...

  Market is currently closed.
  Next open: 2026-05-05 09:29 EDT (0h 0m from now)
  Sleeping until market open...

  Market is currently closed.
  Next open: 2026-05-05 09:29 EDT (0h 0m from now)
  Sleeping until market open...

  Market is currently closed.
  Next open: 2026-05-05 09:29 EDT (0h 0m from now)
  Sleeping until market open...

  Market is currently closed.
  Next open: 2026-05-05 09:29 EDT (0h 0m from now)
  Sleeping until market open...

  Market is currently closed.
  Next open: 2026-05-05 09:29 EDT (0h 0m from now)
  Sleeping until market open...

  Market is currently closed.
  Next open: 2026-05-05 09:29 EDT (0h 0m from now)
  Sleeping until market open...

  Market is currently closed.
  Next open: 2026-05-05 09:29 EDT (0h 0m from now)
  Sleeping until market open...

  Market is currently closed.
  Next open: 2026-05-05 09:29 EDT (0h 0m from now)
  Sleeping until market open...

  Market is currently closed.
  Next open: 2026-05-05 09:29 EDT (0h 0m from now)
  Sleeping until market open...

  Market is currently closed.
  Next open: 2026-05-05 09:29 EDT (0h 0m from now)
  Sleeping until market open...

  Market is currently closed.
  Next open: 2026-05-05 09:29 EDT (0h 0m from now)
  Sleeping until market open...

  Market is currently closed.
  Next open: 2026-05-05 09:29 EDT (0h 0m from now)
  Sleeping until market open...

  Market is currently closed.
  Next open: 2026-05-05 09:29 EDT (0h 0m from now)
  Sleeping until market open...

  Market is currently closed.
  Next open: 2026-05-05 09:29 EDT (0h 0m from now)
  Sleeping until market open...

  Market is currently closed.
  Next open: 2026-05-05 09:29 EDT (0h 0m from now)
  Sleeping until market open...

  Market is currently closed.
  Next open: 2026-05-05 09:29 EDT (0h 0m from now)
  Sleeping until market open...

  Market is currently closed.
  Next open: 2026-05-05 09:29 EDT (0h 0m from now)
  Sleeping until market open...

  Market is currently closed.
  Next open: 2026-05-05 09:29 EDT (0h 0m from now)
  Sleeping until market open...

  Market is currently closed.
  Next open: 2026-05-05 09:29 EDT (0h 0m from now)
  Sleeping until market open...

  Market is currently closed.
  Next open: 2026-05-05 09:29 EDT (0h 0m from now)
  Sleeping until market open...

  Market is currently closed.
  Next open: 2026-05-05 09:29 EDT (0h 0m from now)
  Sleeping until market open...

  Market is currently closed.
  Next open: 2026-05-05 09:29 EDT (0h 0m from now)
  Sleeping until market open...

  Market is currently closed.
  Next open: 2026-05-05 09:29 EDT (0h 0m from now)
  Sleeping until market open...

  Market is currently closed.
  Next open: 2026-05-05 09:29 EDT (0h 0m from now)
  Sleeping until market open...

  Market is currently closed.
  Next open: 2026-05-05 09:29 EDT (0h 0m from now)
  Sleeping until market open...

  Market is currently closed.
  Next open: 2026-05-05 09:29 EDT (0h 0m from now)
  Sleeping until market open...

  Market is currently closed.
  Next open: 2026-05-05 09:29 EDT (0h 0m from now)
  Sleeping until market open...

  Market is currently closed.
  Next open: 2026-05-05 09:29 EDT (0h 0m from now)
  Sleeping until market open...

  Market is currently closed.
  Next open: 2026-05-05 09:29 EDT (0h 0m from now)
  Sleeping until market open...

  Market is currently closed.
  Next open: 2026-05-05 09:29 EDT (0h 0m from now)
  Sleeping until market open...

  Market is currently closed.
  Next open: 2026-05-05 09:29 EDT (0h 0m from now)
  Sleeping until market open...

  Market is currently closed.
  Next open: 2026-05-05 09:29 EDT (0h 0m from now)
  Sleeping until market open...

  Market is currently closed.
  Next open: 2026-05-05 09:29 EDT (0h 0m from now)
  Sleeping until market open...

  Market is currently closed.
  Next open: 2026-05-05 09:29 EDT (0h 0m from now)
  Sleeping until market open...

  Market is currently closed.
  Next open: 2026-05-05 09:29 EDT (0h 0m from now)
  Sleeping until market open...

  Market is currently closed.
  Next open: 2026-05-05 09:29 EDT (0h 0m from now)
  Sleeping until market open...

  Market is currently closed.
  Next open: 2026-05-05 09:29 EDT (0h 0m from now)
  Sleeping until market open...

  Market is currently closed.
  Next open: 2026-05-05 09:29 EDT (0h 0m from now)
  Sleeping until market open...

  Market is currently closed.
  Next open: 2026-05-05 09:29 EDT (0h 0m from now)
  Sleeping until market open...

  Market is currently closed.
  Next open: 2026-05-05 09:29 EDT (0h 0m from now)
  Sleeping until market open...

  Market is currently closed.
  Next open: 2026-05-05 09:29 EDT (0h 0m from now)
  Sleeping until market open...

  Market is currently closed.
  Next open: 2026-05-05 09:29 EDT (0h 0m from now)
  Sleeping until market open...

  Market is currently closed.
  Next open: 2026-05-05 09:29 EDT (0h 0m from now)
  Sleeping until market open...

  Market is currently closed.
  Next open: 2026-05-05 09:29 EDT (0h 0m from now)
  Sleeping until market open...

  Market is currently closed.
  Next open: 2026-05-05 09:29 EDT (0h 0m from now)
  Sleeping until market open...

  Market is currently closed.
  Next open: 2026-05-05 09:29 EDT (0h 0m from now)
  Sleeping until market open...

  Market is currently closed.
  Next open: 2026-05-05 09:29 EDT (0h 0m from now)
  Sleeping until market open...

  Market is currently closed.
  Next open: 2026-05-05 09:29 EDT (0h 0m from now)
  Sleeping until market open...

  Market is currently closed.
  Next open: 2026-05-05 09:29 EDT (0h 0m from now)
  Sleeping until market open...

  Market is currently closed.
  Next open: 2026-05-05 09:29 EDT (0h 0m from now)
  Sleeping until market open...

  Market is currently closed.
  Next open: 2026-05-05 09:29 EDT (0h 0m from now)
  Sleeping until market open...

  Market is currently closed.
  Next open: 2026-05-05 09:29 EDT (0h 0m from now)
  Sleeping until market open...

  Market is currently closed.
  Next open: 2026-05-05 09:29 EDT (0h 0m from now)
  Sleeping until market open...

  Market is currently closed.
  Next open: 2026-05-05 09:29 EDT (0h 0m from now)
  Sleeping until market open...

  Market is currently closed.
  Next open: 2026-05-05 09:29 EDT (0h 0m from now)
  Sleeping until market open...

  Market is currently closed.
  Next open: 2026-05-05 09:29 EDT (0h 0m from now)
  Sleeping until market open...

  Market is currently closed.
  Next open: 2026-05-05 09:29 EDT (0h 0m from now)
  Sleeping until market open...

  Market is currently closed.
  Next open: 2026-05-05 09:29 EDT (0h 0m from now)
  Sleeping until market open...

  Market is currently closed.
  Next open: 2026-05-05 09:29 EDT (0h 0m from now)
  Sleeping until market open...

  Market is currently closed.
  Next open: 2026-05-05 09:29 EDT (0h 0m from now)
  Sleeping until market open...

  Market is currently closed.
  Next open: 2026-05-05 09:29 EDT (0h 0m from now)
  Sleeping until market open...

  Market is currently closed.
  Next open: 2026-05-05 09:29 EDT (0h 0m from now)
  Sleeping until market open...

  Market is currently closed.
  Next open: 2026-05-05 09:29 EDT (0h 0m from now)
  Sleeping until market open...

  Market is currently closed.
  Next open: 2026-05-05 09:29 EDT (0h 0m from now)
  Sleeping until market open...

  Market is currently closed.
  Next open: 2026-05-05 09:29 EDT (0h 0m from now)
  Sleeping until market open...

  Market is currently closed.
  Next open: 2026-05-05 09:29 EDT (0h 0m from now)
  Sleeping until market open...

  Market is currently closed.
  Next open: 2026-05-05 09:29 EDT (0h 0m from now)
  Sleeping until market open...

  Market is currently closed.
  Next open: 2026-05-05 09:29 EDT (0h 0m from now)
  Sleeping until market open...

  Market is currently closed.
  Next open: 2026-05-05 09:29 EDT (0h 0m from now)
  Sleeping until market open...

  Market is currently closed.
  Next open: 2026-05-05 09:29 EDT (0h 0m from now)
  Sleeping until market open...

  Market is currently closed.
  Next open: 2026-05-05 09:29 EDT (0h 0m from now)
  Sleeping until market open...

  Market is currently closed.
  Next open: 2026-05-05 09:29 EDT (0h 0m from now)
  Sleeping until market open...

  Market is currently closed.
  Next open: 2026-05-05 09:29 EDT (0h 0m from now)
  Sleeping until market open...

  Market is currently closed.
  Next open: 2026-05-05 09:29 EDT (0h 0m from now)
  Sleeping until market open...

  Market is currently closed.
  Next open: 2026-05-05 09:29 EDT (0h 0m from now)
  Sleeping until market open...

  Market is currently closed.
  Next open: 2026-05-05 09:29 EDT (0h 0m from now)
  Sleeping until market open...

  Market is currently closed.
  Next open: 2026-05-05 09:29 EDT (0h 0m from now)
  Sleeping until market open...

  Market is currently closed.
  Next open: 2026-05-05 09:29 EDT (0h 0m from now)
  Sleeping until market open...

  Market is currently closed.
  Next open: 2026-05-05 09:29 EDT (0h 0m from now)
  Sleeping until market open...

  Market is currently closed.
  Next open: 2026-05-05 09:29 EDT (0h 0m from now)
  Sleeping until market open...

  Market is currently closed.
  Next open: 2026-05-05 09:29 EDT (0h 0m from now)
  Sleeping until market open...

  Market is currently closed.
  Next open: 2026-05-05 09:29 EDT (0h 0m from now)
  Sleeping until market open...

  Market is currently closed.
  Next open: 2026-05-05 09:29 EDT (0h 0m from now)
  Sleeping until market open...

  Market is currently closed.
  Next open: 2026-05-05 09:29 EDT (0h 0m from now)
  Sleeping until market open...

  Market is currently closed.
  Next open: 2026-05-05 09:29 EDT (0h 0m from now)
  Sleeping until market open...

  Market is currently closed.
  Next open: 2026-05-05 09:29 EDT (0h 0m from now)
  Sleeping until market open...

  Market is currently closed.
  Next open: 2026-05-05 09:29 EDT (0h 0m from now)
  Sleeping until market open...

  Market is currently closed.
  Next open: 2026-05-05 09:29 EDT (0h 0m from now)
  Sleeping until market open...

  Market is currently closed.
  Next open: 2026-05-05 09:29 EDT (0h 0m from now)
  Sleeping until market open...

  Market is currently closed.
  Next open: 2026-05-05 09:29 EDT (0h 0m from now)
  Sleeping until market open...

  Market is currently closed.
  Next open: 2026-05-05 09:29 EDT (0h 0m from now)
  Sleeping until market open...

  Market is currently closed.
  Next open: 2026-05-05 09:29 EDT (0h 0m from now)
  Sleeping until market open...

  Market is currently closed.
  Next open: 2026-05-05 09:29 EDT (0h 0m from now)
  Sleeping until market open...

  Market is currently closed.
  Next open: 2026-05-05 09:29 EDT (0h 0m from now)
  Sleeping until market open...

  Market is currently closed.
  Next open: 2026-05-05 09:29 EDT (0h 0m from now)
  Sleeping until market open...

  Market is currently closed.
  Next open: 2026-05-05 09:29 EDT (0h 0m from now)
  Sleeping until market open...

  Market is currently closed.
  Next open: 2026-05-05 09:29 EDT (0h 0m from now)
  Sleeping until market open...

  Market is currently closed.
  Next open: 2026-05-05 09:29 EDT (0h 0m from now)
  Sleeping until market open...

  Market is currently closed.
  Next open: 2026-05-05 09:29 EDT (0h 0m from now)
  Sleeping until market open...

  Market is currently closed.
  Next open: 2026-05-05 09:29 EDT (0h 0m from now)
  Sleeping until market open...

  Market is currently closed.
  Next open: 2026-05-05 09:29 EDT (0h 0m from now)
  Sleeping until market open...

  Market is currently closed.
  Next open: 2026-05-05 09:29 EDT (0h 0m from now)
  Sleeping until market open...

  Market is currently closed.
  Next open: 2026-05-05 09:29 EDT (0h 0m from now)
  Sleeping until market open...

  Market is currently closed.
  Next open: 2026-05-05 09:29 EDT (0h 0m from now)
  Sleeping until market open...

  Market is currently closed.
  Next open: 2026-05-05 09:29 EDT (0h 0m from now)
  Sleeping until market open...

  Market is currently closed.
  Next open: 2026-05-05 09:29 EDT (0h 0m from now)
  Sleeping until market open...

  Market is currently closed.
  Next open: 2026-05-05 09:29 EDT (0h 0m from now)
  Sleeping until market open...

  Market is currently closed.
  Next open: 2026-05-05 09:29 EDT (0h 0m from now)
  Sleeping until market open...

  Market is currently closed.
  Next open: 2026-05-05 09:29 EDT (0h 0m from now)
  Sleeping until market open...

  Market is currently closed.
  Next open: 2026-05-05 09:29 EDT (0h 0m from now)
  Sleeping until market open...

  Market is currently closed.
  Next open: 2026-05-05 09:29 EDT (0h 0m from now)
  Sleeping until market open...

  Market is currently closed.
  Next open: 2026-05-05 09:29 EDT (0h 0m from now)
  Sleeping until market open...

  Market is currently closed.
  Next open: 2026-05-05 09:29 EDT (0h 0m from now)
  Sleeping until market open...

  Market is currently closed.
  Next open: 2026-05-05 09:29 EDT (0h 0m from now)
  Sleeping until market open...

  Market is currently closed.
  Next open: 2026-05-05 09:29 EDT (0h 0m from now)
  Sleeping until market open...

  Market is currently closed.
  Next open: 2026-05-05 09:29 EDT (0h 0m from now)
  Sleeping until market open...

  Market is currently closed.
  Next open: 2026-05-05 09:29 EDT (0h 0m from now)
  Sleeping until market open...

  Market is currently closed.
  Next open: 2026-05-05 09:29 EDT (0h 0m from now)
  Sleeping until market open...

  Market is currently closed.
  Next open: 2026-05-05 09:29 EDT (0h 0m from now)
  Sleeping until market open...

  Market is currently closed.
  Next open: 2026-05-05 09:29 EDT (0h 0m from now)
  Sleeping until market open...

  Market is currently closed.
  Next open: 2026-05-05 09:29 EDT (0h 0m from now)
  Sleeping until market open...

  Market is currently closed.
  Next open: 2026-05-05 09:29 EDT (0h 0m from now)
  Sleeping until market open...

  Market is currently closed.
  Next open: 2026-05-05 09:29 EDT (0h 0m from now)
  Sleeping until market open...

  Market is currently closed.
  Next open: 2026-05-05 09:29 EDT (0h 0m from now)
  Sleeping until market open...

  Market is currently closed.
  Next open: 2026-05-05 09:29 EDT (0h 0m from now)
  Sleeping until market open...

  Market is currently closed.
  Next open: 2026-05-05 09:29 EDT (0h 0m from now)
  Sleeping until market open...

  Market is currently closed.
  Next open: 2026-05-05 09:29 EDT (0h 0m from now)
  Sleeping until market open...

  Market is currently closed.
  Next open: 2026-05-05 09:29 EDT (0h 0m from now)
  Sleeping until market open...

  Market is currently closed.
  Next open: 2026-05-05 09:29 EDT (0h 0m from now)
  Sleeping until market open...

  Market is currently closed.
  Next open: 2026-05-05 09:29 EDT (0h 0m from now)
  Sleeping until market open...

  Market is currently closed.
  Next open: 2026-05-05 09:29 EDT (0h 0m from now)
  Sleeping until market open...

  Market is currently closed.
  Next open: 2026-05-05 09:29 EDT (0h 0m from now)
  Sleeping until market open...

  Market is currently closed.
  Next open: 2026-05-05 09:29 EDT (0h 0m from now)
  Sleeping until market open...

  Market is currently closed.
  Next open: 2026-05-05 09:29 EDT (0h 0m from now)
  Sleeping until market open...

  Market is currently closed.
  Next open: 2026-05-05 09:29 EDT (0h 0m from now)
  Sleeping until market open...

  Market is currently closed.
  Next open: 2026-05-05 09:29 EDT (0h 0m from now)
  Sleeping until market open...

  Market is currently closed.
  Next open: 2026-05-05 09:29 EDT (0h 0m from now)
  Sleeping until market open...

  Market is currently closed.
  Next open: 2026-05-05 09:29 EDT (0h 0m from now)
  Sleeping until market open...

  Market is currently closed.
  Next open: 2026-05-05 09:29 EDT (0h 0m from now)
  Sleeping until market open...

  Market is currently closed.
  Next open: 2026-05-05 09:29 EDT (0h 0m from now)
  Sleeping until market open...

  Market is currently closed.
  Next open: 2026-05-05 09:29 EDT (0h 0m from now)
  Sleeping until market open...

  Market is currently closed.
  Next open: 2026-05-05 09:29 EDT (0h 0m from now)
  Sleeping until market open...

  Market is currently closed.
  Next open: 2026-05-05 09:29 EDT (0h 0m from now)
  Sleeping until market open...

──────────────────────────────────────────────────────────────────────
  📡 SCAN #1
  2026-05-05 09:30:00 EDT
──────────────────────────────────────────────────────────────────────
  Launching scanner...

  ⏳ Next scan at 10:01:48 EDT

──────────────────────────────────────────────────────────────────────
  📡 SCAN #2
  2026-05-05 10:01:48 EDT
──────────────────────────────────────────────────────────────────────
  Launching scanner...

  ⏳ Next scan at 10:33:38 EDT

──────────────────────────────────────────────────────────────────────
  📡 SCAN #3
  2026-05-05 10:33:38 EDT
──────────────────────────────────────────────────────────────────────
  Launching scanner...

  ⏳ Next scan at 11:05:28 EDT

──────────────────────────────────────────────────────────────────────
  📡 SCAN #4
  2026-05-05 11:05:28 EDT
──────────────────────────────────────────────────────────────────────
  Launching scanner...

  ⏳ Next scan at 11:37:23 EDT

──────────────────────────────────────────────────────────────────────
  📡 SCAN #5
  2026-05-05 11:37:23 EDT
──────────────────────────────────────────────────────────────────────
  Launching scanner...

  ⏳ Next scan at 12:09:22 EDT

──────────────────────────────────────────────────────────────────────
  📡 SCAN #6
  2026-05-05 12:09:22 EDT
──────────────────────────────────────────────────────────────────────
  Launching scanner...

  ⏳ Next scan at 12:41:19 EDT

──────────────────────────────────────────────────────────────────────
  📡 SCAN #7
  2026-05-05 12:41:19 EDT
──────────────────────────────────────────────────────────────────────
  Launching scanner...

  ⏳ Next scan at 13:13:13 EDT

──────────────────────────────────────────────────────────────────────
  📡 SCAN #8
  2026-05-05 13:13:13 EDT
──────────────────────────────────────────────────────────────────────
  Launching scanner...

  ⏳ Next scan at 13:45:07 EDT

──────────────────────────────────────────────────────────────────────
  📡 SCAN #9
  2026-05-05 13:45:07 EDT
──────────────────────────────────────────────────────────────────────
  Launching scanner...

  ⏳ Next scan at 14:17:01 EDT

──────────────────────────────────────────────────────────────────────
  📡 SCAN #10
  2026-05-05 14:17:03 EDT
──────────────────────────────────────────────────────────────────────
  Launching scanner...

  ⏳ Next scan at 14:48:56 EDT

──────────────────────────────────────────────────────────────────────
  📡 SCAN #11
  2026-05-05 14:48:56 EDT
──────────────────────────────────────────────────────────────────────
  Launching scanner...

  ⏳ Next scan at 15:20:51 EDT

──────────────────────────────────────────────────────────────────────
  📡 SCAN #12
  2026-05-05 15:20:51 EDT
──────────────────────────────────────────────────────────────────────
  Launching scanner...

  ⏳ Next scan at 15:52:49 EDT

──────────────────────────────────────────────────────────────────────
  📡 SCAN #13
  2026-05-05 15:52:49 EDT
──────────────────────────────────────────────────────────────────────
  Launching scanner...

  Market closing soon — final scan complete for today.

======================================================================
  📋 END OF DAY REVIEW
  2026-05-05 15:54:46 EDT
======================================================================

  Waiting until 4:01 PM for post-close settlement scan...

  📡 SCAN #14 — POST-CLOSE SETTLEMENT
  Launching scanner...

  Recording outcomes for expiring contracts...
